model,metric,quantity,region,region_name,value
CESM2-WACCM,days_p95,target,GIC,Greenland/Iceland,
CESM2-WACCM,days_p95,target,NWN,N.W.North-America,18.250000000000057
CESM2-WACCM,days_p95,target,NEN,N.E.North-America,18.250000000000032
CESM2-WACCM,days_p95,target,WNA,W.North-America,18.249930230777718
CESM2-WACCM,days_p95,target,CNA,C.North-America,18.249999999999982
CESM2-WACCM,days_p95,target,ENA,E.North-America,18.25
CESM2-WACCM,days_p95,target,NCA,N.Central-America,18.250000000000007
CESM2-WACCM,days_p95,target,SCA,S.Central-America,18.249999999999996
CESM2-WACCM,days_p95,target,CAR,Caribbean,18.25
CESM2-WACCM,days_p95,target,NWS,N.W.South-America,18.25
CESM2-WACCM,days_p95,target,NSA,N.South-America,18.250000000000004
CESM2-WACCM,days_p95,target,NES,N.E.South-America,18.250000000000007
CESM2-WACCM,days_p95,target,SAM,South-American-Monsoon,18.2499258339445
CESM2-WACCM,days_p95,target,SWS,S.W.South-America,18.249999999999996
CESM2-WACCM,days_p95,target,SES,S.E.South-America,18.250000000000014
CESM2-WACCM,days_p95,target,SSA,S.South-America,18.250000000000004
CESM2-WACCM,days_p95,target,NEU,N.Europe,18.249999999999996
CESM2-WACCM,days_p95,target,WCE,West&Central-Europe,18.250000000000014
CESM2-WACCM,days_p95,target,EEU,E.Europe,18.24999999999997
CESM2-WACCM,days_p95,target,MED,Mediterranean,18.249914446575623
CESM2-WACCM,days_p95,target,SAH,Sahara,18.249974700220665
CESM2-WACCM,days_p95,target,WAF,Western-Africa,18.249926625458542
CESM2-WACCM,days_p95,target,CAF,Central-Africa,18.249949065593505
CESM2-WACCM,days_p95,target,NEAF,N.Eastern-Africa,18.249999999999993
CESM2-WACCM,days_p95,target,SEAF,S.Eastern-Africa,18.25000000000002
CESM2-WACCM,days_p95,target,WSAF,W.Southern-Africa,18.24999999999999
CESM2-WACCM,days_p95,target,ESAF,E.Southern-Africa,18.250000000000014
CESM2-WACCM,days_p95,target,MDG,Madagascar,18.249999999999993
CESM2-WACCM,days_p95,target,RAR,Russian-Arctic,18.249999999999957
CESM2-WACCM,days_p95,target,WSB,W.Siberia,18.25000000000004
CESM2-WACCM,days_p95,target,ESB,E.Siberia,18.24998062344128
CESM2-WACCM,days_p95,target,RFE,Russian-Far-East,18.24999999999999
CESM2-WACCM,days_p95,target,WCA,W.C.Asia,18.249958770771425
CESM2-WACCM,days_p95,target,ECA,E.C.Asia,18.249999999999947
CESM2-WACCM,days_p95,target,TIB,Tibetan-Plateau,18.249999999999947
CESM2-WACCM,days_p95,target,EAS,E.Asia,18.249999999999975
CESM2-WACCM,days_p95,target,ARP,Arabian-Peninsula,18.249999999999975
CESM2-WACCM,days_p95,target,SAS,S.Asia,18.249999999999982
CESM2-WACCM,days_p95,target,SEA,S.E.Asia,18.249945298142393
CESM2-WACCM,days_p95,target,NAU,N.Australia,18.25000000000001
CESM2-WACCM,days_p95,target,CAU,C.Australia,18.250000000000046
CESM2-WACCM,days_p95,target,EAU,E.Australia,18.24999999999999
CESM2-WACCM,days_p95,target,SAU,S.Australia,18.25
CESM2-WACCM,days_p95,target,NZ,New-Zealand,18.25
CESM2-WACCM,days_p95,target,EAN,E.Antarctica,
CESM2-WACCM,days_p95,target,WAN,W.Antarctica,
CESM2-WACCM,days_p95,ssp245,GIC,Greenland/Iceland,
CESM2-WACCM,days_p95,ssp245,NWN,N.W.North-America,28.702514269752808
CESM2-WACCM,days_p95,ssp245,NEN,N.E.North-America,35.76919094092798
CESM2-WACCM,days_p95,ssp245,WNA,W.North-America,18.88253871193148
CESM2-WACCM,days_p95,ssp245,CNA,C.North-America,22.101942716482693
CESM2-WACCM,days_p95,ssp245,ENA,E.North-America,24.64291776895049
CESM2-WACCM,days_p95,ssp245,NCA,N.Central-America,29.408637876677577
CESM2-WACCM,days_p95,ssp245,SCA,S.Central-America,33.670896890241174
CESM2-WACCM,days_p95,ssp245,CAR,Caribbean,32.60167816772993
CESM2-WACCM,days_p95,ssp245,NWS,N.W.South-America,21.202789703029545
CESM2-WACCM,days_p95,ssp245,NSA,N.South-America,25.81607808321146
CESM2-WACCM,days_p95,ssp245,NES,N.E.South-America,22.020780484412928
CESM2-WACCM,days_p95,ssp245,SAM,South-American-Monsoon,25.258757190146607
CESM2-WACCM,days_p95,ssp245,SWS,S.W.South-America,24.948140219555142
CESM2-WACCM,days_p95,ssp245,SES,S.E.South-America,18.56289518677049
CESM2-WACCM,days_p95,ssp245,SSA,S.South-America,21.850233276825815
CESM2-WACCM,days_p95,ssp245,NEU,N.Europe,25.304558281721043
CESM2-WACCM,days_p95,ssp245,WCE,West&Central-Europe,31.220231510168645
CESM2-WACCM,days_p95,ssp245,EEU,E.Europe,29.885714135713027
CESM2-WACCM,days_p95,ssp245,MED,Mediterranean,28.23284156191692
CESM2-WACCM,days_p95,ssp245,SAH,Sahara,26.242532065490135
CESM2-WACCM,days_p95,ssp245,WAF,Western-Africa,28.87174997057847
CESM2-WACCM,days_p95,ssp245,CAF,Central-Africa,28.519452240969002
CESM2-WACCM,days_p95,ssp245,NEAF,N.Eastern-Africa,22.141024124602797
CESM2-WACCM,days_p95,ssp245,SEAF,S.Eastern-Africa,23.82754592591034
CESM2-WACCM,days_p95,ssp245,WSAF,W.Southern-Africa,25.481575525140276
CESM2-WACCM,days_p95,ssp245,ESAF,E.Southern-Africa,31.381204021452216
CESM2-WACCM,days_p95,ssp245,MDG,Madagascar,24.13279320840321
CESM2-WACCM,days_p95,ssp245,RAR,Russian-Arctic,25.598183760889523
CESM2-WACCM,days_p95,ssp245,WSB,W.Siberia,30.633461336149566
CESM2-WACCM,days_p95,ssp245,ESB,E.Siberia,26.388789085258633
CESM2-WACCM,days_p95,ssp245,RFE,Russian-Far-East,25.151577727536704
CESM2-WACCM,days_p95,ssp245,WCA,W.C.Asia,24.4958144776786
CESM2-WACCM,days_p95,ssp245,ECA,E.C.Asia,23.201255677219432
CESM2-WACCM,days_p95,ssp245,TIB,Tibetan-Plateau,28.312711146543137
CESM2-WACCM,days_p95,ssp245,EAS,E.Asia,25.136321106083052
CESM2-WACCM,days_p95,ssp245,ARP,Arabian-Peninsula,23.477934186723164
CESM2-WACCM,days_p95,ssp245,SAS,S.Asia,27.810406133397965
CESM2-WACCM,days_p95,ssp245,SEA,S.E.Asia,27.588090330811806
CESM2-WACCM,days_p95,ssp245,NAU,N.Australia,16.672193626476737
CESM2-WACCM,days_p95,ssp245,CAU,C.Australia,20.385210804733365
CESM2-WACCM,days_p95,ssp245,EAU,E.Australia,17.771610532293618
CESM2-WACCM,days_p95,ssp245,SAU,S.Australia,24.316432233406
CESM2-WACCM,days_p95,ssp245,NZ,New-Zealand,23.847880501502832
CESM2-WACCM,days_p95,ssp245,EAN,E.Antarctica,
CESM2-WACCM,days_p95,ssp245,WAN,W.Antarctica,
CESM2-WACCM,days_p95,G6-1.5K-SAI,GIC,Greenland/Iceland,
CESM2-WACCM,days_p95,G6-1.5K-SAI,NWN,N.W.North-America,20.658964492823873
CESM2-WACCM,days_p95,G6-1.5K-SAI,NEN,N.E.North-America,19.17060529578228
CESM2-WACCM,days_p95,G6-1.5K-SAI,WNA,W.North-America,11.728400396686503
CESM2-WACCM,days_p95,G6-1.5K-SAI,CNA,C.North-America,12.649804352213655
CESM2-WACCM,days_p95,G6-1.5K-SAI,ENA,E.North-America,16.098323349754637
CESM2-WACCM,days_p95,G6-1.5K-SAI,NCA,N.Central-America,17.8563934385297
CESM2-WACCM,days_p95,G6-1.5K-SAI,SCA,S.Central-America,24.674017871302766
CESM2-WACCM,days_p95,G6-1.5K-SAI,CAR,Caribbean,21.530718662677963
CESM2-WACCM,days_p95,G6-1.5K-SAI,NWS,N.W.South-America,16.25761531661793
CESM2-WACCM,days_p95,G6-1.5K-SAI,NSA,N.South-America,17.988471931958316
CESM2-WACCM,days_p95,G6-1.5K-SAI,NES,N.E.South-America,9.904925369759626
CESM2-WACCM,days_p95,G6-1.5K-SAI,SAM,South-American-Monsoon,10.859246170707626
CESM2-WACCM,days_p95,G6-1.5K-SAI,SWS,S.W.South-America,17.58400508311743
CESM2-WACCM,days_p95,G6-1.5K-SAI,SES,S.E.South-America,11.576091641814616
CESM2-WACCM,days_p95,G6-1.5K-SAI,SSA,S.South-America,15.713978025096468
CESM2-WACCM,days_p95,G6-1.5K-SAI,NEU,N.Europe,19.41851071971145
CESM2-WACCM,days_p95,G6-1.5K-SAI,WCE,West&Central-Europe,15.768476756378188
CESM2-WACCM,days_p95,G6-1.5K-SAI,EEU,E.Europe,17.711203936902944
CESM2-WACCM,days_p95,G6-1.5K-SAI,MED,Mediterranean,16.603008060259537
CESM2-WACCM,days_p95,G6-1.5K-SAI,SAH,Sahara,22.18378287672928
CESM2-WACCM,days_p95,G6-1.5K-SAI,WAF,Western-Africa,28.23443862522754
CESM2-WACCM,days_p95,G6-1.5K-SAI,CAF,Central-Africa,27.052726057975626
CESM2-WACCM,days_p95,G6-1.5K-SAI,NEAF,N.Eastern-Africa,18.91365990332206
CESM2-WACCM,days_p95,G6-1.5K-SAI,SEAF,S.Eastern-Africa,18.624889819107562
CESM2-WACCM,days_p95,G6-1.5K-SAI,WSAF,W.Southern-Africa,19.947168270951433
CESM2-WACCM,days_p95,G6-1.5K-SAI,ESAF,E.Southern-Africa,21.402143980598883
CESM2-WACCM,days_p95,G6-1.5K-SAI,MDG,Madagascar,14.267335554631075
CESM2-WACCM,days_p95,G6-1.5K-SAI,RAR,Russian-Arctic,19.858113450522307
CESM2-WACCM,days_p95,G6-1.5K-SAI,WSB,W.Siberia,22.59052007224354
CESM2-WACCM,days_p95,G6-1.5K-SAI,ESB,E.Siberia,20.69877783247239
CESM2-WACCM,days_p95,G6-1.5K-SAI,RFE,Russian-Far-East,20.539758083846646
CESM2-WACCM,days_p95,G6-1.5K-SAI,WCA,W.C.Asia,16.837454427913723
CESM2-WACCM,days_p95,G6-1.5K-SAI,ECA,E.C.Asia,18.413989196069522
CESM2-WACCM,days_p95,G6-1.5K-SAI,TIB,Tibetan-Plateau,22.819967373586604
CESM2-WACCM,days_p95,G6-1.5K-SAI,EAS,E.Asia,19.477391742517604
CESM2-WACCM,days_p95,G6-1.5K-SAI,ARP,Arabian-Peninsula,17.94967356760622
CESM2-WACCM,days_p95,G6-1.5K-SAI,SAS,S.Asia,22.96495363735358
CESM2-WACCM,days_p95,G6-1.5K-SAI,SEA,S.E.Asia,26.815373165079716
CESM2-WACCM,days_p95,G6-1.5K-SAI,NAU,N.Australia,17.345625389170724
CESM2-WACCM,days_p95,G6-1.5K-SAI,CAU,C.Australia,18.241388575755312
CESM2-WACCM,days_p95,G6-1.5K-SAI,EAU,E.Australia,14.32654616375314
CESM2-WACCM,days_p95,G6-1.5K-SAI,SAU,S.Australia,15.905072184760535
CESM2-WACCM,days_p95,G6-1.5K-SAI,NZ,New-Zealand,17.783046360416016
CESM2-WACCM,days_p95,G6-1.5K-SAI,EAN,E.Antarctica,
CESM2-WACCM,days_p95,G6-1.5K-SAI,WAN,W.Antarctica,
CESM2-WACCM,days_p95,G6-1.5K-HiLLA,GIC,Greenland/Iceland,
CESM2-WACCM,days_p95,G6-1.5K-HiLLA,NWN,N.W.North-America,19.59504521861501
CESM2-WACCM,days_p95,G6-1.5K-HiLLA,NEN,N.E.North-America,16.9414755143491
CESM2-WACCM,days_p95,G6-1.5K-HiLLA,WNA,W.North-America,13.457607991568201
CESM2-WACCM,days_p95,G6-1.5K-HiLLA,CNA,C.North-America,14.985598938975926
CESM2-WACCM,days_p95,G6-1.5K-HiLLA,ENA,E.North-America,17.107657855277473
CESM2-WACCM,days_p95,G6-1.5K-HiLLA,NCA,N.Central-America,22.300620293477955
CESM2-WACCM,days_p95,G6-1.5K-HiLLA,SCA,S.Central-America,24.47141707165264
CESM2-WACCM,days_p95,G6-1.5K-HiLLA,CAR,Caribbean,24.50956823619061
CESM2-WACCM,days_p95,G6-1.5K-HiLLA,NWS,N.W.South-America,15.560098820731172
CESM2-WACCM,days_p95,G6-1.5K-HiLLA,NSA,N.South-America,17.998266576791057
CESM2-WACCM,days_p95,G6-1.5K-HiLLA,NES,N.E.South-America,13.119431645567298
CESM2-WACCM,days_p95,G6-1.5K-HiLLA,SAM,South-American-Monsoon,13.343442425202491
CESM2-WACCM,days_p95,G6-1.5K-HiLLA,SWS,S.W.South-America,16.903528765789606
CESM2-WACCM,days_p95,G6-1.5K-HiLLA,SES,S.E.South-America,12.6581832684414
CESM2-WACCM,days_p95,G6-1.5K-HiLLA,SSA,S.South-America,16.69096276355839
CESM2-WACCM,days_p95,G6-1.5K-HiLLA,NEU,N.Europe,19.135899837500652
CESM2-WACCM,days_p95,G6-1.5K-HiLLA,WCE,West&Central-Europe,17.382247875951933
CESM2-WACCM,days_p95,G6-1.5K-HiLLA,EEU,E.Europe,15.00280953874848
CESM2-WACCM,days_p95,G6-1.5K-HiLLA,MED,Mediterranean,17.55122280352639
CESM2-WACCM,days_p95,G6-1.5K-HiLLA,SAH,Sahara,23.409223212792828
CESM2-WACCM,days_p95,G6-1.5K-HiLLA,WAF,Western-Africa,29.177721105022066
CESM2-WACCM,days_p95,G6-1.5K-HiLLA,CAF,Central-Africa,28.435736403753037
CESM2-WACCM,days_p95,G6-1.5K-HiLLA,NEAF,N.Eastern-Africa,22.595745672925254
CESM2-WACCM,days_p95,G6-1.5K-HiLLA,SEAF,S.Eastern-Africa,18.774396774968928
CESM2-WACCM,days_p95,G6-1.5K-HiLLA,WSAF,W.Southern-Africa,20.08412598238691
CESM2-WACCM,days_p95,G6-1.5K-HiLLA,ESAF,E.Southern-Africa,20.955172086279912
CESM2-WACCM,days_p95,G6-1.5K-HiLLA,MDG,Madagascar,15.076133722758652
CESM2-WACCM,days_p95,G6-1.5K-HiLLA,RAR,Russian-Arctic,18.363500207791255
CESM2-WACCM,days_p95,G6-1.5K-HiLLA,WSB,W.Siberia,15.937888546238115
CESM2-WACCM,days_p95,G6-1.5K-HiLLA,ESB,E.Siberia,17.880867294082606
CESM2-WACCM,days_p95,G6-1.5K-HiLLA,RFE,Russian-Far-East,18.153013826080482
CESM2-WACCM,days_p95,G6-1.5K-HiLLA,WCA,W.C.Asia,18.200679746758947
CESM2-WACCM,days_p95,G6-1.5K-HiLLA,ECA,E.C.Asia,18.547984263119915
CESM2-WACCM,days_p95,G6-1.5K-HiLLA,TIB,Tibetan-Plateau,27.081974215017564
CESM2-WACCM,days_p95,G6-1.5K-HiLLA,EAS,E.Asia,20.095607613053748
CESM2-WACCM,days_p95,G6-1.5K-HiLLA,ARP,Arabian-Peninsula,19.74555627624252
CESM2-WACCM,days_p95,G6-1.5K-HiLLA,SAS,S.Asia,25.011175461612492
CESM2-WACCM,days_p95,G6-1.5K-HiLLA,SEA,S.E.Asia,25.52115341671342
CESM2-WACCM,days_p95,G6-1.5K-HiLLA,NAU,N.Australia,15.204428372898558
CESM2-WACCM,days_p95,G6-1.5K-HiLLA,CAU,C.Australia,16.376388193796043
CESM2-WACCM,days_p95,G6-1.5K-HiLLA,EAU,E.Australia,14.41948667722687
CESM2-WACCM,days_p95,G6-1.5K-HiLLA,SAU,S.Australia,16.699801400786203
CESM2-WACCM,days_p95,G6-1.5K-HiLLA,NZ,New-Zealand,19.062551357796053
CESM2-WACCM,days_p95,G6-1.5K-HiLLA,EAN,E.Antarctica,
CESM2-WACCM,days_p95,G6-1.5K-HiLLA,WAN,W.Antarctica,
CESM2-WACCM,days_p95,d_ssp245_minus_target,GIC,Greenland/Iceland,
CESM2-WACCM,days_p95,d_ssp245_minus_target,NWN,N.W.North-America,10.452514269752827
CESM2-WACCM,days_p95,d_ssp245_minus_target,NEN,N.E.North-America,17.519190940928006
CESM2-WACCM,days_p95,d_ssp245_minus_target,WNA,W.North-America,0.6326084811537686
CESM2-WACCM,days_p95,d_ssp245_minus_target,CNA,C.North-America,3.851942716482703
CESM2-WACCM,days_p95,d_ssp245_minus_target,ENA,E.North-America,6.392917768950495
CESM2-WACCM,days_p95,d_ssp245_minus_target,NCA,N.Central-America,11.158637876677576
CESM2-WACCM,days_p95,d_ssp245_minus_target,SCA,S.Central-America,15.420896890241181
CESM2-WACCM,days_p95,d_ssp245_minus_target,CAR,Caribbean,14.351678167729927
CESM2-WACCM,days_p95,d_ssp245_minus_target,NWS,N.W.South-America,2.952789703029545
CESM2-WACCM,days_p95,d_ssp245_minus_target,NSA,N.South-America,7.5660780832114805
CESM2-WACCM,days_p95,d_ssp245_minus_target,NES,N.E.South-America,3.770780484412919
CESM2-WACCM,days_p95,d_ssp245_minus_target,SAM,South-American-Monsoon,7.008831356202094
CESM2-WACCM,days_p95,d_ssp245_minus_target,SWS,S.W.South-America,6.698140219555141
CESM2-WACCM,days_p95,d_ssp245_minus_target,SES,S.E.South-America,0.31289518677046635
CESM2-WACCM,days_p95,d_ssp245_minus_target,SSA,S.South-America,3.600233276825814
CESM2-WACCM,days_p95,d_ssp245_minus_target,NEU,N.Europe,7.054558281721039
CESM2-WACCM,days_p95,d_ssp245_minus_target,WCE,West&Central-Europe,12.970231510168649
CESM2-WACCM,days_p95,d_ssp245_minus_target,EEU,E.Europe,11.635714135713057
CESM2-WACCM,days_p95,d_ssp245_minus_target,MED,Mediterranean,9.982927115341267
CESM2-WACCM,days_p95,d_ssp245_minus_target,SAH,Sahara,7.9925573652695
CESM2-WACCM,days_p95,d_ssp245_minus_target,WAF,Western-Africa,10.621823345119937
CESM2-WACCM,days_p95,d_ssp245_minus_target,CAF,Central-Africa,10.269503175375496
CESM2-WACCM,days_p95,d_ssp245_minus_target,NEAF,N.Eastern-Africa,3.8910241246027932
CESM2-WACCM,days_p95,d_ssp245_minus_target,SEAF,S.Eastern-Africa,5.577545925910325
CESM2-WACCM,days_p95,d_ssp245_minus_target,WSAF,W.Southern-Africa,7.231575525140291
CESM2-WACCM,days_p95,d_ssp245_minus_target,ESAF,E.Southern-Africa,13.131204021452204
CESM2-WACCM,days_p95,d_ssp245_minus_target,MDG,Madagascar,5.882793208403215
CESM2-WACCM,days_p95,d_ssp245_minus_target,RAR,Russian-Arctic,7.348183760889517
CESM2-WACCM,days_p95,d_ssp245_minus_target,WSB,W.Siberia,12.38346133614952
CESM2-WACCM,days_p95,d_ssp245_minus_target,ESB,E.Siberia,8.13880846181731
CESM2-WACCM,days_p95,d_ssp245_minus_target,RFE,Russian-Far-East,6.901577727536749
CESM2-WACCM,days_p95,d_ssp245_minus_target,WCA,W.C.Asia,6.2458557069071405
CESM2-WACCM,days_p95,d_ssp245_minus_target,ECA,E.C.Asia,4.951255677219467
CESM2-WACCM,days_p95,d_ssp245_minus_target,TIB,Tibetan-Plateau,10.062711146543158
CESM2-WACCM,days_p95,d_ssp245_minus_target,EAS,E.Asia,6.886321106083056
CESM2-WACCM,days_p95,d_ssp245_minus_target,ARP,Arabian-Peninsula,5.227934186723188
CESM2-WACCM,days_p95,d_ssp245_minus_target,SAS,S.Asia,9.560406133397986
CESM2-WACCM,days_p95,d_ssp245_minus_target,SEA,S.E.Asia,9.338145032669438
CESM2-WACCM,days_p95,d_ssp245_minus_target,NAU,N.Australia,-1.577806373523266
CESM2-WACCM,days_p95,d_ssp245_minus_target,CAU,C.Australia,2.1352108047333154
CESM2-WACCM,days_p95,d_ssp245_minus_target,EAU,E.Australia,-0.4783894677063737
CESM2-WACCM,days_p95,d_ssp245_minus_target,SAU,S.Australia,6.066432233405991
CESM2-WACCM,days_p95,d_ssp245_minus_target,NZ,New-Zealand,5.597880501502836
CESM2-WACCM,days_p95,d_ssp245_minus_target,EAN,E.Antarctica,
CESM2-WACCM,days_p95,d_ssp245_minus_target,WAN,W.Antarctica,
CESM2-WACCM,days_p95,d_SAI_minus_ssp245,GIC,Greenland/Iceland,
CESM2-WACCM,days_p95,d_SAI_minus_ssp245,NWN,N.W.North-America,-8.043549776928936
CESM2-WACCM,days_p95,d_SAI_minus_ssp245,NEN,N.E.North-America,-16.598585645145704
CESM2-WACCM,days_p95,d_SAI_minus_ssp245,WNA,W.North-America,-7.15413831524498
CESM2-WACCM,days_p95,d_SAI_minus_ssp245,CNA,C.North-America,-9.452138364269041
CESM2-WACCM,days_p95,d_SAI_minus_ssp245,ENA,E.North-America,-8.544594419195853
CESM2-WACCM,days_p95,d_SAI_minus_ssp245,NCA,N.Central-America,-11.552244438147886
CESM2-WACCM,days_p95,d_SAI_minus_ssp245,SCA,S.Central-America,-8.996879018938417
CESM2-WACCM,days_p95,d_SAI_minus_ssp245,CAR,Caribbean,-11.070959505051965
CESM2-WACCM,days_p95,d_SAI_minus_ssp245,NWS,N.W.South-America,-4.94517438641162
CESM2-WACCM,days_p95,d_SAI_minus_ssp245,NSA,N.South-America,-7.8276061512531525
CESM2-WACCM,days_p95,d_SAI_minus_ssp245,NES,N.E.South-America,-12.115855114653293
CESM2-WACCM,days_p95,d_SAI_minus_ssp245,SAM,South-American-Monsoon,-14.399511019438979
CESM2-WACCM,days_p95,d_SAI_minus_ssp245,SWS,S.W.South-America,-7.364135136437712
CESM2-WACCM,days_p95,d_SAI_minus_ssp245,SES,S.E.South-America,-6.9868035449558725
CESM2-WACCM,days_p95,d_SAI_minus_ssp245,SSA,S.South-America,-6.136255251729347
CESM2-WACCM,days_p95,d_SAI_minus_ssp245,NEU,N.Europe,-5.886047562009607
CESM2-WACCM,days_p95,d_SAI_minus_ssp245,WCE,West&Central-Europe,-15.451754753790471
CESM2-WACCM,days_p95,d_SAI_minus_ssp245,EEU,E.Europe,-12.174510198810088
CESM2-WACCM,days_p95,d_SAI_minus_ssp245,MED,Mediterranean,-11.62983350165738
CESM2-WACCM,days_p95,d_SAI_minus_ssp245,SAH,Sahara,-4.058749188760862
CESM2-WACCM,days_p95,d_SAI_minus_ssp245,WAF,Western-Africa,-0.6373113453509157
CESM2-WACCM,days_p95,d_SAI_minus_ssp245,CAF,Central-Africa,-1.466726182993364
CESM2-WACCM,days_p95,d_SAI_minus_ssp245,NEAF,N.Eastern-Africa,-3.227364221280735
CESM2-WACCM,days_p95,d_SAI_minus_ssp245,SEAF,S.Eastern-Africa,-5.202656106802773
CESM2-WACCM,days_p95,d_SAI_minus_ssp245,WSAF,W.Southern-Africa,-5.534407254188849
CESM2-WACCM,days_p95,d_SAI_minus_ssp245,ESAF,E.Southern-Africa,-9.97906004085333
CESM2-WACCM,days_p95,d_SAI_minus_ssp245,MDG,Madagascar,-9.86545765377214
CESM2-WACCM,days_p95,d_SAI_minus_ssp245,RAR,Russian-Arctic,-5.740070310367189
CESM2-WACCM,days_p95,d_SAI_minus_ssp245,WSB,W.Siberia,-8.042941263906023
CESM2-WACCM,days_p95,d_SAI_minus_ssp245,ESB,E.Siberia,-5.690011252786229
CESM2-WACCM,days_p95,d_SAI_minus_ssp245,RFE,Russian-Far-East,-4.6118196436900645
CESM2-WACCM,days_p95,d_SAI_minus_ssp245,WCA,W.C.Asia,-7.658360049764882
CESM2-WACCM,days_p95,d_SAI_minus_ssp245,ECA,E.C.Asia,-4.78726648114991
CESM2-WACCM,days_p95,d_SAI_minus_ssp245,TIB,Tibetan-Plateau,-5.492743772956537
CESM2-WACCM,days_p95,d_SAI_minus_ssp245,EAS,E.Asia,-5.658929363565451
CESM2-WACCM,days_p95,d_SAI_minus_ssp245,ARP,Arabian-Peninsula,-5.528260619116957
CESM2-WACCM,days_p95,d_SAI_minus_ssp245,SAS,S.Asia,-4.845452496044381
CESM2-WACCM,days_p95,d_SAI_minus_ssp245,SEA,S.E.Asia,-0.7727171657321076
CESM2-WACCM,days_p95,d_SAI_minus_ssp245,NAU,N.Australia,0.6734317626939884
CESM2-WACCM,days_p95,d_SAI_minus_ssp245,CAU,C.Australia,-2.143822228978045
CESM2-WACCM,days_p95,d_SAI_minus_ssp245,EAU,E.Australia,-3.445064368540482
CESM2-WACCM,days_p95,d_SAI_minus_ssp245,SAU,S.Australia,-8.411360048645465
CESM2-WACCM,days_p95,d_SAI_minus_ssp245,NZ,New-Zealand,-6.0648341410868145
CESM2-WACCM,days_p95,d_SAI_minus_ssp245,EAN,E.Antarctica,
CESM2-WACCM,days_p95,d_SAI_minus_ssp245,WAN,W.Antarctica,
CESM2-WACCM,days_p95,d_HiLLA_minus_ssp245,GIC,Greenland/Iceland,
CESM2-WACCM,days_p95,d_HiLLA_minus_ssp245,NWN,N.W.North-America,-9.10746905113782
CESM2-WACCM,days_p95,d_HiLLA_minus_ssp245,NEN,N.E.North-America,-18.8277154265789
CESM2-WACCM,days_p95,d_HiLLA_minus_ssp245,WNA,W.North-America,-5.424930720363289
CESM2-WACCM,days_p95,d_HiLLA_minus_ssp245,CNA,C.North-America,-7.116343777506766
CESM2-WACCM,days_p95,d_HiLLA_minus_ssp245,ENA,E.North-America,-7.535259913673012
CESM2-WACCM,days_p95,d_HiLLA_minus_ssp245,NCA,N.Central-America,-7.108017583199636
CESM2-WACCM,days_p95,d_HiLLA_minus_ssp245,SCA,S.Central-America,-9.19947981858854
CESM2-WACCM,days_p95,d_HiLLA_minus_ssp245,CAR,Caribbean,-8.092109931539314
CESM2-WACCM,days_p95,d_HiLLA_minus_ssp245,NWS,N.W.South-America,-5.642690882298377
CESM2-WACCM,days_p95,d_HiLLA_minus_ssp245,NSA,N.South-America,-7.81781150642041
CESM2-WACCM,days_p95,d_HiLLA_minus_ssp245,NES,N.E.South-America,-8.901348838845621
CESM2-WACCM,days_p95,d_HiLLA_minus_ssp245,SAM,South-American-Monsoon,-11.915314764944114
CESM2-WACCM,days_p95,d_HiLLA_minus_ssp245,SWS,S.W.South-America,-8.044611453765535
CESM2-WACCM,days_p95,d_HiLLA_minus_ssp245,SES,S.E.South-America,-5.904711918329091
CESM2-WACCM,days_p95,d_HiLLA_minus_ssp245,SSA,S.South-America,-5.159270513267426
CESM2-WACCM,days_p95,d_HiLLA_minus_ssp245,NEU,N.Europe,-6.16865844422039
CESM2-WACCM,days_p95,d_HiLLA_minus_ssp245,WCE,West&Central-Europe,-13.837983634216714
CESM2-WACCM,days_p95,d_HiLLA_minus_ssp245,EEU,E.Europe,-14.882904596964552
CESM2-WACCM,days_p95,d_HiLLA_minus_ssp245,MED,Mediterranean,-10.681618758390535
CESM2-WACCM,days_p95,d_HiLLA_minus_ssp245,SAH,Sahara,-2.833308852697325
CESM2-WACCM,days_p95,d_HiLLA_minus_ssp245,WAF,Western-Africa,0.3059711344435935
CESM2-WACCM,days_p95,d_HiLLA_minus_ssp245,CAF,Central-Africa,-0.08371583721595768
CESM2-WACCM,days_p95,d_HiLLA_minus_ssp245,NEAF,N.Eastern-Africa,0.45472154832245154
CESM2-WACCM,days_p95,d_HiLLA_minus_ssp245,SEAF,S.Eastern-Africa,-5.053149150941406
CESM2-WACCM,days_p95,d_HiLLA_minus_ssp245,WSAF,W.Southern-Africa,-5.3974495427533755
CESM2-WACCM,days_p95,d_HiLLA_minus_ssp245,ESAF,E.Southern-Africa,-10.426031935172306
CESM2-WACCM,days_p95,d_HiLLA_minus_ssp245,MDG,Madagascar,-9.056659485644563
CESM2-WACCM,days_p95,d_HiLLA_minus_ssp245,RAR,Russian-Arctic,-7.234683553098261
CESM2-WACCM,days_p95,d_HiLLA_minus_ssp245,WSB,W.Siberia,-14.69557278991143
CESM2-WACCM,days_p95,d_HiLLA_minus_ssp245,ESB,E.Siberia,-8.507921791176022
CESM2-WACCM,days_p95,d_HiLLA_minus_ssp245,RFE,Russian-Far-East,-6.998563901456228
CESM2-WACCM,days_p95,d_HiLLA_minus_ssp245,WCA,W.C.Asia,-6.295134730919661
CESM2-WACCM,days_p95,d_HiLLA_minus_ssp245,ECA,E.C.Asia,-4.653271414099523
CESM2-WACCM,days_p95,d_HiLLA_minus_ssp245,TIB,Tibetan-Plateau,-1.2307369315255812
CESM2-WACCM,days_p95,d_HiLLA_minus_ssp245,EAS,E.Asia,-5.040713493029309
CESM2-WACCM,days_p95,d_HiLLA_minus_ssp245,ARP,Arabian-Peninsula,-3.7323779104806523
CESM2-WACCM,days_p95,d_HiLLA_minus_ssp245,SAS,S.Asia,-2.7992306717854727
CESM2-WACCM,days_p95,d_HiLLA_minus_ssp245,SEA,S.E.Asia,-2.0669369140984024
CESM2-WACCM,days_p95,d_HiLLA_minus_ssp245,NAU,N.Australia,-1.4677652535781827
CESM2-WACCM,days_p95,d_HiLLA_minus_ssp245,CAU,C.Australia,-4.008822610937318
CESM2-WACCM,days_p95,d_HiLLA_minus_ssp245,EAU,E.Australia,-3.3521238550667496
CESM2-WACCM,days_p95,d_HiLLA_minus_ssp245,SAU,S.Australia,-7.6166308326198
CESM2-WACCM,days_p95,d_HiLLA_minus_ssp245,NZ,New-Zealand,-4.78532914370678
CESM2-WACCM,days_p95,d_HiLLA_minus_ssp245,EAN,E.Antarctica,
CESM2-WACCM,days_p95,d_HiLLA_minus_ssp245,WAN,W.Antarctica,
CESM2-WACCM,days_p95,d_HiLLA_minus_SAI,GIC,Greenland/Iceland,
CESM2-WACCM,days_p95,d_HiLLA_minus_SAI,NWN,N.W.North-America,-1.0639192742088859
CESM2-WACCM,days_p95,d_HiLLA_minus_SAI,NEN,N.E.North-America,-2.2291297814331905
CESM2-WACCM,days_p95,d_HiLLA_minus_SAI,WNA,W.North-America,1.7292075948816918
CESM2-WACCM,days_p95,d_HiLLA_minus_SAI,CNA,C.North-America,2.335794586762275
CESM2-WACCM,days_p95,d_HiLLA_minus_SAI,ENA,E.North-America,1.0093345055228427
CESM2-WACCM,days_p95,d_HiLLA_minus_SAI,NCA,N.Central-America,4.4442268549482495
CESM2-WACCM,days_p95,d_HiLLA_minus_SAI,SCA,S.Central-America,-0.2026007996501252
CESM2-WACCM,days_p95,d_HiLLA_minus_SAI,CAR,Caribbean,2.9788495735126492
CESM2-WACCM,days_p95,d_HiLLA_minus_SAI,NWS,N.W.South-America,-0.697516495886759
CESM2-WACCM,days_p95,d_HiLLA_minus_SAI,NSA,N.South-America,0.009794644832737487
CESM2-WACCM,days_p95,d_HiLLA_minus_SAI,NES,N.E.South-America,3.214506275807673
CESM2-WACCM,days_p95,d_HiLLA_minus_SAI,SAM,South-American-Monsoon,2.4841962544948655
CESM2-WACCM,days_p95,d_HiLLA_minus_SAI,SWS,S.W.South-America,-0.6804763173278245
CESM2-WACCM,days_p95,d_HiLLA_minus_SAI,SES,S.E.South-America,1.0820916266267813
CESM2-WACCM,days_p95,d_HiLLA_minus_SAI,SSA,S.South-America,0.9769847384619227
CESM2-WACCM,days_p95,d_HiLLA_minus_SAI,NEU,N.Europe,-0.2826108822107814
CESM2-WACCM,days_p95,d_HiLLA_minus_SAI,WCE,West&Central-Europe,1.6137711195737545
CESM2-WACCM,days_p95,d_HiLLA_minus_SAI,EEU,E.Europe,-2.708394398154463
CESM2-WACCM,days_p95,d_HiLLA_minus_SAI,MED,Mediterranean,0.9482147432668451
CESM2-WACCM,days_p95,d_HiLLA_minus_SAI,SAH,Sahara,1.2254403360635364
CESM2-WACCM,days_p95,d_HiLLA_minus_SAI,WAF,Western-Africa,0.9432824797945089
CESM2-WACCM,days_p95,d_HiLLA_minus_SAI,CAF,Central-Africa,1.3830103457774063
CESM2-WACCM,days_p95,d_HiLLA_minus_SAI,NEAF,N.Eastern-Africa,3.682085769603186
CESM2-WACCM,days_p95,d_HiLLA_minus_SAI,SEAF,S.Eastern-Africa,0.14950695586136556
CESM2-WACCM,days_p95,d_HiLLA_minus_SAI,WSAF,W.Southern-Africa,0.13695771143547594
CESM2-WACCM,days_p95,d_HiLLA_minus_SAI,ESAF,E.Southern-Africa,-0.4469718943189735
CESM2-WACCM,days_p95,d_HiLLA_minus_SAI,MDG,Madagascar,0.8087981681275779
CESM2-WACCM,days_p95,d_HiLLA_minus_SAI,RAR,Russian-Arctic,-1.494613242731068
CESM2-WACCM,days_p95,d_HiLLA_minus_SAI,WSB,W.Siberia,-6.652631526005405
CESM2-WACCM,days_p95,d_HiLLA_minus_SAI,ESB,E.Siberia,-2.8179105383897975
CESM2-WACCM,days_p95,d_HiLLA_minus_SAI,RFE,Russian-Far-East,-2.386744257766159
CESM2-WACCM,days_p95,d_HiLLA_minus_SAI,WCA,W.C.Asia,1.3632253188452232
CESM2-WACCM,days_p95,d_HiLLA_minus_SAI,ECA,E.C.Asia,0.1339950670503856
CESM2-WACCM,days_p95,d_HiLLA_minus_SAI,TIB,Tibetan-Plateau,4.262006841430956
CESM2-WACCM,days_p95,d_HiLLA_minus_SAI,EAS,E.Asia,0.6182158705361451
CESM2-WACCM,days_p95,d_HiLLA_minus_SAI,ARP,Arabian-Peninsula,1.7958827086363047
CESM2-WACCM,days_p95,d_HiLLA_minus_SAI,SAS,S.Asia,2.046221824258906
CESM2-WACCM,days_p95,d_HiLLA_minus_SAI,SEA,S.E.Asia,-1.2942197483662938
CESM2-WACCM,days_p95,d_HiLLA_minus_SAI,NAU,N.Australia,-2.1411970162721707
CESM2-WACCM,days_p95,d_HiLLA_minus_SAI,CAU,C.Australia,-1.8650003819592764
CESM2-WACCM,days_p95,d_HiLLA_minus_SAI,EAU,E.Australia,0.09294051347373257
CESM2-WACCM,days_p95,d_HiLLA_minus_SAI,SAU,S.Australia,0.7947292160256629
CESM2-WACCM,days_p95,d_HiLLA_minus_SAI,NZ,New-Zealand,1.279504997380035
CESM2-WACCM,days_p95,d_HiLLA_minus_SAI,EAN,E.Antarctica,
CESM2-WACCM,days_p95,d_HiLLA_minus_SAI,WAN,W.Antarctica,
CESM2-WACCM,days_p95,d_SAI_minus_target,GIC,Greenland/Iceland,
CESM2-WACCM,days_p95,d_SAI_minus_target,NWN,N.W.North-America,2.4089644928238876
CESM2-WACCM,days_p95,d_SAI_minus_target,NEN,N.E.North-America,0.9206052957822921
CESM2-WACCM,days_p95,d_SAI_minus_target,WNA,W.North-America,-6.521529834091212
CESM2-WACCM,days_p95,d_SAI_minus_target,CNA,C.North-America,-5.600195647786342
CESM2-WACCM,days_p95,d_SAI_minus_target,ENA,E.North-America,-2.1516766502453573
CESM2-WACCM,days_p95,d_SAI_minus_target,NCA,N.Central-America,-0.3936065614703118
CESM2-WACCM,days_p95,d_SAI_minus_target,SCA,S.Central-America,6.424017871302763
CESM2-WACCM,days_p95,d_SAI_minus_target,CAR,Caribbean,3.2807186626779625
CESM2-WACCM,days_p95,d_SAI_minus_target,NWS,N.W.South-America,-1.9923846833820746
CESM2-WACCM,days_p95,d_SAI_minus_target,NSA,N.South-America,-0.26152806804166934
CESM2-WACCM,days_p95,d_SAI_minus_target,NES,N.E.South-America,-8.345074630240376
CESM2-WACCM,days_p95,d_SAI_minus_target,SAM,South-American-Monsoon,-7.390679663236884
CESM2-WACCM,days_p95,d_SAI_minus_target,SWS,S.W.South-America,-0.6659949168825686
CESM2-WACCM,days_p95,d_SAI_minus_target,SES,S.E.South-America,-6.673908358185407
CESM2-WACCM,days_p95,d_SAI_minus_target,SSA,S.South-America,-2.5360219749035338
CESM2-WACCM,days_p95,d_SAI_minus_target,NEU,N.Europe,1.1685107197114315
CESM2-WACCM,days_p95,d_SAI_minus_target,WCE,West&Central-Europe,-2.4815232436218113
CESM2-WACCM,days_p95,d_SAI_minus_target,EEU,E.Europe,-0.5387960630970311
CESM2-WACCM,days_p95,d_SAI_minus_target,MED,Mediterranean,-1.6469063863161078
CESM2-WACCM,days_p95,d_SAI_minus_target,SAH,Sahara,3.933808176508639
CESM2-WACCM,days_p95,d_SAI_minus_target,WAF,Western-Africa,9.984511999769024
CESM2-WACCM,days_p95,d_SAI_minus_target,CAF,Central-Africa,8.802776992382132
CESM2-WACCM,days_p95,d_SAI_minus_target,NEAF,N.Eastern-Africa,0.6636599033220588
CESM2-WACCM,days_p95,d_SAI_minus_target,SEAF,S.Eastern-Africa,0.37488981910755215
CESM2-WACCM,days_p95,d_SAI_minus_target,WSAF,W.Southern-Africa,1.6971682709514408
CESM2-WACCM,days_p95,d_SAI_minus_target,ESAF,E.Southern-Africa,3.15214398059887
CESM2-WACCM,days_p95,d_SAI_minus_target,MDG,Madagascar,-3.9826644453689246
CESM2-WACCM,days_p95,d_SAI_minus_target,RAR,Russian-Arctic,1.6081134505223267
CESM2-WACCM,days_p95,d_SAI_minus_target,WSB,W.Siberia,4.340520072243491
CESM2-WACCM,days_p95,d_SAI_minus_target,ESB,E.Siberia,2.4487972090310866
CESM2-WACCM,days_p95,d_SAI_minus_target,RFE,Russian-Far-East,2.2897580838466847
CESM2-WACCM,days_p95,d_SAI_minus_target,WCA,W.C.Asia,-1.412504342857745
CESM2-WACCM,days_p95,d_SAI_minus_target,ECA,E.C.Asia,0.16398919606955945
CESM2-WACCM,days_p95,d_SAI_minus_target,TIB,Tibetan-Plateau,4.569967373586617
CESM2-WACCM,days_p95,d_SAI_minus_target,EAS,E.Asia,1.227391742517602
CESM2-WACCM,days_p95,d_SAI_minus_target,ARP,Arabian-Peninsula,-0.30032643239376755
CESM2-WACCM,days_p95,d_SAI_minus_target,SAS,S.Asia,4.714953637353608
CESM2-WACCM,days_p95,d_SAI_minus_target,SEA,S.E.Asia,8.565427866937332
CESM2-WACCM,days_p95,d_SAI_minus_target,NAU,N.Australia,-0.9043746108292776
CESM2-WACCM,days_p95,d_SAI_minus_target,CAU,C.Australia,-0.008611424244728914
CESM2-WACCM,days_p95,d_SAI_minus_target,EAU,E.Australia,-3.9234538362468556
CESM2-WACCM,days_p95,d_SAI_minus_target,SAU,S.Australia,-2.344927815239472
CESM2-WACCM,days_p95,d_SAI_minus_target,NZ,New-Zealand,-0.46695363958397906
CESM2-WACCM,days_p95,d_SAI_minus_target,EAN,E.Antarctica,
CESM2-WACCM,days_p95,d_SAI_minus_target,WAN,W.Antarctica,
CESM2-WACCM,days_p95,d_HiLLA_minus_target,GIC,Greenland/Iceland,
CESM2-WACCM,days_p95,d_HiLLA_minus_target,NWN,N.W.North-America,1.3450452186150017
CESM2-WACCM,days_p95,d_HiLLA_minus_target,NEN,N.E.North-America,-1.308524485650897
CESM2-WACCM,days_p95,d_HiLLA_minus_target,WNA,W.North-America,-4.792322239209519
CESM2-WACCM,days_p95,d_HiLLA_minus_target,CNA,C.North-America,-3.2644010610240657
CESM2-WACCM,days_p95,d_HiLLA_minus_target,ENA,E.North-America,-1.1423421447225157
CESM2-WACCM,days_p95,d_HiLLA_minus_target,NCA,N.Central-America,4.050620293477937
CESM2-WACCM,days_p95,d_HiLLA_minus_target,SCA,S.Central-America,6.22141707165264
CESM2-WACCM,days_p95,d_HiLLA_minus_target,CAR,Caribbean,6.259568236190612
CESM2-WACCM,days_p95,d_HiLLA_minus_target,NWS,N.W.South-America,-2.6899011792688334
CESM2-WACCM,days_p95,d_HiLLA_minus_target,NSA,N.South-America,-0.25173342320893255
CESM2-WACCM,days_p95,d_HiLLA_minus_target,NES,N.E.South-America,-5.130568354432701
CESM2-WACCM,days_p95,d_HiLLA_minus_target,SAM,South-American-Monsoon,-4.9064834087420195
CESM2-WACCM,days_p95,d_HiLLA_minus_target,SWS,S.W.South-America,-1.3464712342103928
CESM2-WACCM,days_p95,d_HiLLA_minus_target,SES,S.E.South-America,-5.591816731558625
CESM2-WACCM,days_p95,d_HiLLA_minus_target,SSA,S.South-America,-1.5590372364416105
CESM2-WACCM,days_p95,d_HiLLA_minus_target,NEU,N.Europe,0.8858998375006503
CESM2-WACCM,days_p95,d_HiLLA_minus_target,WCE,West&Central-Europe,-0.8677521240480577
CESM2-WACCM,days_p95,d_HiLLA_minus_target,EEU,E.Europe,-3.247190461251493
CESM2-WACCM,days_p95,d_HiLLA_minus_target,MED,Mediterranean,-0.6986916430492623
CESM2-WACCM,days_p95,d_HiLLA_minus_target,SAH,Sahara,5.159248512572173
CESM2-WACCM,days_p95,d_HiLLA_minus_target,WAF,Western-Africa,10.927794479563538
CESM2-WACCM,days_p95,d_HiLLA_minus_target,CAF,Central-Africa,10.18578733815954
CESM2-WACCM,days_p95,d_HiLLA_minus_target,NEAF,N.Eastern-Africa,4.3457456729252435
CESM2-WACCM,days_p95,d_HiLLA_minus_target,SEAF,S.Eastern-Africa,0.524396774968918
CESM2-WACCM,days_p95,d_HiLLA_minus_target,WSAF,W.Southern-Africa,1.8341259823869167
CESM2-WACCM,days_p95,d_HiLLA_minus_target,ESAF,E.Southern-Africa,2.7051720862798967
CESM2-WACCM,days_p95,d_HiLLA_minus_target,MDG,Madagascar,-3.173866277241346
CESM2-WACCM,days_p95,d_HiLLA_minus_target,RAR,Russian-Arctic,0.11350020779125838
CESM2-WACCM,days_p95,d_HiLLA_minus_target,WSB,W.Siberia,-2.312111453761915
CESM2-WACCM,days_p95,d_HiLLA_minus_target,ESB,E.Siberia,-0.3691133293587088
CESM2-WACCM,days_p95,d_HiLLA_minus_target,RFE,Russian-Far-East,-0.09698617391947532
CESM2-WACCM,days_p95,d_HiLLA_minus_target,WCA,W.C.Asia,-0.04927902401252192
CESM2-WACCM,days_p95,d_HiLLA_minus_target,ECA,E.C.Asia,0.2979842631199451
CESM2-WACCM,days_p95,d_HiLLA_minus_target,TIB,Tibetan-Plateau,8.831974215017574
CESM2-WACCM,days_p95,d_HiLLA_minus_target,EAS,E.Asia,1.845607613053748
CESM2-WACCM,days_p95,d_HiLLA_minus_target,ARP,Arabian-Peninsula,1.4955562762425376
CESM2-WACCM,days_p95,d_HiLLA_minus_target,SAS,S.Asia,6.761175461612513
CESM2-WACCM,days_p95,d_HiLLA_minus_target,SEA,S.E.Asia,7.271208118571034
CESM2-WACCM,days_p95,d_HiLLA_minus_target,NAU,N.Australia,-3.045571627101449
CESM2-WACCM,days_p95,d_HiLLA_minus_target,CAU,C.Australia,-1.8736118062040052
CESM2-WACCM,days_p95,d_HiLLA_minus_target,EAU,E.Australia,-3.830513322773123
CESM2-WACCM,days_p95,d_HiLLA_minus_target,SAU,S.Australia,-1.5501985992138092
CESM2-WACCM,days_p95,d_HiLLA_minus_target,NZ,New-Zealand,0.8125513577960557
CESM2-WACCM,days_p95,d_HiLLA_minus_target,EAN,E.Antarctica,
CESM2-WACCM,days_p95,d_HiLLA_minus_target,WAN,W.Antarctica,
CESM2-WACCM,fwi_fs,target,GIC,Greenland/Iceland,
CESM2-WACCM,fwi_fs,target,NWN,N.W.North-America,2.0658765729017996
CESM2-WACCM,fwi_fs,target,NEN,N.E.North-America,1.7162395297929893
CESM2-WACCM,fwi_fs,target,WNA,W.North-America,27.750599091809082
CESM2-WACCM,fwi_fs,target,CNA,C.North-America,28.34193643842181
CESM2-WACCM,fwi_fs,target,ENA,E.North-America,5.214568863000166
CESM2-WACCM,fwi_fs,target,NCA,N.Central-America,27.889454652761675
CESM2-WACCM,fwi_fs,target,SCA,S.Central-America,11.371587947955971
CESM2-WACCM,fwi_fs,target,CAR,Caribbean,14.057451200747527
CESM2-WACCM,fwi_fs,target,NWS,N.W.South-America,9.476253844106031
CESM2-WACCM,fwi_fs,target,NSA,N.South-America,14.721925271089777
CESM2-WACCM,fwi_fs,target,NES,N.E.South-America,34.3126567801811
CESM2-WACCM,fwi_fs,target,SAM,South-American-Monsoon,31.114831862235786
CESM2-WACCM,fwi_fs,target,SWS,S.W.South-America,24.230831783410256
CESM2-WACCM,fwi_fs,target,SES,S.E.South-America,22.038471843040494
CESM2-WACCM,fwi_fs,target,SSA,S.South-America,12.475248268171834
CESM2-WACCM,fwi_fs,target,NEU,N.Europe,2.494091986190903
CESM2-WACCM,fwi_fs,target,WCE,West&Central-Europe,12.884716495739132
CESM2-WACCM,fwi_fs,target,EEU,E.Europe,17.777481889926843
CESM2-WACCM,fwi_fs,target,MED,Mediterranean,37.800378726645185
CESM2-WACCM,fwi_fs,target,SAH,Sahara,63.363215302824564
CESM2-WACCM,fwi_fs,target,WAF,Western-Africa,51.56215257520005
CESM2-WACCM,fwi_fs,target,CAF,Central-Africa,27.448879221998897
CESM2-WACCM,fwi_fs,target,NEAF,N.Eastern-Africa,44.96243168337531
CESM2-WACCM,fwi_fs,target,SEAF,S.Eastern-Africa,25.59766233403873
CESM2-WACCM,fwi_fs,target,WSAF,W.Southern-Africa,37.68234577054967
CESM2-WACCM,fwi_fs,target,ESAF,E.Southern-Africa,25.935331166198388
CESM2-WACCM,fwi_fs,target,MDG,Madagascar,17.325813572941495
CESM2-WACCM,fwi_fs,target,RAR,Russian-Arctic,0.9180408250041158
CESM2-WACCM,fwi_fs,target,WSB,W.Siberia,16.340032305478115
CESM2-WACCM,fwi_fs,target,ESB,E.Siberia,4.344224861478576
CESM2-WACCM,fwi_fs,target,RFE,Russian-Far-East,1.3660612083584802
CESM2-WACCM,fwi_fs,target,WCA,W.C.Asia,53.63722944922789
CESM2-WACCM,fwi_fs,target,ECA,E.C.Asia,26.155903152144237
CESM2-WACCM,fwi_fs,target,TIB,Tibetan-Plateau,4.837964360086889
CESM2-WACCM,fwi_fs,target,EAS,E.Asia,6.059644989340713
CESM2-WACCM,fwi_fs,target,ARP,Arabian-Peninsula,62.1342356752979
CESM2-WACCM,fwi_fs,target,SAS,S.Asia,37.51984726680065
CESM2-WACCM,fwi_fs,target,SEA,S.E.Asia,7.413402583994718
CESM2-WACCM,fwi_fs,target,NAU,N.Australia,41.23130864449156
CESM2-WACCM,fwi_fs,target,CAU,C.Australia,46.20233451709051
CESM2-WACCM,fwi_fs,target,EAU,E.Australia,14.99054885726258
CESM2-WACCM,fwi_fs,target,SAU,S.Australia,25.94092618609096
CESM2-WACCM,fwi_fs,target,NZ,New-Zealand,1.7115814501775561
CESM2-WACCM,fwi_fs,target,EAN,E.Antarctica,
CESM2-WACCM,fwi_fs,target,WAN,W.Antarctica,
CESM2-WACCM,fwi_fs,ssp245,GIC,Greenland/Iceland,
CESM2-WACCM,fwi_fs,ssp245,NWN,N.W.North-America,2.7207978281399003
CESM2-WACCM,fwi_fs,ssp245,NEN,N.E.North-America,2.6741508139238226
CESM2-WACCM,fwi_fs,ssp245,WNA,W.North-America,27.34677442724785
CESM2-WACCM,fwi_fs,ssp245,CNA,C.North-America,29.60113607051868
CESM2-WACCM,fwi_fs,ssp245,ENA,E.North-America,5.727416286388575
CESM2-WACCM,fwi_fs,ssp245,NCA,N.Central-America,30.022675192661158
CESM2-WACCM,fwi_fs,ssp245,SCA,S.Central-America,13.446191965126603
CESM2-WACCM,fwi_fs,ssp245,CAR,Caribbean,15.275969832540854
CESM2-WACCM,fwi_fs,ssp245,NWS,N.W.South-America,9.464321595058204
CESM2-WACCM,fwi_fs,ssp245,NSA,N.South-America,15.694469633595098
CESM2-WACCM,fwi_fs,ssp245,NES,N.E.South-America,34.82844477216147
CESM2-WACCM,fwi_fs,ssp245,SAM,South-American-Monsoon,32.38259210584658
CESM2-WACCM,fwi_fs,ssp245,SWS,S.W.South-America,24.925847824756033
CESM2-WACCM,fwi_fs,ssp245,SES,S.E.South-America,21.705908560873187
CESM2-WACCM,fwi_fs,ssp245,SSA,S.South-America,12.14815713862223
CESM2-WACCM,fwi_fs,ssp245,NEU,N.Europe,3.0208903359693955
CESM2-WACCM,fwi_fs,ssp245,WCE,West&Central-Europe,16.504723927607074
CESM2-WACCM,fwi_fs,ssp245,EEU,E.Europe,20.81822349578976
CESM2-WACCM,fwi_fs,ssp245,MED,Mediterranean,41.23391219275342
CESM2-WACCM,fwi_fs,ssp245,SAH,Sahara,66.22097500793015
CESM2-WACCM,fwi_fs,ssp245,WAF,Western-Africa,54.93394852345168
CESM2-WACCM,fwi_fs,ssp245,CAF,Central-Africa,29.414238573440436
CESM2-WACCM,fwi_fs,ssp245,NEAF,N.Eastern-Africa,45.65175927942693
CESM2-WACCM,fwi_fs,ssp245,SEAF,S.Eastern-Africa,26.238452778319584
CESM2-WACCM,fwi_fs,ssp245,WSAF,W.Southern-Africa,40.031776810559634
CESM2-WACCM,fwi_fs,ssp245,ESAF,E.Southern-Africa,29.312984331412565
CESM2-WACCM,fwi_fs,ssp245,MDG,Madagascar,18.333672311966723
CESM2-WACCM,fwi_fs,ssp245,RAR,Russian-Arctic,1.241265477221348
CESM2-WACCM,fwi_fs,ssp245,WSB,W.Siberia,18.8386960815566
CESM2-WACCM,fwi_fs,ssp245,ESB,E.Siberia,5.170278750117097
CESM2-WACCM,fwi_fs,ssp245,RFE,Russian-Far-East,1.6816358589773424
CESM2-WACCM,fwi_fs,ssp245,WCA,W.C.Asia,55.87230870797204
CESM2-WACCM,fwi_fs,ssp245,ECA,E.C.Asia,27.62538247422105
CESM2-WACCM,fwi_fs,ssp245,TIB,Tibetan-Plateau,5.684896326389198
CESM2-WACCM,fwi_fs,ssp245,EAS,E.Asia,6.8413941379698295
CESM2-WACCM,fwi_fs,ssp245,ARP,Arabian-Peninsula,63.62534125597165
CESM2-WACCM,fwi_fs,ssp245,SAS,S.Asia,40.34273491781181
CESM2-WACCM,fwi_fs,ssp245,SEA,S.E.Asia,8.509023240200486
CESM2-WACCM,fwi_fs,ssp245,NAU,N.Australia,41.039194907531105
CESM2-WACCM,fwi_fs,ssp245,CAU,C.Australia,45.92286081624499
CESM2-WACCM,fwi_fs,ssp245,EAU,E.Australia,14.437516048501553
CESM2-WACCM,fwi_fs,ssp245,SAU,S.Australia,27.428111783118613
CESM2-WACCM,fwi_fs,ssp245,NZ,New-Zealand,1.9600327589127102
CESM2-WACCM,fwi_fs,ssp245,EAN,E.Antarctica,
CESM2-WACCM,fwi_fs,ssp245,WAN,W.Antarctica,
CESM2-WACCM,fwi_fs,G6-1.5K-SAI,GIC,Greenland/Iceland,
CESM2-WACCM,fwi_fs,G6-1.5K-SAI,NWN,N.W.North-America,2.0958678762258223
CESM2-WACCM,fwi_fs,G6-1.5K-SAI,NEN,N.E.North-America,1.7428730631269997
CESM2-WACCM,fwi_fs,G6-1.5K-SAI,WNA,W.North-America,24.713846581303958
CESM2-WACCM,fwi_fs,G6-1.5K-SAI,CNA,C.North-America,24.867032980576724
CESM2-WACCM,fwi_fs,G6-1.5K-SAI,ENA,E.North-America,4.635086275049188
CESM2-WACCM,fwi_fs,G6-1.5K-SAI,NCA,N.Central-America,26.538043108193317
CESM2-WACCM,fwi_fs,G6-1.5K-SAI,SCA,S.Central-America,12.21473954400624
CESM2-WACCM,fwi_fs,G6-1.5K-SAI,CAR,Caribbean,13.708111211680269
CESM2-WACCM,fwi_fs,G6-1.5K-SAI,NWS,N.W.South-America,8.831542021209692
CESM2-WACCM,fwi_fs,G6-1.5K-SAI,NSA,N.South-America,14.457190191472417
CESM2-WACCM,fwi_fs,G6-1.5K-SAI,NES,N.E.South-America,31.741781606717385
CESM2-WACCM,fwi_fs,G6-1.5K-SAI,SAM,South-American-Monsoon,28.692763406996615
CESM2-WACCM,fwi_fs,G6-1.5K-SAI,SWS,S.W.South-America,23.423331964613013
CESM2-WACCM,fwi_fs,G6-1.5K-SAI,SES,S.E.South-America,19.250913614578828
CESM2-WACCM,fwi_fs,G6-1.5K-SAI,SSA,S.South-America,10.827708588395586
CESM2-WACCM,fwi_fs,G6-1.5K-SAI,NEU,N.Europe,2.5420302977023526
CESM2-WACCM,fwi_fs,G6-1.5K-SAI,WCE,West&Central-Europe,12.196505923345448
CESM2-WACCM,fwi_fs,G6-1.5K-SAI,EEU,E.Europe,17.168529856374587
CESM2-WACCM,fwi_fs,G6-1.5K-SAI,MED,Mediterranean,37.34147176830782
CESM2-WACCM,fwi_fs,G6-1.5K-SAI,SAH,Sahara,64.65409202635624
CESM2-WACCM,fwi_fs,G6-1.5K-SAI,WAF,Western-Africa,54.394280986180455
CESM2-WACCM,fwi_fs,G6-1.5K-SAI,CAF,Central-Africa,29.09466755806185
CESM2-WACCM,fwi_fs,G6-1.5K-SAI,NEAF,N.Eastern-Africa,44.697879984772705
CESM2-WACCM,fwi_fs,G6-1.5K-SAI,SEAF,S.Eastern-Africa,25.487844390785746
CESM2-WACCM,fwi_fs,G6-1.5K-SAI,WSAF,W.Southern-Africa,37.96589296530587
CESM2-WACCM,fwi_fs,G6-1.5K-SAI,ESAF,E.Southern-Africa,26.71982533881528
CESM2-WACCM,fwi_fs,G6-1.5K-SAI,MDG,Madagascar,16.176654012067097
CESM2-WACCM,fwi_fs,G6-1.5K-SAI,RAR,Russian-Arctic,0.9732147107762541
CESM2-WACCM,fwi_fs,G6-1.5K-SAI,WSB,W.Siberia,17.156845843507504
CESM2-WACCM,fwi_fs,G6-1.5K-SAI,ESB,E.Siberia,4.635689153935556
CESM2-WACCM,fwi_fs,G6-1.5K-SAI,RFE,Russian-Far-East,1.4482579487560834
CESM2-WACCM,fwi_fs,G6-1.5K-SAI,WCA,W.C.Asia,53.33513596227187
CESM2-WACCM,fwi_fs,G6-1.5K-SAI,ECA,E.C.Asia,26.461714266417715
CESM2-WACCM,fwi_fs,G6-1.5K-SAI,TIB,Tibetan-Plateau,5.20189213466344
CESM2-WACCM,fwi_fs,G6-1.5K-SAI,EAS,E.Asia,6.160904327924571
CESM2-WACCM,fwi_fs,G6-1.5K-SAI,ARP,Arabian-Peninsula,62.14221754926379
CESM2-WACCM,fwi_fs,G6-1.5K-SAI,SAS,S.Asia,38.57708543956283
CESM2-WACCM,fwi_fs,G6-1.5K-SAI,SEA,S.E.Asia,8.493303231855247
CESM2-WACCM,fwi_fs,G6-1.5K-SAI,NAU,N.Australia,41.85164670999043
CESM2-WACCM,fwi_fs,G6-1.5K-SAI,CAU,C.Australia,46.479038130768345
CESM2-WACCM,fwi_fs,G6-1.5K-SAI,EAU,E.Australia,14.388841866683816
CESM2-WACCM,fwi_fs,G6-1.5K-SAI,SAU,S.Australia,25.35096568829404
CESM2-WACCM,fwi_fs,G6-1.5K-SAI,NZ,New-Zealand,1.658513500705023
CESM2-WACCM,fwi_fs,G6-1.5K-SAI,EAN,E.Antarctica,
CESM2-WACCM,fwi_fs,G6-1.5K-SAI,WAN,W.Antarctica,
CESM2-WACCM,fwi_fs,G6-1.5K-HiLLA,GIC,Greenland/Iceland,
CESM2-WACCM,fwi_fs,G6-1.5K-HiLLA,NWN,N.W.North-America,2.0146540909950374
CESM2-WACCM,fwi_fs,G6-1.5K-HiLLA,NEN,N.E.North-America,1.6795186872291534
CESM2-WACCM,fwi_fs,G6-1.5K-HiLLA,WNA,W.North-America,25.581843858973798
CESM2-WACCM,fwi_fs,G6-1.5K-HiLLA,CNA,C.North-America,25.73929809736544
CESM2-WACCM,fwi_fs,G6-1.5K-HiLLA,ENA,E.North-America,4.862612982710188
CESM2-WACCM,fwi_fs,G6-1.5K-HiLLA,NCA,N.Central-America,28.117938919769266
CESM2-WACCM,fwi_fs,G6-1.5K-HiLLA,SCA,S.Central-America,12.154431578239064
CESM2-WACCM,fwi_fs,G6-1.5K-HiLLA,CAR,Caribbean,14.083336860462074
CESM2-WACCM,fwi_fs,G6-1.5K-HiLLA,NWS,N.W.South-America,8.618933098007016
CESM2-WACCM,fwi_fs,G6-1.5K-HiLLA,NSA,N.South-America,14.279066614030103
CESM2-WACCM,fwi_fs,G6-1.5K-HiLLA,NES,N.E.South-America,32.28652915182138
CESM2-WACCM,fwi_fs,G6-1.5K-HiLLA,SAM,South-American-Monsoon,29.113680659522423
CESM2-WACCM,fwi_fs,G6-1.5K-HiLLA,SWS,S.W.South-America,23.290435350420072
CESM2-WACCM,fwi_fs,G6-1.5K-HiLLA,SES,S.E.South-America,19.474690360356753
CESM2-WACCM,fwi_fs,G6-1.5K-HiLLA,SSA,S.South-America,11.30823843868287
CESM2-WACCM,fwi_fs,G6-1.5K-HiLLA,NEU,N.Europe,2.5644342424174416
CESM2-WACCM,fwi_fs,G6-1.5K-HiLLA,WCE,West&Central-Europe,12.602610216106378
CESM2-WACCM,fwi_fs,G6-1.5K-HiLLA,EEU,E.Europe,16.245676615338247
CESM2-WACCM,fwi_fs,G6-1.5K-HiLLA,MED,Mediterranean,37.75832777747699
CESM2-WACCM,fwi_fs,G6-1.5K-HiLLA,SAH,Sahara,65.15529211897689
CESM2-WACCM,fwi_fs,G6-1.5K-HiLLA,WAF,Western-Africa,54.85995838029116
CESM2-WACCM,fwi_fs,G6-1.5K-HiLLA,CAF,Central-Africa,29.412578449658913
CESM2-WACCM,fwi_fs,G6-1.5K-HiLLA,NEAF,N.Eastern-Africa,46.0006666874047
CESM2-WACCM,fwi_fs,G6-1.5K-HiLLA,SEAF,S.Eastern-Africa,25.088198799040818
CESM2-WACCM,fwi_fs,G6-1.5K-HiLLA,WSAF,W.Southern-Africa,38.155177335510764
CESM2-WACCM,fwi_fs,G6-1.5K-HiLLA,ESAF,E.Southern-Africa,26.331042151657314
CESM2-WACCM,fwi_fs,G6-1.5K-HiLLA,MDG,Madagascar,16.353454419621798
CESM2-WACCM,fwi_fs,G6-1.5K-HiLLA,RAR,Russian-Arctic,0.9110733959258083
CESM2-WACCM,fwi_fs,G6-1.5K-HiLLA,WSB,W.Siberia,15.447236463304653
CESM2-WACCM,fwi_fs,G6-1.5K-HiLLA,ESB,E.Siberia,4.2800810156175
CESM2-WACCM,fwi_fs,G6-1.5K-HiLLA,RFE,Russian-Far-East,1.305665326171737
CESM2-WACCM,fwi_fs,G6-1.5K-HiLLA,WCA,W.C.Asia,53.47471975726872
CESM2-WACCM,fwi_fs,G6-1.5K-HiLLA,ECA,E.C.Asia,26.259958758015266
CESM2-WACCM,fwi_fs,G6-1.5K-HiLLA,TIB,Tibetan-Plateau,5.438013636879478
CESM2-WACCM,fwi_fs,G6-1.5K-HiLLA,EAS,E.Asia,6.150119798153578
CESM2-WACCM,fwi_fs,G6-1.5K-HiLLA,ARP,Arabian-Peninsula,62.5272271824598
CESM2-WACCM,fwi_fs,G6-1.5K-HiLLA,SAS,S.Asia,38.88722155631318
CESM2-WACCM,fwi_fs,G6-1.5K-HiLLA,SEA,S.E.Asia,8.040343031948874
CESM2-WACCM,fwi_fs,G6-1.5K-HiLLA,NAU,N.Australia,39.69515161418819
CESM2-WACCM,fwi_fs,G6-1.5K-HiLLA,CAU,C.Australia,43.12228720957489
CESM2-WACCM,fwi_fs,G6-1.5K-HiLLA,EAU,E.Australia,13.699021813927999
CESM2-WACCM,fwi_fs,G6-1.5K-HiLLA,SAU,S.Australia,24.967783093225897
CESM2-WACCM,fwi_fs,G6-1.5K-HiLLA,NZ,New-Zealand,1.7250944915819195
CESM2-WACCM,fwi_fs,G6-1.5K-HiLLA,EAN,E.Antarctica,
CESM2-WACCM,fwi_fs,G6-1.5K-HiLLA,WAN,W.Antarctica,
CESM2-WACCM,fwi_fs,d_ssp245_minus_target,GIC,Greenland/Iceland,
CESM2-WACCM,fwi_fs,d_ssp245_minus_target,NWN,N.W.North-America,0.6549212552381013
CESM2-WACCM,fwi_fs,d_ssp245_minus_target,NEN,N.E.North-America,0.9579112841308339
CESM2-WACCM,fwi_fs,d_ssp245_minus_target,WNA,W.North-America,-0.40382466456122823
CESM2-WACCM,fwi_fs,d_ssp245_minus_target,CNA,C.North-America,1.2591996320968788
CESM2-WACCM,fwi_fs,d_ssp245_minus_target,ENA,E.North-America,0.5128474233884046
CESM2-WACCM,fwi_fs,d_ssp245_minus_target,NCA,N.Central-America,2.1332205398994932
CESM2-WACCM,fwi_fs,d_ssp245_minus_target,SCA,S.Central-America,2.074604017170633
CESM2-WACCM,fwi_fs,d_ssp245_minus_target,CAR,Caribbean,1.218518631793327
CESM2-WACCM,fwi_fs,d_ssp245_minus_target,NWS,N.W.South-America,-0.01193224904782824
CESM2-WACCM,fwi_fs,d_ssp245_minus_target,NSA,N.South-America,0.9725443625053167
CESM2-WACCM,fwi_fs,d_ssp245_minus_target,NES,N.E.South-America,0.5157879919803673
CESM2-WACCM,fwi_fs,d_ssp245_minus_target,SAM,South-American-Monsoon,1.267760243610811
CESM2-WACCM,fwi_fs,d_ssp245_minus_target,SWS,S.W.South-America,0.6950160413457824
CESM2-WACCM,fwi_fs,d_ssp245_minus_target,SES,S.E.South-America,-0.33256328216730363
CESM2-WACCM,fwi_fs,d_ssp245_minus_target,SSA,S.South-America,-0.327091129549605
CESM2-WACCM,fwi_fs,d_ssp245_minus_target,NEU,N.Europe,0.5267983497784934
CESM2-WACCM,fwi_fs,d_ssp245_minus_target,WCE,West&Central-Europe,3.620007431867936
CESM2-WACCM,fwi_fs,d_ssp245_minus_target,EEU,E.Europe,3.0407416058629164
CESM2-WACCM,fwi_fs,d_ssp245_minus_target,MED,Mediterranean,3.4335334661082193
CESM2-WACCM,fwi_fs,d_ssp245_minus_target,SAH,Sahara,2.8577597051055763
CESM2-WACCM,fwi_fs,d_ssp245_minus_target,WAF,Western-Africa,3.371795948251615
CESM2-WACCM,fwi_fs,d_ssp245_minus_target,CAF,Central-Africa,1.9653593514415328
CESM2-WACCM,fwi_fs,d_ssp245_minus_target,NEAF,N.Eastern-Africa,0.689327596051635
CESM2-WACCM,fwi_fs,d_ssp245_minus_target,SEAF,S.Eastern-Africa,0.6407904442808566
CESM2-WACCM,fwi_fs,d_ssp245_minus_target,WSAF,W.Southern-Africa,2.3494310400099696
CESM2-WACCM,fwi_fs,d_ssp245_minus_target,ESAF,E.Southern-Africa,3.37765316521417
CESM2-WACCM,fwi_fs,d_ssp245_minus_target,MDG,Madagascar,1.0078587390252256
CESM2-WACCM,fwi_fs,d_ssp245_minus_target,RAR,Russian-Arctic,0.3232246522172336
CESM2-WACCM,fwi_fs,d_ssp245_minus_target,WSB,W.Siberia,2.498663776078473
CESM2-WACCM,fwi_fs,d_ssp245_minus_target,ESB,E.Siberia,0.8260538886385221
CESM2-WACCM,fwi_fs,d_ssp245_minus_target,RFE,Russian-Far-East,0.31557465061886203
CESM2-WACCM,fwi_fs,d_ssp245_minus_target,WCA,W.C.Asia,2.2350792587441353
CESM2-WACCM,fwi_fs,d_ssp245_minus_target,ECA,E.C.Asia,1.4694793220768134
CESM2-WACCM,fwi_fs,d_ssp245_minus_target,TIB,Tibetan-Plateau,0.846931966302311
CESM2-WACCM,fwi_fs,d_ssp245_minus_target,EAS,E.Asia,0.7817491486291165
CESM2-WACCM,fwi_fs,d_ssp245_minus_target,ARP,Arabian-Peninsula,1.4911055806737528
CESM2-WACCM,fwi_fs,d_ssp245_minus_target,SAS,S.Asia,2.8228876510111487
CESM2-WACCM,fwi_fs,d_ssp245_minus_target,SEA,S.E.Asia,1.0956206562057693
CESM2-WACCM,fwi_fs,d_ssp245_minus_target,NAU,N.Australia,-0.19211373696046555
CESM2-WACCM,fwi_fs,d_ssp245_minus_target,CAU,C.Australia,-0.2794737008455251
CESM2-WACCM,fwi_fs,d_ssp245_minus_target,EAU,E.Australia,-0.5530328087610282
CESM2-WACCM,fwi_fs,d_ssp245_minus_target,SAU,S.Australia,1.4871855970276593
CESM2-WACCM,fwi_fs,d_ssp245_minus_target,NZ,New-Zealand,0.24845130873515414
CESM2-WACCM,fwi_fs,d_ssp245_minus_target,EAN,E.Antarctica,
CESM2-WACCM,fwi_fs,d_ssp245_minus_target,WAN,W.Antarctica,
CESM2-WACCM,fwi_fs,d_SAI_minus_ssp245,GIC,Greenland/Iceland,
CESM2-WACCM,fwi_fs,d_SAI_minus_ssp245,NWN,N.W.North-America,-0.6249299519140773
CESM2-WACCM,fwi_fs,d_SAI_minus_ssp245,NEN,N.E.North-America,-0.9312777507968234
CESM2-WACCM,fwi_fs,d_SAI_minus_ssp245,WNA,W.North-America,-2.632927845943896
CESM2-WACCM,fwi_fs,d_SAI_minus_ssp245,CNA,C.North-America,-4.734103089941963
CESM2-WACCM,fwi_fs,d_SAI_minus_ssp245,ENA,E.North-America,-1.0923300113393843
CESM2-WACCM,fwi_fs,d_SAI_minus_ssp245,NCA,N.Central-America,-3.484632084467848
CESM2-WACCM,fwi_fs,d_SAI_minus_ssp245,SCA,S.Central-America,-1.2314524211203637
CESM2-WACCM,fwi_fs,d_SAI_minus_ssp245,CAR,Caribbean,-1.567858620860584
CESM2-WACCM,fwi_fs,d_SAI_minus_ssp245,NWS,N.W.South-America,-0.6327795738485142
CESM2-WACCM,fwi_fs,d_SAI_minus_ssp245,NSA,N.South-America,-1.2372794421226765
CESM2-WACCM,fwi_fs,d_SAI_minus_ssp245,NES,N.E.South-America,-3.0866631654440946
CESM2-WACCM,fwi_fs,d_SAI_minus_ssp245,SAM,South-American-Monsoon,-3.6898286988499756
CESM2-WACCM,fwi_fs,d_SAI_minus_ssp245,SWS,S.W.South-America,-1.5025158601430195
CESM2-WACCM,fwi_fs,d_SAI_minus_ssp245,SES,S.E.South-America,-2.4549949462943665
CESM2-WACCM,fwi_fs,d_SAI_minus_ssp245,SSA,S.South-America,-1.3204485502266463
CESM2-WACCM,fwi_fs,d_SAI_minus_ssp245,NEU,N.Europe,-0.47886003826704215
CESM2-WACCM,fwi_fs,d_SAI_minus_ssp245,WCE,West&Central-Europe,-4.308218004261625
CESM2-WACCM,fwi_fs,d_SAI_minus_ssp245,EEU,E.Europe,-3.6496936394151644
CESM2-WACCM,fwi_fs,d_SAI_minus_ssp245,MED,Mediterranean,-3.8924404244455815
CESM2-WACCM,fwi_fs,d_SAI_minus_ssp245,SAH,Sahara,-1.5668829815738954
CESM2-WACCM,fwi_fs,d_SAI_minus_ssp245,WAF,Western-Africa,-0.539667537271217
CESM2-WACCM,fwi_fs,d_SAI_minus_ssp245,CAF,Central-Africa,-0.31957101537858446
CESM2-WACCM,fwi_fs,d_SAI_minus_ssp245,NEAF,N.Eastern-Africa,-0.9538792946542473
CESM2-WACCM,fwi_fs,d_SAI_minus_ssp245,SEAF,S.Eastern-Africa,-0.7506083875338503
CESM2-WACCM,fwi_fs,d_SAI_minus_ssp245,WSAF,W.Southern-Africa,-2.0658838452537545
CESM2-WACCM,fwi_fs,d_SAI_minus_ssp245,ESAF,E.Southern-Africa,-2.593158992597276
CESM2-WACCM,fwi_fs,d_SAI_minus_ssp245,MDG,Madagascar,-2.157018299899629
CESM2-WACCM,fwi_fs,d_SAI_minus_ssp245,RAR,Russian-Arctic,-0.26805076644509435
CESM2-WACCM,fwi_fs,d_SAI_minus_ssp245,WSB,W.Siberia,-1.6818502380490918
CESM2-WACCM,fwi_fs,d_SAI_minus_ssp245,ESB,E.Siberia,-0.5345895961815426
CESM2-WACCM,fwi_fs,d_SAI_minus_ssp245,RFE,Russian-Far-East,-0.23337791022125948
CESM2-WACCM,fwi_fs,d_SAI_minus_ssp245,WCA,W.C.Asia,-2.537172745700171
CESM2-WACCM,fwi_fs,d_SAI_minus_ssp245,ECA,E.C.Asia,-1.1636682078033276
CESM2-WACCM,fwi_fs,d_SAI_minus_ssp245,TIB,Tibetan-Plateau,-0.4830041917257585
CESM2-WACCM,fwi_fs,d_SAI_minus_ssp245,EAS,E.Asia,-0.6804898100452603
CESM2-WACCM,fwi_fs,d_SAI_minus_ssp245,ARP,Arabian-Peninsula,-1.483123706707869
CESM2-WACCM,fwi_fs,d_SAI_minus_ssp245,SAS,S.Asia,-1.765649478248979
CESM2-WACCM,fwi_fs,d_SAI_minus_ssp245,SEA,S.E.Asia,-0.015720008345240774
CESM2-WACCM,fwi_fs,d_SAI_minus_ssp245,NAU,N.Australia,0.8124518024593407
CESM2-WACCM,fwi_fs,d_SAI_minus_ssp245,CAU,C.Australia,0.5561773145233828
CESM2-WACCM,fwi_fs,d_SAI_minus_ssp245,EAU,E.Australia,-0.04867418181773585
CESM2-WACCM,fwi_fs,d_SAI_minus_ssp245,SAU,S.Australia,-2.077146094824586
CESM2-WACCM,fwi_fs,d_SAI_minus_ssp245,NZ,New-Zealand,-0.30151925820768744
CESM2-WACCM,fwi_fs,d_SAI_minus_ssp245,EAN,E.Antarctica,
CESM2-WACCM,fwi_fs,d_SAI_minus_ssp245,WAN,W.Antarctica,
CESM2-WACCM,fwi_fs,d_HiLLA_minus_ssp245,GIC,Greenland/Iceland,
CESM2-WACCM,fwi_fs,d_HiLLA_minus_ssp245,NWN,N.W.North-America,-0.7061437371448623
CESM2-WACCM,fwi_fs,d_HiLLA_minus_ssp245,NEN,N.E.North-America,-0.9946321266946696
CESM2-WACCM,fwi_fs,d_HiLLA_minus_ssp245,WNA,W.North-America,-1.7649305682740635
CESM2-WACCM,fwi_fs,d_HiLLA_minus_ssp245,CNA,C.North-America,-3.861837973153234
CESM2-WACCM,fwi_fs,d_HiLLA_minus_ssp245,ENA,E.North-America,-0.8648033036783821
CESM2-WACCM,fwi_fs,d_HiLLA_minus_ssp245,NCA,N.Central-America,-1.9047362728919
CESM2-WACCM,fwi_fs,d_HiLLA_minus_ssp245,SCA,S.Central-America,-1.2917603868875382
CESM2-WACCM,fwi_fs,d_HiLLA_minus_ssp245,CAR,Caribbean,-1.1926329720787792
CESM2-WACCM,fwi_fs,d_HiLLA_minus_ssp245,NWS,N.W.South-America,-0.8453884970511857
CESM2-WACCM,fwi_fs,d_HiLLA_minus_ssp245,NSA,N.South-America,-1.4154030195649923
CESM2-WACCM,fwi_fs,d_HiLLA_minus_ssp245,NES,N.E.South-America,-2.541915620340111
CESM2-WACCM,fwi_fs,d_HiLLA_minus_ssp245,SAM,South-American-Monsoon,-3.268911446324163
CESM2-WACCM,fwi_fs,d_HiLLA_minus_ssp245,SWS,S.W.South-America,-1.6354124743359642
CESM2-WACCM,fwi_fs,d_HiLLA_minus_ssp245,SES,S.E.South-America,-2.2312182005164414
CESM2-WACCM,fwi_fs,d_HiLLA_minus_ssp245,SSA,S.South-America,-0.839918699939359
CESM2-WACCM,fwi_fs,d_HiLLA_minus_ssp245,NEU,N.Europe,-0.4564560935519547
CESM2-WACCM,fwi_fs,d_HiLLA_minus_ssp245,WCE,West&Central-Europe,-3.902113711500698
CESM2-WACCM,fwi_fs,d_HiLLA_minus_ssp245,EEU,E.Europe,-4.57254688045151
CESM2-WACCM,fwi_fs,d_HiLLA_minus_ssp245,MED,Mediterranean,-3.4755844152764377
CESM2-WACCM,fwi_fs,d_HiLLA_minus_ssp245,SAH,Sahara,-1.06568288895323
CESM2-WACCM,fwi_fs,d_HiLLA_minus_ssp245,WAF,Western-Africa,-0.07399014316052269
CESM2-WACCM,fwi_fs,d_HiLLA_minus_ssp245,CAF,Central-Africa,-0.0016601237815318452
CESM2-WACCM,fwi_fs,d_HiLLA_minus_ssp245,NEAF,N.Eastern-Africa,0.34890740797778486
CESM2-WACCM,fwi_fs,d_HiLLA_minus_ssp245,SEAF,S.Eastern-Africa,-1.150253979278772
CESM2-WACCM,fwi_fs,d_HiLLA_minus_ssp245,WSAF,W.Southern-Africa,-1.8765994750488662
CESM2-WACCM,fwi_fs,d_HiLLA_minus_ssp245,ESAF,E.Southern-Africa,-2.9819421797552548
CESM2-WACCM,fwi_fs,d_HiLLA_minus_ssp245,MDG,Madagascar,-1.9802178923449254
CESM2-WACCM,fwi_fs,d_HiLLA_minus_ssp245,RAR,Russian-Arctic,-0.3301920812955407
CESM2-WACCM,fwi_fs,d_HiLLA_minus_ssp245,WSB,W.Siberia,-3.391459618251946
CESM2-WACCM,fwi_fs,d_HiLLA_minus_ssp245,ESB,E.Siberia,-0.8901977344996004
CESM2-WACCM,fwi_fs,d_HiLLA_minus_ssp245,RFE,Russian-Far-East,-0.3759705328056056
CESM2-WACCM,fwi_fs,d_HiLLA_minus_ssp245,WCA,W.C.Asia,-2.397588950703294
CESM2-WACCM,fwi_fs,d_HiLLA_minus_ssp245,ECA,E.C.Asia,-1.3654237162057954
CESM2-WACCM,fwi_fs,d_HiLLA_minus_ssp245,TIB,Tibetan-Plateau,-0.2468826895097194
CESM2-WACCM,fwi_fs,d_HiLLA_minus_ssp245,EAS,E.Asia,-0.6912743398162573
CESM2-WACCM,fwi_fs,d_HiLLA_minus_ssp245,ARP,Arabian-Peninsula,-1.098114073511827
CESM2-WACCM,fwi_fs,d_HiLLA_minus_ssp245,SAS,S.Asia,-1.455513361498619
CESM2-WACCM,fwi_fs,d_HiLLA_minus_ssp245,SEA,S.E.Asia,-0.46868020825161644
CESM2-WACCM,fwi_fs,d_HiLLA_minus_ssp245,NAU,N.Australia,-1.3440432933429094
CESM2-WACCM,fwi_fs,d_HiLLA_minus_ssp245,CAU,C.Australia,-2.8005736066700826
CESM2-WACCM,fwi_fs,d_HiLLA_minus_ssp245,EAU,E.Australia,-0.7384942345735575
CESM2-WACCM,fwi_fs,d_HiLLA_minus_ssp245,SAU,S.Australia,-2.4603286898927172
CESM2-WACCM,fwi_fs,d_HiLLA_minus_ssp245,NZ,New-Zealand,-0.23493826733079096
CESM2-WACCM,fwi_fs,d_HiLLA_minus_ssp245,EAN,E.Antarctica,
CESM2-WACCM,fwi_fs,d_HiLLA_minus_ssp245,WAN,W.Antarctica,
CESM2-WACCM,fwi_fs,d_HiLLA_minus_SAI,GIC,Greenland/Iceland,
CESM2-WACCM,fwi_fs,d_HiLLA_minus_SAI,NWN,N.W.North-America,-0.0812137852307852
CESM2-WACCM,fwi_fs,d_HiLLA_minus_SAI,NEN,N.E.North-America,-0.0633543758978456
CESM2-WACCM,fwi_fs,d_HiLLA_minus_SAI,WNA,W.North-America,0.867997277669833
CESM2-WACCM,fwi_fs,d_HiLLA_minus_SAI,CNA,C.North-America,0.8722651167887302
CESM2-WACCM,fwi_fs,d_HiLLA_minus_SAI,ENA,E.North-America,0.2275267076610023
CESM2-WACCM,fwi_fs,d_HiLLA_minus_SAI,NCA,N.Central-America,1.5798958115759485
CESM2-WACCM,fwi_fs,d_HiLLA_minus_SAI,SCA,S.Central-America,-0.06030796576717477
CESM2-WACCM,fwi_fs,d_HiLLA_minus_SAI,CAR,Caribbean,0.37522564878180453
CESM2-WACCM,fwi_fs,d_HiLLA_minus_SAI,NWS,N.W.South-America,-0.21260892320267147
CESM2-WACCM,fwi_fs,d_HiLLA_minus_SAI,NSA,N.South-America,-0.17812357744231466
CESM2-WACCM,fwi_fs,d_HiLLA_minus_SAI,NES,N.E.South-America,0.5447475451039838
CESM2-WACCM,fwi_fs,d_HiLLA_minus_SAI,SAM,South-American-Monsoon,0.42091725252581247
CESM2-WACCM,fwi_fs,d_HiLLA_minus_SAI,SWS,S.W.South-America,-0.1328966141929451
CESM2-WACCM,fwi_fs,d_HiLLA_minus_SAI,SES,S.E.South-America,0.2237767457779251
CESM2-WACCM,fwi_fs,d_HiLLA_minus_SAI,SSA,S.South-America,0.48052985028728734
CESM2-WACCM,fwi_fs,d_HiLLA_minus_SAI,NEU,N.Europe,0.02240394471508769
CESM2-WACCM,fwi_fs,d_HiLLA_minus_SAI,WCE,West&Central-Europe,0.40610429276092747
CESM2-WACCM,fwi_fs,d_HiLLA_minus_SAI,EEU,E.Europe,-0.9228532410363409
CESM2-WACCM,fwi_fs,d_HiLLA_minus_SAI,MED,Mediterranean,0.4168560091691438
CESM2-WACCM,fwi_fs,d_HiLLA_minus_SAI,SAH,Sahara,0.5012000926206661
CESM2-WACCM,fwi_fs,d_HiLLA_minus_SAI,WAF,Western-Africa,0.46567739411069436
CESM2-WACCM,fwi_fs,d_HiLLA_minus_SAI,CAF,Central-Africa,0.3179108915970527
CESM2-WACCM,fwi_fs,d_HiLLA_minus_SAI,NEAF,N.Eastern-Africa,1.3027867026320317
CESM2-WACCM,fwi_fs,d_HiLLA_minus_SAI,SEAF,S.Eastern-Africa,-0.3996455917449215
CESM2-WACCM,fwi_fs,d_HiLLA_minus_SAI,WSAF,W.Southern-Africa,0.1892843702048882
CESM2-WACCM,fwi_fs,d_HiLLA_minus_SAI,ESAF,E.Southern-Africa,-0.3887831871579795
CESM2-WACCM,fwi_fs,d_HiLLA_minus_SAI,MDG,Madagascar,0.17680040755470386
CESM2-WACCM,fwi_fs,d_HiLLA_minus_SAI,RAR,Russian-Arctic,-0.06214131485044639
CESM2-WACCM,fwi_fs,d_HiLLA_minus_SAI,WSB,W.Siberia,-1.7096093802028547
CESM2-WACCM,fwi_fs,d_HiLLA_minus_SAI,ESB,E.Siberia,-0.355608138318058
CESM2-WACCM,fwi_fs,d_HiLLA_minus_SAI,RFE,Russian-Far-East,-0.142592622584346
CESM2-WACCM,fwi_fs,d_HiLLA_minus_SAI,WCA,W.C.Asia,0.1395837949968772
CESM2-WACCM,fwi_fs,d_HiLLA_minus_SAI,ECA,E.C.Asia,-0.20175550840246778
CESM2-WACCM,fwi_fs,d_HiLLA_minus_SAI,TIB,Tibetan-Plateau,0.23612150221603884
CESM2-WACCM,fwi_fs,d_HiLLA_minus_SAI,EAS,E.Asia,-0.01078452977099675
CESM2-WACCM,fwi_fs,d_HiLLA_minus_SAI,ARP,Arabian-Peninsula,0.385009633196042
CESM2-WACCM,fwi_fs,d_HiLLA_minus_SAI,SAS,S.Asia,0.3101361167503602
CESM2-WACCM,fwi_fs,d_HiLLA_minus_SAI,SEA,S.E.Asia,-0.45296019990637554
CESM2-WACCM,fwi_fs,d_HiLLA_minus_SAI,NAU,N.Australia,-2.15649509580225
CESM2-WACCM,fwi_fs,d_HiLLA_minus_SAI,CAU,C.Australia,-3.3567509211934645
CESM2-WACCM,fwi_fs,d_HiLLA_minus_SAI,EAU,E.Australia,-0.6898200527558217
CESM2-WACCM,fwi_fs,d_HiLLA_minus_SAI,SAU,S.Australia,-0.3831825950681298
CESM2-WACCM,fwi_fs,d_HiLLA_minus_SAI,NZ,New-Zealand,0.06658099087689648
CESM2-WACCM,fwi_fs,d_HiLLA_minus_SAI,EAN,E.Antarctica,
CESM2-WACCM,fwi_fs,d_HiLLA_minus_SAI,WAN,W.Antarctica,
CESM2-WACCM,fwi_fs,d_SAI_minus_target,GIC,Greenland/Iceland,
CESM2-WACCM,fwi_fs,d_SAI_minus_target,NWN,N.W.North-America,0.0299913033240239
CESM2-WACCM,fwi_fs,d_SAI_minus_target,NEN,N.E.North-America,0.026633533334009626
CESM2-WACCM,fwi_fs,d_SAI_minus_target,WNA,W.North-America,-3.036752510505124
CESM2-WACCM,fwi_fs,d_SAI_minus_target,CNA,C.North-America,-3.4749034578450844
CESM2-WACCM,fwi_fs,d_SAI_minus_target,ENA,E.North-America,-0.57948258795098
CESM2-WACCM,fwi_fs,d_SAI_minus_target,NCA,N.Central-America,-1.3514115445683559
CESM2-WACCM,fwi_fs,d_SAI_minus_target,SCA,S.Central-America,0.8431515960502701
CESM2-WACCM,fwi_fs,d_SAI_minus_target,CAR,Caribbean,-0.34933998906725694
CESM2-WACCM,fwi_fs,d_SAI_minus_target,NWS,N.W.South-America,-0.6447118228963422
CESM2-WACCM,fwi_fs,d_SAI_minus_target,NSA,N.South-America,-0.2647350796173604
CESM2-WACCM,fwi_fs,d_SAI_minus_target,NES,N.E.South-America,-2.570875173463727
CESM2-WACCM,fwi_fs,d_SAI_minus_target,SAM,South-American-Monsoon,-2.422068455239163
CESM2-WACCM,fwi_fs,d_SAI_minus_target,SWS,S.W.South-America,-0.8074998187972369
CESM2-WACCM,fwi_fs,d_SAI_minus_target,SES,S.E.South-America,-2.7875582284616702
CESM2-WACCM,fwi_fs,d_SAI_minus_target,SSA,S.South-America,-1.647539679776251
CESM2-WACCM,fwi_fs,d_SAI_minus_target,NEU,N.Europe,0.047938311511450955
CESM2-WACCM,fwi_fs,d_SAI_minus_target,WCE,West&Central-Europe,-0.6882105723936882
CESM2-WACCM,fwi_fs,d_SAI_minus_target,EEU,E.Europe,-0.6089520335522511
CESM2-WACCM,fwi_fs,d_SAI_minus_target,MED,Mediterranean,-0.4589069583373626
CESM2-WACCM,fwi_fs,d_SAI_minus_target,SAH,Sahara,1.2908767235316805
CESM2-WACCM,fwi_fs,d_SAI_minus_target,WAF,Western-Africa,2.8321284109803972
CESM2-WACCM,fwi_fs,d_SAI_minus_target,CAF,Central-Africa,1.6457883360629484
CESM2-WACCM,fwi_fs,d_SAI_minus_target,NEAF,N.Eastern-Africa,-0.26455169860261235
CESM2-WACCM,fwi_fs,d_SAI_minus_target,SEAF,S.Eastern-Africa,-0.10981794325299393
CESM2-WACCM,fwi_fs,d_SAI_minus_target,WSAF,W.Southern-Africa,0.28354719475621576
CESM2-WACCM,fwi_fs,d_SAI_minus_target,ESAF,E.Southern-Africa,0.7844941726168947
CESM2-WACCM,fwi_fs,d_SAI_minus_target,MDG,Madagascar,-1.1491595608744039
CESM2-WACCM,fwi_fs,d_SAI_minus_target,RAR,Russian-Arctic,0.055173885772139136
CESM2-WACCM,fwi_fs,d_SAI_minus_target,WSB,W.Siberia,0.8168135380293806
CESM2-WACCM,fwi_fs,d_SAI_minus_target,ESB,E.Siberia,0.2914642924569794
CESM2-WACCM,fwi_fs,d_SAI_minus_target,RFE,Russian-Far-East,0.08219674039760243
CESM2-WACCM,fwi_fs,d_SAI_minus_target,WCA,W.C.Asia,-0.30209348695603544
CESM2-WACCM,fwi_fs,d_SAI_minus_target,ECA,E.C.Asia,0.3058111142734861
CESM2-WACCM,fwi_fs,d_SAI_minus_target,TIB,Tibetan-Plateau,0.3639277745765527
CESM2-WACCM,fwi_fs,d_SAI_minus_target,EAS,E.Asia,0.10125933858385607
CESM2-WACCM,fwi_fs,d_SAI_minus_target,ARP,Arabian-Peninsula,0.00798187396588299
CESM2-WACCM,fwi_fs,d_SAI_minus_target,SAS,S.Asia,1.057238172762168
CESM2-WACCM,fwi_fs,d_SAI_minus_target,SEA,S.E.Asia,1.0799006478605284
CESM2-WACCM,fwi_fs,d_SAI_minus_target,NAU,N.Australia,0.6203380654988752
CESM2-WACCM,fwi_fs,d_SAI_minus_target,CAU,C.Australia,0.2767036136778576
CESM2-WACCM,fwi_fs,d_SAI_minus_target,EAU,E.Australia,-0.6017069905787639
CESM2-WACCM,fwi_fs,d_SAI_minus_target,SAU,S.Australia,-0.5899604977969277
CESM2-WACCM,fwi_fs,d_SAI_minus_target,NZ,New-Zealand,-0.05306794947253333
CESM2-WACCM,fwi_fs,d_SAI_minus_target,EAN,E.Antarctica,
CESM2-WACCM,fwi_fs,d_SAI_minus_target,WAN,W.Antarctica,
CESM2-WACCM,fwi_fs,d_HiLLA_minus_target,GIC,Greenland/Iceland,
CESM2-WACCM,fwi_fs,d_HiLLA_minus_target,NWN,N.W.North-America,-0.051222481906761305
CESM2-WACCM,fwi_fs,d_HiLLA_minus_target,NEN,N.E.North-America,-0.03672084256383599
CESM2-WACCM,fwi_fs,d_HiLLA_minus_target,WNA,W.North-America,-2.1687552328352915
CESM2-WACCM,fwi_fs,d_HiLLA_minus_target,CNA,C.North-America,-2.6026383410563545
CESM2-WACCM,fwi_fs,d_HiLLA_minus_target,ENA,E.North-America,-0.35195588028997754
CESM2-WACCM,fwi_fs,d_HiLLA_minus_target,NCA,N.Central-America,0.22848426700759308
CESM2-WACCM,fwi_fs,d_HiLLA_minus_target,SCA,S.Central-America,0.7828436302830952
CESM2-WACCM,fwi_fs,d_HiLLA_minus_target,CAR,Caribbean,0.025885659714547635
CESM2-WACCM,fwi_fs,d_HiLLA_minus_target,NWS,N.W.South-America,-0.8573207460990137
CESM2-WACCM,fwi_fs,d_HiLLA_minus_target,NSA,N.South-America,-0.4428586570596753
CESM2-WACCM,fwi_fs,d_HiLLA_minus_target,NES,N.E.South-America,-2.0261276283597427
CESM2-WACCM,fwi_fs,d_HiLLA_minus_target,SAM,South-American-Monsoon,-2.001151202713351
CESM2-WACCM,fwi_fs,d_HiLLA_minus_target,SWS,S.W.South-America,-0.9403964329901819
CESM2-WACCM,fwi_fs,d_HiLLA_minus_target,SES,S.E.South-America,-2.563781482683744
CESM2-WACCM,fwi_fs,d_HiLLA_minus_target,SSA,S.South-America,-1.1670098294889637
CESM2-WACCM,fwi_fs,d_HiLLA_minus_target,NEU,N.Europe,0.07034225622653867
CESM2-WACCM,fwi_fs,d_HiLLA_minus_target,WCE,West&Central-Europe,-0.2821062796327606
CESM2-WACCM,fwi_fs,d_HiLLA_minus_target,EEU,E.Europe,-1.5318052745885915
CESM2-WACCM,fwi_fs,d_HiLLA_minus_target,MED,Mediterranean,-0.042050949168218756
CESM2-WACCM,fwi_fs,d_HiLLA_minus_target,SAH,Sahara,1.7920768161523464
CESM2-WACCM,fwi_fs,d_HiLLA_minus_target,WAF,Western-Africa,3.297805805091093
CESM2-WACCM,fwi_fs,d_HiLLA_minus_target,CAF,Central-Africa,1.963699227660001
CESM2-WACCM,fwi_fs,d_HiLLA_minus_target,NEAF,N.Eastern-Africa,1.0382350040294197
CESM2-WACCM,fwi_fs,d_HiLLA_minus_target,SEAF,S.Eastern-Africa,-0.5094635349979155
CESM2-WACCM,fwi_fs,d_HiLLA_minus_target,WSAF,W.Southern-Africa,0.47283156496110373
CESM2-WACCM,fwi_fs,d_HiLLA_minus_target,ESAF,E.Southern-Africa,0.39571098545891525
CESM2-WACCM,fwi_fs,d_HiLLA_minus_target,MDG,Madagascar,-0.9723591533197001
CESM2-WACCM,fwi_fs,d_HiLLA_minus_target,RAR,Russian-Arctic,-0.006967429078307205
CESM2-WACCM,fwi_fs,d_HiLLA_minus_target,WSB,W.Siberia,-0.8927958421734733
CESM2-WACCM,fwi_fs,d_HiLLA_minus_target,ESB,E.Siberia,-0.06414384586107844
CESM2-WACCM,fwi_fs,d_HiLLA_minus_target,RFE,Russian-Far-East,-0.060395882186743584
CESM2-WACCM,fwi_fs,d_HiLLA_minus_target,WCA,W.C.Asia,-0.16250969195915768
CESM2-WACCM,fwi_fs,d_HiLLA_minus_target,ECA,E.C.Asia,0.10405560587101839
CESM2-WACCM,fwi_fs,d_HiLLA_minus_target,TIB,Tibetan-Plateau,0.6000492767925916
CESM2-WACCM,fwi_fs,d_HiLLA_minus_target,EAS,E.Asia,0.09047480881285944
CESM2-WACCM,fwi_fs,d_HiLLA_minus_target,ARP,Arabian-Peninsula,0.392991507161925
CESM2-WACCM,fwi_fs,d_HiLLA_minus_target,SAS,S.Asia,1.3673742895125283
CESM2-WACCM,fwi_fs,d_HiLLA_minus_target,SEA,S.E.Asia,0.6269404479541533
CESM2-WACCM,fwi_fs,d_HiLLA_minus_target,NAU,N.Australia,-1.5361570303033754
CESM2-WACCM,fwi_fs,d_HiLLA_minus_target,CAU,C.Australia,-3.080047307515608
CESM2-WACCM,fwi_fs,d_HiLLA_minus_target,EAU,E.Australia,-1.2915270433345856
CESM2-WACCM,fwi_fs,d_HiLLA_minus_target,SAU,S.Australia,-0.9731430928650574
CESM2-WACCM,fwi_fs,d_HiLLA_minus_target,NZ,New-Zealand,0.013513041404363142
CESM2-WACCM,fwi_fs,d_HiLLA_minus_target,EAN,E.Antarctica,
CESM2-WACCM,fwi_fs,d_HiLLA_minus_target,WAN,W.Antarctica,
CESM2-WACCM,spell_max,target,GIC,Greenland/Iceland,
CESM2-WACCM,spell_max,target,NWN,N.W.North-America,7.29225593208269
CESM2-WACCM,spell_max,target,NEN,N.E.North-America,6.359352120883511
CESM2-WACCM,spell_max,target,WNA,W.North-America,7.072196765606362
CESM2-WACCM,spell_max,target,CNA,C.North-America,6.433179992171626
CESM2-WACCM,spell_max,target,ENA,E.North-America,6.093028453752434
CESM2-WACCM,spell_max,target,NCA,N.Central-America,7.432689265145515
CESM2-WACCM,spell_max,target,SCA,S.Central-America,8.032763594655968
CESM2-WACCM,spell_max,target,CAR,Caribbean,5.688919519262118
CESM2-WACCM,spell_max,target,NWS,N.W.South-America,9.949865641776979
CESM2-WACCM,spell_max,target,NSA,N.South-America,10.679124055479155
CESM2-WACCM,spell_max,target,NES,N.E.South-America,7.456028569093424
CESM2-WACCM,spell_max,target,SAM,South-American-Monsoon,8.983271433924376
CESM2-WACCM,spell_max,target,SWS,S.W.South-America,6.242941930230039
CESM2-WACCM,spell_max,target,SES,S.E.South-America,6.465660066597886
CESM2-WACCM,spell_max,target,SSA,S.South-America,5.296051650598609
CESM2-WACCM,spell_max,target,NEU,N.Europe,7.295831235312901
CESM2-WACCM,spell_max,target,WCE,West&Central-Europe,7.342322439920789
CESM2-WACCM,spell_max,target,EEU,E.Europe,6.0413914929430295
CESM2-WACCM,spell_max,target,MED,Mediterranean,6.056642924377317
CESM2-WACCM,spell_max,target,SAH,Sahara,4.820273226897036
CESM2-WACCM,spell_max,target,WAF,Western-Africa,7.758242839366273
CESM2-WACCM,spell_max,target,CAF,Central-Africa,8.710831921028888
CESM2-WACCM,spell_max,target,NEAF,N.Eastern-Africa,7.3975905669058335
CESM2-WACCM,spell_max,target,SEAF,S.Eastern-Africa,7.238433034091821
CESM2-WACCM,spell_max,target,WSAF,W.Southern-Africa,6.4335397803986005
CESM2-WACCM,spell_max,target,ESAF,E.Southern-Africa,7.397050337029073
CESM2-WACCM,spell_max,target,MDG,Madagascar,7.251579961431462
CESM2-WACCM,spell_max,target,RAR,Russian-Arctic,8.31639971266717
CESM2-WACCM,spell_max,target,WSB,W.Siberia,6.109007864247629
CESM2-WACCM,spell_max,target,ESB,E.Siberia,6.372246085081504
CESM2-WACCM,spell_max,target,RFE,Russian-Far-East,7.33008793439706
CESM2-WACCM,spell_max,target,WCA,W.C.Asia,5.9763876611393485
CESM2-WACCM,spell_max,target,ECA,E.C.Asia,6.014001631194123
CESM2-WACCM,spell_max,target,TIB,Tibetan-Plateau,8.566605962730828
CESM2-WACCM,spell_max,target,EAS,E.Asia,7.2398467483414
CESM2-WACCM,spell_max,target,ARP,Arabian-Peninsula,5.397379366424134
CESM2-WACCM,spell_max,target,SAS,S.Asia,8.483031537087717
CESM2-WACCM,spell_max,target,SEA,S.E.Asia,8.639135813681554
CESM2-WACCM,spell_max,target,NAU,N.Australia,5.043057856443426
CESM2-WACCM,spell_max,target,CAU,C.Australia,4.670497005729368
CESM2-WACCM,spell_max,target,EAU,E.Australia,6.217933082988437
CESM2-WACCM,spell_max,target,SAU,S.Australia,5.404650373948426
CESM2-WACCM,spell_max,target,NZ,New-Zealand,5.999780908734639
CESM2-WACCM,spell_max,target,EAN,E.Antarctica,
CESM2-WACCM,spell_max,target,WAN,W.Antarctica,
CESM2-WACCM,spell_max,ssp245,GIC,Greenland/Iceland,
CESM2-WACCM,spell_max,ssp245,NWN,N.W.North-America,10.049318962587202
CESM2-WACCM,spell_max,ssp245,NEN,N.E.North-America,10.487127369990311
CESM2-WACCM,spell_max,ssp245,WNA,W.North-America,7.55348239841949
CESM2-WACCM,spell_max,ssp245,CNA,C.North-America,7.630750551240738
CESM2-WACCM,spell_max,ssp245,ENA,E.North-America,7.1780498803178014
CESM2-WACCM,spell_max,ssp245,NCA,N.Central-America,10.856813832267246
CESM2-WACCM,spell_max,ssp245,SCA,S.Central-America,12.869787258269648
CESM2-WACCM,spell_max,ssp245,CAR,Caribbean,9.002515799498942
CESM2-WACCM,spell_max,ssp245,NWS,N.W.South-America,11.187030669070746
CESM2-WACCM,spell_max,ssp245,NSA,N.South-America,15.182046587944665
CESM2-WACCM,spell_max,ssp245,NES,N.E.South-America,9.254453228229066
CESM2-WACCM,spell_max,ssp245,SAM,South-American-Monsoon,12.823213673859874
CESM2-WACCM,spell_max,ssp245,SWS,S.W.South-America,8.243247091560347
CESM2-WACCM,spell_max,ssp245,SES,S.E.South-America,6.732378007470263
CESM2-WACCM,spell_max,ssp245,SSA,S.South-America,6.190842378672254
CESM2-WACCM,spell_max,ssp245,NEU,N.Europe,9.431426052532014
CESM2-WACCM,spell_max,ssp245,WCE,West&Central-Europe,11.47923641272739
CESM2-WACCM,spell_max,ssp245,EEU,E.Europe,8.6976320107303
CESM2-WACCM,spell_max,ssp245,MED,Mediterranean,9.214553478755318
CESM2-WACCM,spell_max,ssp245,SAH,Sahara,6.253559637965754
CESM2-WACCM,spell_max,ssp245,WAF,Western-Africa,11.568715069776086
CESM2-WACCM,spell_max,ssp245,CAF,Central-Africa,13.24807969456489
CESM2-WACCM,spell_max,ssp245,NEAF,N.Eastern-Africa,8.59582054530674
CESM2-WACCM,spell_max,ssp245,SEAF,S.Eastern-Africa,9.717945135045074
CESM2-WACCM,spell_max,ssp245,WSAF,W.Southern-Africa,8.922930795490645
CESM2-WACCM,spell_max,ssp245,ESAF,E.Southern-Africa,12.542009537822624
CESM2-WACCM,spell_max,ssp245,MDG,Madagascar,9.640720492069399
CESM2-WACCM,spell_max,ssp245,RAR,Russian-Arctic,10.742309585241246
CESM2-WACCM,spell_max,ssp245,WSB,W.Siberia,8.940827562708913
CESM2-WACCM,spell_max,ssp245,ESB,E.Siberia,8.038873688090424
CESM2-WACCM,spell_max,ssp245,RFE,Russian-Far-East,8.891100898865469
CESM2-WACCM,spell_max,ssp245,WCA,W.C.Asia,7.766120937905223
CESM2-WACCM,spell_max,ssp245,ECA,E.C.Asia,7.162747196714991
CESM2-WACCM,spell_max,ssp245,TIB,Tibetan-Plateau,12.147597659970907
CESM2-WACCM,spell_max,ssp245,EAS,E.Asia,9.1237874239515
CESM2-WACCM,spell_max,ssp245,ARP,Arabian-Peninsula,6.61099456497285
CESM2-WACCM,spell_max,ssp245,SAS,S.Asia,11.998583295321286
CESM2-WACCM,spell_max,ssp245,SEA,S.E.Asia,12.445261005880445
CESM2-WACCM,spell_max,ssp245,NAU,N.Australia,4.7324088969761355
CESM2-WACCM,spell_max,ssp245,CAU,C.Australia,5.1641292980506455
CESM2-WACCM,spell_max,ssp245,EAU,E.Australia,6.320813167411344
CESM2-WACCM,spell_max,ssp245,SAU,S.Australia,6.727883094168434
CESM2-WACCM,spell_max,ssp245,NZ,New-Zealand,7.212738917496659
CESM2-WACCM,spell_max,ssp245,EAN,E.Antarctica,
CESM2-WACCM,spell_max,ssp245,WAN,W.Antarctica,
CESM2-WACCM,spell_max,G6-1.5K-SAI,GIC,Greenland/Iceland,
CESM2-WACCM,spell_max,G6-1.5K-SAI,NWN,N.W.North-America,7.951709868772096
CESM2-WACCM,spell_max,G6-1.5K-SAI,NEN,N.E.North-America,6.633725397435397
CESM2-WACCM,spell_max,G6-1.5K-SAI,WNA,W.North-America,5.059840077290156
CESM2-WACCM,spell_max,G6-1.5K-SAI,CNA,C.North-America,4.684909158128214
CESM2-WACCM,spell_max,G6-1.5K-SAI,ENA,E.North-America,5.508305364500499
CESM2-WACCM,spell_max,G6-1.5K-SAI,NCA,N.Central-America,7.67182229762898
CESM2-WACCM,spell_max,G6-1.5K-SAI,SCA,S.Central-America,10.524882043927144
CESM2-WACCM,spell_max,G6-1.5K-SAI,CAR,Caribbean,6.6560121815970685
CESM2-WACCM,spell_max,G6-1.5K-SAI,NWS,N.W.South-America,8.940685617348128
CESM2-WACCM,spell_max,G6-1.5K-SAI,NSA,N.South-America,10.791084721499914
CESM2-WACCM,spell_max,G6-1.5K-SAI,NES,N.E.South-America,4.390187729072303
CESM2-WACCM,spell_max,G6-1.5K-SAI,SAM,South-American-Monsoon,5.680921236976662
CESM2-WACCM,spell_max,G6-1.5K-SAI,SWS,S.W.South-America,6.348841718125505
CESM2-WACCM,spell_max,G6-1.5K-SAI,SES,S.E.South-America,4.442020897913134
CESM2-WACCM,spell_max,G6-1.5K-SAI,SSA,S.South-America,4.585276300064773
CESM2-WACCM,spell_max,G6-1.5K-SAI,NEU,N.Europe,8.14475932942586
CESM2-WACCM,spell_max,G6-1.5K-SAI,WCE,West&Central-Europe,6.386217790114973
CESM2-WACCM,spell_max,G6-1.5K-SAI,EEU,E.Europe,6.025044060523543
CESM2-WACCM,spell_max,G6-1.5K-SAI,MED,Mediterranean,5.469278972315723
CESM2-WACCM,spell_max,G6-1.5K-SAI,SAH,Sahara,5.5977819467773
CESM2-WACCM,spell_max,G6-1.5K-SAI,WAF,Western-Africa,11.122568198455026
CESM2-WACCM,spell_max,G6-1.5K-SAI,CAF,Central-Africa,12.875058209913567
CESM2-WACCM,spell_max,G6-1.5K-SAI,NEAF,N.Eastern-Africa,7.562054638591802
CESM2-WACCM,spell_max,G6-1.5K-SAI,SEAF,S.Eastern-Africa,7.826804201008004
CESM2-WACCM,spell_max,G6-1.5K-SAI,WSAF,W.Southern-Africa,6.736557112447002
CESM2-WACCM,spell_max,G6-1.5K-SAI,ESAF,E.Southern-Africa,8.521224653036478
CESM2-WACCM,spell_max,G6-1.5K-SAI,MDG,Madagascar,5.979394197184753
CESM2-WACCM,spell_max,G6-1.5K-SAI,RAR,Russian-Arctic,9.109020452479095
CESM2-WACCM,spell_max,G6-1.5K-SAI,WSB,W.Siberia,7.210179021753152
CESM2-WACCM,spell_max,G6-1.5K-SAI,ESB,E.Siberia,6.937575637569865
CESM2-WACCM,spell_max,G6-1.5K-SAI,RFE,Russian-Far-East,7.917207421251749
CESM2-WACCM,spell_max,G6-1.5K-SAI,WCA,W.C.Asia,5.3651175821608215
CESM2-WACCM,spell_max,G6-1.5K-SAI,ECA,E.C.Asia,6.103580558299835
CESM2-WACCM,spell_max,G6-1.5K-SAI,TIB,Tibetan-Plateau,10.831729456392841
CESM2-WACCM,spell_max,G6-1.5K-SAI,EAS,E.Asia,7.6000804409836284
CESM2-WACCM,spell_max,G6-1.5K-SAI,ARP,Arabian-Peninsula,5.416012457883421
CESM2-WACCM,spell_max,G6-1.5K-SAI,SAS,S.Asia,10.149023002923151
CESM2-WACCM,spell_max,G6-1.5K-SAI,SEA,S.E.Asia,12.2384849610814
CESM2-WACCM,spell_max,G6-1.5K-SAI,NAU,N.Australia,4.86942682384047
CESM2-WACCM,spell_max,G6-1.5K-SAI,CAU,C.Australia,4.774736983936846
CESM2-WACCM,spell_max,G6-1.5K-SAI,EAU,E.Australia,4.94640522940987
CESM2-WACCM,spell_max,G6-1.5K-SAI,SAU,S.Australia,4.838510341382839
CESM2-WACCM,spell_max,G6-1.5K-SAI,NZ,New-Zealand,5.658328201272905
CESM2-WACCM,spell_max,G6-1.5K-SAI,EAN,E.Antarctica,
CESM2-WACCM,spell_max,G6-1.5K-SAI,WAN,W.Antarctica,
CESM2-WACCM,spell_max,G6-1.5K-HiLLA,GIC,Greenland/Iceland,
CESM2-WACCM,spell_max,G6-1.5K-HiLLA,NWN,N.W.North-America,7.654481257849123
CESM2-WACCM,spell_max,G6-1.5K-HiLLA,NEN,N.E.North-America,5.943721363849784
CESM2-WACCM,spell_max,G6-1.5K-HiLLA,WNA,W.North-America,5.518749309376572
CESM2-WACCM,spell_max,G6-1.5K-HiLLA,CNA,C.North-America,5.560339944009632
CESM2-WACCM,spell_max,G6-1.5K-HiLLA,ENA,E.North-America,5.8183063502019445
CESM2-WACCM,spell_max,G6-1.5K-HiLLA,NCA,N.Central-America,9.034356822998467
CESM2-WACCM,spell_max,G6-1.5K-HiLLA,SCA,S.Central-America,10.159368015931932
CESM2-WACCM,spell_max,G6-1.5K-HiLLA,CAR,Caribbean,6.940741170881664
CESM2-WACCM,spell_max,G6-1.5K-HiLLA,NWS,N.W.South-America,8.582286873668936
CESM2-WACCM,spell_max,G6-1.5K-HiLLA,NSA,N.South-America,10.892804758466129
CESM2-WACCM,spell_max,G6-1.5K-HiLLA,NES,N.E.South-America,5.61557764743566
CESM2-WACCM,spell_max,G6-1.5K-HiLLA,SAM,South-American-Monsoon,6.727417827882295
CESM2-WACCM,spell_max,G6-1.5K-HiLLA,SWS,S.W.South-America,6.079622336439984
CESM2-WACCM,spell_max,G6-1.5K-HiLLA,SES,S.E.South-America,4.8056822218039414
CESM2-WACCM,spell_max,G6-1.5K-HiLLA,SSA,S.South-America,4.740883835074053
CESM2-WACCM,spell_max,G6-1.5K-HiLLA,NEU,N.Europe,7.795320283279244
CESM2-WACCM,spell_max,G6-1.5K-HiLLA,WCE,West&Central-Europe,6.932505802006301
CESM2-WACCM,spell_max,G6-1.5K-HiLLA,EEU,E.Europe,5.350156378984946
CESM2-WACCM,spell_max,G6-1.5K-HiLLA,MED,Mediterranean,5.568882619880449
CESM2-WACCM,spell_max,G6-1.5K-HiLLA,SAH,Sahara,5.584438320484431
CESM2-WACCM,spell_max,G6-1.5K-HiLLA,WAF,Western-Africa,11.67469679582886
CESM2-WACCM,spell_max,G6-1.5K-HiLLA,CAF,Central-Africa,13.367778736714161
CESM2-WACCM,spell_max,G6-1.5K-HiLLA,NEAF,N.Eastern-Africa,9.227765442257928
CESM2-WACCM,spell_max,G6-1.5K-HiLLA,SEAF,S.Eastern-Africa,7.995592754965947
CESM2-WACCM,spell_max,G6-1.5K-HiLLA,WSAF,W.Southern-Africa,6.855092597574364
CESM2-WACCM,spell_max,G6-1.5K-HiLLA,ESAF,E.Southern-Africa,8.275061131897415
CESM2-WACCM,spell_max,G6-1.5K-HiLLA,MDG,Madagascar,6.2262646883282295
CESM2-WACCM,spell_max,G6-1.5K-HiLLA,RAR,Russian-Arctic,8.560143461087607
CESM2-WACCM,spell_max,G6-1.5K-HiLLA,WSB,W.Siberia,5.54476874519685
CESM2-WACCM,spell_max,G6-1.5K-HiLLA,ESB,E.Siberia,6.2810006375324825
CESM2-WACCM,spell_max,G6-1.5K-HiLLA,RFE,Russian-Far-East,7.23065137264926
CESM2-WACCM,spell_max,G6-1.5K-HiLLA,WCA,W.C.Asia,5.824749703242828
CESM2-WACCM,spell_max,G6-1.5K-HiLLA,ECA,E.C.Asia,6.234693796109443
CESM2-WACCM,spell_max,G6-1.5K-HiLLA,TIB,Tibetan-Plateau,11.896408626788226
CESM2-WACCM,spell_max,G6-1.5K-HiLLA,EAS,E.Asia,7.5952177716507405
CESM2-WACCM,spell_max,G6-1.5K-HiLLA,ARP,Arabian-Peninsula,5.702921477776692
CESM2-WACCM,spell_max,G6-1.5K-HiLLA,SAS,S.Asia,10.606335182575984
CESM2-WACCM,spell_max,G6-1.5K-HiLLA,SEA,S.E.Asia,11.501753421713365
CESM2-WACCM,spell_max,G6-1.5K-HiLLA,NAU,N.Australia,4.445801987554233
CESM2-WACCM,spell_max,G6-1.5K-HiLLA,CAU,C.Australia,4.389226190814004
CESM2-WACCM,spell_max,G6-1.5K-HiLLA,EAU,E.Australia,5.282297525567401
CESM2-WACCM,spell_max,G6-1.5K-HiLLA,SAU,S.Australia,5.255879136118283
CESM2-WACCM,spell_max,G6-1.5K-HiLLA,NZ,New-Zealand,6.052198101731846
CESM2-WACCM,spell_max,G6-1.5K-HiLLA,EAN,E.Antarctica,
CESM2-WACCM,spell_max,G6-1.5K-HiLLA,WAN,W.Antarctica,
CESM2-WACCM,spell_max,d_ssp245_minus_target,GIC,Greenland/Iceland,
CESM2-WACCM,spell_max,d_ssp245_minus_target,NWN,N.W.North-America,2.7570630305045047
CESM2-WACCM,spell_max,d_ssp245_minus_target,NEN,N.E.North-America,4.127775249106813
CESM2-WACCM,spell_max,d_ssp245_minus_target,WNA,W.North-America,0.48128563281312603
CESM2-WACCM,spell_max,d_ssp245_minus_target,CNA,C.North-America,1.1975705590691148
CESM2-WACCM,spell_max,d_ssp245_minus_target,ENA,E.North-America,1.085021426565369
CESM2-WACCM,spell_max,d_ssp245_minus_target,NCA,N.Central-America,3.4241245671217335
CESM2-WACCM,spell_max,d_ssp245_minus_target,SCA,S.Central-America,4.837023663613675
CESM2-WACCM,spell_max,d_ssp245_minus_target,CAR,Caribbean,3.313596280236824
CESM2-WACCM,spell_max,d_ssp245_minus_target,NWS,N.W.South-America,1.2371650272937653
CESM2-WACCM,spell_max,d_ssp245_minus_target,NSA,N.South-America,4.502922532465514
CESM2-WACCM,spell_max,d_ssp245_minus_target,NES,N.E.South-America,1.7984246591356434
CESM2-WACCM,spell_max,d_ssp245_minus_target,SAM,South-American-Monsoon,3.8399422399354957
CESM2-WACCM,spell_max,d_ssp245_minus_target,SWS,S.W.South-America,2.000305161330305
CESM2-WACCM,spell_max,d_ssp245_minus_target,SES,S.E.South-America,0.26671794087237793
CESM2-WACCM,spell_max,d_ssp245_minus_target,SSA,S.South-America,0.8947907280736447
CESM2-WACCM,spell_max,d_ssp245_minus_target,NEU,N.Europe,2.135594817219117
CESM2-WACCM,spell_max,d_ssp245_minus_target,WCE,West&Central-Europe,4.136913972806599
CESM2-WACCM,spell_max,d_ssp245_minus_target,EEU,E.Europe,2.6562405177872734
CESM2-WACCM,spell_max,d_ssp245_minus_target,MED,Mediterranean,3.1579105543780015
CESM2-WACCM,spell_max,d_ssp245_minus_target,SAH,Sahara,1.4332864110687185
CESM2-WACCM,spell_max,d_ssp245_minus_target,WAF,Western-Africa,3.810472230409811
CESM2-WACCM,spell_max,d_ssp245_minus_target,CAF,Central-Africa,4.537247773535996
CESM2-WACCM,spell_max,d_ssp245_minus_target,NEAF,N.Eastern-Africa,1.1982299784009076
CESM2-WACCM,spell_max,d_ssp245_minus_target,SEAF,S.Eastern-Africa,2.479512100953258
CESM2-WACCM,spell_max,d_ssp245_minus_target,WSAF,W.Southern-Africa,2.4893910150920417
CESM2-WACCM,spell_max,d_ssp245_minus_target,ESAF,E.Southern-Africa,5.144959200793547
CESM2-WACCM,spell_max,d_ssp245_minus_target,MDG,Madagascar,2.389140530637938
CESM2-WACCM,spell_max,d_ssp245_minus_target,RAR,Russian-Arctic,2.425909872574063
CESM2-WACCM,spell_max,d_ssp245_minus_target,WSB,W.Siberia,2.831819698461285
CESM2-WACCM,spell_max,d_ssp245_minus_target,ESB,E.Siberia,1.6666276030089198
CESM2-WACCM,spell_max,d_ssp245_minus_target,RFE,Russian-Far-East,1.5610129644684116
CESM2-WACCM,spell_max,d_ssp245_minus_target,WCA,W.C.Asia,1.7897332767658791
CESM2-WACCM,spell_max,d_ssp245_minus_target,ECA,E.C.Asia,1.1487455655208676
CESM2-WACCM,spell_max,d_ssp245_minus_target,TIB,Tibetan-Plateau,3.5809916972400764
CESM2-WACCM,spell_max,d_ssp245_minus_target,EAS,E.Asia,1.8839406756101005
CESM2-WACCM,spell_max,d_ssp245_minus_target,ARP,Arabian-Peninsula,1.2136151985487176
CESM2-WACCM,spell_max,d_ssp245_minus_target,SAS,S.Asia,3.5155517582335643
CESM2-WACCM,spell_max,d_ssp245_minus_target,SEA,S.E.Asia,3.8061251921988886
CESM2-WACCM,spell_max,d_ssp245_minus_target,NAU,N.Australia,-0.310648959467291
CESM2-WACCM,spell_max,d_ssp245_minus_target,CAU,C.Australia,0.49363229232127814
CESM2-WACCM,spell_max,d_ssp245_minus_target,EAU,E.Australia,0.10288008442290596
CESM2-WACCM,spell_max,d_ssp245_minus_target,SAU,S.Australia,1.3232327202200087
CESM2-WACCM,spell_max,d_ssp245_minus_target,NZ,New-Zealand,1.2129580087620182
CESM2-WACCM,spell_max,d_ssp245_minus_target,EAN,E.Antarctica,
CESM2-WACCM,spell_max,d_ssp245_minus_target,WAN,W.Antarctica,
CESM2-WACCM,spell_max,d_SAI_minus_ssp245,GIC,Greenland/Iceland,
CESM2-WACCM,spell_max,d_SAI_minus_ssp245,NWN,N.W.North-America,-2.0976090938151057
CESM2-WACCM,spell_max,d_SAI_minus_ssp245,NEN,N.E.North-America,-3.85340197255493
CESM2-WACCM,spell_max,d_SAI_minus_ssp245,WNA,W.North-America,-2.4936423211293324
CESM2-WACCM,spell_max,d_SAI_minus_ssp245,CNA,C.North-America,-2.9458413931125245
CESM2-WACCM,spell_max,d_SAI_minus_ssp245,ENA,E.North-America,-1.6697445158173059
CESM2-WACCM,spell_max,d_SAI_minus_ssp245,NCA,N.Central-America,-3.1849915346382693
CESM2-WACCM,spell_max,d_SAI_minus_ssp245,SCA,S.Central-America,-2.3449052143424995
CESM2-WACCM,spell_max,d_SAI_minus_ssp245,CAR,Caribbean,-2.346503617901874
CESM2-WACCM,spell_max,d_SAI_minus_ssp245,NWS,N.W.South-America,-2.2463450517226207
CESM2-WACCM,spell_max,d_SAI_minus_ssp245,NSA,N.South-America,-4.390961866444748
CESM2-WACCM,spell_max,d_SAI_minus_ssp245,NES,N.E.South-America,-4.864265499156764
CESM2-WACCM,spell_max,d_SAI_minus_ssp245,SAM,South-American-Monsoon,-7.14229243688321
CESM2-WACCM,spell_max,d_SAI_minus_ssp245,SWS,S.W.South-America,-1.8944053734348416
CESM2-WACCM,spell_max,d_SAI_minus_ssp245,SES,S.E.South-America,-2.2903571095571302
CESM2-WACCM,spell_max,d_SAI_minus_ssp245,SSA,S.South-America,-1.6055660786074781
CESM2-WACCM,spell_max,d_SAI_minus_ssp245,NEU,N.Europe,-1.2866667231061582
CESM2-WACCM,spell_max,d_SAI_minus_ssp245,WCE,West&Central-Europe,-5.093018622612412
CESM2-WACCM,spell_max,d_SAI_minus_ssp245,EEU,E.Europe,-2.672587950206757
CESM2-WACCM,spell_max,d_SAI_minus_ssp245,MED,Mediterranean,-3.745274506439592
CESM2-WACCM,spell_max,d_SAI_minus_ssp245,SAH,Sahara,-0.6557776911884551
CESM2-WACCM,spell_max,d_SAI_minus_ssp245,WAF,Western-Africa,-0.4461468713210627
CESM2-WACCM,spell_max,d_SAI_minus_ssp245,CAF,Central-Africa,-0.3730214846513196
CESM2-WACCM,spell_max,d_SAI_minus_ssp245,NEAF,N.Eastern-Africa,-1.0337659067149392
CESM2-WACCM,spell_max,d_SAI_minus_ssp245,SEAF,S.Eastern-Africa,-1.891140934037072
CESM2-WACCM,spell_max,d_SAI_minus_ssp245,WSAF,W.Southern-Africa,-2.186373683043639
CESM2-WACCM,spell_max,d_SAI_minus_ssp245,ESAF,E.Southern-Africa,-4.020784884786139
CESM2-WACCM,spell_max,d_SAI_minus_ssp245,MDG,Madagascar,-3.6613262948846472
CESM2-WACCM,spell_max,d_SAI_minus_ssp245,RAR,Russian-Arctic,-1.633289132762149
CESM2-WACCM,spell_max,d_SAI_minus_ssp245,WSB,W.Siberia,-1.7306485409557633
CESM2-WACCM,spell_max,d_SAI_minus_ssp245,ESB,E.Siberia,-1.1012980505205545
CESM2-WACCM,spell_max,d_SAI_minus_ssp245,RFE,Russian-Far-East,-0.9738934776137207
CESM2-WACCM,spell_max,d_SAI_minus_ssp245,WCA,W.C.Asia,-2.4010033557444035
CESM2-WACCM,spell_max,d_SAI_minus_ssp245,ECA,E.C.Asia,-1.0591666384151526
CESM2-WACCM,spell_max,d_SAI_minus_ssp245,TIB,Tibetan-Plateau,-1.3158682035780673
CESM2-WACCM,spell_max,d_SAI_minus_ssp245,EAS,E.Asia,-1.523706982967868
CESM2-WACCM,spell_max,d_SAI_minus_ssp245,ARP,Arabian-Peninsula,-1.1949821070894284
CESM2-WACCM,spell_max,d_SAI_minus_ssp245,SAS,S.Asia,-1.8495602923981318
CESM2-WACCM,spell_max,d_SAI_minus_ssp245,SEA,S.E.Asia,-0.20677604479904174
CESM2-WACCM,spell_max,d_SAI_minus_ssp245,NAU,N.Australia,0.13701792686433603
CESM2-WACCM,spell_max,d_SAI_minus_ssp245,CAU,C.Australia,-0.3893923141138017
CESM2-WACCM,spell_max,d_SAI_minus_ssp245,EAU,E.Australia,-1.3744079380014729
CESM2-WACCM,spell_max,d_SAI_minus_ssp245,SAU,S.Australia,-1.8893727527855957
CESM2-WACCM,spell_max,d_SAI_minus_ssp245,NZ,New-Zealand,-1.5544107162237533
CESM2-WACCM,spell_max,d_SAI_minus_ssp245,EAN,E.Antarctica,
CESM2-WACCM,spell_max,d_SAI_minus_ssp245,WAN,W.Antarctica,
CESM2-WACCM,spell_max,d_HiLLA_minus_ssp245,GIC,Greenland/Iceland,
CESM2-WACCM,spell_max,d_HiLLA_minus_ssp245,NWN,N.W.North-America,-2.3948377047380762
CESM2-WACCM,spell_max,d_HiLLA_minus_ssp245,NEN,N.E.North-America,-4.543406006140536
CESM2-WACCM,spell_max,d_HiLLA_minus_ssp245,WNA,W.North-America,-2.034733089042918
CESM2-WACCM,spell_max,d_HiLLA_minus_ssp245,CNA,C.North-America,-2.0704106072311066
CESM2-WACCM,spell_max,d_HiLLA_minus_ssp245,ENA,E.North-America,-1.3597435301158558
CESM2-WACCM,spell_max,d_HiLLA_minus_ssp245,NCA,N.Central-America,-1.8224570092687828
CESM2-WACCM,spell_max,d_HiLLA_minus_ssp245,SCA,S.Central-America,-2.7104192423377147
CESM2-WACCM,spell_max,d_HiLLA_minus_ssp245,CAR,Caribbean,-2.0617746286172793
CESM2-WACCM,spell_max,d_HiLLA_minus_ssp245,NWS,N.W.South-America,-2.604743795401811
CESM2-WACCM,spell_max,d_HiLLA_minus_ssp245,NSA,N.South-America,-4.289241829478537
CESM2-WACCM,spell_max,d_HiLLA_minus_ssp245,NES,N.E.South-America,-3.6388755807934086
CESM2-WACCM,spell_max,d_HiLLA_minus_ssp245,SAM,South-American-Monsoon,-6.095795845977576
CESM2-WACCM,spell_max,d_HiLLA_minus_ssp245,SWS,S.W.South-America,-2.1636247551203605
CESM2-WACCM,spell_max,d_HiLLA_minus_ssp245,SES,S.E.South-America,-1.9266957856663236
CESM2-WACCM,spell_max,d_HiLLA_minus_ssp245,SSA,S.South-America,-1.4499585435982012
CESM2-WACCM,spell_max,d_HiLLA_minus_ssp245,NEU,N.Europe,-1.6361057692527705
CESM2-WACCM,spell_max,d_HiLLA_minus_ssp245,WCE,West&Central-Europe,-4.546730610721085
CESM2-WACCM,spell_max,d_HiLLA_minus_ssp245,EEU,E.Europe,-3.3474756317453567
CESM2-WACCM,spell_max,d_HiLLA_minus_ssp245,MED,Mediterranean,-3.645670858874871
CESM2-WACCM,spell_max,d_HiLLA_minus_ssp245,SAH,Sahara,-0.6691213174813222
CESM2-WACCM,spell_max,d_HiLLA_minus_ssp245,WAF,Western-Africa,0.10598172605276868
CESM2-WACCM,spell_max,d_HiLLA_minus_ssp245,CAF,Central-Africa,0.11969904214927116
CESM2-WACCM,spell_max,d_HiLLA_minus_ssp245,NEAF,N.Eastern-Africa,0.6319448969511854
CESM2-WACCM,spell_max,d_HiLLA_minus_ssp245,SEAF,S.Eastern-Africa,-1.7223523800791307
CESM2-WACCM,spell_max,d_HiLLA_minus_ssp245,WSAF,W.Southern-Africa,-2.0678381979162794
CESM2-WACCM,spell_max,d_HiLLA_minus_ssp245,ESAF,E.Southern-Africa,-4.2669484059252065
CESM2-WACCM,spell_max,d_HiLLA_minus_ssp245,MDG,Madagascar,-3.41445580374117
CESM2-WACCM,spell_max,d_HiLLA_minus_ssp245,RAR,Russian-Arctic,-2.182166124153638
CESM2-WACCM,spell_max,d_HiLLA_minus_ssp245,WSB,W.Siberia,-3.396058817512064
CESM2-WACCM,spell_max,d_HiLLA_minus_ssp245,ESB,E.Siberia,-1.7578730505579374
CESM2-WACCM,spell_max,d_HiLLA_minus_ssp245,RFE,Russian-Far-East,-1.6604495262162133
CESM2-WACCM,spell_max,d_HiLLA_minus_ssp245,WCA,W.C.Asia,-1.9413712346623977
CESM2-WACCM,spell_max,d_HiLLA_minus_ssp245,ECA,E.C.Asia,-0.9280534006055442
CESM2-WACCM,spell_max,d_HiLLA_minus_ssp245,TIB,Tibetan-Plateau,-0.2511890331826836
CESM2-WACCM,spell_max,d_HiLLA_minus_ssp245,EAS,E.Asia,-1.5285696523007604
CESM2-WACCM,spell_max,d_HiLLA_minus_ssp245,ARP,Arabian-Peninsula,-0.9080730871961624
CESM2-WACCM,spell_max,d_HiLLA_minus_ssp245,SAS,S.Asia,-1.3922481127452975
CESM2-WACCM,spell_max,d_HiLLA_minus_ssp245,SEA,S.E.Asia,-0.9435075841670816
CESM2-WACCM,spell_max,d_HiLLA_minus_ssp245,NAU,N.Australia,-0.28660690942190115
CESM2-WACCM,spell_max,d_HiLLA_minus_ssp245,CAU,C.Australia,-0.774903107236646
CESM2-WACCM,spell_max,d_HiLLA_minus_ssp245,EAU,E.Australia,-1.0385156418439438
CESM2-WACCM,spell_max,d_HiLLA_minus_ssp245,SAU,S.Australia,-1.4720039580501505
CESM2-WACCM,spell_max,d_HiLLA_minus_ssp245,NZ,New-Zealand,-1.1605408157648107
CESM2-WACCM,spell_max,d_HiLLA_minus_ssp245,EAN,E.Antarctica,
CESM2-WACCM,spell_max,d_HiLLA_minus_ssp245,WAN,W.Antarctica,
CESM2-WACCM,spell_max,d_HiLLA_minus_SAI,GIC,Greenland/Iceland,
CESM2-WACCM,spell_max,d_HiLLA_minus_SAI,NWN,N.W.North-America,-0.29722861092297215
CESM2-WACCM,spell_max,d_HiLLA_minus_SAI,NEN,N.E.North-America,-0.6900040335856097
CESM2-WACCM,spell_max,d_HiLLA_minus_SAI,WNA,W.North-America,0.4589092320864154
CESM2-WACCM,spell_max,d_HiLLA_minus_SAI,CNA,C.North-America,0.8754307858814164
CESM2-WACCM,spell_max,d_HiLLA_minus_SAI,ENA,E.North-America,0.31000098570144996
CESM2-WACCM,spell_max,d_HiLLA_minus_SAI,NCA,N.Central-America,1.3625345253694863
CESM2-WACCM,spell_max,d_HiLLA_minus_SAI,SCA,S.Central-America,-0.36551402799521593
CESM2-WACCM,spell_max,d_HiLLA_minus_SAI,CAR,Caribbean,0.28472898928459517
CESM2-WACCM,spell_max,d_HiLLA_minus_SAI,NWS,N.W.South-America,-0.35839874367919056
CESM2-WACCM,spell_max,d_HiLLA_minus_SAI,NSA,N.South-America,0.1017200369662139
CESM2-WACCM,spell_max,d_HiLLA_minus_SAI,NES,N.E.South-America,1.2253899183633554
CESM2-WACCM,spell_max,d_HiLLA_minus_SAI,SAM,South-American-Monsoon,1.0464965909056319
CESM2-WACCM,spell_max,d_HiLLA_minus_SAI,SWS,S.W.South-America,-0.26921938168551834
CESM2-WACCM,spell_max,d_HiLLA_minus_SAI,SES,S.E.South-America,0.36366132389080674
CESM2-WACCM,spell_max,d_HiLLA_minus_SAI,SSA,S.South-America,0.15560753500927704
CESM2-WACCM,spell_max,d_HiLLA_minus_SAI,NEU,N.Europe,-0.3494390461466124
CESM2-WACCM,spell_max,d_HiLLA_minus_SAI,WCE,West&Central-Europe,0.5462880118913298
CESM2-WACCM,spell_max,d_HiLLA_minus_SAI,EEU,E.Europe,-0.6748876815386003
CESM2-WACCM,spell_max,d_HiLLA_minus_SAI,MED,Mediterranean,0.09960364756472104
CESM2-WACCM,spell_max,d_HiLLA_minus_SAI,SAH,Sahara,-0.013343626292867236
CESM2-WACCM,spell_max,d_HiLLA_minus_SAI,WAF,Western-Africa,0.5521285973738314
CESM2-WACCM,spell_max,d_HiLLA_minus_SAI,CAF,Central-Africa,0.49272052680059053
CESM2-WACCM,spell_max,d_HiLLA_minus_SAI,NEAF,N.Eastern-Africa,1.6657108036661228
CESM2-WACCM,spell_max,d_HiLLA_minus_SAI,SEAF,S.Eastern-Africa,0.16878855395794112
CESM2-WACCM,spell_max,d_HiLLA_minus_SAI,WSAF,W.Southern-Africa,0.11853548512735985
CESM2-WACCM,spell_max,d_HiLLA_minus_SAI,ESAF,E.Southern-Africa,-0.246163521139066
CESM2-WACCM,spell_max,d_HiLLA_minus_SAI,MDG,Madagascar,0.24687049114347698
CESM2-WACCM,spell_max,d_HiLLA_minus_SAI,RAR,Russian-Arctic,-0.5488769913914893
CESM2-WACCM,spell_max,d_HiLLA_minus_SAI,WSB,W.Siberia,-1.665410276556299
CESM2-WACCM,spell_max,d_HiLLA_minus_SAI,ESB,E.Siberia,-0.6565750000373828
CESM2-WACCM,spell_max,d_HiLLA_minus_SAI,RFE,Russian-Far-East,-0.6865560486024931
CESM2-WACCM,spell_max,d_HiLLA_minus_SAI,WCA,W.C.Asia,0.45963212108200635
CESM2-WACCM,spell_max,d_HiLLA_minus_SAI,ECA,E.C.Asia,0.13111323780960907
CESM2-WACCM,spell_max,d_HiLLA_minus_SAI,TIB,Tibetan-Plateau,1.0646791703953833
CESM2-WACCM,spell_max,d_HiLLA_minus_SAI,EAS,E.Asia,-0.00486266933289157
CESM2-WACCM,spell_max,d_HiLLA_minus_SAI,ARP,Arabian-Peninsula,0.2869090198932669
CESM2-WACCM,spell_max,d_HiLLA_minus_SAI,SAS,S.Asia,0.4573121796528343
CESM2-WACCM,spell_max,d_HiLLA_minus_SAI,SEA,S.E.Asia,-0.7367315393680403
CESM2-WACCM,spell_max,d_HiLLA_minus_SAI,NAU,N.Australia,-0.42362483628623715
CESM2-WACCM,spell_max,d_HiLLA_minus_SAI,CAU,C.Australia,-0.385510793122844
CESM2-WACCM,spell_max,d_HiLLA_minus_SAI,EAU,E.Australia,0.33589229615752875
CESM2-WACCM,spell_max,d_HiLLA_minus_SAI,SAU,S.Australia,0.4173687947354449
CESM2-WACCM,spell_max,d_HiLLA_minus_SAI,NZ,New-Zealand,0.3938699004589425
CESM2-WACCM,spell_max,d_HiLLA_minus_SAI,EAN,E.Antarctica,
CESM2-WACCM,spell_max,d_HiLLA_minus_SAI,WAN,W.Antarctica,
CESM2-WACCM,spell_max,d_SAI_minus_target,GIC,Greenland/Iceland,
CESM2-WACCM,spell_max,d_SAI_minus_target,NWN,N.W.North-America,0.6594539366894001
CESM2-WACCM,spell_max,d_SAI_minus_target,NEN,N.E.North-America,0.2743732765518846
CESM2-WACCM,spell_max,d_SAI_minus_target,WNA,W.North-America,-2.012356688316206
CESM2-WACCM,spell_max,d_SAI_minus_target,CNA,C.North-America,-1.7482708340434097
CESM2-WACCM,spell_max,d_SAI_minus_target,ENA,E.North-America,-0.5847230892519365
CESM2-WACCM,spell_max,d_SAI_minus_target,NCA,N.Central-America,0.23913303248346462
CESM2-WACCM,spell_max,d_SAI_minus_target,SCA,S.Central-America,2.4921184492711768
CESM2-WACCM,spell_max,d_SAI_minus_target,CAR,Caribbean,0.9670926623349504
CESM2-WACCM,spell_max,d_SAI_minus_target,NWS,N.W.South-America,-1.0091800244288553
CESM2-WACCM,spell_max,d_SAI_minus_target,NSA,N.South-America,0.11196066602076558
CESM2-WACCM,spell_max,d_SAI_minus_target,NES,N.E.South-America,-3.0658408400211226
CESM2-WACCM,spell_max,d_SAI_minus_target,SAM,South-American-Monsoon,-3.3023501969477134
CESM2-WACCM,spell_max,d_SAI_minus_target,SWS,S.W.South-America,0.1058997878954631
CESM2-WACCM,spell_max,d_SAI_minus_target,SES,S.E.South-America,-2.0236391686847517
CESM2-WACCM,spell_max,d_SAI_minus_target,SSA,S.South-America,-0.7107753505338333
CESM2-WACCM,spell_max,d_SAI_minus_target,NEU,N.Europe,0.8489280941129594
CESM2-WACCM,spell_max,d_SAI_minus_target,WCE,West&Central-Europe,-0.9561046498058162
CESM2-WACCM,spell_max,d_SAI_minus_target,EEU,E.Europe,-0.016347432419482694
CESM2-WACCM,spell_max,d_SAI_minus_target,MED,Mediterranean,-0.5873639520615919
CESM2-WACCM,spell_max,d_SAI_minus_target,SAH,Sahara,0.7775087198802633
CESM2-WACCM,spell_max,d_SAI_minus_target,WAF,Western-Africa,3.364325359088747
CESM2-WACCM,spell_max,d_SAI_minus_target,CAF,Central-Africa,4.164226288884675
CESM2-WACCM,spell_max,d_SAI_minus_target,NEAF,N.Eastern-Africa,0.16446407168596827
CESM2-WACCM,spell_max,d_SAI_minus_target,SEAF,S.Eastern-Africa,0.5883711669161859
CESM2-WACCM,spell_max,d_SAI_minus_target,WSAF,W.Southern-Africa,0.30301733204840187
CESM2-WACCM,spell_max,d_SAI_minus_target,ESAF,E.Southern-Africa,1.1241743160074078
CESM2-WACCM,spell_max,d_SAI_minus_target,MDG,Madagascar,-1.2721857642467094
CESM2-WACCM,spell_max,d_SAI_minus_target,RAR,Russian-Arctic,0.7926207398119148
CESM2-WACCM,spell_max,d_SAI_minus_target,WSB,W.Siberia,1.1011711575055225
CESM2-WACCM,spell_max,d_SAI_minus_target,ESB,E.Siberia,0.565329552488364
CESM2-WACCM,spell_max,d_SAI_minus_target,RFE,Russian-Far-East,0.5871194868546912
CESM2-WACCM,spell_max,d_SAI_minus_target,WCA,W.C.Asia,-0.611270078978525
CESM2-WACCM,spell_max,d_SAI_minus_target,ECA,E.C.Asia,0.08957892710571473
CESM2-WACCM,spell_max,d_SAI_minus_target,TIB,Tibetan-Plateau,2.265123493662009
CESM2-WACCM,spell_max,d_SAI_minus_target,EAS,E.Asia,0.36023369264223243
CESM2-WACCM,spell_max,d_SAI_minus_target,ARP,Arabian-Peninsula,0.018633091459288514
CESM2-WACCM,spell_max,d_SAI_minus_target,SAS,S.Asia,1.665991465835432
CESM2-WACCM,spell_max,d_SAI_minus_target,SEA,S.E.Asia,3.5993491473998462
CESM2-WACCM,spell_max,d_SAI_minus_target,NAU,N.Australia,-0.17363103260295504
CESM2-WACCM,spell_max,d_SAI_minus_target,CAU,C.Australia,0.1042399782074765
CESM2-WACCM,spell_max,d_SAI_minus_target,EAU,E.Australia,-1.2715278535785663
CESM2-WACCM,spell_max,d_SAI_minus_target,SAU,S.Australia,-0.5661400325655862
CESM2-WACCM,spell_max,d_SAI_minus_target,NZ,New-Zealand,-0.3414527074617349
CESM2-WACCM,spell_max,d_SAI_minus_target,EAN,E.Antarctica,
CESM2-WACCM,spell_max,d_SAI_minus_target,WAN,W.Antarctica,
CESM2-WACCM,spell_max,d_HiLLA_minus_target,GIC,Greenland/Iceland,
CESM2-WACCM,spell_max,d_HiLLA_minus_target,NWN,N.W.North-America,0.3622253257664281
CESM2-WACCM,spell_max,d_HiLLA_minus_target,NEN,N.E.North-America,-0.41563075703372493
CESM2-WACCM,spell_max,d_HiLLA_minus_target,WNA,W.North-America,-1.5534474562297917
CESM2-WACCM,spell_max,d_HiLLA_minus_target,CNA,C.North-America,-0.872840048161992
CESM2-WACCM,spell_max,d_HiLLA_minus_target,ENA,E.North-America,-0.2747221035504868
CESM2-WACCM,spell_max,d_HiLLA_minus_target,NCA,N.Central-America,1.6016675578529511
CESM2-WACCM,spell_max,d_HiLLA_minus_target,SCA,S.Central-America,2.126604421275961
CESM2-WACCM,spell_max,d_HiLLA_minus_target,CAR,Caribbean,1.2518216516195453
CESM2-WACCM,spell_max,d_HiLLA_minus_target,NWS,N.W.South-America,-1.3675787681080458
CESM2-WACCM,spell_max,d_HiLLA_minus_target,NSA,N.South-America,0.21368070298697947
CESM2-WACCM,spell_max,d_HiLLA_minus_target,NES,N.E.South-America,-1.8404509216577654
CESM2-WACCM,spell_max,d_HiLLA_minus_target,SAM,South-American-Monsoon,-2.2558536060420815
CESM2-WACCM,spell_max,d_HiLLA_minus_target,SWS,S.W.South-America,-0.16331959379005515
CESM2-WACCM,spell_max,d_HiLLA_minus_target,SES,S.E.South-America,-1.659977844793946
CESM2-WACCM,spell_max,d_HiLLA_minus_target,SSA,S.South-America,-0.5551678155245563
CESM2-WACCM,spell_max,d_HiLLA_minus_target,NEU,N.Europe,0.4994890479663473
CESM2-WACCM,spell_max,d_HiLLA_minus_target,WCE,West&Central-Europe,-0.4098166379144868
CESM2-WACCM,spell_max,d_HiLLA_minus_target,EEU,E.Europe,-0.6912351139580827
CESM2-WACCM,spell_max,d_HiLLA_minus_target,MED,Mediterranean,-0.4877603044968707
CESM2-WACCM,spell_max,d_HiLLA_minus_target,SAH,Sahara,0.7641650935873961
CESM2-WACCM,spell_max,d_HiLLA_minus_target,WAF,Western-Africa,3.916453956462581
CESM2-WACCM,spell_max,d_HiLLA_minus_target,CAF,Central-Africa,4.656946815685269
CESM2-WACCM,spell_max,d_HiLLA_minus_target,NEAF,N.Eastern-Africa,1.8301748753520928
CESM2-WACCM,spell_max,d_HiLLA_minus_target,SEAF,S.Eastern-Africa,0.757159720874127
CESM2-WACCM,spell_max,d_HiLLA_minus_target,WSAF,W.Southern-Africa,0.4215528171757618
CESM2-WACCM,spell_max,d_HiLLA_minus_target,ESAF,E.Southern-Africa,0.878010794868342
CESM2-WACCM,spell_max,d_HiLLA_minus_target,MDG,Madagascar,-1.0253152731032322
CESM2-WACCM,spell_max,d_HiLLA_minus_target,RAR,Russian-Arctic,0.24374374842042548
CESM2-WACCM,spell_max,d_HiLLA_minus_target,WSB,W.Siberia,-0.5642391190507765
CESM2-WACCM,spell_max,d_HiLLA_minus_target,ESB,E.Siberia,-0.09124544754901896
CESM2-WACCM,spell_max,d_HiLLA_minus_target,RFE,Russian-Far-East,-0.09943656174780202
CESM2-WACCM,spell_max,d_HiLLA_minus_target,WCA,W.C.Asia,-0.15163795789651904
CESM2-WACCM,spell_max,d_HiLLA_minus_target,ECA,E.C.Asia,0.22069216491532367
CESM2-WACCM,spell_max,d_HiLLA_minus_target,TIB,Tibetan-Plateau,3.329802664057394
CESM2-WACCM,spell_max,d_HiLLA_minus_target,EAS,E.Asia,0.35537102330934117
CESM2-WACCM,spell_max,d_HiLLA_minus_target,ARP,Arabian-Peninsula,0.3055421113525555
CESM2-WACCM,spell_max,d_HiLLA_minus_target,SAS,S.Asia,2.1233036454882654
CESM2-WACCM,spell_max,d_HiLLA_minus_target,SEA,S.E.Asia,2.8626176080318095
CESM2-WACCM,spell_max,d_HiLLA_minus_target,NAU,N.Australia,-0.5972558688891921
CESM2-WACCM,spell_max,d_HiLLA_minus_target,CAU,C.Australia,-0.2812708149153676
CESM2-WACCM,spell_max,d_HiLLA_minus_target,EAU,E.Australia,-0.9356355574210381
CESM2-WACCM,spell_max,d_HiLLA_minus_target,SAU,S.Australia,-0.14877123783014137
CESM2-WACCM,spell_max,d_HiLLA_minus_target,NZ,New-Zealand,0.05241719299720761
CESM2-WACCM,spell_max,d_HiLLA_minus_target,EAN,E.Antarctica,
CESM2-WACCM,spell_max,d_HiLLA_minus_target,WAN,W.Antarctica,
CESM2-WACCM,days_abs,target,GIC,Greenland/Iceland,
CESM2-WACCM,days_abs,target,NWN,N.W.North-America,0.82342735868371
CESM2-WACCM,days_abs,target,NEN,N.E.North-America,0.41266041172200735
CESM2-WACCM,days_abs,target,WNA,W.North-America,55.891122997414314
CESM2-WACCM,days_abs,target,CNA,C.North-America,52.44995168665969
CESM2-WACCM,days_abs,target,ENA,E.North-America,1.8165169508996115
CESM2-WACCM,days_abs,target,NCA,N.Central-America,71.26812062216716
CESM2-WACCM,days_abs,target,SCA,S.Central-America,8.110891956301915
CESM2-WACCM,days_abs,target,CAR,Caribbean,16.047338251160575
CESM2-WACCM,days_abs,target,NWS,N.W.South-America,4.413299550060342
CESM2-WACCM,days_abs,target,NSA,N.South-America,9.320365402832055
CESM2-WACCM,days_abs,target,NES,N.E.South-America,99.9633898406964
CESM2-WACCM,days_abs,target,SAM,South-American-Monsoon,67.27141646653138
CESM2-WACCM,days_abs,target,SWS,S.W.South-America,72.97135984848941
CESM2-WACCM,days_abs,target,SES,S.E.South-America,49.91997884736473
CESM2-WACCM,days_abs,target,SSA,S.South-America,16.5066123543246
CESM2-WACCM,days_abs,target,NEU,N.Europe,0.03769727691176187
CESM2-WACCM,days_abs,target,WCE,West&Central-Europe,13.490008980349986
CESM2-WACCM,days_abs,target,EEU,E.Europe,38.196304067137596
CESM2-WACCM,days_abs,target,MED,Mediterranean,92.59084148516013
CESM2-WACCM,days_abs,target,SAH,Sahara,297.7562065552497
CESM2-WACCM,days_abs,target,WAF,Western-Africa,141.58723676353145
CESM2-WACCM,days_abs,target,CAF,Central-Africa,61.95558105785553
CESM2-WACCM,days_abs,target,NEAF,N.Eastern-Africa,140.78515918199045
CESM2-WACCM,days_abs,target,SEAF,S.Eastern-Africa,57.3371287171381
CESM2-WACCM,days_abs,target,WSAF,W.Southern-Africa,119.34494877398292
CESM2-WACCM,days_abs,target,ESAF,E.Southern-Africa,52.276674582935634
CESM2-WACCM,days_abs,target,MDG,Madagascar,25.561584241464747
CESM2-WACCM,days_abs,target,RAR,Russian-Arctic,0.0002547870529043651
CESM2-WACCM,days_abs,target,WSB,W.Siberia,35.480964313320726
CESM2-WACCM,days_abs,target,ESB,E.Siberia,2.400913805065651
CESM2-WACCM,days_abs,target,RFE,Russian-Far-East,0.009884344416990576
CESM2-WACCM,days_abs,target,WCA,W.C.Asia,143.1524997828746
CESM2-WACCM,days_abs,target,ECA,E.C.Asia,62.651810989558854
CESM2-WACCM,days_abs,target,TIB,Tibetan-Plateau,6.379005863613525
CESM2-WACCM,days_abs,target,EAS,E.Asia,2.2801168467968136
CESM2-WACCM,days_abs,target,ARP,Arabian-Peninsula,279.1430061973842
CESM2-WACCM,days_abs,target,SAS,S.Asia,121.46453253525695
CESM2-WACCM,days_abs,target,SEA,S.E.Asia,3.0228201453491654
CESM2-WACCM,days_abs,target,NAU,N.Australia,154.43881885768508
CESM2-WACCM,days_abs,target,CAU,C.Australia,184.75056222223031
CESM2-WACCM,days_abs,target,EAU,E.Australia,28.986362149265478
CESM2-WACCM,days_abs,target,SAU,S.Australia,59.563130906370795
CESM2-WACCM,days_abs,target,NZ,New-Zealand,0.0
CESM2-WACCM,days_abs,target,EAN,E.Antarctica,
CESM2-WACCM,days_abs,target,WAN,W.Antarctica,
CESM2-WACCM,days_abs,ssp245,GIC,Greenland/Iceland,
CESM2-WACCM,days_abs,ssp245,NWN,N.W.North-America,1.3106060288174042
CESM2-WACCM,days_abs,ssp245,NEN,N.E.North-America,0.838196282349246
CESM2-WACCM,days_abs,ssp245,WNA,W.North-America,56.213018133894124
CESM2-WACCM,days_abs,ssp245,CNA,C.North-America,56.04952717749628
CESM2-WACCM,days_abs,ssp245,ENA,E.North-America,2.1030231019387595
CESM2-WACCM,days_abs,ssp245,NCA,N.Central-America,85.09218862258847
CESM2-WACCM,days_abs,ssp245,SCA,S.Central-America,12.601021423741484
CESM2-WACCM,days_abs,ssp245,CAR,Caribbean,24.83308717800346
CESM2-WACCM,days_abs,ssp245,NWS,N.W.South-America,4.022368089582052
CESM2-WACCM,days_abs,ssp245,NSA,N.South-America,11.092537550355036
CESM2-WACCM,days_abs,ssp245,NES,N.E.South-America,101.77582360639812
CESM2-WACCM,days_abs,ssp245,SAM,South-American-Monsoon,75.1080663990119
CESM2-WACCM,days_abs,ssp245,SWS,S.W.South-America,79.84471740683492
CESM2-WACCM,days_abs,ssp245,SES,S.E.South-America,49.28118312859141
CESM2-WACCM,days_abs,ssp245,SSA,S.South-America,15.056298118741148
CESM2-WACCM,days_abs,ssp245,NEU,N.Europe,0.04363400581558701
CESM2-WACCM,days_abs,ssp245,WCE,West&Central-Europe,19.46853225879114
CESM2-WACCM,days_abs,ssp245,EEU,E.Europe,44.78324334611069
CESM2-WACCM,days_abs,ssp245,MED,Mediterranean,106.46343101148467
CESM2-WACCM,days_abs,ssp245,SAH,Sahara,307.3343865584383
CESM2-WACCM,days_abs,ssp245,WAF,Western-Africa,152.87110430661727
CESM2-WACCM,days_abs,ssp245,CAF,Central-Africa,67.12518420472053
CESM2-WACCM,days_abs,ssp245,NEAF,N.Eastern-Africa,141.12807988717884
CESM2-WACCM,days_abs,ssp245,SEAF,S.Eastern-Africa,59.49467303120499
CESM2-WACCM,days_abs,ssp245,WSAF,W.Southern-Africa,130.2756600883675
CESM2-WACCM,days_abs,ssp245,ESAF,E.Southern-Africa,66.93388685469242
CESM2-WACCM,days_abs,ssp245,MDG,Madagascar,29.630250351492325
CESM2-WACCM,days_abs,ssp245,RAR,Russian-Arctic,0.0006774208318611571
CESM2-WACCM,days_abs,ssp245,WSB,W.Siberia,41.25035892109694
CESM2-WACCM,days_abs,ssp245,ESB,E.Siberia,3.0968909948161105
CESM2-WACCM,days_abs,ssp245,RFE,Russian-Far-East,0.010619417852059504
CESM2-WACCM,days_abs,ssp245,WCA,W.C.Asia,150.3236535753061
CESM2-WACCM,days_abs,ssp245,ECA,E.C.Asia,68.37427554668214
CESM2-WACCM,days_abs,ssp245,TIB,Tibetan-Plateau,7.905345353445879
CESM2-WACCM,days_abs,ssp245,EAS,E.Asia,3.338090689488356
CESM2-WACCM,days_abs,ssp245,ARP,Arabian-Peninsula,282.92954630271987
CESM2-WACCM,days_abs,ssp245,SAS,S.Asia,131.80325704884268
CESM2-WACCM,days_abs,ssp245,SEA,S.E.Asia,5.661934859877343
CESM2-WACCM,days_abs,ssp245,NAU,N.Australia,155.54432525389916
CESM2-WACCM,days_abs,ssp245,CAU,C.Australia,188.84310661407798
CESM2-WACCM,days_abs,ssp245,EAU,E.Australia,27.61288449305542
CESM2-WACCM,days_abs,ssp245,SAU,S.Australia,68.08723755217727
CESM2-WACCM,days_abs,ssp245,NZ,New-Zealand,0.0020991623404746414
CESM2-WACCM,days_abs,ssp245,EAN,E.Antarctica,
CESM2-WACCM,days_abs,ssp245,WAN,W.Antarctica,
CESM2-WACCM,days_abs,G6-1.5K-SAI,GIC,Greenland/Iceland,
CESM2-WACCM,days_abs,G6-1.5K-SAI,NWN,N.W.North-America,0.7099965633409917
CESM2-WACCM,days_abs,G6-1.5K-SAI,NEN,N.E.North-America,0.37969287082166775
CESM2-WACCM,days_abs,G6-1.5K-SAI,WNA,W.North-America,46.22467904207773
CESM2-WACCM,days_abs,G6-1.5K-SAI,CNA,C.North-America,43.01215636021177
CESM2-WACCM,days_abs,G6-1.5K-SAI,ENA,E.North-America,1.1135968183009124
CESM2-WACCM,days_abs,G6-1.5K-SAI,NCA,N.Central-America,66.6809198791339
CESM2-WACCM,days_abs,G6-1.5K-SAI,SCA,S.Central-America,9.021386856033137
CESM2-WACCM,days_abs,G6-1.5K-SAI,CAR,Caribbean,16.673764243737253
CESM2-WACCM,days_abs,G6-1.5K-SAI,NWS,N.W.South-America,3.301949157313257
CESM2-WACCM,days_abs,G6-1.5K-SAI,NSA,N.South-America,9.097997348710999
CESM2-WACCM,days_abs,G6-1.5K-SAI,NES,N.E.South-America,87.49082057866823
CESM2-WACCM,days_abs,G6-1.5K-SAI,SAM,South-American-Monsoon,60.20302999243182
CESM2-WACCM,days_abs,G6-1.5K-SAI,SWS,S.W.South-America,69.6137988971473
CESM2-WACCM,days_abs,G6-1.5K-SAI,SES,S.E.South-America,39.35309949236286
CESM2-WACCM,days_abs,G6-1.5K-SAI,SSA,S.South-America,11.005077659059681
CESM2-WACCM,days_abs,G6-1.5K-SAI,NEU,N.Europe,0.014773441882080792
CESM2-WACCM,days_abs,G6-1.5K-SAI,WCE,West&Central-Europe,11.608319737847383
CESM2-WACCM,days_abs,G6-1.5K-SAI,EEU,E.Europe,35.55022859305056
CESM2-WACCM,days_abs,G6-1.5K-SAI,MED,Mediterranean,90.24120330985411
CESM2-WACCM,days_abs,G6-1.5K-SAI,SAH,Sahara,299.4106841703736
CESM2-WACCM,days_abs,G6-1.5K-SAI,WAF,Western-Africa,156.26051587398973
CESM2-WACCM,days_abs,G6-1.5K-SAI,CAF,Central-Africa,68.34031651436652
CESM2-WACCM,days_abs,G6-1.5K-SAI,NEAF,N.Eastern-Africa,139.4761087850307
CESM2-WACCM,days_abs,G6-1.5K-SAI,SEAF,S.Eastern-Africa,54.35380266900782
CESM2-WACCM,days_abs,G6-1.5K-SAI,WSAF,W.Southern-Africa,127.99983256991707
CESM2-WACCM,days_abs,G6-1.5K-SAI,ESAF,E.Southern-Africa,58.75457187433001
CESM2-WACCM,days_abs,G6-1.5K-SAI,MDG,Madagascar,19.75035507159717
CESM2-WACCM,days_abs,G6-1.5K-SAI,RAR,Russian-Arctic,0.000176400184273206
CESM2-WACCM,days_abs,G6-1.5K-SAI,WSB,W.Siberia,35.83105132415497
CESM2-WACCM,days_abs,G6-1.5K-SAI,ESB,E.Siberia,2.5955072093227503
CESM2-WACCM,days_abs,G6-1.5K-SAI,RFE,Russian-Far-East,0.002158356704632301
CESM2-WACCM,days_abs,G6-1.5K-SAI,WCA,W.C.Asia,136.9593069338861
CESM2-WACCM,days_abs,G6-1.5K-SAI,ECA,E.C.Asia,62.92025333290934
CESM2-WACCM,days_abs,G6-1.5K-SAI,TIB,Tibetan-Plateau,7.48430660134218
CESM2-WACCM,days_abs,G6-1.5K-SAI,EAS,E.Asia,2.434412392937821
CESM2-WACCM,days_abs,G6-1.5K-SAI,ARP,Arabian-Peninsula,276.75640137226145
CESM2-WACCM,days_abs,G6-1.5K-SAI,SAS,S.Asia,132.84489365371823
CESM2-WACCM,days_abs,G6-1.5K-SAI,SEA,S.E.Asia,4.897647425959795
CESM2-WACCM,days_abs,G6-1.5K-SAI,NAU,N.Australia,163.76706039334425
CESM2-WACCM,days_abs,G6-1.5K-SAI,CAU,C.Australia,188.27736092550307
CESM2-WACCM,days_abs,G6-1.5K-SAI,EAU,E.Australia,27.290756172539723
CESM2-WACCM,days_abs,G6-1.5K-SAI,SAU,S.Australia,57.73758901734227
CESM2-WACCM,days_abs,G6-1.5K-SAI,NZ,New-Zealand,0.0006436729265848891
CESM2-WACCM,days_abs,G6-1.5K-SAI,EAN,E.Antarctica,
CESM2-WACCM,days_abs,G6-1.5K-SAI,WAN,W.Antarctica,
CESM2-WACCM,days_abs,G6-1.5K-HiLLA,GIC,Greenland/Iceland,
CESM2-WACCM,days_abs,G6-1.5K-HiLLA,NWN,N.W.North-America,0.6542829829363911
CESM2-WACCM,days_abs,G6-1.5K-HiLLA,NEN,N.E.North-America,0.34143054250396837
CESM2-WACCM,days_abs,G6-1.5K-HiLLA,WNA,W.North-America,51.00578305129556
CESM2-WACCM,days_abs,G6-1.5K-HiLLA,CNA,C.North-America,46.54945493547742
CESM2-WACCM,days_abs,G6-1.5K-HiLLA,ENA,E.North-America,1.3120270633225053
CESM2-WACCM,days_abs,G6-1.5K-HiLLA,NCA,N.Central-America,76.09115748491531
CESM2-WACCM,days_abs,G6-1.5K-HiLLA,SCA,S.Central-America,9.253667161673311
CESM2-WACCM,days_abs,G6-1.5K-HiLLA,CAR,Caribbean,19.65958903776809
CESM2-WACCM,days_abs,G6-1.5K-HiLLA,NWS,N.W.South-America,3.0940700824523146
CESM2-WACCM,days_abs,G6-1.5K-HiLLA,NSA,N.South-America,9.264051612626286
CESM2-WACCM,days_abs,G6-1.5K-HiLLA,NES,N.E.South-America,93.89921962332814
CESM2-WACCM,days_abs,G6-1.5K-HiLLA,SAM,South-American-Monsoon,63.8973066596585
CESM2-WACCM,days_abs,G6-1.5K-HiLLA,SWS,S.W.South-America,69.52898478312788
CESM2-WACCM,days_abs,G6-1.5K-HiLLA,SES,S.E.South-America,41.701595951527494
CESM2-WACCM,days_abs,G6-1.5K-HiLLA,SSA,S.South-America,12.614060784629187
CESM2-WACCM,days_abs,G6-1.5K-HiLLA,NEU,N.Europe,0.016698627758564014
CESM2-WACCM,days_abs,G6-1.5K-HiLLA,WCE,West&Central-Europe,11.952393006869233
CESM2-WACCM,days_abs,G6-1.5K-HiLLA,EEU,E.Europe,33.47042579410086
CESM2-WACCM,days_abs,G6-1.5K-HiLLA,MED,Mediterranean,93.58727139679478
CESM2-WACCM,days_abs,G6-1.5K-HiLLA,SAH,Sahara,303.91472295449324
CESM2-WACCM,days_abs,G6-1.5K-HiLLA,WAF,Western-Africa,155.31666346774978
CESM2-WACCM,days_abs,G6-1.5K-HiLLA,CAF,Central-Africa,69.05328753802337
CESM2-WACCM,days_abs,G6-1.5K-HiLLA,NEAF,N.Eastern-Africa,146.2494872675932
CESM2-WACCM,days_abs,G6-1.5K-HiLLA,SEAF,S.Eastern-Africa,55.3588288296638
CESM2-WACCM,days_abs,G6-1.5K-HiLLA,WSAF,W.Southern-Africa,131.99745497211455
CESM2-WACCM,days_abs,G6-1.5K-HiLLA,ESAF,E.Southern-Africa,56.887314766609066
CESM2-WACCM,days_abs,G6-1.5K-HiLLA,MDG,Madagascar,21.15705561128779
CESM2-WACCM,days_abs,G6-1.5K-HiLLA,RAR,Russian-Arctic,0.0
CESM2-WACCM,days_abs,G6-1.5K-HiLLA,WSB,W.Siberia,32.45150139160211
CESM2-WACCM,days_abs,G6-1.5K-HiLLA,ESB,E.Siberia,2.163711447633913
CESM2-WACCM,days_abs,G6-1.5K-HiLLA,RFE,Russian-Far-East,0.0033216888889051922
CESM2-WACCM,days_abs,G6-1.5K-HiLLA,WCA,W.C.Asia,145.33029657216846
CESM2-WACCM,days_abs,G6-1.5K-HiLLA,ECA,E.C.Asia,63.09149578636176
CESM2-WACCM,days_abs,G6-1.5K-HiLLA,TIB,Tibetan-Plateau,8.405190334231396
CESM2-WACCM,days_abs,G6-1.5K-HiLLA,EAS,E.Asia,2.417652896717494
CESM2-WACCM,days_abs,G6-1.5K-HiLLA,ARP,Arabian-Peninsula,286.5823549666146
CESM2-WACCM,days_abs,G6-1.5K-HiLLA,SAS,S.Asia,135.6425670679096
CESM2-WACCM,days_abs,G6-1.5K-HiLLA,SEA,S.E.Asia,4.396845515051552
CESM2-WACCM,days_abs,G6-1.5K-HiLLA,NAU,N.Australia,149.2149632933057
CESM2-WACCM,days_abs,G6-1.5K-HiLLA,CAU,C.Australia,172.7346773837609
CESM2-WACCM,days_abs,G6-1.5K-HiLLA,EAU,E.Australia,25.26649795881505
CESM2-WACCM,days_abs,G6-1.5K-HiLLA,SAU,S.Australia,55.11286516941164
CESM2-WACCM,days_abs,G6-1.5K-HiLLA,NZ,New-Zealand,0.0
CESM2-WACCM,days_abs,G6-1.5K-HiLLA,EAN,E.Antarctica,
CESM2-WACCM,days_abs,G6-1.5K-HiLLA,WAN,W.Antarctica,
CESM2-WACCM,days_abs,d_ssp245_minus_target,GIC,Greenland/Iceland,
CESM2-WACCM,days_abs,d_ssp245_minus_target,NWN,N.W.North-America,0.4871786701336936
CESM2-WACCM,days_abs,d_ssp245_minus_target,NEN,N.E.North-America,0.42553587062723913
CESM2-WACCM,days_abs,d_ssp245_minus_target,WNA,W.North-America,0.32189513647982815
CESM2-WACCM,days_abs,d_ssp245_minus_target,CNA,C.North-America,3.599575490836569
CESM2-WACCM,days_abs,d_ssp245_minus_target,ENA,E.North-America,0.28650615103914845
CESM2-WACCM,days_abs,d_ssp245_minus_target,NCA,N.Central-America,13.824068000421287
CESM2-WACCM,days_abs,d_ssp245_minus_target,SCA,S.Central-America,4.490129467439565
CESM2-WACCM,days_abs,d_ssp245_minus_target,CAR,Caribbean,8.785748926842892
CESM2-WACCM,days_abs,d_ssp245_minus_target,NWS,N.W.South-America,-0.3909314604782898
CESM2-WACCM,days_abs,d_ssp245_minus_target,NSA,N.South-America,1.7721721475229817
CESM2-WACCM,days_abs,d_ssp245_minus_target,NES,N.E.South-America,1.8124337657017155
CESM2-WACCM,days_abs,d_ssp245_minus_target,SAM,South-American-Monsoon,7.836649932480478
CESM2-WACCM,days_abs,d_ssp245_minus_target,SWS,S.W.South-America,6.873357558345514
CESM2-WACCM,days_abs,d_ssp245_minus_target,SES,S.E.South-America,-0.638795718773308
CESM2-WACCM,days_abs,d_ssp245_minus_target,SSA,S.South-America,-1.45031423558345
CESM2-WACCM,days_abs,d_ssp245_minus_target,NEU,N.Europe,0.005936728903825149
CESM2-WACCM,days_abs,d_ssp245_minus_target,WCE,West&Central-Europe,5.978523278441164
CESM2-WACCM,days_abs,d_ssp245_minus_target,EEU,E.Europe,6.586939278973087
CESM2-WACCM,days_abs,d_ssp245_minus_target,MED,Mediterranean,13.872589526324564
CESM2-WACCM,days_abs,d_ssp245_minus_target,SAH,Sahara,9.578180003188622
CESM2-WACCM,days_abs,d_ssp245_minus_target,WAF,Western-Africa,11.283867543085744
CESM2-WACCM,days_abs,d_ssp245_minus_target,CAF,Central-Africa,5.169603146864992
CESM2-WACCM,days_abs,d_ssp245_minus_target,NEAF,N.Eastern-Africa,0.34292070518839946
CESM2-WACCM,days_abs,d_ssp245_minus_target,SEAF,S.Eastern-Africa,2.157544314066881
CESM2-WACCM,days_abs,d_ssp245_minus_target,WSAF,W.Southern-Africa,10.930711314384597
CESM2-WACCM,days_abs,d_ssp245_minus_target,ESAF,E.Southern-Africa,14.65721227175678
CESM2-WACCM,days_abs,d_ssp245_minus_target,MDG,Madagascar,4.068666110027575
CESM2-WACCM,days_abs,d_ssp245_minus_target,RAR,Russian-Arctic,0.000422633778956792
CESM2-WACCM,days_abs,d_ssp245_minus_target,WSB,W.Siberia,5.7693946077762055
CESM2-WACCM,days_abs,d_ssp245_minus_target,ESB,E.Siberia,0.6959771897504582
CESM2-WACCM,days_abs,d_ssp245_minus_target,RFE,Russian-Far-East,0.0007350734350689273
CESM2-WACCM,days_abs,d_ssp245_minus_target,WCA,W.C.Asia,7.171153792431522
CESM2-WACCM,days_abs,d_ssp245_minus_target,ECA,E.C.Asia,5.722464557123265
CESM2-WACCM,days_abs,d_ssp245_minus_target,TIB,Tibetan-Plateau,1.5263394898323526
CESM2-WACCM,days_abs,d_ssp245_minus_target,EAS,E.Asia,1.0579738426915406
CESM2-WACCM,days_abs,d_ssp245_minus_target,ARP,Arabian-Peninsula,3.7865401053357948
CESM2-WACCM,days_abs,d_ssp245_minus_target,SAS,S.Asia,10.338724513585671
CESM2-WACCM,days_abs,d_ssp245_minus_target,SEA,S.E.Asia,2.6391147145281804
CESM2-WACCM,days_abs,d_ssp245_minus_target,NAU,N.Australia,1.1055063962140794
CESM2-WACCM,days_abs,d_ssp245_minus_target,CAU,C.Australia,4.092544391847728
CESM2-WACCM,days_abs,d_ssp245_minus_target,EAU,E.Australia,-1.3734776562100541
CESM2-WACCM,days_abs,d_ssp245_minus_target,SAU,S.Australia,8.524106645806464
CESM2-WACCM,days_abs,d_ssp245_minus_target,NZ,New-Zealand,0.0020991623404746414
CESM2-WACCM,days_abs,d_ssp245_minus_target,EAN,E.Antarctica,
CESM2-WACCM,days_abs,d_ssp245_minus_target,WAN,W.Antarctica,
CESM2-WACCM,days_abs,d_SAI_minus_ssp245,GIC,Greenland/Iceland,
CESM2-WACCM,days_abs,d_SAI_minus_ssp245,NWN,N.W.North-America,-0.6006094654764119
CESM2-WACCM,days_abs,d_SAI_minus_ssp245,NEN,N.E.North-America,-0.4585034115275785
CESM2-WACCM,days_abs,d_SAI_minus_ssp245,WNA,W.North-America,-9.988339091816393
CESM2-WACCM,days_abs,d_SAI_minus_ssp245,CNA,C.North-America,-13.037370817284526
CESM2-WACCM,days_abs,d_SAI_minus_ssp245,ENA,E.North-America,-0.9894262836378476
CESM2-WACCM,days_abs,d_SAI_minus_ssp245,NCA,N.Central-America,-18.41126874345455
CESM2-WACCM,days_abs,d_SAI_minus_ssp245,SCA,S.Central-America,-3.5796345677083425
CESM2-WACCM,days_abs,d_SAI_minus_ssp245,CAR,Caribbean,-8.159322934266212
CESM2-WACCM,days_abs,d_SAI_minus_ssp245,NWS,N.W.South-America,-0.7204189322687948
CESM2-WACCM,days_abs,d_SAI_minus_ssp245,NSA,N.South-America,-1.9945402016440386
CESM2-WACCM,days_abs,d_SAI_minus_ssp245,NES,N.E.South-America,-14.285003027729894
CESM2-WACCM,days_abs,d_SAI_minus_ssp245,SAM,South-American-Monsoon,-14.905036406580034
CESM2-WACCM,days_abs,d_SAI_minus_ssp245,SWS,S.W.South-America,-10.23091850968762
CESM2-WACCM,days_abs,d_SAI_minus_ssp245,SES,S.E.South-America,-9.928083636228559
CESM2-WACCM,days_abs,d_SAI_minus_ssp245,SSA,S.South-America,-4.051220459681466
CESM2-WACCM,days_abs,d_SAI_minus_ssp245,NEU,N.Europe,-0.028860563933506236
CESM2-WACCM,days_abs,d_SAI_minus_ssp245,WCE,West&Central-Europe,-7.860212520943758
CESM2-WACCM,days_abs,d_SAI_minus_ssp245,EEU,E.Europe,-9.23301475306012
CESM2-WACCM,days_abs,d_SAI_minus_ssp245,MED,Mediterranean,-16.222227701630583
CESM2-WACCM,days_abs,d_SAI_minus_ssp245,SAH,Sahara,-7.9237023880649105
CESM2-WACCM,days_abs,d_SAI_minus_ssp245,WAF,Western-Africa,3.3894115673724405
CESM2-WACCM,days_abs,d_SAI_minus_ssp245,CAF,Central-Africa,1.2151323096459998
CESM2-WACCM,days_abs,d_SAI_minus_ssp245,NEAF,N.Eastern-Africa,-1.6519711021482064
CESM2-WACCM,days_abs,d_SAI_minus_ssp245,SEAF,S.Eastern-Africa,-5.140870362197168
CESM2-WACCM,days_abs,d_SAI_minus_ssp245,WSAF,W.Southern-Africa,-2.275827518450456
CESM2-WACCM,days_abs,d_SAI_minus_ssp245,ESAF,E.Southern-Africa,-8.1793149803624
CESM2-WACCM,days_abs,d_SAI_minus_ssp245,MDG,Madagascar,-9.879895279895154
CESM2-WACCM,days_abs,d_SAI_minus_ssp245,RAR,Russian-Arctic,-0.0005010206475879512
CESM2-WACCM,days_abs,d_SAI_minus_ssp245,WSB,W.Siberia,-5.419307596941993
CESM2-WACCM,days_abs,d_SAI_minus_ssp245,ESB,E.Siberia,-0.5013837854933576
CESM2-WACCM,days_abs,d_SAI_minus_ssp245,RFE,Russian-Far-East,-0.008461061147427201
CESM2-WACCM,days_abs,d_SAI_minus_ssp245,WCA,W.C.Asia,-13.36434664142001
CESM2-WACCM,days_abs,d_SAI_minus_ssp245,ECA,E.C.Asia,-5.454022213772789
CESM2-WACCM,days_abs,d_SAI_minus_ssp245,TIB,Tibetan-Plateau,-0.42103875210369895
CESM2-WACCM,days_abs,d_SAI_minus_ssp245,EAS,E.Asia,-0.9036782965505344
CESM2-WACCM,days_abs,d_SAI_minus_ssp245,ARP,Arabian-Peninsula,-6.173144930458336
CESM2-WACCM,days_abs,d_SAI_minus_ssp245,SAS,S.Asia,1.041636604875559
CESM2-WACCM,days_abs,d_SAI_minus_ssp245,SEA,S.E.Asia,-0.7642874339175502
CESM2-WACCM,days_abs,d_SAI_minus_ssp245,NAU,N.Australia,8.222735139445058
CESM2-WACCM,days_abs,d_SAI_minus_ssp245,CAU,C.Australia,-0.5657456885749595
CESM2-WACCM,days_abs,d_SAI_minus_ssp245,EAU,E.Australia,-0.3221283205156979
CESM2-WACCM,days_abs,d_SAI_minus_ssp245,SAU,S.Australia,-10.349648534835
CESM2-WACCM,days_abs,d_SAI_minus_ssp245,NZ,New-Zealand,-0.0014554894138897522
CESM2-WACCM,days_abs,d_SAI_minus_ssp245,EAN,E.Antarctica,
CESM2-WACCM,days_abs,d_SAI_minus_ssp245,WAN,W.Antarctica,
CESM2-WACCM,days_abs,d_HiLLA_minus_ssp245,GIC,Greenland/Iceland,
CESM2-WACCM,days_abs,d_HiLLA_minus_ssp245,NWN,N.W.North-America,-0.6563230458810126
CESM2-WACCM,days_abs,d_HiLLA_minus_ssp245,NEN,N.E.North-America,-0.49676573984527805
CESM2-WACCM,days_abs,d_HiLLA_minus_ssp245,WNA,W.North-America,-5.207235082598566
CESM2-WACCM,days_abs,d_HiLLA_minus_ssp245,CNA,C.North-America,-9.50007224201886
CESM2-WACCM,days_abs,d_HiLLA_minus_ssp245,ENA,E.North-America,-0.7909960386162541
CESM2-WACCM,days_abs,d_HiLLA_minus_ssp245,NCA,N.Central-America,-9.001031137673142
CESM2-WACCM,days_abs,d_HiLLA_minus_ssp245,SCA,S.Central-America,-3.347354262068168
CESM2-WACCM,days_abs,d_HiLLA_minus_ssp245,CAR,Caribbean,-5.173498140235374
CESM2-WACCM,days_abs,d_HiLLA_minus_ssp245,NWS,N.W.South-America,-0.928298007129737
CESM2-WACCM,days_abs,d_HiLLA_minus_ssp245,NSA,N.South-America,-1.828485937728752
CESM2-WACCM,days_abs,d_HiLLA_minus_ssp245,NES,N.E.South-America,-7.876603983069961
CESM2-WACCM,days_abs,d_HiLLA_minus_ssp245,SAM,South-American-Monsoon,-11.210759739353392
CESM2-WACCM,days_abs,d_HiLLA_minus_ssp245,SWS,S.W.South-America,-10.315732623707056
CESM2-WACCM,days_abs,d_HiLLA_minus_ssp245,SES,S.E.South-America,-7.579587177063917
CESM2-WACCM,days_abs,d_HiLLA_minus_ssp245,SSA,S.South-America,-2.4422373341119608
CESM2-WACCM,days_abs,d_HiLLA_minus_ssp245,NEU,N.Europe,-0.026935378057023007
CESM2-WACCM,days_abs,d_HiLLA_minus_ssp245,WCE,West&Central-Europe,-7.5161392519219055
CESM2-WACCM,days_abs,d_HiLLA_minus_ssp245,EEU,E.Europe,-11.312817552009804
CESM2-WACCM,days_abs,d_HiLLA_minus_ssp245,MED,Mediterranean,-12.876159614689882
CESM2-WACCM,days_abs,d_HiLLA_minus_ssp245,SAH,Sahara,-3.4196636039453123
CESM2-WACCM,days_abs,d_HiLLA_minus_ssp245,WAF,Western-Africa,2.4455591611324956
CESM2-WACCM,days_abs,d_HiLLA_minus_ssp245,CAF,Central-Africa,1.9281033333028585
CESM2-WACCM,days_abs,d_HiLLA_minus_ssp245,NEAF,N.Eastern-Africa,5.1214073804143165
CESM2-WACCM,days_abs,d_HiLLA_minus_ssp245,SEAF,S.Eastern-Africa,-4.135844201541176
CESM2-WACCM,days_abs,d_HiLLA_minus_ssp245,WSAF,W.Southern-Africa,1.7217948837470753
CESM2-WACCM,days_abs,d_HiLLA_minus_ssp245,ESAF,E.Southern-Africa,-10.046572088083357
CESM2-WACCM,days_abs,d_HiLLA_minus_ssp245,MDG,Madagascar,-8.473194740204534
CESM2-WACCM,days_abs,d_HiLLA_minus_ssp245,RAR,Russian-Arctic,-0.0006774208318611571
CESM2-WACCM,days_abs,d_HiLLA_minus_ssp245,WSB,W.Siberia,-8.798857529494827
CESM2-WACCM,days_abs,d_HiLLA_minus_ssp245,ESB,E.Siberia,-0.9331795471821953
CESM2-WACCM,days_abs,d_HiLLA_minus_ssp245,RFE,Russian-Far-East,-0.00729772896315431
CESM2-WACCM,days_abs,d_HiLLA_minus_ssp245,WCA,W.C.Asia,-4.993357003137657
CESM2-WACCM,days_abs,d_HiLLA_minus_ssp245,ECA,E.C.Asia,-5.282779760320386
CESM2-WACCM,days_abs,d_HiLLA_minus_ssp245,TIB,Tibetan-Plateau,0.4998449807855168
CESM2-WACCM,days_abs,d_HiLLA_minus_ssp245,EAS,E.Asia,-0.920437792770861
CESM2-WACCM,days_abs,d_HiLLA_minus_ssp245,ARP,Arabian-Peninsula,3.6528086638947874
CESM2-WACCM,days_abs,d_HiLLA_minus_ssp245,SAS,S.Asia,3.8393100190669376
CESM2-WACCM,days_abs,d_HiLLA_minus_ssp245,SEA,S.E.Asia,-1.2650893448257925
CESM2-WACCM,days_abs,d_HiLLA_minus_ssp245,NAU,N.Australia,-6.329361960593453
CESM2-WACCM,days_abs,d_HiLLA_minus_ssp245,CAU,C.Australia,-16.108429230317096
CESM2-WACCM,days_abs,d_HiLLA_minus_ssp245,EAU,E.Australia,-2.346386534240371
CESM2-WACCM,days_abs,d_HiLLA_minus_ssp245,SAU,S.Australia,-12.974372382765642
CESM2-WACCM,days_abs,d_HiLLA_minus_ssp245,NZ,New-Zealand,-0.0020991623404746414
CESM2-WACCM,days_abs,d_HiLLA_minus_ssp245,EAN,E.Antarctica,
CESM2-WACCM,days_abs,d_HiLLA_minus_ssp245,WAN,W.Antarctica,
CESM2-WACCM,days_abs,d_HiLLA_minus_SAI,GIC,Greenland/Iceland,
CESM2-WACCM,days_abs,d_HiLLA_minus_SAI,NWN,N.W.North-America,-0.05571358040460069
CESM2-WACCM,days_abs,d_HiLLA_minus_SAI,NEN,N.E.North-America,-0.038262328317699525
CESM2-WACCM,days_abs,d_HiLLA_minus_SAI,WNA,W.North-America,4.7811040092178265
CESM2-WACCM,days_abs,d_HiLLA_minus_SAI,CNA,C.North-America,3.537298575265666
CESM2-WACCM,days_abs,d_HiLLA_minus_SAI,ENA,E.North-America,0.19843024502159312
CESM2-WACCM,days_abs,d_HiLLA_minus_SAI,NCA,N.Central-America,9.41023760578141
CESM2-WACCM,days_abs,d_HiLLA_minus_SAI,SCA,S.Central-America,0.2322803056401745
CESM2-WACCM,days_abs,d_HiLLA_minus_SAI,CAR,Caribbean,2.9858247940308362
CESM2-WACCM,days_abs,d_HiLLA_minus_SAI,NWS,N.W.South-America,-0.20787907486094237
CESM2-WACCM,days_abs,d_HiLLA_minus_SAI,NSA,N.South-America,0.16605426391528655
CESM2-WACCM,days_abs,d_HiLLA_minus_SAI,NES,N.E.South-America,6.408399044659938
CESM2-WACCM,days_abs,d_HiLLA_minus_SAI,SAM,South-American-Monsoon,3.694276667226643
CESM2-WACCM,days_abs,d_HiLLA_minus_SAI,SWS,S.W.South-America,-0.08481411401943567
CESM2-WACCM,days_abs,d_HiLLA_minus_SAI,SES,S.E.South-America,2.3484964591646373
CESM2-WACCM,days_abs,d_HiLLA_minus_SAI,SSA,S.South-America,1.6089831255695046
CESM2-WACCM,days_abs,d_HiLLA_minus_SAI,NEU,N.Europe,0.0019251858764832257
CESM2-WACCM,days_abs,d_HiLLA_minus_SAI,WCE,West&Central-Europe,0.34407326902185004
CESM2-WACCM,days_abs,d_HiLLA_minus_SAI,EEU,E.Europe,-2.0798027989496863
CESM2-WACCM,days_abs,d_HiLLA_minus_SAI,MED,Mediterranean,3.3460680869407042
CESM2-WACCM,days_abs,d_HiLLA_minus_SAI,SAH,Sahara,4.504038784119596
CESM2-WACCM,days_abs,d_HiLLA_minus_SAI,WAF,Western-Africa,-0.9438524062399444
CESM2-WACCM,days_abs,d_HiLLA_minus_SAI,CAF,Central-Africa,0.7129710236568587
CESM2-WACCM,days_abs,d_HiLLA_minus_SAI,NEAF,N.Eastern-Africa,6.773378482562519
CESM2-WACCM,days_abs,d_HiLLA_minus_SAI,SEAF,S.Eastern-Africa,1.0050261606559914
CESM2-WACCM,days_abs,d_HiLLA_minus_SAI,WSAF,W.Southern-Africa,3.997622402197532
CESM2-WACCM,days_abs,d_HiLLA_minus_SAI,ESAF,E.Southern-Africa,-1.8672571077209592
CESM2-WACCM,days_abs,d_HiLLA_minus_SAI,MDG,Madagascar,1.406700539690623
CESM2-WACCM,days_abs,d_HiLLA_minus_SAI,RAR,Russian-Arctic,-0.000176400184273206
CESM2-WACCM,days_abs,d_HiLLA_minus_SAI,WSB,W.Siberia,-3.3795499325528318
CESM2-WACCM,days_abs,d_HiLLA_minus_SAI,ESB,E.Siberia,-0.4317957616888371
CESM2-WACCM,days_abs,d_HiLLA_minus_SAI,RFE,Russian-Far-East,0.0011633321842728914
CESM2-WACCM,days_abs,d_HiLLA_minus_SAI,WCA,W.C.Asia,8.370989638282351
CESM2-WACCM,days_abs,d_HiLLA_minus_SAI,ECA,E.C.Asia,0.17124245345240022
CESM2-WACCM,days_abs,d_HiLLA_minus_SAI,TIB,Tibetan-Plateau,0.9208837328892158
CESM2-WACCM,days_abs,d_HiLLA_minus_SAI,EAS,E.Asia,-0.016759496220326617
CESM2-WACCM,days_abs,d_HiLLA_minus_SAI,ARP,Arabian-Peninsula,9.825953594353125
CESM2-WACCM,days_abs,d_HiLLA_minus_SAI,SAS,S.Asia,2.7976734141913777
CESM2-WACCM,days_abs,d_HiLLA_minus_SAI,SEA,S.E.Asia,-0.5008019109082422
CESM2-WACCM,days_abs,d_HiLLA_minus_SAI,NAU,N.Australia,-14.552097100038512
CESM2-WACCM,days_abs,d_HiLLA_minus_SAI,CAU,C.Australia,-15.542683541742138
CESM2-WACCM,days_abs,d_HiLLA_minus_SAI,EAU,E.Australia,-2.024258213724673
CESM2-WACCM,days_abs,d_HiLLA_minus_SAI,SAU,S.Australia,-2.6247238479306447
CESM2-WACCM,days_abs,d_HiLLA_minus_SAI,NZ,New-Zealand,-0.0006436729265848891
CESM2-WACCM,days_abs,d_HiLLA_minus_SAI,EAN,E.Antarctica,
CESM2-WACCM,days_abs,d_HiLLA_minus_SAI,WAN,W.Antarctica,
CESM2-WACCM,days_abs,d_SAI_minus_target,GIC,Greenland/Iceland,
CESM2-WACCM,days_abs,d_SAI_minus_target,NWN,N.W.North-America,-0.11343079534271834
CESM2-WACCM,days_abs,d_SAI_minus_target,NEN,N.E.North-America,-0.032967540900339445
CESM2-WACCM,days_abs,d_SAI_minus_target,WNA,W.North-America,-9.66644395533656
CESM2-WACCM,days_abs,d_SAI_minus_target,CNA,C.North-America,-9.43779532644795
CESM2-WACCM,days_abs,d_SAI_minus_target,ENA,E.North-America,-0.7029201325986987
CESM2-WACCM,days_abs,d_SAI_minus_target,NCA,N.Central-America,-4.587200743033261
CESM2-WACCM,days_abs,d_SAI_minus_target,SCA,S.Central-America,0.9104948997312226
CESM2-WACCM,days_abs,d_SAI_minus_target,CAR,Caribbean,0.6264259925766799
CESM2-WACCM,days_abs,d_SAI_minus_target,NWS,N.W.South-America,-1.1113503927470845
CESM2-WACCM,days_abs,d_SAI_minus_target,NSA,N.South-America,-0.22236805412105703
CESM2-WACCM,days_abs,d_SAI_minus_target,NES,N.E.South-America,-12.47256926202818
CESM2-WACCM,days_abs,d_SAI_minus_target,SAM,South-American-Monsoon,-7.068386474099555
CESM2-WACCM,days_abs,d_SAI_minus_target,SWS,S.W.South-America,-3.357560951342106
CESM2-WACCM,days_abs,d_SAI_minus_target,SES,S.E.South-America,-10.566879355001861
CESM2-WACCM,days_abs,d_SAI_minus_target,SSA,S.South-America,-5.501534695264917
CESM2-WACCM,days_abs,d_SAI_minus_target,NEU,N.Europe,-0.02292383502968108
CESM2-WACCM,days_abs,d_SAI_minus_target,WCE,West&Central-Europe,-1.8816892425025942
CESM2-WACCM,days_abs,d_SAI_minus_target,EEU,E.Europe,-2.6460754740870334
CESM2-WACCM,days_abs,d_SAI_minus_target,MED,Mediterranean,-2.3496381753060276
CESM2-WACCM,days_abs,d_SAI_minus_target,SAH,Sahara,1.6544776151237144
CESM2-WACCM,days_abs,d_SAI_minus_target,WAF,Western-Africa,14.673279110458182
CESM2-WACCM,days_abs,d_SAI_minus_target,CAF,Central-Africa,6.38473545651099
CESM2-WACCM,days_abs,d_SAI_minus_target,NEAF,N.Eastern-Africa,-1.3090503969598069
CESM2-WACCM,days_abs,d_SAI_minus_target,SEAF,S.Eastern-Africa,-2.983326048130286
CESM2-WACCM,days_abs,d_SAI_minus_target,WSAF,W.Southern-Africa,8.65488379593414
CESM2-WACCM,days_abs,d_SAI_minus_target,ESAF,E.Southern-Africa,6.47789729139438
CESM2-WACCM,days_abs,d_SAI_minus_target,MDG,Madagascar,-5.81122916986758
CESM2-WACCM,days_abs,d_SAI_minus_target,RAR,Russian-Arctic,-7.83868686311591e-05
CESM2-WACCM,days_abs,d_SAI_minus_target,WSB,W.Siberia,0.3500870108342136
CESM2-WACCM,days_abs,d_SAI_minus_target,ESB,E.Siberia,0.1945934042571005
CESM2-WACCM,days_abs,d_SAI_minus_target,RFE,Russian-Far-East,-0.007725987712358273
CESM2-WACCM,days_abs,d_SAI_minus_target,WCA,W.C.Asia,-6.193192848988488
CESM2-WACCM,days_abs,d_SAI_minus_target,ECA,E.C.Asia,0.2684423433504799
CESM2-WACCM,days_abs,d_SAI_minus_target,TIB,Tibetan-Plateau,1.1053007377286537
CESM2-WACCM,days_abs,d_SAI_minus_target,EAS,E.Asia,0.1542955461410064
CESM2-WACCM,days_abs,d_SAI_minus_target,ARP,Arabian-Peninsula,-2.386604825122541
CESM2-WACCM,days_abs,d_SAI_minus_target,SAS,S.Asia,11.380361118461224
CESM2-WACCM,days_abs,d_SAI_minus_target,SEA,S.E.Asia,1.8748272806106305
CESM2-WACCM,days_abs,d_SAI_minus_target,NAU,N.Australia,9.328241535659139
CESM2-WACCM,days_abs,d_SAI_minus_target,CAU,C.Australia,3.5267987032727675
CESM2-WACCM,days_abs,d_SAI_minus_target,EAU,E.Australia,-1.695605976725752
CESM2-WACCM,days_abs,d_SAI_minus_target,SAU,S.Australia,-1.8255418890285349
CESM2-WACCM,days_abs,d_SAI_minus_target,NZ,New-Zealand,0.0006436729265848891
CESM2-WACCM,days_abs,d_SAI_minus_target,EAN,E.Antarctica,
CESM2-WACCM,days_abs,d_SAI_minus_target,WAN,W.Antarctica,
CESM2-WACCM,days_abs,d_HiLLA_minus_target,GIC,Greenland/Iceland,
CESM2-WACCM,days_abs,d_HiLLA_minus_target,NWN,N.W.North-America,-0.16914437574731897
CESM2-WACCM,days_abs,d_HiLLA_minus_target,NEN,N.E.North-America,-0.07122986921803896
CESM2-WACCM,days_abs,d_HiLLA_minus_target,WNA,W.North-America,-4.8853399461187355
CESM2-WACCM,days_abs,d_HiLLA_minus_target,CNA,C.North-America,-5.9004967511822874
CESM2-WACCM,days_abs,d_HiLLA_minus_target,ENA,E.North-America,-0.5044898875771057
CESM2-WACCM,days_abs,d_HiLLA_minus_target,NCA,N.Central-America,4.823036862748146
CESM2-WACCM,days_abs,d_HiLLA_minus_target,SCA,S.Central-America,1.142775205371397
CESM2-WACCM,days_abs,d_HiLLA_minus_target,CAR,Caribbean,3.6122507866075155
CESM2-WACCM,days_abs,d_HiLLA_minus_target,NWS,N.W.South-America,-1.3192294676080267
CESM2-WACCM,days_abs,d_HiLLA_minus_target,NSA,N.South-America,-0.05631379020577049
CESM2-WACCM,days_abs,d_HiLLA_minus_target,NES,N.E.South-America,-6.064170217368241
CESM2-WACCM,days_abs,d_HiLLA_minus_target,SAM,South-American-Monsoon,-3.374109806872913
CESM2-WACCM,days_abs,d_HiLLA_minus_target,SWS,S.W.South-America,-3.442375065361541
CESM2-WACCM,days_abs,d_HiLLA_minus_target,SES,S.E.South-America,-8.218382895837228
CESM2-WACCM,days_abs,d_HiLLA_minus_target,SSA,S.South-America,-3.8925515696954114
CESM2-WACCM,days_abs,d_HiLLA_minus_target,NEU,N.Europe,-0.02099864915319786
CESM2-WACCM,days_abs,d_HiLLA_minus_target,WCE,West&Central-Europe,-1.537615973480744
CESM2-WACCM,days_abs,d_HiLLA_minus_target,EEU,E.Europe,-4.725878273036718
CESM2-WACCM,days_abs,d_HiLLA_minus_target,MED,Mediterranean,0.9964299116346781
CESM2-WACCM,days_abs,d_HiLLA_minus_target,SAH,Sahara,6.158516399243311
CESM2-WACCM,days_abs,d_HiLLA_minus_target,WAF,Western-Africa,13.72942670421824
CESM2-WACCM,days_abs,d_HiLLA_minus_target,CAF,Central-Africa,7.097706480167847
CESM2-WACCM,days_abs,d_HiLLA_minus_target,NEAF,N.Eastern-Africa,5.464328085602714
CESM2-WACCM,days_abs,d_HiLLA_minus_target,SEAF,S.Eastern-Africa,-1.9782998874742945
CESM2-WACCM,days_abs,d_HiLLA_minus_target,WSAF,W.Southern-Africa,12.652506198131665
CESM2-WACCM,days_abs,d_HiLLA_minus_target,ESAF,E.Southern-Africa,4.610640183673419
CESM2-WACCM,days_abs,d_HiLLA_minus_target,MDG,Madagascar,-4.404528630176957
CESM2-WACCM,days_abs,d_HiLLA_minus_target,RAR,Russian-Arctic,-0.0002547870529043651
CESM2-WACCM,days_abs,d_HiLLA_minus_target,WSB,W.Siberia,-3.0294629217186175
CESM2-WACCM,days_abs,d_HiLLA_minus_target,ESB,E.Siberia,-0.23720235743173662
CESM2-WACCM,days_abs,d_HiLLA_minus_target,RFE,Russian-Far-East,-0.006562655528085382
CESM2-WACCM,days_abs,d_HiLLA_minus_target,WCA,W.C.Asia,2.1777967892938666
CESM2-WACCM,days_abs,d_HiLLA_minus_target,ECA,E.C.Asia,0.4396847968028803
CESM2-WACCM,days_abs,d_HiLLA_minus_target,TIB,Tibetan-Plateau,2.0261844706178684
CESM2-WACCM,days_abs,d_HiLLA_minus_target,EAS,E.Asia,0.13753604992067972
CESM2-WACCM,days_abs,d_HiLLA_minus_target,ARP,Arabian-Peninsula,7.439348769230586
CESM2-WACCM,days_abs,d_HiLLA_minus_target,SAS,S.Asia,14.178034532652601
CESM2-WACCM,days_abs,d_HiLLA_minus_target,SEA,S.E.Asia,1.3740253697023883
CESM2-WACCM,days_abs,d_HiLLA_minus_target,NAU,N.Australia,-5.223855564379372
CESM2-WACCM,days_abs,d_HiLLA_minus_target,CAU,C.Australia,-12.01588483846937
CESM2-WACCM,days_abs,d_HiLLA_minus_target,EAU,E.Australia,-3.719864190450425
CESM2-WACCM,days_abs,d_HiLLA_minus_target,SAU,S.Australia,-4.450265736959179
CESM2-WACCM,days_abs,d_HiLLA_minus_target,NZ,New-Zealand,0.0
CESM2-WACCM,days_abs,d_HiLLA_minus_target,EAN,E.Antarctica,
CESM2-WACCM,days_abs,d_HiLLA_minus_target,WAN,W.Antarctica,
MIROC-ES2H,days_p95,target,GIC,Greenland/Iceland,
MIROC-ES2H,days_p95,target,NWN,N.W.North-America,18.266666666666737
MIROC-ES2H,days_p95,target,NEN,N.E.North-America,18.26666666666669
MIROC-ES2H,days_p95,target,WNA,W.North-America,18.266666666666666
MIROC-ES2H,days_p95,target,CNA,C.North-America,18.266666666666676
MIROC-ES2H,days_p95,target,ENA,E.North-America,18.266666666666673
MIROC-ES2H,days_p95,target,NCA,N.Central-America,18.26340765049862
MIROC-ES2H,days_p95,target,SCA,S.Central-America,18.266666666666666
MIROC-ES2H,days_p95,target,CAR,Caribbean,18.266666666666666
MIROC-ES2H,days_p95,target,NWS,N.W.South-America,18.266666666666666
MIROC-ES2H,days_p95,target,NSA,N.South-America,18.266666666666666
MIROC-ES2H,days_p95,target,NES,N.E.South-America,18.266666666666666
MIROC-ES2H,days_p95,target,SAM,South-American-Monsoon,18.2665313052959
MIROC-ES2H,days_p95,target,SWS,S.W.South-America,18.26666666666667
MIROC-ES2H,days_p95,target,SES,S.E.South-America,18.266666666666683
MIROC-ES2H,days_p95,target,SSA,S.South-America,18.26666666666667
MIROC-ES2H,days_p95,target,NEU,N.Europe,18.266666666666648
MIROC-ES2H,days_p95,target,WCE,West&Central-Europe,18.2666666666666
MIROC-ES2H,days_p95,target,EEU,E.Europe,18.26666666666667
MIROC-ES2H,days_p95,target,MED,Mediterranean,18.254243387955487
MIROC-ES2H,days_p95,target,SAH,Sahara,18.22236457775177
MIROC-ES2H,days_p95,target,WAF,Western-Africa,18.26652909330865
MIROC-ES2H,days_p95,target,CAF,Central-Africa,18.2661610194263
MIROC-ES2H,days_p95,target,NEAF,N.Eastern-Africa,18.266666666666676
MIROC-ES2H,days_p95,target,SEAF,S.Eastern-Africa,18.266666666666666
MIROC-ES2H,days_p95,target,WSAF,W.Southern-Africa,18.266531948455892
MIROC-ES2H,days_p95,target,ESAF,E.Southern-Africa,18.266666666666673
MIROC-ES2H,days_p95,target,MDG,Madagascar,18.26666666666667
MIROC-ES2H,days_p95,target,RAR,Russian-Arctic,18.26663281083084
MIROC-ES2H,days_p95,target,WSB,W.Siberia,18.2666025126083
MIROC-ES2H,days_p95,target,ESB,E.Siberia,18.266666666666563
MIROC-ES2H,days_p95,target,RFE,Russian-Far-East,18.266666666666698
MIROC-ES2H,days_p95,target,WCA,W.C.Asia,18.222943850919886
MIROC-ES2H,days_p95,target,ECA,E.C.Asia,18.26666666666668
MIROC-ES2H,days_p95,target,TIB,Tibetan-Plateau,18.266666666666673
MIROC-ES2H,days_p95,target,EAS,E.Asia,18.26666666666666
MIROC-ES2H,days_p95,target,ARP,Arabian-Peninsula,18.23045150974786
MIROC-ES2H,days_p95,target,SAS,S.Asia,18.26590072178026
MIROC-ES2H,days_p95,target,SEA,S.E.Asia,18.266666666666662
MIROC-ES2H,days_p95,target,NAU,N.Australia,18.26666666666666
MIROC-ES2H,days_p95,target,CAU,C.Australia,18.26666666666669
MIROC-ES2H,days_p95,target,EAU,E.Australia,18.26666666666667
MIROC-ES2H,days_p95,target,SAU,S.Australia,18.266666666666676
MIROC-ES2H,days_p95,target,NZ,New-Zealand,18.266666666666662
MIROC-ES2H,days_p95,target,EAN,E.Antarctica,
MIROC-ES2H,days_p95,target,WAN,W.Antarctica,
MIROC-ES2H,days_p95,ssp245,GIC,Greenland/Iceland,
MIROC-ES2H,days_p95,ssp245,NWN,N.W.North-America,23.721433049846702
MIROC-ES2H,days_p95,ssp245,NEN,N.E.North-America,22.773924574459283
MIROC-ES2H,days_p95,ssp245,WNA,W.North-America,22.04817823186725
MIROC-ES2H,days_p95,ssp245,CNA,C.North-America,30.913380653060685
MIROC-ES2H,days_p95,ssp245,ENA,E.North-America,19.6760035193629
MIROC-ES2H,days_p95,ssp245,NCA,N.Central-America,24.235518818658655
MIROC-ES2H,days_p95,ssp245,SCA,S.Central-America,24.170064881305283
MIROC-ES2H,days_p95,ssp245,CAR,Caribbean,23.507177672257498
MIROC-ES2H,days_p95,ssp245,NWS,N.W.South-America,19.494619416016377
MIROC-ES2H,days_p95,ssp245,NSA,N.South-America,23.75753667518713
MIROC-ES2H,days_p95,ssp245,NES,N.E.South-America,30.38653103394544
MIROC-ES2H,days_p95,ssp245,SAM,South-American-Monsoon,27.115047637971532
MIROC-ES2H,days_p95,ssp245,SWS,S.W.South-America,27.136297642196507
MIROC-ES2H,days_p95,ssp245,SES,S.E.South-America,20.78813304137114
MIROC-ES2H,days_p95,ssp245,SSA,S.South-America,26.09614219991352
MIROC-ES2H,days_p95,ssp245,NEU,N.Europe,21.10201757116447
MIROC-ES2H,days_p95,ssp245,WCE,West&Central-Europe,26.80130795854365
MIROC-ES2H,days_p95,ssp245,EEU,E.Europe,30.525808194783657
MIROC-ES2H,days_p95,ssp245,MED,Mediterranean,32.96541568234147
MIROC-ES2H,days_p95,ssp245,SAH,Sahara,27.44154397079569
MIROC-ES2H,days_p95,ssp245,WAF,Western-Africa,28.49756794854917
MIROC-ES2H,days_p95,ssp245,CAF,Central-Africa,23.583353332947325
MIROC-ES2H,days_p95,ssp245,NEAF,N.Eastern-Africa,23.658605853923824
MIROC-ES2H,days_p95,ssp245,SEAF,S.Eastern-Africa,23.42393604933395
MIROC-ES2H,days_p95,ssp245,WSAF,W.Southern-Africa,26.823702357867923
MIROC-ES2H,days_p95,ssp245,ESAF,E.Southern-Africa,28.07142727936636
MIROC-ES2H,days_p95,ssp245,MDG,Madagascar,28.465038061299428
MIROC-ES2H,days_p95,ssp245,RAR,Russian-Arctic,26.08114737733686
MIROC-ES2H,days_p95,ssp245,WSB,W.Siberia,22.781769344096553
MIROC-ES2H,days_p95,ssp245,ESB,E.Siberia,20.900421474378255
MIROC-ES2H,days_p95,ssp245,RFE,Russian-Far-East,20.027047038588737
MIROC-ES2H,days_p95,ssp245,WCA,W.C.Asia,23.47250076958229
MIROC-ES2H,days_p95,ssp245,ECA,E.C.Asia,18.71589959628328
MIROC-ES2H,days_p95,ssp245,TIB,Tibetan-Plateau,25.225560749511324
MIROC-ES2H,days_p95,ssp245,EAS,E.Asia,23.01050146351518
MIROC-ES2H,days_p95,ssp245,ARP,Arabian-Peninsula,21.949132609127435
MIROC-ES2H,days_p95,ssp245,SAS,S.Asia,19.997118244147433
MIROC-ES2H,days_p95,ssp245,SEA,S.E.Asia,17.09267095004462
MIROC-ES2H,days_p95,ssp245,NAU,N.Australia,20.651887979536827
MIROC-ES2H,days_p95,ssp245,CAU,C.Australia,19.149518303518295
MIROC-ES2H,days_p95,ssp245,EAU,E.Australia,16.139789744452308
MIROC-ES2H,days_p95,ssp245,SAU,S.Australia,18.4514412697829
MIROC-ES2H,days_p95,ssp245,NZ,New-Zealand,21.515796387862174
MIROC-ES2H,days_p95,ssp245,EAN,E.Antarctica,
MIROC-ES2H,days_p95,ssp245,WAN,W.Antarctica,
MIROC-ES2H,days_p95,G6-1.5K-SAI,GIC,Greenland/Iceland,
MIROC-ES2H,days_p95,G6-1.5K-SAI,NWN,N.W.North-America,18.125476777955257
MIROC-ES2H,days_p95,G6-1.5K-SAI,NEN,N.E.North-America,17.35000322690684
MIROC-ES2H,days_p95,G6-1.5K-SAI,WNA,W.North-America,18.804980015409996
MIROC-ES2H,days_p95,G6-1.5K-SAI,CNA,C.North-America,24.04791735730055
MIROC-ES2H,days_p95,G6-1.5K-SAI,ENA,E.North-America,17.659019214081944
MIROC-ES2H,days_p95,G6-1.5K-SAI,NCA,N.Central-America,17.29153314374429
MIROC-ES2H,days_p95,G6-1.5K-SAI,SCA,S.Central-America,12.691141499618542
MIROC-ES2H,days_p95,G6-1.5K-SAI,CAR,Caribbean,13.136233439615948
MIROC-ES2H,days_p95,G6-1.5K-SAI,NWS,N.W.South-America,17.09211856527918
MIROC-ES2H,days_p95,G6-1.5K-SAI,NSA,N.South-America,17.78684050858006
MIROC-ES2H,days_p95,G6-1.5K-SAI,NES,N.E.South-America,17.208615410790802
MIROC-ES2H,days_p95,G6-1.5K-SAI,SAM,South-American-Monsoon,14.662588548964125
MIROC-ES2H,days_p95,G6-1.5K-SAI,SWS,S.W.South-America,19.294900691742598
MIROC-ES2H,days_p95,G6-1.5K-SAI,SES,S.E.South-America,13.049080642577067
MIROC-ES2H,days_p95,G6-1.5K-SAI,SSA,S.South-America,19.859085786409103
MIROC-ES2H,days_p95,G6-1.5K-SAI,NEU,N.Europe,17.302282444949753
MIROC-ES2H,days_p95,G6-1.5K-SAI,WCE,West&Central-Europe,18.902608924107774
MIROC-ES2H,days_p95,G6-1.5K-SAI,EEU,E.Europe,20.097368021378152
MIROC-ES2H,days_p95,G6-1.5K-SAI,MED,Mediterranean,18.412507444643918
MIROC-ES2H,days_p95,G6-1.5K-SAI,SAH,Sahara,17.98668431619857
MIROC-ES2H,days_p95,G6-1.5K-SAI,WAF,Western-Africa,20.95802843106765
MIROC-ES2H,days_p95,G6-1.5K-SAI,CAF,Central-Africa,18.67642164678358
MIROC-ES2H,days_p95,G6-1.5K-SAI,NEAF,N.Eastern-Africa,18.292372440220134
MIROC-ES2H,days_p95,G6-1.5K-SAI,SEAF,S.Eastern-Africa,16.772877535229927
MIROC-ES2H,days_p95,G6-1.5K-SAI,WSAF,W.Southern-Africa,19.197466606626058
MIROC-ES2H,days_p95,G6-1.5K-SAI,ESAF,E.Southern-Africa,19.330058125979726
MIROC-ES2H,days_p95,G6-1.5K-SAI,MDG,Madagascar,18.37927317565316
MIROC-ES2H,days_p95,G6-1.5K-SAI,RAR,Russian-Arctic,19.65759400938053
MIROC-ES2H,days_p95,G6-1.5K-SAI,WSB,W.Siberia,18.24804069131942
MIROC-ES2H,days_p95,G6-1.5K-SAI,ESB,E.Siberia,19.121324150764732
MIROC-ES2H,days_p95,G6-1.5K-SAI,RFE,Russian-Far-East,19.16405340403894
MIROC-ES2H,days_p95,G6-1.5K-SAI,WCA,W.C.Asia,16.058505945829026
MIROC-ES2H,days_p95,G6-1.5K-SAI,ECA,E.C.Asia,15.778430162791167
MIROC-ES2H,days_p95,G6-1.5K-SAI,TIB,Tibetan-Plateau,20.888810527781512
MIROC-ES2H,days_p95,G6-1.5K-SAI,EAS,E.Asia,17.236643883934278
MIROC-ES2H,days_p95,G6-1.5K-SAI,ARP,Arabian-Peninsula,19.058984556805065
MIROC-ES2H,days_p95,G6-1.5K-SAI,SAS,S.Asia,20.83776382075866
MIROC-ES2H,days_p95,G6-1.5K-SAI,SEA,S.E.Asia,16.96653457148062
MIROC-ES2H,days_p95,G6-1.5K-SAI,NAU,N.Australia,16.18569736969061
MIROC-ES2H,days_p95,G6-1.5K-SAI,CAU,C.Australia,15.930041355673785
MIROC-ES2H,days_p95,G6-1.5K-SAI,EAU,E.Australia,12.187276156365627
MIROC-ES2H,days_p95,G6-1.5K-SAI,SAU,S.Australia,13.588504677133153
MIROC-ES2H,days_p95,G6-1.5K-SAI,NZ,New-Zealand,18.648225065290312
MIROC-ES2H,days_p95,G6-1.5K-SAI,EAN,E.Antarctica,
MIROC-ES2H,days_p95,G6-1.5K-SAI,WAN,W.Antarctica,
MIROC-ES2H,days_p95,G6-1.5K-HiLLA,GIC,Greenland/Iceland,
MIROC-ES2H,days_p95,G6-1.5K-HiLLA,NWN,N.W.North-America,17.701329266874755
MIROC-ES2H,days_p95,G6-1.5K-HiLLA,NEN,N.E.North-America,16.370123236888894
MIROC-ES2H,days_p95,G6-1.5K-HiLLA,WNA,W.North-America,15.48420898562552
MIROC-ES2H,days_p95,G6-1.5K-HiLLA,CNA,C.North-America,19.65517756133111
MIROC-ES2H,days_p95,G6-1.5K-HiLLA,ENA,E.North-America,15.82740639578144
MIROC-ES2H,days_p95,G6-1.5K-HiLLA,NCA,N.Central-America,15.589528243502063
MIROC-ES2H,days_p95,G6-1.5K-HiLLA,SCA,S.Central-America,15.049703444000848
MIROC-ES2H,days_p95,G6-1.5K-HiLLA,CAR,Caribbean,17.27570904727209
MIROC-ES2H,days_p95,G6-1.5K-HiLLA,NWS,N.W.South-America,19.236365375997693
MIROC-ES2H,days_p95,G6-1.5K-HiLLA,NSA,N.South-America,21.57680940711616
MIROC-ES2H,days_p95,G6-1.5K-HiLLA,NES,N.E.South-America,20.499618386826615
MIROC-ES2H,days_p95,G6-1.5K-HiLLA,SAM,South-American-Monsoon,17.574501999985234
MIROC-ES2H,days_p95,G6-1.5K-HiLLA,SWS,S.W.South-America,20.499211203143926
MIROC-ES2H,days_p95,G6-1.5K-HiLLA,SES,S.E.South-America,14.136520792610364
MIROC-ES2H,days_p95,G6-1.5K-HiLLA,SSA,S.South-America,18.44886217791489
MIROC-ES2H,days_p95,G6-1.5K-HiLLA,NEU,N.Europe,17.517320885951772
MIROC-ES2H,days_p95,G6-1.5K-HiLLA,WCE,West&Central-Europe,18.433122629659824
MIROC-ES2H,days_p95,G6-1.5K-HiLLA,EEU,E.Europe,23.963027816940333
MIROC-ES2H,days_p95,G6-1.5K-HiLLA,MED,Mediterranean,19.336551663238993
MIROC-ES2H,days_p95,G6-1.5K-HiLLA,SAH,Sahara,18.14226626543659
MIROC-ES2H,days_p95,G6-1.5K-HiLLA,WAF,Western-Africa,18.804483616713444
MIROC-ES2H,days_p95,G6-1.5K-HiLLA,CAF,Central-Africa,16.860696607626416
MIROC-ES2H,days_p95,G6-1.5K-HiLLA,NEAF,N.Eastern-Africa,16.017465208320836
MIROC-ES2H,days_p95,G6-1.5K-HiLLA,SEAF,S.Eastern-Africa,16.045875738693343
MIROC-ES2H,days_p95,G6-1.5K-HiLLA,WSAF,W.Southern-Africa,21.979010289192214
MIROC-ES2H,days_p95,G6-1.5K-HiLLA,ESAF,E.Southern-Africa,19.93835557018734
MIROC-ES2H,days_p95,G6-1.5K-HiLLA,MDG,Madagascar,20.657599739702697
MIROC-ES2H,days_p95,G6-1.5K-HiLLA,RAR,Russian-Arctic,18.59814453179827
MIROC-ES2H,days_p95,G6-1.5K-HiLLA,WSB,W.Siberia,16.206873959604618
MIROC-ES2H,days_p95,G6-1.5K-HiLLA,ESB,E.Siberia,18.123879238430856
MIROC-ES2H,days_p95,G6-1.5K-HiLLA,RFE,Russian-Far-East,18.69221112183165
MIROC-ES2H,days_p95,G6-1.5K-HiLLA,WCA,W.C.Asia,16.315624721730355
MIROC-ES2H,days_p95,G6-1.5K-HiLLA,ECA,E.C.Asia,15.041787894913956
MIROC-ES2H,days_p95,G6-1.5K-HiLLA,TIB,Tibetan-Plateau,22.063362755393744
MIROC-ES2H,days_p95,G6-1.5K-HiLLA,EAS,E.Asia,19.045207969925087
MIROC-ES2H,days_p95,G6-1.5K-HiLLA,ARP,Arabian-Peninsula,19.374723264749928
MIROC-ES2H,days_p95,G6-1.5K-HiLLA,SAS,S.Asia,19.476138273547605
MIROC-ES2H,days_p95,G6-1.5K-HiLLA,SEA,S.E.Asia,19.255063139962655
MIROC-ES2H,days_p95,G6-1.5K-HiLLA,NAU,N.Australia,19.931994128851517
MIROC-ES2H,days_p95,G6-1.5K-HiLLA,CAU,C.Australia,18.619776561330497
MIROC-ES2H,days_p95,G6-1.5K-HiLLA,EAU,E.Australia,17.060787092138376
MIROC-ES2H,days_p95,G6-1.5K-HiLLA,SAU,S.Australia,17.027929402523007
MIROC-ES2H,days_p95,G6-1.5K-HiLLA,NZ,New-Zealand,19.45707631980628
MIROC-ES2H,days_p95,G6-1.5K-HiLLA,EAN,E.Antarctica,
MIROC-ES2H,days_p95,G6-1.5K-HiLLA,WAN,W.Antarctica,
MIROC-ES2H,days_p95,d_ssp245_minus_target,GIC,Greenland/Iceland,
MIROC-ES2H,days_p95,d_ssp245_minus_target,NWN,N.W.North-America,5.454766383179975
MIROC-ES2H,days_p95,d_ssp245_minus_target,NEN,N.E.North-America,4.507257907792591
MIROC-ES2H,days_p95,d_ssp245_minus_target,WNA,W.North-America,3.781511565200563
MIROC-ES2H,days_p95,d_ssp245_minus_target,CNA,C.North-America,12.646713986394012
MIROC-ES2H,days_p95,d_ssp245_minus_target,ENA,E.North-America,1.4093368526962347
MIROC-ES2H,days_p95,d_ssp245_minus_target,NCA,N.Central-America,5.972111168160035
MIROC-ES2H,days_p95,d_ssp245_minus_target,SCA,S.Central-America,5.903398214638616
MIROC-ES2H,days_p95,d_ssp245_minus_target,CAR,Caribbean,5.2405110055908315
MIROC-ES2H,days_p95,d_ssp245_minus_target,NWS,N.W.South-America,1.2279527493497138
MIROC-ES2H,days_p95,d_ssp245_minus_target,NSA,N.South-America,5.490870008520458
MIROC-ES2H,days_p95,d_ssp245_minus_target,NES,N.E.South-America,12.119864367278781
MIROC-ES2H,days_p95,d_ssp245_minus_target,SAM,South-American-Monsoon,8.848516332675628
MIROC-ES2H,days_p95,d_ssp245_minus_target,SWS,S.W.South-America,8.869630975529844
MIROC-ES2H,days_p95,d_ssp245_minus_target,SES,S.E.South-America,2.521466374704463
MIROC-ES2H,days_p95,d_ssp245_minus_target,SSA,S.South-America,7.8294755332468515
MIROC-ES2H,days_p95,d_ssp245_minus_target,NEU,N.Europe,2.8353509044978273
MIROC-ES2H,days_p95,d_ssp245_minus_target,WCE,West&Central-Europe,8.534641291877026
MIROC-ES2H,days_p95,d_ssp245_minus_target,EEU,E.Europe,12.25914152811698
MIROC-ES2H,days_p95,d_ssp245_minus_target,MED,Mediterranean,14.711172294386001
MIROC-ES2H,days_p95,d_ssp245_minus_target,SAH,Sahara,9.219179393043902
MIROC-ES2H,days_p95,d_ssp245_minus_target,WAF,Western-Africa,10.231038855240522
MIROC-ES2H,days_p95,d_ssp245_minus_target,CAF,Central-Africa,5.317192313521017
MIROC-ES2H,days_p95,d_ssp245_minus_target,NEAF,N.Eastern-Africa,5.391939187257149
MIROC-ES2H,days_p95,d_ssp245_minus_target,SEAF,S.Eastern-Africa,5.157269382667276
MIROC-ES2H,days_p95,d_ssp245_minus_target,WSAF,W.Southern-Africa,8.557170409412024
MIROC-ES2H,days_p95,d_ssp245_minus_target,ESAF,E.Southern-Africa,9.80476061269968
MIROC-ES2H,days_p95,d_ssp245_minus_target,MDG,Madagascar,10.198371394632765
MIROC-ES2H,days_p95,d_ssp245_minus_target,RAR,Russian-Arctic,7.8145145665060465
MIROC-ES2H,days_p95,d_ssp245_minus_target,WSB,W.Siberia,4.515166831488226
MIROC-ES2H,days_p95,d_ssp245_minus_target,ESB,E.Siberia,2.6337548077116604
MIROC-ES2H,days_p95,d_ssp245_minus_target,RFE,Russian-Far-East,1.7603803719220221
MIROC-ES2H,days_p95,d_ssp245_minus_target,WCA,W.C.Asia,5.24955691866242
MIROC-ES2H,days_p95,d_ssp245_minus_target,ECA,E.C.Asia,0.44923292961658473
MIROC-ES2H,days_p95,d_ssp245_minus_target,TIB,Tibetan-Plateau,6.958894082844656
MIROC-ES2H,days_p95,d_ssp245_minus_target,EAS,E.Asia,4.743834796848529
MIROC-ES2H,days_p95,d_ssp245_minus_target,ARP,Arabian-Peninsula,3.7186810993795776
MIROC-ES2H,days_p95,d_ssp245_minus_target,SAS,S.Asia,1.7312175223672053
MIROC-ES2H,days_p95,d_ssp245_minus_target,SEA,S.E.Asia,-1.1739957166220452
MIROC-ES2H,days_p95,d_ssp245_minus_target,NAU,N.Australia,2.3852213128701703
MIROC-ES2H,days_p95,d_ssp245_minus_target,CAU,C.Australia,0.8828516368516075
MIROC-ES2H,days_p95,d_ssp245_minus_target,EAU,E.Australia,-2.1268769222143584
MIROC-ES2H,days_p95,d_ssp245_minus_target,SAU,S.Australia,0.1847746031162359
MIROC-ES2H,days_p95,d_ssp245_minus_target,NZ,New-Zealand,3.2491297211955112
MIROC-ES2H,days_p95,d_ssp245_minus_target,EAN,E.Antarctica,
MIROC-ES2H,days_p95,d_ssp245_minus_target,WAN,W.Antarctica,
MIROC-ES2H,days_p95,d_SAI_minus_ssp245,GIC,Greenland/Iceland,
MIROC-ES2H,days_p95,d_SAI_minus_ssp245,NWN,N.W.North-America,-5.595956271891439
MIROC-ES2H,days_p95,d_SAI_minus_ssp245,NEN,N.E.North-America,-5.423921347552459
MIROC-ES2H,days_p95,d_SAI_minus_ssp245,WNA,W.North-America,-3.2431982164572433
MIROC-ES2H,days_p95,d_SAI_minus_ssp245,CNA,C.North-America,-6.865463295760131
MIROC-ES2H,days_p95,d_SAI_minus_ssp245,ENA,E.North-America,-2.016984305280962
MIROC-ES2H,days_p95,d_SAI_minus_ssp245,NCA,N.Central-America,-6.943985674914374
MIROC-ES2H,days_p95,d_SAI_minus_ssp245,SCA,S.Central-America,-11.47892338168674
MIROC-ES2H,days_p95,d_SAI_minus_ssp245,CAR,Caribbean,-10.370944232641547
MIROC-ES2H,days_p95,d_SAI_minus_ssp245,NWS,N.W.South-America,-2.4025008507372023
MIROC-ES2H,days_p95,d_SAI_minus_ssp245,NSA,N.South-America,-5.97069616660706
MIROC-ES2H,days_p95,d_SAI_minus_ssp245,NES,N.E.South-America,-13.177915623154647
MIROC-ES2H,days_p95,d_SAI_minus_ssp245,SAM,South-American-Monsoon,-12.452459089007407
MIROC-ES2H,days_p95,d_SAI_minus_ssp245,SWS,S.W.South-America,-7.841396950453917
MIROC-ES2H,days_p95,d_SAI_minus_ssp245,SES,S.E.South-America,-7.739052398794071
MIROC-ES2H,days_p95,d_SAI_minus_ssp245,SSA,S.South-America,-6.237056413504409
MIROC-ES2H,days_p95,d_SAI_minus_ssp245,NEU,N.Europe,-3.7997351262147228
MIROC-ES2H,days_p95,d_SAI_minus_ssp245,WCE,West&Central-Europe,-7.898699034435875
MIROC-ES2H,days_p95,d_SAI_minus_ssp245,EEU,E.Europe,-10.428440173405502
MIROC-ES2H,days_p95,d_SAI_minus_ssp245,MED,Mediterranean,-14.552908237697556
MIROC-ES2H,days_p95,d_SAI_minus_ssp245,SAH,Sahara,-9.454859654597112
MIROC-ES2H,days_p95,d_SAI_minus_ssp245,WAF,Western-Africa,-7.539539517481528
MIROC-ES2H,days_p95,d_SAI_minus_ssp245,CAF,Central-Africa,-4.906931686163747
MIROC-ES2H,days_p95,d_SAI_minus_ssp245,NEAF,N.Eastern-Africa,-5.3662334137036956
MIROC-ES2H,days_p95,d_SAI_minus_ssp245,SEAF,S.Eastern-Africa,-6.651058514104017
MIROC-ES2H,days_p95,d_SAI_minus_ssp245,WSAF,W.Southern-Africa,-7.626235751241859
MIROC-ES2H,days_p95,d_SAI_minus_ssp245,ESAF,E.Southern-Africa,-8.74136915338663
MIROC-ES2H,days_p95,d_SAI_minus_ssp245,MDG,Madagascar,-10.085764885646272
MIROC-ES2H,days_p95,d_SAI_minus_ssp245,RAR,Russian-Arctic,-6.423553367956324
MIROC-ES2H,days_p95,d_SAI_minus_ssp245,WSB,W.Siberia,-4.533728652777136
MIROC-ES2H,days_p95,d_SAI_minus_ssp245,ESB,E.Siberia,-1.7790973236135297
MIROC-ES2H,days_p95,d_SAI_minus_ssp245,RFE,Russian-Far-East,-0.8629936345497892
MIROC-ES2H,days_p95,d_SAI_minus_ssp245,WCA,W.C.Asia,-7.413994823753271
MIROC-ES2H,days_p95,d_SAI_minus_ssp245,ECA,E.C.Asia,-2.937469433492107
MIROC-ES2H,days_p95,d_SAI_minus_ssp245,TIB,Tibetan-Plateau,-4.33675022172981
MIROC-ES2H,days_p95,d_SAI_minus_ssp245,EAS,E.Asia,-5.7738575795808975
MIROC-ES2H,days_p95,d_SAI_minus_ssp245,ARP,Arabian-Peninsula,-2.890148052322375
MIROC-ES2H,days_p95,d_SAI_minus_ssp245,SAS,S.Asia,0.8406455766112231
MIROC-ES2H,days_p95,d_SAI_minus_ssp245,SEA,S.E.Asia,-0.12613637856400506
MIROC-ES2H,days_p95,d_SAI_minus_ssp245,NAU,N.Australia,-4.466190609846217
MIROC-ES2H,days_p95,d_SAI_minus_ssp245,CAU,C.Australia,-3.219476947844506
MIROC-ES2H,days_p95,d_SAI_minus_ssp245,EAU,E.Australia,-3.9525135880866826
MIROC-ES2H,days_p95,d_SAI_minus_ssp245,SAU,S.Australia,-4.862936592649749
MIROC-ES2H,days_p95,d_SAI_minus_ssp245,NZ,New-Zealand,-2.8675713225718624
MIROC-ES2H,days_p95,d_SAI_minus_ssp245,EAN,E.Antarctica,
MIROC-ES2H,days_p95,d_SAI_minus_ssp245,WAN,W.Antarctica,
MIROC-ES2H,days_p95,d_HiLLA_minus_ssp245,GIC,Greenland/Iceland,
MIROC-ES2H,days_p95,d_HiLLA_minus_ssp245,NWN,N.W.North-America,-6.020103782971947
MIROC-ES2H,days_p95,d_HiLLA_minus_ssp245,NEN,N.E.North-America,-6.403801337570402
MIROC-ES2H,days_p95,d_HiLLA_minus_ssp245,WNA,W.North-America,-6.563969246241716
MIROC-ES2H,days_p95,d_HiLLA_minus_ssp245,CNA,C.North-America,-11.258203091729577
MIROC-ES2H,days_p95,d_HiLLA_minus_ssp245,ENA,E.North-America,-3.848597123581462
MIROC-ES2H,days_p95,d_HiLLA_minus_ssp245,NCA,N.Central-America,-8.645990575156597
MIROC-ES2H,days_p95,d_HiLLA_minus_ssp245,SCA,S.Central-America,-9.120361437304435
MIROC-ES2H,days_p95,d_HiLLA_minus_ssp245,CAR,Caribbean,-6.231468624985405
MIROC-ES2H,days_p95,d_HiLLA_minus_ssp245,NWS,N.W.South-America,-0.2582540400186844
MIROC-ES2H,days_p95,d_HiLLA_minus_ssp245,NSA,N.South-America,-2.180727268070965
MIROC-ES2H,days_p95,d_HiLLA_minus_ssp245,NES,N.E.South-America,-9.886912647118827
MIROC-ES2H,days_p95,d_HiLLA_minus_ssp245,SAM,South-American-Monsoon,-9.540545637986302
MIROC-ES2H,days_p95,d_HiLLA_minus_ssp245,SWS,S.W.South-America,-6.637086439052584
MIROC-ES2H,days_p95,d_HiLLA_minus_ssp245,SES,S.E.South-America,-6.651612248760768
MIROC-ES2H,days_p95,d_HiLLA_minus_ssp245,SSA,S.South-America,-7.6472800219986246
MIROC-ES2H,days_p95,d_HiLLA_minus_ssp245,NEU,N.Europe,-3.5846966852126987
MIROC-ES2H,days_p95,d_HiLLA_minus_ssp245,WCE,West&Central-Europe,-8.368185328883834
MIROC-ES2H,days_p95,d_HiLLA_minus_ssp245,EEU,E.Europe,-6.562780377843329
MIROC-ES2H,days_p95,d_HiLLA_minus_ssp245,MED,Mediterranean,-13.628864019102474
MIROC-ES2H,days_p95,d_HiLLA_minus_ssp245,SAH,Sahara,-9.299277705359097
MIROC-ES2H,days_p95,d_HiLLA_minus_ssp245,WAF,Western-Africa,-9.693084331835731
MIROC-ES2H,days_p95,d_HiLLA_minus_ssp245,CAF,Central-Africa,-6.722656725320903
MIROC-ES2H,days_p95,d_HiLLA_minus_ssp245,NEAF,N.Eastern-Africa,-7.641140645602993
MIROC-ES2H,days_p95,d_HiLLA_minus_ssp245,SEAF,S.Eastern-Africa,-7.378060310640609
MIROC-ES2H,days_p95,d_HiLLA_minus_ssp245,WSAF,W.Southern-Africa,-4.844692068675707
MIROC-ES2H,days_p95,d_HiLLA_minus_ssp245,ESAF,E.Southern-Africa,-8.133071709179013
MIROC-ES2H,days_p95,d_HiLLA_minus_ssp245,MDG,Madagascar,-7.807438321596735
MIROC-ES2H,days_p95,d_HiLLA_minus_ssp245,RAR,Russian-Arctic,-7.483002845538593
MIROC-ES2H,days_p95,d_HiLLA_minus_ssp245,WSB,W.Siberia,-6.574895384491942
MIROC-ES2H,days_p95,d_HiLLA_minus_ssp245,ESB,E.Siberia,-2.7765422359474092
MIROC-ES2H,days_p95,d_HiLLA_minus_ssp245,RFE,Russian-Far-East,-1.3348359167570814
MIROC-ES2H,days_p95,d_HiLLA_minus_ssp245,WCA,W.C.Asia,-7.156876047851932
MIROC-ES2H,days_p95,d_HiLLA_minus_ssp245,ECA,E.C.Asia,-3.674111701369329
MIROC-ES2H,days_p95,d_HiLLA_minus_ssp245,TIB,Tibetan-Plateau,-3.162197994117575
MIROC-ES2H,days_p95,d_HiLLA_minus_ssp245,EAS,E.Asia,-3.965293493590092
MIROC-ES2H,days_p95,d_HiLLA_minus_ssp245,ARP,Arabian-Peninsula,-2.5744093443775125
MIROC-ES2H,days_p95,d_HiLLA_minus_ssp245,SAS,S.Asia,-0.5209799705998349
MIROC-ES2H,days_p95,d_HiLLA_minus_ssp245,SEA,S.E.Asia,2.1623921899180294
MIROC-ES2H,days_p95,d_HiLLA_minus_ssp245,NAU,N.Australia,-0.7198938506853113
MIROC-ES2H,days_p95,d_HiLLA_minus_ssp245,CAU,C.Australia,-0.5297417421877992
MIROC-ES2H,days_p95,d_HiLLA_minus_ssp245,EAU,E.Australia,0.9209973476860661
MIROC-ES2H,days_p95,d_HiLLA_minus_ssp245,SAU,S.Australia,-1.423511867259893
MIROC-ES2H,days_p95,d_HiLLA_minus_ssp245,NZ,New-Zealand,-2.058720068055893
MIROC-ES2H,days_p95,d_HiLLA_minus_ssp245,EAN,E.Antarctica,
MIROC-ES2H,days_p95,d_HiLLA_minus_ssp245,WAN,W.Antarctica,
MIROC-ES2H,days_p95,d_HiLLA_minus_SAI,GIC,Greenland/Iceland,
MIROC-ES2H,days_p95,d_HiLLA_minus_SAI,NWN,N.W.North-America,-0.42414751108051113
MIROC-ES2H,days_p95,d_HiLLA_minus_SAI,NEN,N.E.North-America,-0.9798799900179458
MIROC-ES2H,days_p95,d_HiLLA_minus_SAI,WNA,W.North-America,-3.3207710297844732
MIROC-ES2H,days_p95,d_HiLLA_minus_SAI,CNA,C.North-America,-4.392739795969443
MIROC-ES2H,days_p95,d_HiLLA_minus_SAI,ENA,E.North-America,-1.831612818300502
MIROC-ES2H,days_p95,d_HiLLA_minus_SAI,NCA,N.Central-America,-1.7020049002422242
MIROC-ES2H,days_p95,d_HiLLA_minus_SAI,SCA,S.Central-America,2.358561944382307
MIROC-ES2H,days_p95,d_HiLLA_minus_SAI,CAR,Caribbean,4.139475607656143
MIROC-ES2H,days_p95,d_HiLLA_minus_SAI,NWS,N.W.South-America,2.1442468107185184
MIROC-ES2H,days_p95,d_HiLLA_minus_SAI,NSA,N.South-America,3.7899688985360944
MIROC-ES2H,days_p95,d_HiLLA_minus_SAI,NES,N.E.South-America,3.2910029760358213
MIROC-ES2H,days_p95,d_HiLLA_minus_SAI,SAM,South-American-Monsoon,2.911913451021106
MIROC-ES2H,days_p95,d_HiLLA_minus_SAI,SWS,S.W.South-America,1.204310511401334
MIROC-ES2H,days_p95,d_HiLLA_minus_SAI,SES,S.E.South-America,1.0874401500333017
MIROC-ES2H,days_p95,d_HiLLA_minus_SAI,SSA,S.South-America,-1.4102236084942144
MIROC-ES2H,days_p95,d_HiLLA_minus_SAI,NEU,N.Europe,0.21503844100202416
MIROC-ES2H,days_p95,d_HiLLA_minus_SAI,WCE,West&Central-Europe,-0.4694862944479549
MIROC-ES2H,days_p95,d_HiLLA_minus_SAI,EEU,E.Europe,3.8656597955621694
MIROC-ES2H,days_p95,d_HiLLA_minus_SAI,MED,Mediterranean,0.9240442185950714
MIROC-ES2H,days_p95,d_HiLLA_minus_SAI,SAH,Sahara,0.15558194923801658
MIROC-ES2H,days_p95,d_HiLLA_minus_SAI,WAF,Western-Africa,-2.1535448143542033
MIROC-ES2H,days_p95,d_HiLLA_minus_SAI,CAF,Central-Africa,-1.815725039157155
MIROC-ES2H,days_p95,d_HiLLA_minus_SAI,NEAF,N.Eastern-Africa,-2.2749072318992987
MIROC-ES2H,days_p95,d_HiLLA_minus_SAI,SEAF,S.Eastern-Africa,-0.7270017965365873
MIROC-ES2H,days_p95,d_HiLLA_minus_SAI,WSAF,W.Southern-Africa,2.7815436825661535
MIROC-ES2H,days_p95,d_HiLLA_minus_SAI,ESAF,E.Southern-Africa,0.6082974442076162
MIROC-ES2H,days_p95,d_HiLLA_minus_SAI,MDG,Madagascar,2.278326564049539
MIROC-ES2H,days_p95,d_HiLLA_minus_SAI,RAR,Russian-Arctic,-1.0594494775822654
MIROC-ES2H,days_p95,d_HiLLA_minus_SAI,WSB,W.Siberia,-2.0411667317148043
MIROC-ES2H,days_p95,d_HiLLA_minus_SAI,ESB,E.Siberia,-0.9974449123338789
MIROC-ES2H,days_p95,d_HiLLA_minus_SAI,RFE,Russian-Far-East,-0.47184228220729235
MIROC-ES2H,days_p95,d_HiLLA_minus_SAI,WCA,W.C.Asia,0.25711877590133786
MIROC-ES2H,days_p95,d_HiLLA_minus_SAI,ECA,E.C.Asia,-0.7366422678772228
MIROC-ES2H,days_p95,d_HiLLA_minus_SAI,TIB,Tibetan-Plateau,1.1745522276122349
MIROC-ES2H,days_p95,d_HiLLA_minus_SAI,EAS,E.Asia,1.808564085990809
MIROC-ES2H,days_p95,d_HiLLA_minus_SAI,ARP,Arabian-Peninsula,0.31573870794486225
MIROC-ES2H,days_p95,d_HiLLA_minus_SAI,SAS,S.Asia,-1.3616255472110572
MIROC-ES2H,days_p95,d_HiLLA_minus_SAI,SEA,S.E.Asia,2.2885285684820356
MIROC-ES2H,days_p95,d_HiLLA_minus_SAI,NAU,N.Australia,3.746296759160906
MIROC-ES2H,days_p95,d_HiLLA_minus_SAI,CAU,C.Australia,2.689735205656708
MIROC-ES2H,days_p95,d_HiLLA_minus_SAI,EAU,E.Australia,4.873510935772747
MIROC-ES2H,days_p95,d_HiLLA_minus_SAI,SAU,S.Australia,3.439424725389857
MIROC-ES2H,days_p95,d_HiLLA_minus_SAI,NZ,New-Zealand,0.8088512545159694
MIROC-ES2H,days_p95,d_HiLLA_minus_SAI,EAN,E.Antarctica,
MIROC-ES2H,days_p95,d_HiLLA_minus_SAI,WAN,W.Antarctica,
MIROC-ES2H,days_p95,d_SAI_minus_target,GIC,Greenland/Iceland,
MIROC-ES2H,days_p95,d_SAI_minus_target,NWN,N.W.North-America,-0.1411898887114623
MIROC-ES2H,days_p95,d_SAI_minus_target,NEN,N.E.North-America,-0.9166634397598625
MIROC-ES2H,days_p95,d_SAI_minus_target,WNA,W.North-America,0.5383133487433195
MIROC-ES2H,days_p95,d_SAI_minus_target,CNA,C.North-America,5.781250690633878
MIROC-ES2H,days_p95,d_SAI_minus_target,ENA,E.North-America,-0.6076474525847279
MIROC-ES2H,days_p95,d_SAI_minus_target,NCA,N.Central-America,-0.9718745067543383
MIROC-ES2H,days_p95,d_SAI_minus_target,SCA,S.Central-America,-5.5755251670481245
MIROC-ES2H,days_p95,d_SAI_minus_target,CAR,Caribbean,-5.130433227050717
MIROC-ES2H,days_p95,d_SAI_minus_target,NWS,N.W.South-America,-1.1745481013874892
MIROC-ES2H,days_p95,d_SAI_minus_target,NSA,N.South-America,-0.4798261580866026
MIROC-ES2H,days_p95,d_SAI_minus_target,NES,N.E.South-America,-1.058051255875867
MIROC-ES2H,days_p95,d_SAI_minus_target,SAM,South-American-Monsoon,-3.6039427563317785
MIROC-ES2H,days_p95,d_SAI_minus_target,SWS,S.W.South-America,1.0282340250759283
MIROC-ES2H,days_p95,d_SAI_minus_target,SES,S.E.South-America,-5.217586024089605
MIROC-ES2H,days_p95,d_SAI_minus_target,SSA,S.South-America,1.592419119742443
MIROC-ES2H,days_p95,d_SAI_minus_target,NEU,N.Europe,-0.9643842217168954
MIROC-ES2H,days_p95,d_SAI_minus_target,WCE,West&Central-Europe,0.6359422574411483
MIROC-ES2H,days_p95,d_SAI_minus_target,EEU,E.Europe,1.8307013547114794
MIROC-ES2H,days_p95,d_SAI_minus_target,MED,Mediterranean,0.15826405668845112
MIROC-ES2H,days_p95,d_SAI_minus_target,SAH,Sahara,-0.2356802615532092
MIROC-ES2H,days_p95,d_SAI_minus_target,WAF,Western-Africa,2.6914993377589918
MIROC-ES2H,days_p95,d_SAI_minus_target,CAF,Central-Africa,0.41026062735727087
MIROC-ES2H,days_p95,d_SAI_minus_target,NEAF,N.Eastern-Africa,0.02570577355345572
MIROC-ES2H,days_p95,d_SAI_minus_target,SEAF,S.Eastern-Africa,-1.493789131436742
MIROC-ES2H,days_p95,d_SAI_minus_target,WSAF,W.Southern-Africa,0.9309346581701649
MIROC-ES2H,days_p95,d_SAI_minus_target,ESAF,E.Southern-Africa,1.0633914593130491
MIROC-ES2H,days_p95,d_SAI_minus_target,MDG,Madagascar,0.11260650898649224
MIROC-ES2H,days_p95,d_SAI_minus_target,RAR,Russian-Arctic,1.3909611985497201
MIROC-ES2H,days_p95,d_SAI_minus_target,WSB,W.Siberia,-0.018561821288910926
MIROC-ES2H,days_p95,d_SAI_minus_target,ESB,E.Siberia,0.8546574840981302
MIROC-ES2H,days_p95,d_SAI_minus_target,RFE,Russian-Far-East,0.897386737372233
MIROC-ES2H,days_p95,d_SAI_minus_target,WCA,W.C.Asia,-2.1644379050908524
MIROC-ES2H,days_p95,d_SAI_minus_target,ECA,E.C.Asia,-2.4882365038755205
MIROC-ES2H,days_p95,d_SAI_minus_target,TIB,Tibetan-Plateau,2.622143861114846
MIROC-ES2H,days_p95,d_SAI_minus_target,EAS,E.Asia,-1.0300227827323694
MIROC-ES2H,days_p95,d_SAI_minus_target,ARP,Arabian-Peninsula,0.8285330470572017
MIROC-ES2H,days_p95,d_SAI_minus_target,SAS,S.Asia,2.5718630989784272
MIROC-ES2H,days_p95,d_SAI_minus_target,SEA,S.E.Asia,-1.3001320951860502
MIROC-ES2H,days_p95,d_SAI_minus_target,NAU,N.Australia,-2.080969296976047
MIROC-ES2H,days_p95,d_SAI_minus_target,CAU,C.Australia,-2.3366253109929005
MIROC-ES2H,days_p95,d_SAI_minus_target,EAU,E.Australia,-6.07939051030104
MIROC-ES2H,days_p95,d_SAI_minus_target,SAU,S.Australia,-4.678161989533515
MIROC-ES2H,days_p95,d_SAI_minus_target,NZ,New-Zealand,0.38155839862364904
MIROC-ES2H,days_p95,d_SAI_minus_target,EAN,E.Antarctica,
MIROC-ES2H,days_p95,d_SAI_minus_target,WAN,W.Antarctica,
MIROC-ES2H,days_p95,d_HiLLA_minus_target,GIC,Greenland/Iceland,
MIROC-ES2H,days_p95,d_HiLLA_minus_target,NWN,N.W.North-America,-0.5653373997919727
MIROC-ES2H,days_p95,d_HiLLA_minus_target,NEN,N.E.North-America,-1.8965434297778074
MIROC-ES2H,days_p95,d_HiLLA_minus_target,WNA,W.North-America,-2.7824576810411523
MIROC-ES2H,days_p95,d_HiLLA_minus_target,CNA,C.North-America,1.3885108946644342
MIROC-ES2H,days_p95,d_HiLLA_minus_target,ENA,E.North-America,-2.43926027088523
MIROC-ES2H,days_p95,d_HiLLA_minus_target,NCA,N.Central-America,-2.6738794069965626
MIROC-ES2H,days_p95,d_HiLLA_minus_target,SCA,S.Central-America,-3.2169632226658176
MIROC-ES2H,days_p95,d_HiLLA_minus_target,CAR,Caribbean,-0.9909576193945744
MIROC-ES2H,days_p95,d_HiLLA_minus_target,NWS,N.W.South-America,0.969698709331029
MIROC-ES2H,days_p95,d_HiLLA_minus_target,NSA,N.South-America,3.3101427404494923
MIROC-ES2H,days_p95,d_HiLLA_minus_target,NES,N.E.South-America,2.2329517201599542
MIROC-ES2H,days_p95,d_HiLLA_minus_target,SAM,South-American-Monsoon,-0.6920293053106732
MIROC-ES2H,days_p95,d_HiLLA_minus_target,SWS,S.W.South-America,2.2325445364772625
MIROC-ES2H,days_p95,d_HiLLA_minus_target,SES,S.E.South-America,-4.1301458740563035
MIROC-ES2H,days_p95,d_HiLLA_minus_target,SSA,S.South-America,0.18219551124822841
MIROC-ES2H,days_p95,d_HiLLA_minus_target,NEU,N.Europe,-0.7493457807148715
MIROC-ES2H,days_p95,d_HiLLA_minus_target,WCE,West&Central-Europe,0.1664559629931938
MIROC-ES2H,days_p95,d_HiLLA_minus_target,EEU,E.Europe,5.696361150273648
MIROC-ES2H,days_p95,d_HiLLA_minus_target,MED,Mediterranean,1.0823082752835225
MIROC-ES2H,days_p95,d_HiLLA_minus_target,SAH,Sahara,-0.0800983123151926
MIROC-ES2H,days_p95,d_HiLLA_minus_target,WAF,Western-Africa,0.5379545234047886
MIROC-ES2H,days_p95,d_HiLLA_minus_target,CAF,Central-Africa,-1.4054644117998838
MIROC-ES2H,days_p95,d_HiLLA_minus_target,NEAF,N.Eastern-Africa,-2.249201458345843
MIROC-ES2H,days_p95,d_HiLLA_minus_target,SEAF,S.Eastern-Africa,-2.2207909279733293
MIROC-ES2H,days_p95,d_HiLLA_minus_target,WSAF,W.Southern-Africa,3.7124783407363187
MIROC-ES2H,days_p95,d_HiLLA_minus_target,ESAF,E.Southern-Africa,1.6716889035206657
MIROC-ES2H,days_p95,d_HiLLA_minus_target,MDG,Madagascar,2.3909330730360314
MIROC-ES2H,days_p95,d_HiLLA_minus_target,RAR,Russian-Arctic,0.33151172096745574
MIROC-ES2H,days_p95,d_HiLLA_minus_target,WSB,W.Siberia,-2.059728553003714
MIROC-ES2H,days_p95,d_HiLLA_minus_target,ESB,E.Siberia,-0.1427874282357487
MIROC-ES2H,days_p95,d_HiLLA_minus_target,RFE,Russian-Far-East,0.4255444551649407
MIROC-ES2H,days_p95,d_HiLLA_minus_target,WCA,W.C.Asia,-1.907319129189514
MIROC-ES2H,days_p95,d_HiLLA_minus_target,ECA,E.C.Asia,-3.2248787717527447
MIROC-ES2H,days_p95,d_HiLLA_minus_target,TIB,Tibetan-Plateau,3.796696088727081
MIROC-ES2H,days_p95,d_HiLLA_minus_target,EAS,E.Asia,0.778541303258439
MIROC-ES2H,days_p95,d_HiLLA_minus_target,ARP,Arabian-Peninsula,1.1442717550020638
MIROC-ES2H,days_p95,d_HiLLA_minus_target,SAS,S.Asia,1.2102375517673707
MIROC-ES2H,days_p95,d_HiLLA_minus_target,SEA,S.E.Asia,0.9883964732959847
MIROC-ES2H,days_p95,d_HiLLA_minus_target,NAU,N.Australia,1.6653274621848586
MIROC-ES2H,days_p95,d_HiLLA_minus_target,CAU,C.Australia,0.35310989466380827
MIROC-ES2H,days_p95,d_HiLLA_minus_target,EAU,E.Australia,-1.2058795745282924
MIROC-ES2H,days_p95,d_HiLLA_minus_target,SAU,S.Australia,-1.2387372641436571
MIROC-ES2H,days_p95,d_HiLLA_minus_target,NZ,New-Zealand,1.1904096531396184
MIROC-ES2H,days_p95,d_HiLLA_minus_target,EAN,E.Antarctica,
MIROC-ES2H,days_p95,d_HiLLA_minus_target,WAN,W.Antarctica,
MIROC-ES2H,fwi_fs,target,GIC,Greenland/Iceland,
MIROC-ES2H,fwi_fs,target,NWN,N.W.North-America,3.7210946610106848
MIROC-ES2H,fwi_fs,target,NEN,N.E.North-America,3.2307579251484473
MIROC-ES2H,fwi_fs,target,WNA,W.North-America,27.428858181745554
MIROC-ES2H,fwi_fs,target,CNA,C.North-America,21.016761571809145
MIROC-ES2H,fwi_fs,target,ENA,E.North-America,4.324929606765581
MIROC-ES2H,fwi_fs,target,NCA,N.Central-America,38.65406254449053
MIROC-ES2H,fwi_fs,target,SCA,S.Central-America,13.363180278066798
MIROC-ES2H,fwi_fs,target,CAR,Caribbean,14.069382888967064
MIROC-ES2H,fwi_fs,target,NWS,N.W.South-America,6.743507895668805
MIROC-ES2H,fwi_fs,target,NSA,N.South-America,14.668082808174793
MIROC-ES2H,fwi_fs,target,NES,N.E.South-America,36.41428864507536
MIROC-ES2H,fwi_fs,target,SAM,South-American-Monsoon,20.19447100408124
MIROC-ES2H,fwi_fs,target,SWS,S.W.South-America,30.364423123328244
MIROC-ES2H,fwi_fs,target,SES,S.E.South-America,19.66143440771146
MIROC-ES2H,fwi_fs,target,SSA,S.South-America,13.208118172255762
MIROC-ES2H,fwi_fs,target,NEU,N.Europe,3.9380501485017656
MIROC-ES2H,fwi_fs,target,WCE,West&Central-Europe,14.238882220427602
MIROC-ES2H,fwi_fs,target,EEU,E.Europe,25.733072040939298
MIROC-ES2H,fwi_fs,target,MED,Mediterranean,44.43805102826507
MIROC-ES2H,fwi_fs,target,SAH,Sahara,80.72955614107131
MIROC-ES2H,fwi_fs,target,WAF,Western-Africa,42.136870648096725
MIROC-ES2H,fwi_fs,target,CAF,Central-Africa,25.18281650132542
MIROC-ES2H,fwi_fs,target,NEAF,N.Eastern-Africa,49.277855887838825
MIROC-ES2H,fwi_fs,target,SEAF,S.Eastern-Africa,28.601322152951763
MIROC-ES2H,fwi_fs,target,WSAF,W.Southern-Africa,42.97782791623663
MIROC-ES2H,fwi_fs,target,ESAF,E.Southern-Africa,31.551864807130407
MIROC-ES2H,fwi_fs,target,MDG,Madagascar,14.510122010642764
MIROC-ES2H,fwi_fs,target,RAR,Russian-Arctic,1.146501044382776
MIROC-ES2H,fwi_fs,target,WSB,W.Siberia,24.137252245531574
MIROC-ES2H,fwi_fs,target,ESB,E.Siberia,5.495661365188521
MIROC-ES2H,fwi_fs,target,RFE,Russian-Far-East,0.9933134919789975
MIROC-ES2H,fwi_fs,target,WCA,W.C.Asia,62.69425952057861
MIROC-ES2H,fwi_fs,target,ECA,E.C.Asia,31.70639705138728
MIROC-ES2H,fwi_fs,target,TIB,Tibetan-Plateau,4.468968821718325
MIROC-ES2H,fwi_fs,target,EAS,E.Asia,4.265924715475151
MIROC-ES2H,fwi_fs,target,ARP,Arabian-Peninsula,73.76139687412098
MIROC-ES2H,fwi_fs,target,SAS,S.Asia,36.81151089004502
MIROC-ES2H,fwi_fs,target,SEA,S.E.Asia,8.195399882047928
MIROC-ES2H,fwi_fs,target,NAU,N.Australia,42.78305547938257
MIROC-ES2H,fwi_fs,target,CAU,C.Australia,52.83965131949677
MIROC-ES2H,fwi_fs,target,EAU,E.Australia,23.212851231804684
MIROC-ES2H,fwi_fs,target,SAU,S.Australia,44.06848245349473
MIROC-ES2H,fwi_fs,target,NZ,New-Zealand,2.1790059798072714
MIROC-ES2H,fwi_fs,target,EAN,E.Antarctica,
MIROC-ES2H,fwi_fs,target,WAN,W.Antarctica,
MIROC-ES2H,fwi_fs,ssp245,GIC,Greenland/Iceland,
MIROC-ES2H,fwi_fs,ssp245,NWN,N.W.North-America,4.4800068175929475
MIROC-ES2H,fwi_fs,ssp245,NEN,N.E.North-America,3.8327538115462243
MIROC-ES2H,fwi_fs,ssp245,WNA,W.North-America,28.23414486054894
MIROC-ES2H,fwi_fs,ssp245,CNA,C.North-America,25.809755195414517
MIROC-ES2H,fwi_fs,ssp245,ENA,E.North-America,4.48280311127421
MIROC-ES2H,fwi_fs,ssp245,NCA,N.Central-America,40.5646331308111
MIROC-ES2H,fwi_fs,ssp245,SCA,S.Central-America,14.284084330386904
MIROC-ES2H,fwi_fs,ssp245,CAR,Caribbean,15.039484663364115
MIROC-ES2H,fwi_fs,ssp245,NWS,N.W.South-America,6.868306110769096
MIROC-ES2H,fwi_fs,ssp245,NSA,N.South-America,15.780607312125397
MIROC-ES2H,fwi_fs,ssp245,NES,N.E.South-America,38.97940050371097
MIROC-ES2H,fwi_fs,ssp245,SAM,South-American-Monsoon,22.153759803253994
MIROC-ES2H,fwi_fs,ssp245,SWS,S.W.South-America,32.064292300528194
MIROC-ES2H,fwi_fs,ssp245,SES,S.E.South-America,20.47933302002167
MIROC-ES2H,fwi_fs,ssp245,SSA,S.South-America,15.025555700113031
MIROC-ES2H,fwi_fs,ssp245,NEU,N.Europe,4.21104695144809
MIROC-ES2H,fwi_fs,ssp245,WCE,West&Central-Europe,16.652738084219514
MIROC-ES2H,fwi_fs,ssp245,EEU,E.Europe,28.796776299678335
MIROC-ES2H,fwi_fs,ssp245,MED,Mediterranean,48.180120262133755
MIROC-ES2H,fwi_fs,ssp245,SAH,Sahara,81.80638279580124
MIROC-ES2H,fwi_fs,ssp245,WAF,Western-Africa,43.95131525336088
MIROC-ES2H,fwi_fs,ssp245,CAF,Central-Africa,25.880618913848206
MIROC-ES2H,fwi_fs,ssp245,NEAF,N.Eastern-Africa,49.50369806706417
MIROC-ES2H,fwi_fs,ssp245,SEAF,S.Eastern-Africa,29.383041495973874
MIROC-ES2H,fwi_fs,ssp245,WSAF,W.Southern-Africa,45.23942019071106
MIROC-ES2H,fwi_fs,ssp245,ESAF,E.Southern-Africa,34.3994375351277
MIROC-ES2H,fwi_fs,ssp245,MDG,Madagascar,16.033423564017912
MIROC-ES2H,fwi_fs,ssp245,RAR,Russian-Arctic,1.4914391563883416
MIROC-ES2H,fwi_fs,ssp245,WSB,W.Siberia,24.997490055017565
MIROC-ES2H,fwi_fs,ssp245,ESB,E.Siberia,5.869516911598962
MIROC-ES2H,fwi_fs,ssp245,RFE,Russian-Far-East,1.0792011254755496
MIROC-ES2H,fwi_fs,ssp245,WCA,W.C.Asia,63.754866121608764
MIROC-ES2H,fwi_fs,ssp245,ECA,E.C.Asia,31.644035693658203
MIROC-ES2H,fwi_fs,ssp245,TIB,Tibetan-Plateau,4.949838722856162
MIROC-ES2H,fwi_fs,ssp245,EAS,E.Asia,4.615394187379491
MIROC-ES2H,fwi_fs,ssp245,ARP,Arabian-Peninsula,73.45841779839931
MIROC-ES2H,fwi_fs,ssp245,SAS,S.Asia,37.22534866135957
MIROC-ES2H,fwi_fs,ssp245,SEA,S.E.Asia,7.673851029480461
MIROC-ES2H,fwi_fs,ssp245,NAU,N.Australia,42.338005632994545
MIROC-ES2H,fwi_fs,ssp245,CAU,C.Australia,51.16651469319073
MIROC-ES2H,fwi_fs,ssp245,EAU,E.Australia,21.77947300863983
MIROC-ES2H,fwi_fs,ssp245,SAU,S.Australia,43.79635767680217
MIROC-ES2H,fwi_fs,ssp245,NZ,New-Zealand,2.3485513515147693
MIROC-ES2H,fwi_fs,ssp245,EAN,E.Antarctica,
MIROC-ES2H,fwi_fs,ssp245,WAN,W.Antarctica,
MIROC-ES2H,fwi_fs,G6-1.5K-SAI,GIC,Greenland/Iceland,
MIROC-ES2H,fwi_fs,G6-1.5K-SAI,NWN,N.W.North-America,3.7402504117420214
MIROC-ES2H,fwi_fs,G6-1.5K-SAI,NEN,N.E.North-America,3.1816539281002134
MIROC-ES2H,fwi_fs,G6-1.5K-SAI,WNA,W.North-America,27.45534806707561
MIROC-ES2H,fwi_fs,G6-1.5K-SAI,CNA,C.North-America,23.126751493340567
MIROC-ES2H,fwi_fs,G6-1.5K-SAI,ENA,E.North-America,4.2582696072613535
MIROC-ES2H,fwi_fs,G6-1.5K-SAI,NCA,N.Central-America,37.99818996244586
MIROC-ES2H,fwi_fs,G6-1.5K-SAI,SCA,S.Central-America,12.097477574801815
MIROC-ES2H,fwi_fs,G6-1.5K-SAI,CAR,Caribbean,12.991948084315306
MIROC-ES2H,fwi_fs,G6-1.5K-SAI,NWS,N.W.South-America,6.56619032203132
MIROC-ES2H,fwi_fs,G6-1.5K-SAI,NSA,N.South-America,14.313148686708761
MIROC-ES2H,fwi_fs,G6-1.5K-SAI,NES,N.E.South-America,35.530610439011774
MIROC-ES2H,fwi_fs,G6-1.5K-SAI,SAM,South-American-Monsoon,19.05895960438065
MIROC-ES2H,fwi_fs,G6-1.5K-SAI,SWS,S.W.South-America,30.564766561877395
MIROC-ES2H,fwi_fs,G6-1.5K-SAI,SES,S.E.South-America,17.619383481658396
MIROC-ES2H,fwi_fs,G6-1.5K-SAI,SSA,S.South-America,13.491078603839442
MIROC-ES2H,fwi_fs,G6-1.5K-SAI,NEU,N.Europe,3.7139363757904977
MIROC-ES2H,fwi_fs,G6-1.5K-SAI,WCE,West&Central-Europe,14.495454063591831
MIROC-ES2H,fwi_fs,G6-1.5K-SAI,EEU,E.Europe,25.960438762105596
MIROC-ES2H,fwi_fs,G6-1.5K-SAI,MED,Mediterranean,44.515170010987575
MIROC-ES2H,fwi_fs,G6-1.5K-SAI,SAH,Sahara,80.61226855659382
MIROC-ES2H,fwi_fs,G6-1.5K-SAI,WAF,Western-Africa,42.81220046953933
MIROC-ES2H,fwi_fs,G6-1.5K-SAI,CAF,Central-Africa,25.15434003335204
MIROC-ES2H,fwi_fs,G6-1.5K-SAI,NEAF,N.Eastern-Africa,49.017450188961654
MIROC-ES2H,fwi_fs,G6-1.5K-SAI,SEAF,S.Eastern-Africa,28.142266429957896
MIROC-ES2H,fwi_fs,G6-1.5K-SAI,WSAF,W.Southern-Africa,42.8847024206057
MIROC-ES2H,fwi_fs,G6-1.5K-SAI,ESAF,E.Southern-Africa,31.374034566504427
MIROC-ES2H,fwi_fs,G6-1.5K-SAI,MDG,Madagascar,14.26063432720254
MIROC-ES2H,fwi_fs,G6-1.5K-SAI,RAR,Russian-Arctic,1.1450287922916023
MIROC-ES2H,fwi_fs,G6-1.5K-SAI,WSB,W.Siberia,24.12470766021692
MIROC-ES2H,fwi_fs,G6-1.5K-SAI,ESB,E.Siberia,5.444236807707937
MIROC-ES2H,fwi_fs,G6-1.5K-SAI,RFE,Russian-Far-East,1.0103115664250595
MIROC-ES2H,fwi_fs,G6-1.5K-SAI,WCA,W.C.Asia,62.14245246987612
MIROC-ES2H,fwi_fs,G6-1.5K-SAI,ECA,E.C.Asia,31.206476872470866
MIROC-ES2H,fwi_fs,G6-1.5K-SAI,TIB,Tibetan-Plateau,4.830015151082574
MIROC-ES2H,fwi_fs,G6-1.5K-SAI,EAS,E.Asia,4.144272359889534
MIROC-ES2H,fwi_fs,G6-1.5K-SAI,ARP,Arabian-Peninsula,73.67642976798383
MIROC-ES2H,fwi_fs,G6-1.5K-SAI,SAS,S.Asia,37.48933855654601
MIROC-ES2H,fwi_fs,G6-1.5K-SAI,SEA,S.E.Asia,7.643412206278484
MIROC-ES2H,fwi_fs,G6-1.5K-SAI,NAU,N.Australia,40.6267320366743
MIROC-ES2H,fwi_fs,G6-1.5K-SAI,CAU,C.Australia,50.73979663291461
MIROC-ES2H,fwi_fs,G6-1.5K-SAI,EAU,E.Australia,19.77472541040718
MIROC-ES2H,fwi_fs,G6-1.5K-SAI,SAU,S.Australia,41.46240128915373
MIROC-ES2H,fwi_fs,G6-1.5K-SAI,NZ,New-Zealand,2.2144537049104085
MIROC-ES2H,fwi_fs,G6-1.5K-SAI,EAN,E.Antarctica,
MIROC-ES2H,fwi_fs,G6-1.5K-SAI,WAN,W.Antarctica,
MIROC-ES2H,fwi_fs,G6-1.5K-HiLLA,GIC,Greenland/Iceland,
MIROC-ES2H,fwi_fs,G6-1.5K-HiLLA,NWN,N.W.North-America,3.5674453912533224
MIROC-ES2H,fwi_fs,G6-1.5K-HiLLA,NEN,N.E.North-America,3.078582791053534
MIROC-ES2H,fwi_fs,G6-1.5K-HiLLA,WNA,W.North-America,26.2535138713027
MIROC-ES2H,fwi_fs,G6-1.5K-HiLLA,CNA,C.North-America,21.1835308447928
MIROC-ES2H,fwi_fs,G6-1.5K-HiLLA,ENA,E.North-America,4.008116850050286
MIROC-ES2H,fwi_fs,G6-1.5K-HiLLA,NCA,N.Central-America,37.07365141197688
MIROC-ES2H,fwi_fs,G6-1.5K-HiLLA,SCA,S.Central-America,12.759067398676695
MIROC-ES2H,fwi_fs,G6-1.5K-HiLLA,CAR,Caribbean,13.858158814151723
MIROC-ES2H,fwi_fs,G6-1.5K-HiLLA,NWS,N.W.South-America,6.963004015708428
MIROC-ES2H,fwi_fs,G6-1.5K-HiLLA,NSA,N.South-America,15.436124925983838
MIROC-ES2H,fwi_fs,G6-1.5K-HiLLA,NES,N.E.South-America,36.735434608496305
MIROC-ES2H,fwi_fs,G6-1.5K-HiLLA,SAM,South-American-Monsoon,19.691377462983443
MIROC-ES2H,fwi_fs,G6-1.5K-HiLLA,SWS,S.W.South-America,30.96117832307679
MIROC-ES2H,fwi_fs,G6-1.5K-HiLLA,SES,S.E.South-America,18.377160972306985
MIROC-ES2H,fwi_fs,G6-1.5K-HiLLA,SSA,S.South-America,13.347571980729846
MIROC-ES2H,fwi_fs,G6-1.5K-HiLLA,NEU,N.Europe,3.7009369458282677
MIROC-ES2H,fwi_fs,G6-1.5K-HiLLA,WCE,West&Central-Europe,14.366208506658147
MIROC-ES2H,fwi_fs,G6-1.5K-HiLLA,EEU,E.Europe,26.95394606651072
MIROC-ES2H,fwi_fs,G6-1.5K-HiLLA,MED,Mediterranean,44.845733599480184
MIROC-ES2H,fwi_fs,G6-1.5K-HiLLA,SAH,Sahara,80.71451850253314
MIROC-ES2H,fwi_fs,G6-1.5K-HiLLA,WAF,Western-Africa,42.07048933448952
MIROC-ES2H,fwi_fs,G6-1.5K-HiLLA,CAF,Central-Africa,24.52728273126498
MIROC-ES2H,fwi_fs,G6-1.5K-HiLLA,NEAF,N.Eastern-Africa,48.23112939961388
MIROC-ES2H,fwi_fs,G6-1.5K-HiLLA,SEAF,S.Eastern-Africa,28.221094998366276
MIROC-ES2H,fwi_fs,G6-1.5K-HiLLA,WSAF,W.Southern-Africa,43.694325443387335
MIROC-ES2H,fwi_fs,G6-1.5K-HiLLA,ESAF,E.Southern-Africa,31.88934705694543
MIROC-ES2H,fwi_fs,G6-1.5K-HiLLA,MDG,Madagascar,14.757093054512879
MIROC-ES2H,fwi_fs,G6-1.5K-HiLLA,RAR,Russian-Arctic,1.0999759811228376
MIROC-ES2H,fwi_fs,G6-1.5K-HiLLA,WSB,W.Siberia,23.305048746834803
MIROC-ES2H,fwi_fs,G6-1.5K-HiLLA,ESB,E.Siberia,5.393173205476406
MIROC-ES2H,fwi_fs,G6-1.5K-HiLLA,RFE,Russian-Far-East,0.9846812358465872
MIROC-ES2H,fwi_fs,G6-1.5K-HiLLA,WCA,W.C.Asia,61.90769987920974
MIROC-ES2H,fwi_fs,G6-1.5K-HiLLA,ECA,E.C.Asia,30.96428933913341
MIROC-ES2H,fwi_fs,G6-1.5K-HiLLA,TIB,Tibetan-Plateau,4.84353837968613
MIROC-ES2H,fwi_fs,G6-1.5K-HiLLA,EAS,E.Asia,4.201726136851125
MIROC-ES2H,fwi_fs,G6-1.5K-HiLLA,ARP,Arabian-Peninsula,73.50224725206421
MIROC-ES2H,fwi_fs,G6-1.5K-HiLLA,SAS,S.Asia,36.92439193005113
MIROC-ES2H,fwi_fs,G6-1.5K-HiLLA,SEA,S.E.Asia,8.280079483818525
MIROC-ES2H,fwi_fs,G6-1.5K-HiLLA,NAU,N.Australia,42.313010019199034
MIROC-ES2H,fwi_fs,G6-1.5K-HiLLA,CAU,C.Australia,52.102134939945564
MIROC-ES2H,fwi_fs,G6-1.5K-HiLLA,EAU,E.Australia,22.19248226418683
MIROC-ES2H,fwi_fs,G6-1.5K-HiLLA,SAU,S.Australia,43.643375037757295
MIROC-ES2H,fwi_fs,G6-1.5K-HiLLA,NZ,New-Zealand,2.24767349819202
MIROC-ES2H,fwi_fs,G6-1.5K-HiLLA,EAN,E.Antarctica,
MIROC-ES2H,fwi_fs,G6-1.5K-HiLLA,WAN,W.Antarctica,
MIROC-ES2H,fwi_fs,d_ssp245_minus_target,GIC,Greenland/Iceland,
MIROC-ES2H,fwi_fs,d_ssp245_minus_target,NWN,N.W.North-America,0.7589121565822647
MIROC-ES2H,fwi_fs,d_ssp245_minus_target,NEN,N.E.North-America,0.6019958863977793
MIROC-ES2H,fwi_fs,d_ssp245_minus_target,WNA,W.North-America,0.8052866788033919
MIROC-ES2H,fwi_fs,d_ssp245_minus_target,CNA,C.North-America,4.792993623605365
MIROC-ES2H,fwi_fs,d_ssp245_minus_target,ENA,E.North-America,0.15787350450862983
MIROC-ES2H,fwi_fs,d_ssp245_minus_target,NCA,N.Central-America,1.9105705863205822
MIROC-ES2H,fwi_fs,d_ssp245_minus_target,SCA,S.Central-America,0.9209040523201083
MIROC-ES2H,fwi_fs,d_ssp245_minus_target,CAR,Caribbean,0.9701017743970505
MIROC-ES2H,fwi_fs,d_ssp245_minus_target,NWS,N.W.South-America,0.12479821510029186
MIROC-ES2H,fwi_fs,d_ssp245_minus_target,NSA,N.South-America,1.1125245039506027
MIROC-ES2H,fwi_fs,d_ssp245_minus_target,NES,N.E.South-America,2.5651118586355985
MIROC-ES2H,fwi_fs,d_ssp245_minus_target,SAM,South-American-Monsoon,1.9592887991727546
MIROC-ES2H,fwi_fs,d_ssp245_minus_target,SWS,S.W.South-America,1.699869177199944
MIROC-ES2H,fwi_fs,d_ssp245_minus_target,SES,S.E.South-America,0.8178986123102024
MIROC-ES2H,fwi_fs,d_ssp245_minus_target,SSA,S.South-America,1.8174375278572668
MIROC-ES2H,fwi_fs,d_ssp245_minus_target,NEU,N.Europe,0.27299680294632395
MIROC-ES2H,fwi_fs,d_ssp245_minus_target,WCE,West&Central-Europe,2.4138558637919063
MIROC-ES2H,fwi_fs,d_ssp245_minus_target,EEU,E.Europe,3.0637042587390413
MIROC-ES2H,fwi_fs,d_ssp245_minus_target,MED,Mediterranean,3.7420692338686607
MIROC-ES2H,fwi_fs,d_ssp245_minus_target,SAH,Sahara,1.076826654729879
MIROC-ES2H,fwi_fs,d_ssp245_minus_target,WAF,Western-Africa,1.8144446052641554
MIROC-ES2H,fwi_fs,d_ssp245_minus_target,CAF,Central-Africa,0.6978024125227923
MIROC-ES2H,fwi_fs,d_ssp245_minus_target,NEAF,N.Eastern-Africa,0.22584217922534408
MIROC-ES2H,fwi_fs,d_ssp245_minus_target,SEAF,S.Eastern-Africa,0.7817193430221145
MIROC-ES2H,fwi_fs,d_ssp245_minus_target,WSAF,W.Southern-Africa,2.2615922744744275
MIROC-ES2H,fwi_fs,d_ssp245_minus_target,ESAF,E.Southern-Africa,2.8475727279973024
MIROC-ES2H,fwi_fs,d_ssp245_minus_target,MDG,Madagascar,1.5233015533751468
MIROC-ES2H,fwi_fs,d_ssp245_minus_target,RAR,Russian-Arctic,0.34493811200556496
MIROC-ES2H,fwi_fs,d_ssp245_minus_target,WSB,W.Siberia,0.8602378094859924
MIROC-ES2H,fwi_fs,d_ssp245_minus_target,ESB,E.Siberia,0.37385554641044083
MIROC-ES2H,fwi_fs,d_ssp245_minus_target,RFE,Russian-Far-East,0.08588763349655193
MIROC-ES2H,fwi_fs,d_ssp245_minus_target,WCA,W.C.Asia,1.060606601030143
MIROC-ES2H,fwi_fs,d_ssp245_minus_target,ECA,E.C.Asia,-0.06236135772908415
MIROC-ES2H,fwi_fs,d_ssp245_minus_target,TIB,Tibetan-Plateau,0.480869901137839
MIROC-ES2H,fwi_fs,d_ssp245_minus_target,EAS,E.Asia,0.3494694719043396
MIROC-ES2H,fwi_fs,d_ssp245_minus_target,ARP,Arabian-Peninsula,-0.3029790757216481
MIROC-ES2H,fwi_fs,d_ssp245_minus_target,SAS,S.Asia,0.4138377713145477
MIROC-ES2H,fwi_fs,d_ssp245_minus_target,SEA,S.E.Asia,-0.5215488525674675
MIROC-ES2H,fwi_fs,d_ssp245_minus_target,NAU,N.Australia,-0.4450498463880249
MIROC-ES2H,fwi_fs,d_ssp245_minus_target,CAU,C.Australia,-1.6731366263060456
MIROC-ES2H,fwi_fs,d_ssp245_minus_target,EAU,E.Australia,-1.4333782231648475
MIROC-ES2H,fwi_fs,d_ssp245_minus_target,SAU,S.Australia,-0.2721247766925666
MIROC-ES2H,fwi_fs,d_ssp245_minus_target,NZ,New-Zealand,0.169545371707498
MIROC-ES2H,fwi_fs,d_ssp245_minus_target,EAN,E.Antarctica,
MIROC-ES2H,fwi_fs,d_ssp245_minus_target,WAN,W.Antarctica,
MIROC-ES2H,fwi_fs,d_SAI_minus_ssp245,GIC,Greenland/Iceland,
MIROC-ES2H,fwi_fs,d_SAI_minus_ssp245,NWN,N.W.North-America,-0.7397564058509264
MIROC-ES2H,fwi_fs,d_SAI_minus_ssp245,NEN,N.E.North-America,-0.6510998834460128
MIROC-ES2H,fwi_fs,d_SAI_minus_ssp245,WNA,W.North-America,-0.7787967934733286
MIROC-ES2H,fwi_fs,d_SAI_minus_ssp245,CNA,C.North-America,-2.6830037020739503
MIROC-ES2H,fwi_fs,d_SAI_minus_ssp245,ENA,E.North-America,-0.22453350401285666
MIROC-ES2H,fwi_fs,d_SAI_minus_ssp245,NCA,N.Central-America,-2.566443168365236
MIROC-ES2H,fwi_fs,d_SAI_minus_ssp245,SCA,S.Central-America,-2.1866067555850908
MIROC-ES2H,fwi_fs,d_SAI_minus_ssp245,CAR,Caribbean,-2.0475365790488085
MIROC-ES2H,fwi_fs,d_SAI_minus_ssp245,NWS,N.W.South-America,-0.302115788737777
MIROC-ES2H,fwi_fs,d_SAI_minus_ssp245,NSA,N.South-America,-1.4674586254166373
MIROC-ES2H,fwi_fs,d_SAI_minus_ssp245,NES,N.E.South-America,-3.448790064699184
MIROC-ES2H,fwi_fs,d_SAI_minus_ssp245,SAM,South-American-Monsoon,-3.0948001988733416
MIROC-ES2H,fwi_fs,d_SAI_minus_ssp245,SWS,S.W.South-America,-1.4995257386507945
MIROC-ES2H,fwi_fs,d_SAI_minus_ssp245,SES,S.E.South-America,-2.859949538363274
MIROC-ES2H,fwi_fs,d_SAI_minus_ssp245,SSA,S.South-America,-1.5344770962735896
MIROC-ES2H,fwi_fs,d_SAI_minus_ssp245,NEU,N.Europe,-0.49711057565759187
MIROC-ES2H,fwi_fs,d_SAI_minus_ssp245,WCE,West&Central-Europe,-2.1572840206276838
MIROC-ES2H,fwi_fs,d_SAI_minus_ssp245,EEU,E.Europe,-2.836337537572753
MIROC-ES2H,fwi_fs,d_SAI_minus_ssp245,MED,Mediterranean,-3.6649502511461605
MIROC-ES2H,fwi_fs,d_SAI_minus_ssp245,SAH,Sahara,-1.1941142392073691
MIROC-ES2H,fwi_fs,d_SAI_minus_ssp245,WAF,Western-Africa,-1.1391147838215565
MIROC-ES2H,fwi_fs,d_SAI_minus_ssp245,CAF,Central-Africa,-0.7262788804961727
MIROC-ES2H,fwi_fs,d_SAI_minus_ssp245,NEAF,N.Eastern-Africa,-0.4862478781025117
MIROC-ES2H,fwi_fs,d_SAI_minus_ssp245,SEAF,S.Eastern-Africa,-1.2407750660159835
MIROC-ES2H,fwi_fs,d_SAI_minus_ssp245,WSAF,W.Southern-Africa,-2.3547177701053563
MIROC-ES2H,fwi_fs,d_SAI_minus_ssp245,ESAF,E.Southern-Africa,-3.025402968623289
MIROC-ES2H,fwi_fs,d_SAI_minus_ssp245,MDG,Madagascar,-1.7727892368153741
MIROC-ES2H,fwi_fs,d_SAI_minus_ssp245,RAR,Russian-Arctic,-0.3464103640967386
MIROC-ES2H,fwi_fs,d_SAI_minus_ssp245,WSB,W.Siberia,-0.8727823948006465
MIROC-ES2H,fwi_fs,d_SAI_minus_ssp245,ESB,E.Siberia,-0.4252801038910249
MIROC-ES2H,fwi_fs,d_SAI_minus_ssp245,RFE,Russian-Far-East,-0.06888955905049012
MIROC-ES2H,fwi_fs,d_SAI_minus_ssp245,WCA,W.C.Asia,-1.612413651732662
MIROC-ES2H,fwi_fs,d_SAI_minus_ssp245,ECA,E.C.Asia,-0.4375588211873321
MIROC-ES2H,fwi_fs,d_SAI_minus_ssp245,TIB,Tibetan-Plateau,-0.1198235717735885
MIROC-ES2H,fwi_fs,d_SAI_minus_ssp245,EAS,E.Asia,-0.4711218274899574
MIROC-ES2H,fwi_fs,d_SAI_minus_ssp245,ARP,Arabian-Peninsula,0.21801196958450136
MIROC-ES2H,fwi_fs,d_SAI_minus_ssp245,SAS,S.Asia,0.26398989518645233
MIROC-ES2H,fwi_fs,d_SAI_minus_ssp245,SEA,S.E.Asia,-0.03043882320197746
MIROC-ES2H,fwi_fs,d_SAI_minus_ssp245,NAU,N.Australia,-1.711273596320242
MIROC-ES2H,fwi_fs,d_SAI_minus_ssp245,CAU,C.Australia,-0.42671806027611403
MIROC-ES2H,fwi_fs,d_SAI_minus_ssp245,EAU,E.Australia,-2.004747598232658
MIROC-ES2H,fwi_fs,d_SAI_minus_ssp245,SAU,S.Australia,-2.333956387648432
MIROC-ES2H,fwi_fs,d_SAI_minus_ssp245,NZ,New-Zealand,-0.13409764660436096
MIROC-ES2H,fwi_fs,d_SAI_minus_ssp245,EAN,E.Antarctica,
MIROC-ES2H,fwi_fs,d_SAI_minus_ssp245,WAN,W.Antarctica,
MIROC-ES2H,fwi_fs,d_HiLLA_minus_ssp245,GIC,Greenland/Iceland,
MIROC-ES2H,fwi_fs,d_HiLLA_minus_ssp245,NWN,N.W.North-America,-0.9125614263396254
MIROC-ES2H,fwi_fs,d_HiLLA_minus_ssp245,NEN,N.E.North-America,-0.7541710204926926
MIROC-ES2H,fwi_fs,d_HiLLA_minus_ssp245,WNA,W.North-America,-1.980630989246239
MIROC-ES2H,fwi_fs,d_HiLLA_minus_ssp245,CNA,C.North-America,-4.62622435062171
MIROC-ES2H,fwi_fs,d_HiLLA_minus_ssp245,ENA,E.North-America,-0.47468626122392393
MIROC-ES2H,fwi_fs,d_HiLLA_minus_ssp245,NCA,N.Central-America,-3.4909817188342154
MIROC-ES2H,fwi_fs,d_HiLLA_minus_ssp245,SCA,S.Central-America,-1.5250169317102098
MIROC-ES2H,fwi_fs,d_HiLLA_minus_ssp245,CAR,Caribbean,-1.181325849212391
MIROC-ES2H,fwi_fs,d_HiLLA_minus_ssp245,NWS,N.W.South-America,0.09469790493933028
MIROC-ES2H,fwi_fs,d_HiLLA_minus_ssp245,NSA,N.South-America,-0.34448238614155635
MIROC-ES2H,fwi_fs,d_HiLLA_minus_ssp245,NES,N.E.South-America,-2.2439658952146626
MIROC-ES2H,fwi_fs,d_HiLLA_minus_ssp245,SAM,South-American-Monsoon,-2.462382340270555
MIROC-ES2H,fwi_fs,d_HiLLA_minus_ssp245,SWS,S.W.South-America,-1.1031139774513987
MIROC-ES2H,fwi_fs,d_HiLLA_minus_ssp245,SES,S.E.South-America,-2.102172047714683
MIROC-ES2H,fwi_fs,d_HiLLA_minus_ssp245,SSA,S.South-America,-1.6779837193831837
MIROC-ES2H,fwi_fs,d_HiLLA_minus_ssp245,NEU,N.Europe,-0.5101100056198236
MIROC-ES2H,fwi_fs,d_HiLLA_minus_ssp245,WCE,West&Central-Europe,-2.2865295775613763
MIROC-ES2H,fwi_fs,d_HiLLA_minus_ssp245,EEU,E.Europe,-1.8428302331676103
MIROC-ES2H,fwi_fs,d_HiLLA_minus_ssp245,MED,Mediterranean,-3.334386662653543
MIROC-ES2H,fwi_fs,d_HiLLA_minus_ssp245,SAH,Sahara,-1.0918642932680758
MIROC-ES2H,fwi_fs,d_HiLLA_minus_ssp245,WAF,Western-Africa,-1.8808259188713634
MIROC-ES2H,fwi_fs,d_HiLLA_minus_ssp245,CAF,Central-Africa,-1.3533361825832295
MIROC-ES2H,fwi_fs,d_HiLLA_minus_ssp245,NEAF,N.Eastern-Africa,-1.2725686674503036
MIROC-ES2H,fwi_fs,d_HiLLA_minus_ssp245,SEAF,S.Eastern-Africa,-1.161946497607608
MIROC-ES2H,fwi_fs,d_HiLLA_minus_ssp245,WSAF,W.Southern-Africa,-1.5450947473237238
MIROC-ES2H,fwi_fs,d_HiLLA_minus_ssp245,ESAF,E.Southern-Africa,-2.5100904781822795
MIROC-ES2H,fwi_fs,d_HiLLA_minus_ssp245,MDG,Madagascar,-1.2763305095050357
MIROC-ES2H,fwi_fs,d_HiLLA_minus_ssp245,RAR,Russian-Arctic,-0.39146317526550417
MIROC-ES2H,fwi_fs,d_HiLLA_minus_ssp245,WSB,W.Siberia,-1.6924413081827605
MIROC-ES2H,fwi_fs,d_HiLLA_minus_ssp245,ESB,E.Siberia,-0.4763437061225526
MIROC-ES2H,fwi_fs,d_HiLLA_minus_ssp245,RFE,Russian-Far-East,-0.09451988962896236
MIROC-ES2H,fwi_fs,d_HiLLA_minus_ssp245,WCA,W.C.Asia,-1.847166242399028
MIROC-ES2H,fwi_fs,d_HiLLA_minus_ssp245,ECA,E.C.Asia,-0.6797463545247949
MIROC-ES2H,fwi_fs,d_HiLLA_minus_ssp245,TIB,Tibetan-Plateau,-0.10630034317003492
MIROC-ES2H,fwi_fs,d_HiLLA_minus_ssp245,EAS,E.Asia,-0.4136680505283662
MIROC-ES2H,fwi_fs,d_HiLLA_minus_ssp245,ARP,Arabian-Peninsula,0.04382945366490813
MIROC-ES2H,fwi_fs,d_HiLLA_minus_ssp245,SAS,S.Asia,-0.30095673130843736
MIROC-ES2H,fwi_fs,d_HiLLA_minus_ssp245,SEA,S.E.Asia,0.6062284543380656
MIROC-ES2H,fwi_fs,d_HiLLA_minus_ssp245,NAU,N.Australia,-0.02499561379550805
MIROC-ES2H,fwi_fs,d_HiLLA_minus_ssp245,CAU,C.Australia,0.9356202467548643
MIROC-ES2H,fwi_fs,d_HiLLA_minus_ssp245,EAU,E.Australia,0.41300925554698903
MIROC-ES2H,fwi_fs,d_HiLLA_minus_ssp245,SAU,S.Australia,-0.15298263904487527
MIROC-ES2H,fwi_fs,d_HiLLA_minus_ssp245,NZ,New-Zealand,-0.10087785332274952
MIROC-ES2H,fwi_fs,d_HiLLA_minus_ssp245,EAN,E.Antarctica,
MIROC-ES2H,fwi_fs,d_HiLLA_minus_ssp245,WAN,W.Antarctica,
MIROC-ES2H,fwi_fs,d_HiLLA_minus_SAI,GIC,Greenland/Iceland,
MIROC-ES2H,fwi_fs,d_HiLLA_minus_SAI,NWN,N.W.North-America,-0.17280502048869925
MIROC-ES2H,fwi_fs,d_HiLLA_minus_SAI,NEN,N.E.North-America,-0.10307113704667978
MIROC-ES2H,fwi_fs,d_HiLLA_minus_SAI,WNA,W.North-America,-1.201834195772911
MIROC-ES2H,fwi_fs,d_HiLLA_minus_SAI,CNA,C.North-America,-1.9432206485477588
MIROC-ES2H,fwi_fs,d_HiLLA_minus_SAI,ENA,E.North-America,-0.25015275721106733
MIROC-ES2H,fwi_fs,d_HiLLA_minus_SAI,NCA,N.Central-America,-0.9245385504689789
MIROC-ES2H,fwi_fs,d_HiLLA_minus_SAI,SCA,S.Central-America,0.661589823874881
MIROC-ES2H,fwi_fs,d_HiLLA_minus_SAI,CAR,Caribbean,0.8662107298364174
MIROC-ES2H,fwi_fs,d_HiLLA_minus_SAI,NWS,N.W.South-America,0.3968136936771073
MIROC-ES2H,fwi_fs,d_HiLLA_minus_SAI,NSA,N.South-America,1.1229762392750813
MIROC-ES2H,fwi_fs,d_HiLLA_minus_SAI,NES,N.E.South-America,1.2048241694845223
MIROC-ES2H,fwi_fs,d_HiLLA_minus_SAI,SAM,South-American-Monsoon,0.6324178586027864
MIROC-ES2H,fwi_fs,d_HiLLA_minus_SAI,SWS,S.W.South-America,0.3964117611993958
MIROC-ES2H,fwi_fs,d_HiLLA_minus_SAI,SES,S.E.South-America,0.7577774906485918
MIROC-ES2H,fwi_fs,d_HiLLA_minus_SAI,SSA,S.South-America,-0.1435066231095942
MIROC-ES2H,fwi_fs,d_HiLLA_minus_SAI,NEU,N.Europe,-0.012999429962231586
MIROC-ES2H,fwi_fs,d_HiLLA_minus_SAI,WCE,West&Central-Europe,-0.1292455569336934
MIROC-ES2H,fwi_fs,d_HiLLA_minus_SAI,EEU,E.Europe,0.9935073044051435
MIROC-ES2H,fwi_fs,d_HiLLA_minus_SAI,MED,Mediterranean,0.3305635884926186
MIROC-ES2H,fwi_fs,d_HiLLA_minus_SAI,SAH,Sahara,0.10224994593929379
MIROC-ES2H,fwi_fs,d_HiLLA_minus_SAI,WAF,Western-Africa,-0.7417111350498069
MIROC-ES2H,fwi_fs,d_HiLLA_minus_SAI,CAF,Central-Africa,-0.6270573020870558
MIROC-ES2H,fwi_fs,d_HiLLA_minus_SAI,NEAF,N.Eastern-Africa,-0.7863207893477919
MIROC-ES2H,fwi_fs,d_HiLLA_minus_SAI,SEAF,S.Eastern-Africa,0.07882856840837588
MIROC-ES2H,fwi_fs,d_HiLLA_minus_SAI,WSAF,W.Southern-Africa,0.8096230227816325
MIROC-ES2H,fwi_fs,d_HiLLA_minus_SAI,ESAF,E.Southern-Africa,0.5153124904410089
MIROC-ES2H,fwi_fs,d_HiLLA_minus_SAI,MDG,Madagascar,0.4964587273103384
MIROC-ES2H,fwi_fs,d_HiLLA_minus_SAI,RAR,Russian-Arctic,-0.045052811168765555
MIROC-ES2H,fwi_fs,d_HiLLA_minus_SAI,WSB,W.Siberia,-0.8196589133821138
MIROC-ES2H,fwi_fs,d_HiLLA_minus_SAI,ESB,E.Siberia,-0.051063602231527366
MIROC-ES2H,fwi_fs,d_HiLLA_minus_SAI,RFE,Russian-Far-East,-0.025630330578472242
MIROC-ES2H,fwi_fs,d_HiLLA_minus_SAI,WCA,W.C.Asia,-0.2347525906663658
MIROC-ES2H,fwi_fs,d_HiLLA_minus_SAI,ECA,E.C.Asia,-0.24218753333746273
MIROC-ES2H,fwi_fs,d_HiLLA_minus_SAI,TIB,Tibetan-Plateau,0.013523228603553544
MIROC-ES2H,fwi_fs,d_HiLLA_minus_SAI,EAS,E.Asia,0.05745377696159136
MIROC-ES2H,fwi_fs,d_HiLLA_minus_SAI,ARP,Arabian-Peninsula,-0.17418251591959316
MIROC-ES2H,fwi_fs,d_HiLLA_minus_SAI,SAS,S.Asia,-0.5649466264948895
MIROC-ES2H,fwi_fs,d_HiLLA_minus_SAI,SEA,S.E.Asia,0.6366672775400432
MIROC-ES2H,fwi_fs,d_HiLLA_minus_SAI,NAU,N.Australia,1.686277982524734
MIROC-ES2H,fwi_fs,d_HiLLA_minus_SAI,CAU,C.Australia,1.3623383070309778
MIROC-ES2H,fwi_fs,d_HiLLA_minus_SAI,EAU,E.Australia,2.417756853779647
MIROC-ES2H,fwi_fs,d_HiLLA_minus_SAI,SAU,S.Australia,2.180973748603557
MIROC-ES2H,fwi_fs,d_HiLLA_minus_SAI,NZ,New-Zealand,0.03321979328161144
MIROC-ES2H,fwi_fs,d_HiLLA_minus_SAI,EAN,E.Antarctica,
MIROC-ES2H,fwi_fs,d_HiLLA_minus_SAI,WAN,W.Antarctica,
MIROC-ES2H,fwi_fs,d_SAI_minus_target,GIC,Greenland/Iceland,
MIROC-ES2H,fwi_fs,d_SAI_minus_target,NWN,N.W.North-America,0.019155750731338198
MIROC-ES2H,fwi_fs,d_SAI_minus_target,NEN,N.E.North-America,-0.049103997048233546
MIROC-ES2H,fwi_fs,d_SAI_minus_target,WNA,W.North-America,0.026489885330063107
MIROC-ES2H,fwi_fs,d_SAI_minus_target,CNA,C.North-America,2.109989921531415
MIROC-ES2H,fwi_fs,d_SAI_minus_target,ENA,E.North-America,-0.0666599995042269
MIROC-ES2H,fwi_fs,d_SAI_minus_target,NCA,N.Central-America,-0.655872582044654
MIROC-ES2H,fwi_fs,d_SAI_minus_target,SCA,S.Central-America,-1.2657027032649824
MIROC-ES2H,fwi_fs,d_SAI_minus_target,CAR,Caribbean,-1.077434804651758
MIROC-ES2H,fwi_fs,d_SAI_minus_target,NWS,N.W.South-America,-0.17731757363748524
MIROC-ES2H,fwi_fs,d_SAI_minus_target,NSA,N.South-America,-0.35493412146603504
MIROC-ES2H,fwi_fs,d_SAI_minus_target,NES,N.E.South-America,-0.8836782060635857
MIROC-ES2H,fwi_fs,d_SAI_minus_target,SAM,South-American-Monsoon,-1.1355113997005866
MIROC-ES2H,fwi_fs,d_SAI_minus_target,SWS,S.W.South-America,0.20034343854914977
MIROC-ES2H,fwi_fs,d_SAI_minus_target,SES,S.E.South-America,-2.0420509260530713
MIROC-ES2H,fwi_fs,d_SAI_minus_target,SSA,S.South-America,0.28296043158367723
MIROC-ES2H,fwi_fs,d_SAI_minus_target,NEU,N.Europe,-0.22411377271126795
MIROC-ES2H,fwi_fs,d_SAI_minus_target,WCE,West&Central-Europe,0.2565718431642238
MIROC-ES2H,fwi_fs,d_SAI_minus_target,EEU,E.Europe,0.22736672116628803
MIROC-ES2H,fwi_fs,d_SAI_minus_target,MED,Mediterranean,0.0771189827224996
MIROC-ES2H,fwi_fs,d_SAI_minus_target,SAH,Sahara,-0.11728758447749012
MIROC-ES2H,fwi_fs,d_SAI_minus_target,WAF,Western-Africa,0.6753298214425988
MIROC-ES2H,fwi_fs,d_SAI_minus_target,CAF,Central-Africa,-0.028476467973381082
MIROC-ES2H,fwi_fs,d_SAI_minus_target,NEAF,N.Eastern-Africa,-0.2604056988771676
MIROC-ES2H,fwi_fs,d_SAI_minus_target,SEAF,S.Eastern-Africa,-0.4590557229938691
MIROC-ES2H,fwi_fs,d_SAI_minus_target,WSAF,W.Southern-Africa,-0.09312549563092899
MIROC-ES2H,fwi_fs,d_SAI_minus_target,ESAF,E.Southern-Africa,-0.17783024062598565
MIROC-ES2H,fwi_fs,d_SAI_minus_target,MDG,Madagascar,-0.24948768344022712
MIROC-ES2H,fwi_fs,d_SAI_minus_target,RAR,Russian-Arctic,-0.0014722520911736395
MIROC-ES2H,fwi_fs,d_SAI_minus_target,WSB,W.Siberia,-0.012544585314654366
MIROC-ES2H,fwi_fs,d_SAI_minus_target,ESB,E.Siberia,-0.0514245574805843
MIROC-ES2H,fwi_fs,d_SAI_minus_target,RFE,Russian-Far-East,0.016998074446061818
MIROC-ES2H,fwi_fs,d_SAI_minus_target,WCA,W.C.Asia,-0.5518070507025197
MIROC-ES2H,fwi_fs,d_SAI_minus_target,ECA,E.C.Asia,-0.49992017891641627
MIROC-ES2H,fwi_fs,d_SAI_minus_target,TIB,Tibetan-Plateau,0.3610463293642505
MIROC-ES2H,fwi_fs,d_SAI_minus_target,EAS,E.Asia,-0.12165235558561777
MIROC-ES2H,fwi_fs,d_SAI_minus_target,ARP,Arabian-Peninsula,-0.08496710613714664
MIROC-ES2H,fwi_fs,d_SAI_minus_target,SAS,S.Asia,0.6778276665009999
MIROC-ES2H,fwi_fs,d_SAI_minus_target,SEA,S.E.Asia,-0.5519876757694447
MIROC-ES2H,fwi_fs,d_SAI_minus_target,NAU,N.Australia,-2.156323442708266
MIROC-ES2H,fwi_fs,d_SAI_minus_target,CAU,C.Australia,-2.09985468658216
MIROC-ES2H,fwi_fs,d_SAI_minus_target,EAU,E.Australia,-3.4381258213975063
MIROC-ES2H,fwi_fs,d_SAI_minus_target,SAU,S.Australia,-2.6060811643409987
MIROC-ES2H,fwi_fs,d_SAI_minus_target,NZ,New-Zealand,0.03544772510313703
MIROC-ES2H,fwi_fs,d_SAI_minus_target,EAN,E.Antarctica,
MIROC-ES2H,fwi_fs,d_SAI_minus_target,WAN,W.Antarctica,
MIROC-ES2H,fwi_fs,d_HiLLA_minus_target,GIC,Greenland/Iceland,
MIROC-ES2H,fwi_fs,d_HiLLA_minus_target,NWN,N.W.North-America,-0.15364926975736096
MIROC-ES2H,fwi_fs,d_HiLLA_minus_target,NEN,N.E.North-America,-0.1521751340949132
MIROC-ES2H,fwi_fs,d_HiLLA_minus_target,WNA,W.North-America,-1.1753443104428476
MIROC-ES2H,fwi_fs,d_HiLLA_minus_target,CNA,C.North-America,0.1667692729836568
MIROC-ES2H,fwi_fs,d_HiLLA_minus_target,ENA,E.North-America,-0.3168127567152942
MIROC-ES2H,fwi_fs,d_HiLLA_minus_target,NCA,N.Central-America,-1.580411132513633
MIROC-ES2H,fwi_fs,d_HiLLA_minus_target,SCA,S.Central-America,-0.6041128793901016
MIROC-ES2H,fwi_fs,d_HiLLA_minus_target,CAR,Caribbean,-0.21122407481534056
MIROC-ES2H,fwi_fs,d_HiLLA_minus_target,NWS,N.W.South-America,0.21949612003962204
MIROC-ES2H,fwi_fs,d_HiLLA_minus_target,NSA,N.South-America,0.7680421178090462
MIROC-ES2H,fwi_fs,d_HiLLA_minus_target,NES,N.E.South-America,0.3211459634209364
MIROC-ES2H,fwi_fs,d_HiLLA_minus_target,SAM,South-American-Monsoon,-0.5030935410978005
MIROC-ES2H,fwi_fs,d_HiLLA_minus_target,SWS,S.W.South-America,0.5967551997485455
MIROC-ES2H,fwi_fs,d_HiLLA_minus_target,SES,S.E.South-America,-1.2842734354044796
MIROC-ES2H,fwi_fs,d_HiLLA_minus_target,SSA,S.South-America,0.13945380847408304
MIROC-ES2H,fwi_fs,d_HiLLA_minus_target,NEU,N.Europe,-0.23711320267349975
MIROC-ES2H,fwi_fs,d_HiLLA_minus_target,WCE,West&Central-Europe,0.12732628623053044
MIROC-ES2H,fwi_fs,d_HiLLA_minus_target,EEU,E.Europe,1.2208740255714308
MIROC-ES2H,fwi_fs,d_HiLLA_minus_target,MED,Mediterranean,0.40768257121511775
MIROC-ES2H,fwi_fs,d_HiLLA_minus_target,SAH,Sahara,-0.015037638538196297
MIROC-ES2H,fwi_fs,d_HiLLA_minus_target,WAF,Western-Africa,-0.06638131360720835
MIROC-ES2H,fwi_fs,d_HiLLA_minus_target,CAF,Central-Africa,-0.655533770060437
MIROC-ES2H,fwi_fs,d_HiLLA_minus_target,NEAF,N.Eastern-Africa,-1.0467264882249594
MIROC-ES2H,fwi_fs,d_HiLLA_minus_target,SEAF,S.Eastern-Africa,-0.38022715458549317
MIROC-ES2H,fwi_fs,d_HiLLA_minus_target,WSAF,W.Southern-Africa,0.7164975271507035
MIROC-ES2H,fwi_fs,d_HiLLA_minus_target,ESAF,E.Southern-Africa,0.3374822498150234
MIROC-ES2H,fwi_fs,d_HiLLA_minus_target,MDG,Madagascar,0.2469710438701113
MIROC-ES2H,fwi_fs,d_HiLLA_minus_target,RAR,Russian-Arctic,-0.04652506325993925
MIROC-ES2H,fwi_fs,d_HiLLA_minus_target,WSB,W.Siberia,-0.832203498696768
MIROC-ES2H,fwi_fs,d_HiLLA_minus_target,ESB,E.Siberia,-0.1024881597121117
MIROC-ES2H,fwi_fs,d_HiLLA_minus_target,RFE,Russian-Far-East,-0.008632256132410412
MIROC-ES2H,fwi_fs,d_HiLLA_minus_target,WCA,W.C.Asia,-0.7865596413688855
MIROC-ES2H,fwi_fs,d_HiLLA_minus_target,ECA,E.C.Asia,-0.7421077122538791
MIROC-ES2H,fwi_fs,d_HiLLA_minus_target,TIB,Tibetan-Plateau,0.374569557967804
MIROC-ES2H,fwi_fs,d_HiLLA_minus_target,EAS,E.Asia,-0.06419857862402646
MIROC-ES2H,fwi_fs,d_HiLLA_minus_target,ARP,Arabian-Peninsula,-0.25914962205673975
MIROC-ES2H,fwi_fs,d_HiLLA_minus_target,SAS,S.Asia,0.11288104000611036
MIROC-ES2H,fwi_fs,d_HiLLA_minus_target,SEA,S.E.Asia,0.08467960177059825
MIROC-ES2H,fwi_fs,d_HiLLA_minus_target,NAU,N.Australia,-0.4700454601835328
MIROC-ES2H,fwi_fs,d_HiLLA_minus_target,CAU,C.Australia,-0.7375163795511817
MIROC-ES2H,fwi_fs,d_HiLLA_minus_target,EAU,E.Australia,-1.0203689676178584
MIROC-ES2H,fwi_fs,d_HiLLA_minus_target,SAU,S.Australia,-0.42510741573744176
MIROC-ES2H,fwi_fs,d_HiLLA_minus_target,NZ,New-Zealand,0.06866751838474848
MIROC-ES2H,fwi_fs,d_HiLLA_minus_target,EAN,E.Antarctica,
MIROC-ES2H,fwi_fs,d_HiLLA_minus_target,WAN,W.Antarctica,
MIROC-ES2H,spell_max,target,GIC,Greenland/Iceland,
MIROC-ES2H,spell_max,target,NWN,N.W.North-America,7.64605557967021
MIROC-ES2H,spell_max,target,NEN,N.E.North-America,7.412326085879469
MIROC-ES2H,spell_max,target,WNA,W.North-America,9.460090390515754
MIROC-ES2H,spell_max,target,CNA,C.North-America,7.628589152853848
MIROC-ES2H,spell_max,target,ENA,E.North-America,6.115897569188103
MIROC-ES2H,spell_max,target,NCA,N.Central-America,9.771563739437665
MIROC-ES2H,spell_max,target,SCA,S.Central-America,9.620156725452528
MIROC-ES2H,spell_max,target,CAR,Caribbean,8.660845562784372
MIROC-ES2H,spell_max,target,NWS,N.W.South-America,9.171365415417775
MIROC-ES2H,spell_max,target,NSA,N.South-America,9.976723709009333
MIROC-ES2H,spell_max,target,NES,N.E.South-America,12.131684178165077
MIROC-ES2H,spell_max,target,SAM,South-American-Monsoon,11.043910107593353
MIROC-ES2H,spell_max,target,SWS,S.W.South-America,8.347573988439333
MIROC-ES2H,spell_max,target,SES,S.E.South-America,7.5332036525115385
MIROC-ES2H,spell_max,target,SSA,S.South-America,6.456605185649514
MIROC-ES2H,spell_max,target,NEU,N.Europe,8.352316958857557
MIROC-ES2H,spell_max,target,WCE,West&Central-Europe,7.95605668503208
MIROC-ES2H,spell_max,target,EEU,E.Europe,7.390250092357056
MIROC-ES2H,spell_max,target,MED,Mediterranean,8.787580852634338
MIROC-ES2H,spell_max,target,SAH,Sahara,11.397893617850395
MIROC-ES2H,spell_max,target,WAF,Western-Africa,11.553047419225342
MIROC-ES2H,spell_max,target,CAF,Central-Africa,12.020001565578303
MIROC-ES2H,spell_max,target,NEAF,N.Eastern-Africa,11.743620743284174
MIROC-ES2H,spell_max,target,SEAF,S.Eastern-Africa,10.978945923681977
MIROC-ES2H,spell_max,target,WSAF,W.Southern-Africa,8.718340662763216
MIROC-ES2H,spell_max,target,ESAF,E.Southern-Africa,9.558069844226328
MIROC-ES2H,spell_max,target,MDG,Madagascar,9.975335387632995
MIROC-ES2H,spell_max,target,RAR,Russian-Arctic,8.420297347454484
MIROC-ES2H,spell_max,target,WSB,W.Siberia,7.224951405831511
MIROC-ES2H,spell_max,target,ESB,E.Siberia,6.444736333664813
MIROC-ES2H,spell_max,target,RFE,Russian-Far-East,7.376851290062563
MIROC-ES2H,spell_max,target,WCA,W.C.Asia,11.45322963520057
MIROC-ES2H,spell_max,target,ECA,E.C.Asia,5.940519151407208
MIROC-ES2H,spell_max,target,TIB,Tibetan-Plateau,7.87561037987661
MIROC-ES2H,spell_max,target,EAS,E.Asia,7.665707735853511
MIROC-ES2H,spell_max,target,ARP,Arabian-Peninsula,12.259537282527825
MIROC-ES2H,spell_max,target,SAS,S.Asia,9.552449264182256
MIROC-ES2H,spell_max,target,SEA,S.E.Asia,9.36412853620987
MIROC-ES2H,spell_max,target,NAU,N.Australia,8.965062995057822
MIROC-ES2H,spell_max,target,CAU,C.Australia,8.020875986345436
MIROC-ES2H,spell_max,target,EAU,E.Australia,7.084898051746046
MIROC-ES2H,spell_max,target,SAU,S.Australia,6.1883067341321665
MIROC-ES2H,spell_max,target,NZ,New-Zealand,6.421927301737087
MIROC-ES2H,spell_max,target,EAN,E.Antarctica,
MIROC-ES2H,spell_max,target,WAN,W.Antarctica,
MIROC-ES2H,spell_max,ssp245,GIC,Greenland/Iceland,
MIROC-ES2H,spell_max,ssp245,NWN,N.W.North-America,9.139626173930788
MIROC-ES2H,spell_max,ssp245,NEN,N.E.North-America,8.61579187527598
MIROC-ES2H,spell_max,ssp245,WNA,W.North-America,10.642209048269871
MIROC-ES2H,spell_max,ssp245,CNA,C.North-America,11.501106663590551
MIROC-ES2H,spell_max,ssp245,ENA,E.North-America,6.412336748004951
MIROC-ES2H,spell_max,ssp245,NCA,N.Central-America,12.328679175719605
MIROC-ES2H,spell_max,ssp245,SCA,S.Central-America,11.69347536912337
MIROC-ES2H,spell_max,ssp245,CAR,Caribbean,10.905835105993193
MIROC-ES2H,spell_max,ssp245,NWS,N.W.South-America,9.48029387651567
MIROC-ES2H,spell_max,ssp245,NSA,N.South-America,12.590589410574474
MIROC-ES2H,spell_max,ssp245,NES,N.E.South-America,19.905752617248783
MIROC-ES2H,spell_max,ssp245,SAM,South-American-Monsoon,15.921057107535123
MIROC-ES2H,spell_max,ssp245,SWS,S.W.South-America,11.68157862389555
MIROC-ES2H,spell_max,ssp245,SES,S.E.South-America,8.422819696196315
MIROC-ES2H,spell_max,ssp245,SSA,S.South-America,8.319593093132948
MIROC-ES2H,spell_max,ssp245,NEU,N.Europe,8.953349264810702
MIROC-ES2H,spell_max,ssp245,WCE,West&Central-Europe,10.51494837307803
MIROC-ES2H,spell_max,ssp245,EEU,E.Europe,10.82910531784099
MIROC-ES2H,spell_max,ssp245,MED,Mediterranean,14.497142597774253
MIROC-ES2H,spell_max,ssp245,SAH,Sahara,16.22760551531074
MIROC-ES2H,spell_max,ssp245,WAF,Western-Africa,17.222648704860298
MIROC-ES2H,spell_max,ssp245,CAF,Central-Africa,15.333459677769053
MIROC-ES2H,spell_max,ssp245,NEAF,N.Eastern-Africa,14.352237286932917
MIROC-ES2H,spell_max,ssp245,SEAF,S.Eastern-Africa,13.784182864166548
MIROC-ES2H,spell_max,ssp245,WSAF,W.Southern-Africa,12.066110647268427
MIROC-ES2H,spell_max,ssp245,ESAF,E.Southern-Africa,14.04973074465387
MIROC-ES2H,spell_max,ssp245,MDG,Madagascar,14.54658708194146
MIROC-ES2H,spell_max,ssp245,RAR,Russian-Arctic,10.552991316356817
MIROC-ES2H,spell_max,ssp245,WSB,W.Siberia,8.560056001149444
MIROC-ES2H,spell_max,ssp245,ESB,E.Siberia,7.1038805943028756
MIROC-ES2H,spell_max,ssp245,RFE,Russian-Far-East,7.67262941841412
MIROC-ES2H,spell_max,ssp245,WCA,W.C.Asia,14.00959891666622
MIROC-ES2H,spell_max,ssp245,ECA,E.C.Asia,6.013177941336529
MIROC-ES2H,spell_max,ssp245,TIB,Tibetan-Plateau,9.987050534174184
MIROC-ES2H,spell_max,ssp245,EAS,E.Asia,8.841601200760204
MIROC-ES2H,spell_max,ssp245,ARP,Arabian-Peninsula,13.941010347318063
MIROC-ES2H,spell_max,ssp245,SAS,S.Asia,10.31908921374571
MIROC-ES2H,spell_max,ssp245,SEA,S.E.Asia,8.755185401156089
MIROC-ES2H,spell_max,ssp245,NAU,N.Australia,10.460831517615116
MIROC-ES2H,spell_max,ssp245,CAU,C.Australia,8.694025129486272
MIROC-ES2H,spell_max,ssp245,EAU,E.Australia,6.807302740651961
MIROC-ES2H,spell_max,ssp245,SAU,S.Australia,6.066311214504915
MIROC-ES2H,spell_max,ssp245,NZ,New-Zealand,7.026607460160301
MIROC-ES2H,spell_max,ssp245,EAN,E.Antarctica,
MIROC-ES2H,spell_max,ssp245,WAN,W.Antarctica,
MIROC-ES2H,spell_max,G6-1.5K-SAI,GIC,Greenland/Iceland,
MIROC-ES2H,spell_max,G6-1.5K-SAI,NWN,N.W.North-America,7.680620638186897
MIROC-ES2H,spell_max,G6-1.5K-SAI,NEN,N.E.North-America,7.463866168421504
MIROC-ES2H,spell_max,G6-1.5K-SAI,WNA,W.North-America,9.417542947436905
MIROC-ES2H,spell_max,G6-1.5K-SAI,CNA,C.North-America,9.17584416536778
MIROC-ES2H,spell_max,G6-1.5K-SAI,ENA,E.North-America,6.1238881745623575
MIROC-ES2H,spell_max,G6-1.5K-SAI,NCA,N.Central-America,9.326919656742058
MIROC-ES2H,spell_max,G6-1.5K-SAI,SCA,S.Central-America,7.102589908552826
MIROC-ES2H,spell_max,G6-1.5K-SAI,CAR,Caribbean,6.925416754474763
MIROC-ES2H,spell_max,G6-1.5K-SAI,NWS,N.W.South-America,8.694139893481687
MIROC-ES2H,spell_max,G6-1.5K-SAI,NSA,N.South-America,9.749495110948573
MIROC-ES2H,spell_max,G6-1.5K-SAI,NES,N.E.South-America,11.229437108109952
MIROC-ES2H,spell_max,G6-1.5K-SAI,SAM,South-American-Monsoon,9.096847263303061
MIROC-ES2H,spell_max,G6-1.5K-SAI,SWS,S.W.South-America,8.831215418723362
MIROC-ES2H,spell_max,G6-1.5K-SAI,SES,S.E.South-America,5.830563873761512
MIROC-ES2H,spell_max,G6-1.5K-SAI,SSA,S.South-America,6.729314748046625
MIROC-ES2H,spell_max,G6-1.5K-SAI,NEU,N.Europe,7.736597722976435
MIROC-ES2H,spell_max,G6-1.5K-SAI,WCE,West&Central-Europe,8.159340286219704
MIROC-ES2H,spell_max,G6-1.5K-SAI,EEU,E.Europe,7.569830572047328
MIROC-ES2H,spell_max,G6-1.5K-SAI,MED,Mediterranean,8.785582535762048
MIROC-ES2H,spell_max,G6-1.5K-SAI,SAH,Sahara,11.327304548870336
MIROC-ES2H,spell_max,G6-1.5K-SAI,WAF,Western-Africa,12.87117671766381
MIROC-ES2H,spell_max,G6-1.5K-SAI,CAF,Central-Africa,12.251328978620132
MIROC-ES2H,spell_max,G6-1.5K-SAI,NEAF,N.Eastern-Africa,11.913473820266297
MIROC-ES2H,spell_max,G6-1.5K-SAI,SEAF,S.Eastern-Africa,10.198465206931237
MIROC-ES2H,spell_max,G6-1.5K-SAI,WSAF,W.Southern-Africa,8.958218255029525
MIROC-ES2H,spell_max,G6-1.5K-SAI,ESAF,E.Southern-Africa,10.354158398574398
MIROC-ES2H,spell_max,G6-1.5K-SAI,MDG,Madagascar,9.952755580677264
MIROC-ES2H,spell_max,G6-1.5K-SAI,RAR,Russian-Arctic,8.793768177283031
MIROC-ES2H,spell_max,G6-1.5K-SAI,WSB,W.Siberia,7.204885709340728
MIROC-ES2H,spell_max,G6-1.5K-SAI,ESB,E.Siberia,6.764074914147806
MIROC-ES2H,spell_max,G6-1.5K-SAI,RFE,Russian-Far-East,7.846658052450769
MIROC-ES2H,spell_max,G6-1.5K-SAI,WCA,W.C.Asia,10.151238189971727
MIROC-ES2H,spell_max,G6-1.5K-SAI,ECA,E.C.Asia,5.400078942341165
MIROC-ES2H,spell_max,G6-1.5K-SAI,TIB,Tibetan-Plateau,8.654090568018919
MIROC-ES2H,spell_max,G6-1.5K-SAI,EAS,E.Asia,7.031666123673552
MIROC-ES2H,spell_max,G6-1.5K-SAI,ARP,Arabian-Peninsula,12.922545181704646
MIROC-ES2H,spell_max,G6-1.5K-SAI,SAS,S.Asia,10.639416956573005
MIROC-ES2H,spell_max,G6-1.5K-SAI,SEA,S.E.Asia,8.617336046764768
MIROC-ES2H,spell_max,G6-1.5K-SAI,NAU,N.Australia,8.023292354128126
MIROC-ES2H,spell_max,G6-1.5K-SAI,CAU,C.Australia,7.228037280728309
MIROC-ES2H,spell_max,G6-1.5K-SAI,EAU,E.Australia,5.294599051101128
MIROC-ES2H,spell_max,G6-1.5K-SAI,SAU,S.Australia,4.996400399885175
MIROC-ES2H,spell_max,G6-1.5K-SAI,NZ,New-Zealand,6.44039304037256
MIROC-ES2H,spell_max,G6-1.5K-SAI,EAN,E.Antarctica,
MIROC-ES2H,spell_max,G6-1.5K-SAI,WAN,W.Antarctica,
MIROC-ES2H,spell_max,G6-1.5K-HiLLA,GIC,Greenland/Iceland,
MIROC-ES2H,spell_max,G6-1.5K-HiLLA,NWN,N.W.North-America,7.413222802747785
MIROC-ES2H,spell_max,G6-1.5K-HiLLA,NEN,N.E.North-America,6.957501950613216
MIROC-ES2H,spell_max,G6-1.5K-HiLLA,WNA,W.North-America,8.18024874453471
MIROC-ES2H,spell_max,G6-1.5K-HiLLA,CNA,C.North-America,7.884257023211206
MIROC-ES2H,spell_max,G6-1.5K-HiLLA,ENA,E.North-America,5.567872805898841
MIROC-ES2H,spell_max,G6-1.5K-HiLLA,NCA,N.Central-America,8.369347483447143
MIROC-ES2H,spell_max,G6-1.5K-HiLLA,SCA,S.Central-America,8.284170443217025
MIROC-ES2H,spell_max,G6-1.5K-HiLLA,CAR,Caribbean,8.878410239945051
MIROC-ES2H,spell_max,G6-1.5K-HiLLA,NWS,N.W.South-America,9.65116224372117
MIROC-ES2H,spell_max,G6-1.5K-HiLLA,NSA,N.South-America,11.917075700214228
MIROC-ES2H,spell_max,G6-1.5K-HiLLA,NES,N.E.South-America,13.406585117590492
MIROC-ES2H,spell_max,G6-1.5K-HiLLA,SAM,South-American-Monsoon,10.440671359873937
MIROC-ES2H,spell_max,G6-1.5K-HiLLA,SWS,S.W.South-America,9.334429340259993
MIROC-ES2H,spell_max,G6-1.5K-HiLLA,SES,S.E.South-America,6.289206460362942
MIROC-ES2H,spell_max,G6-1.5K-HiLLA,SSA,S.South-America,6.891618467637472
MIROC-ES2H,spell_max,G6-1.5K-HiLLA,NEU,N.Europe,8.063725156749367
MIROC-ES2H,spell_max,G6-1.5K-HiLLA,WCE,West&Central-Europe,7.718895651089418
MIROC-ES2H,spell_max,G6-1.5K-HiLLA,EEU,E.Europe,8.914592175663614
MIROC-ES2H,spell_max,G6-1.5K-HiLLA,MED,Mediterranean,9.108925157117833
MIROC-ES2H,spell_max,G6-1.5K-HiLLA,SAH,Sahara,11.109261261836082
MIROC-ES2H,spell_max,G6-1.5K-HiLLA,WAF,Western-Africa,11.661567842387953
MIROC-ES2H,spell_max,G6-1.5K-HiLLA,CAF,Central-Africa,11.133475542609556
MIROC-ES2H,spell_max,G6-1.5K-HiLLA,NEAF,N.Eastern-Africa,10.115734706375102
MIROC-ES2H,spell_max,G6-1.5K-HiLLA,SEAF,S.Eastern-Africa,9.818956614212777
MIROC-ES2H,spell_max,G6-1.5K-HiLLA,WSAF,W.Southern-Africa,9.870058464506151
MIROC-ES2H,spell_max,G6-1.5K-HiLLA,ESAF,E.Southern-Africa,10.50853518873738
MIROC-ES2H,spell_max,G6-1.5K-HiLLA,MDG,Madagascar,11.257480718636886
MIROC-ES2H,spell_max,G6-1.5K-HiLLA,RAR,Russian-Arctic,8.429552911317838
MIROC-ES2H,spell_max,G6-1.5K-HiLLA,WSB,W.Siberia,6.383539576484645
MIROC-ES2H,spell_max,G6-1.5K-HiLLA,ESB,E.Siberia,6.377517721766525
MIROC-ES2H,spell_max,G6-1.5K-HiLLA,RFE,Russian-Far-East,7.347690548155352
MIROC-ES2H,spell_max,G6-1.5K-HiLLA,WCA,W.C.Asia,10.21293349693582
MIROC-ES2H,spell_max,G6-1.5K-HiLLA,ECA,E.C.Asia,5.184584901640432
MIROC-ES2H,spell_max,G6-1.5K-HiLLA,TIB,Tibetan-Plateau,8.811884005103446
MIROC-ES2H,spell_max,G6-1.5K-HiLLA,EAS,E.Asia,7.77404952862163
MIROC-ES2H,spell_max,G6-1.5K-HiLLA,ARP,Arabian-Peninsula,12.988083379100633
MIROC-ES2H,spell_max,G6-1.5K-HiLLA,SAS,S.Asia,10.221734709102694
MIROC-ES2H,spell_max,G6-1.5K-HiLLA,SEA,S.E.Asia,9.71731872048584
MIROC-ES2H,spell_max,G6-1.5K-HiLLA,NAU,N.Australia,9.760201419422186
MIROC-ES2H,spell_max,G6-1.5K-HiLLA,CAU,C.Australia,8.299023133236915
MIROC-ES2H,spell_max,G6-1.5K-HiLLA,EAU,E.Australia,6.550780131916739
MIROC-ES2H,spell_max,G6-1.5K-HiLLA,SAU,S.Australia,5.645509396498265
MIROC-ES2H,spell_max,G6-1.5K-HiLLA,NZ,New-Zealand,6.657253330422334
MIROC-ES2H,spell_max,G6-1.5K-HiLLA,EAN,E.Antarctica,
MIROC-ES2H,spell_max,G6-1.5K-HiLLA,WAN,W.Antarctica,
MIROC-ES2H,spell_max,d_ssp245_minus_target,GIC,Greenland/Iceland,
MIROC-ES2H,spell_max,d_ssp245_minus_target,NWN,N.W.North-America,1.4935705942605793
MIROC-ES2H,spell_max,d_ssp245_minus_target,NEN,N.E.North-America,1.2034657893965086
MIROC-ES2H,spell_max,d_ssp245_minus_target,WNA,W.North-America,1.1821186577541112
MIROC-ES2H,spell_max,d_ssp245_minus_target,CNA,C.North-America,3.8725175107367034
MIROC-ES2H,spell_max,d_ssp245_minus_target,ENA,E.North-America,0.2964391788168449
MIROC-ES2H,spell_max,d_ssp245_minus_target,NCA,N.Central-America,2.5571154362819426
MIROC-ES2H,spell_max,d_ssp245_minus_target,SCA,S.Central-America,2.0733186436708415
MIROC-ES2H,spell_max,d_ssp245_minus_target,CAR,Caribbean,2.2449895432088205
MIROC-ES2H,spell_max,d_ssp245_minus_target,NWS,N.W.South-America,0.30892846109789746
MIROC-ES2H,spell_max,d_ssp245_minus_target,NSA,N.South-America,2.6138657015651394
MIROC-ES2H,spell_max,d_ssp245_minus_target,NES,N.E.South-America,7.774068439083711
MIROC-ES2H,spell_max,d_ssp245_minus_target,SAM,South-American-Monsoon,4.877146999941771
MIROC-ES2H,spell_max,d_ssp245_minus_target,SWS,S.W.South-America,3.3340046354562145
MIROC-ES2H,spell_max,d_ssp245_minus_target,SES,S.E.South-America,0.8896160436847782
MIROC-ES2H,spell_max,d_ssp245_minus_target,SSA,S.South-America,1.8629879074834348
MIROC-ES2H,spell_max,d_ssp245_minus_target,NEU,N.Europe,0.6010323059531407
MIROC-ES2H,spell_max,d_ssp245_minus_target,WCE,West&Central-Europe,2.5588916880459474
MIROC-ES2H,spell_max,d_ssp245_minus_target,EEU,E.Europe,3.438855225483937
MIROC-ES2H,spell_max,d_ssp245_minus_target,MED,Mediterranean,5.709561745139916
MIROC-ES2H,spell_max,d_ssp245_minus_target,SAH,Sahara,4.829711897460342
MIROC-ES2H,spell_max,d_ssp245_minus_target,WAF,Western-Africa,5.669601285634956
MIROC-ES2H,spell_max,d_ssp245_minus_target,CAF,Central-Africa,3.3134581121907383
MIROC-ES2H,spell_max,d_ssp245_minus_target,NEAF,N.Eastern-Africa,2.6086165436487487
MIROC-ES2H,spell_max,d_ssp245_minus_target,SEAF,S.Eastern-Africa,2.8052369404845705
MIROC-ES2H,spell_max,d_ssp245_minus_target,WSAF,W.Southern-Africa,3.347769984505211
MIROC-ES2H,spell_max,d_ssp245_minus_target,ESAF,E.Southern-Africa,4.491660900427539
MIROC-ES2H,spell_max,d_ssp245_minus_target,MDG,Madagascar,4.571251694308464
MIROC-ES2H,spell_max,d_ssp245_minus_target,RAR,Russian-Arctic,2.132693968902336
MIROC-ES2H,spell_max,d_ssp245_minus_target,WSB,W.Siberia,1.33510459531793
MIROC-ES2H,spell_max,d_ssp245_minus_target,ESB,E.Siberia,0.6591442606380641
MIROC-ES2H,spell_max,d_ssp245_minus_target,RFE,Russian-Far-East,0.29577812835155787
MIROC-ES2H,spell_max,d_ssp245_minus_target,WCA,W.C.Asia,2.556369281465644
MIROC-ES2H,spell_max,d_ssp245_minus_target,ECA,E.C.Asia,0.07265878992932169
MIROC-ES2H,spell_max,d_ssp245_minus_target,TIB,Tibetan-Plateau,2.1114401542975725
MIROC-ES2H,spell_max,d_ssp245_minus_target,EAS,E.Asia,1.1758934649066923
MIROC-ES2H,spell_max,d_ssp245_minus_target,ARP,Arabian-Peninsula,1.6814730647902396
MIROC-ES2H,spell_max,d_ssp245_minus_target,SAS,S.Asia,0.7666399495634583
MIROC-ES2H,spell_max,d_ssp245_minus_target,SEA,S.E.Asia,-0.6089431350537804
MIROC-ES2H,spell_max,d_ssp245_minus_target,NAU,N.Australia,1.4957685225572979
MIROC-ES2H,spell_max,d_ssp245_minus_target,CAU,C.Australia,0.6731491431408355
MIROC-ES2H,spell_max,d_ssp245_minus_target,EAU,E.Australia,-0.2775953110940851
MIROC-ES2H,spell_max,d_ssp245_minus_target,SAU,S.Australia,-0.12199551962725062
MIROC-ES2H,spell_max,d_ssp245_minus_target,NZ,New-Zealand,0.6046801584232142
MIROC-ES2H,spell_max,d_ssp245_minus_target,EAN,E.Antarctica,
MIROC-ES2H,spell_max,d_ssp245_minus_target,WAN,W.Antarctica,
MIROC-ES2H,spell_max,d_SAI_minus_ssp245,GIC,Greenland/Iceland,
MIROC-ES2H,spell_max,d_SAI_minus_ssp245,NWN,N.W.North-America,-1.4590055357438911
MIROC-ES2H,spell_max,d_SAI_minus_ssp245,NEN,N.E.North-America,-1.1519257068544688
MIROC-ES2H,spell_max,d_SAI_minus_ssp245,WNA,W.North-America,-1.2246661008329656
MIROC-ES2H,spell_max,d_SAI_minus_ssp245,CNA,C.North-America,-2.3252624982227763
MIROC-ES2H,spell_max,d_SAI_minus_ssp245,ENA,E.North-America,-0.2884485734425923
MIROC-ES2H,spell_max,d_SAI_minus_ssp245,NCA,N.Central-America,-3.0017595189775497
MIROC-ES2H,spell_max,d_SAI_minus_ssp245,SCA,S.Central-America,-4.5908854605705445
MIROC-ES2H,spell_max,d_SAI_minus_ssp245,CAR,Caribbean,-3.9804183515184306
MIROC-ES2H,spell_max,d_SAI_minus_ssp245,NWS,N.W.South-America,-0.7861539830339838
MIROC-ES2H,spell_max,d_SAI_minus_ssp245,NSA,N.South-America,-2.841094299625904
MIROC-ES2H,spell_max,d_SAI_minus_ssp245,NES,N.E.South-America,-8.67631550913884
MIROC-ES2H,spell_max,d_SAI_minus_ssp245,SAM,South-American-Monsoon,-6.824209844232063
MIROC-ES2H,spell_max,d_SAI_minus_ssp245,SWS,S.W.South-America,-2.8503632051721883
MIROC-ES2H,spell_max,d_SAI_minus_ssp245,SES,S.E.South-America,-2.5922558224348045
MIROC-ES2H,spell_max,d_SAI_minus_ssp245,SSA,S.South-America,-1.5902783450863247
MIROC-ES2H,spell_max,d_SAI_minus_ssp245,NEU,N.Europe,-1.2167515418342694
MIROC-ES2H,spell_max,d_SAI_minus_ssp245,WCE,West&Central-Europe,-2.355608086858324
MIROC-ES2H,spell_max,d_SAI_minus_ssp245,EEU,E.Europe,-3.259274745793665
MIROC-ES2H,spell_max,d_SAI_minus_ssp245,MED,Mediterranean,-5.711560062012208
MIROC-ES2H,spell_max,d_SAI_minus_ssp245,SAH,Sahara,-4.900300966440405
MIROC-ES2H,spell_max,d_SAI_minus_ssp245,WAF,Western-Africa,-4.351471987196487
MIROC-ES2H,spell_max,d_SAI_minus_ssp245,CAF,Central-Africa,-3.0821306991489124
MIROC-ES2H,spell_max,d_SAI_minus_ssp245,NEAF,N.Eastern-Africa,-2.438763466666624
MIROC-ES2H,spell_max,d_SAI_minus_ssp245,SEAF,S.Eastern-Africa,-3.5857176572353118
MIROC-ES2H,spell_max,d_SAI_minus_ssp245,WSAF,W.Southern-Africa,-3.1078923922389032
MIROC-ES2H,spell_max,d_SAI_minus_ssp245,ESAF,E.Southern-Africa,-3.6955723460794654
MIROC-ES2H,spell_max,d_SAI_minus_ssp245,MDG,Madagascar,-4.593831501264194
MIROC-ES2H,spell_max,d_SAI_minus_ssp245,RAR,Russian-Arctic,-1.7592231390737834
MIROC-ES2H,spell_max,d_SAI_minus_ssp245,WSB,W.Siberia,-1.355170291808717
MIROC-ES2H,spell_max,d_SAI_minus_ssp245,ESB,E.Siberia,-0.3398056801550705
MIROC-ES2H,spell_max,d_SAI_minus_ssp245,RFE,Russian-Far-East,0.1740286340366498
MIROC-ES2H,spell_max,d_SAI_minus_ssp245,WCA,W.C.Asia,-3.858360726694489
MIROC-ES2H,spell_max,d_SAI_minus_ssp245,ECA,E.C.Asia,-0.613098998995367
MIROC-ES2H,spell_max,d_SAI_minus_ssp245,TIB,Tibetan-Plateau,-1.3329599661552647
MIROC-ES2H,spell_max,d_SAI_minus_ssp245,EAS,E.Asia,-1.8099350770866527
MIROC-ES2H,spell_max,d_SAI_minus_ssp245,ARP,Arabian-Peninsula,-1.0184651656134187
MIROC-ES2H,spell_max,d_SAI_minus_ssp245,SAS,S.Asia,0.32032774282728915
MIROC-ES2H,spell_max,d_SAI_minus_ssp245,SEA,S.E.Asia,-0.13784935439131754
MIROC-ES2H,spell_max,d_SAI_minus_ssp245,NAU,N.Australia,-2.437539163486994
MIROC-ES2H,spell_max,d_SAI_minus_ssp245,CAU,C.Australia,-1.4659878487579627
MIROC-ES2H,spell_max,d_SAI_minus_ssp245,EAU,E.Australia,-1.5127036895508321
MIROC-ES2H,spell_max,d_SAI_minus_ssp245,SAU,S.Australia,-1.0699108146197396
MIROC-ES2H,spell_max,d_SAI_minus_ssp245,NZ,New-Zealand,-0.5862144197877421
MIROC-ES2H,spell_max,d_SAI_minus_ssp245,EAN,E.Antarctica,
MIROC-ES2H,spell_max,d_SAI_minus_ssp245,WAN,W.Antarctica,
MIROC-ES2H,spell_max,d_HiLLA_minus_ssp245,GIC,Greenland/Iceland,
MIROC-ES2H,spell_max,d_HiLLA_minus_ssp245,NWN,N.W.North-America,-1.7264033711830058
MIROC-ES2H,spell_max,d_HiLLA_minus_ssp245,NEN,N.E.North-America,-1.6582899246627567
MIROC-ES2H,spell_max,d_HiLLA_minus_ssp245,WNA,W.North-America,-2.4619603037351583
MIROC-ES2H,spell_max,d_HiLLA_minus_ssp245,CNA,C.North-America,-3.616849640379347
MIROC-ES2H,spell_max,d_HiLLA_minus_ssp245,ENA,E.North-America,-0.844463942106111
MIROC-ES2H,spell_max,d_HiLLA_minus_ssp245,NCA,N.Central-America,-3.959331692272466
MIROC-ES2H,spell_max,d_HiLLA_minus_ssp245,SCA,S.Central-America,-3.409304925906345
MIROC-ES2H,spell_max,d_HiLLA_minus_ssp245,CAR,Caribbean,-2.0274248660481424
MIROC-ES2H,spell_max,d_HiLLA_minus_ssp245,NWS,N.W.South-America,0.170868367205502
MIROC-ES2H,spell_max,d_HiLLA_minus_ssp245,NSA,N.South-America,-0.6735137103602453
MIROC-ES2H,spell_max,d_HiLLA_minus_ssp245,NES,N.E.South-America,-6.499167499658295
MIROC-ES2H,spell_max,d_HiLLA_minus_ssp245,SAM,South-American-Monsoon,-5.480385747661188
MIROC-ES2H,spell_max,d_HiLLA_minus_ssp245,SWS,S.W.South-America,-2.3471492836355563
MIROC-ES2H,spell_max,d_HiLLA_minus_ssp245,SES,S.E.South-America,-2.1336132358333737
MIROC-ES2H,spell_max,d_HiLLA_minus_ssp245,SSA,S.South-America,-1.4279746254954773
MIROC-ES2H,spell_max,d_HiLLA_minus_ssp245,NEU,N.Europe,-0.889624108061337
MIROC-ES2H,spell_max,d_HiLLA_minus_ssp245,WCE,West&Central-Europe,-2.7960527219886093
MIROC-ES2H,spell_max,d_HiLLA_minus_ssp245,EEU,E.Europe,-1.9145131421773791
MIROC-ES2H,spell_max,d_HiLLA_minus_ssp245,MED,Mediterranean,-5.3882174406564225
MIROC-ES2H,spell_max,d_HiLLA_minus_ssp245,SAH,Sahara,-5.118344253474656
MIROC-ES2H,spell_max,d_HiLLA_minus_ssp245,WAF,Western-Africa,-5.561080862472344
MIROC-ES2H,spell_max,d_HiLLA_minus_ssp245,CAF,Central-Africa,-4.199984135159488
MIROC-ES2H,spell_max,d_HiLLA_minus_ssp245,NEAF,N.Eastern-Africa,-4.236502580557818
MIROC-ES2H,spell_max,d_HiLLA_minus_ssp245,SEAF,S.Eastern-Africa,-3.9652262499537687
MIROC-ES2H,spell_max,d_HiLLA_minus_ssp245,WSAF,W.Southern-Africa,-2.1960521827622776
MIROC-ES2H,spell_max,d_HiLLA_minus_ssp245,ESAF,E.Southern-Africa,-3.541195555916489
MIROC-ES2H,spell_max,d_HiLLA_minus_ssp245,MDG,Madagascar,-3.289106363304572
MIROC-ES2H,spell_max,d_HiLLA_minus_ssp245,RAR,Russian-Arctic,-2.1234384050389767
MIROC-ES2H,spell_max,d_HiLLA_minus_ssp245,WSB,W.Siberia,-2.1765164246647974
MIROC-ES2H,spell_max,d_HiLLA_minus_ssp245,ESB,E.Siberia,-0.7263628725363507
MIROC-ES2H,spell_max,d_HiLLA_minus_ssp245,RFE,Russian-Far-East,-0.3249388702587697
MIROC-ES2H,spell_max,d_HiLLA_minus_ssp245,WCA,W.C.Asia,-3.7966654197304015
MIROC-ES2H,spell_max,d_HiLLA_minus_ssp245,ECA,E.C.Asia,-0.8285930396960977
MIROC-ES2H,spell_max,d_HiLLA_minus_ssp245,TIB,Tibetan-Plateau,-1.1751665290707387
MIROC-ES2H,spell_max,d_HiLLA_minus_ssp245,EAS,E.Asia,-1.0675516721385754
MIROC-ES2H,spell_max,d_HiLLA_minus_ssp245,ARP,Arabian-Peninsula,-0.9529269682174302
MIROC-ES2H,spell_max,d_HiLLA_minus_ssp245,SAS,S.Asia,-0.09735450464301608
MIROC-ES2H,spell_max,d_HiLLA_minus_ssp245,SEA,S.E.Asia,0.9621333193297538
MIROC-ES2H,spell_max,d_HiLLA_minus_ssp245,NAU,N.Australia,-0.7006300981929319
MIROC-ES2H,spell_max,d_HiLLA_minus_ssp245,CAU,C.Australia,-0.3950019962493572
MIROC-ES2H,spell_max,d_HiLLA_minus_ssp245,EAU,E.Australia,-0.25652260873522104
MIROC-ES2H,spell_max,d_HiLLA_minus_ssp245,SAU,S.Australia,-0.42080181800665084
MIROC-ES2H,spell_max,d_HiLLA_minus_ssp245,NZ,New-Zealand,-0.3693541297379675
MIROC-ES2H,spell_max,d_HiLLA_minus_ssp245,EAN,E.Antarctica,
MIROC-ES2H,spell_max,d_HiLLA_minus_ssp245,WAN,W.Antarctica,
MIROC-ES2H,spell_max,d_HiLLA_minus_SAI,GIC,Greenland/Iceland,
MIROC-ES2H,spell_max,d_HiLLA_minus_SAI,NWN,N.W.North-America,-0.26739783543911544
MIROC-ES2H,spell_max,d_HiLLA_minus_SAI,NEN,N.E.North-America,-0.5063642178082872
MIROC-ES2H,spell_max,d_HiLLA_minus_SAI,WNA,W.North-America,-1.2372942029021923
MIROC-ES2H,spell_max,d_HiLLA_minus_SAI,CNA,C.North-America,-1.291587142156571
MIROC-ES2H,spell_max,d_HiLLA_minus_SAI,ENA,E.North-America,-0.5560153686635184
MIROC-ES2H,spell_max,d_HiLLA_minus_SAI,NCA,N.Central-America,-0.9575721732949147
MIROC-ES2H,spell_max,d_HiLLA_minus_SAI,SCA,S.Central-America,1.1815805346641994
MIROC-ES2H,spell_max,d_HiLLA_minus_SAI,CAR,Caribbean,1.9529934854702884
MIROC-ES2H,spell_max,d_HiLLA_minus_SAI,NWS,N.W.South-America,0.9570223502394857
MIROC-ES2H,spell_max,d_HiLLA_minus_SAI,NSA,N.South-America,2.1675805892656577
MIROC-ES2H,spell_max,d_HiLLA_minus_SAI,NES,N.E.South-America,2.1771480094805447
MIROC-ES2H,spell_max,d_HiLLA_minus_SAI,SAM,South-American-Monsoon,1.3438240965708754
MIROC-ES2H,spell_max,d_HiLLA_minus_SAI,SWS,S.W.South-America,0.5032139215366324
MIROC-ES2H,spell_max,d_HiLLA_minus_SAI,SES,S.E.South-America,0.45864258660143004
MIROC-ES2H,spell_max,d_HiLLA_minus_SAI,SSA,S.South-America,0.16230371959084697
MIROC-ES2H,spell_max,d_HiLLA_minus_SAI,NEU,N.Europe,0.3271274337729323
MIROC-ES2H,spell_max,d_HiLLA_minus_SAI,WCE,West&Central-Europe,-0.44044463513028637
MIROC-ES2H,spell_max,d_HiLLA_minus_SAI,EEU,E.Europe,1.3447616036162862
MIROC-ES2H,spell_max,d_HiLLA_minus_SAI,MED,Mediterranean,0.3233426213557853
MIROC-ES2H,spell_max,d_HiLLA_minus_SAI,SAH,Sahara,-0.21804328703425088
MIROC-ES2H,spell_max,d_HiLLA_minus_SAI,WAF,Western-Africa,-1.2096088752758578
MIROC-ES2H,spell_max,d_HiLLA_minus_SAI,CAF,Central-Africa,-1.1178534360105756
MIROC-ES2H,spell_max,d_HiLLA_minus_SAI,NEAF,N.Eastern-Africa,-1.7977391138911947
MIROC-ES2H,spell_max,d_HiLLA_minus_SAI,SEAF,S.Eastern-Africa,-0.3795085927184597
MIROC-ES2H,spell_max,d_HiLLA_minus_SAI,WSAF,W.Southern-Africa,0.9118402094766263
MIROC-ES2H,spell_max,d_HiLLA_minus_SAI,ESAF,E.Southern-Africa,0.1543767901629783
MIROC-ES2H,spell_max,d_HiLLA_minus_SAI,MDG,Madagascar,1.3047251379596219
MIROC-ES2H,spell_max,d_HiLLA_minus_SAI,RAR,Russian-Arctic,-0.3642152659651927
MIROC-ES2H,spell_max,d_HiLLA_minus_SAI,WSB,W.Siberia,-0.8213461328560803
MIROC-ES2H,spell_max,d_HiLLA_minus_SAI,ESB,E.Siberia,-0.38655719238128006
MIROC-ES2H,spell_max,d_HiLLA_minus_SAI,RFE,Russian-Far-East,-0.4989675042954196
MIROC-ES2H,spell_max,d_HiLLA_minus_SAI,WCA,W.C.Asia,0.061695306964088314
MIROC-ES2H,spell_max,d_HiLLA_minus_SAI,ECA,E.C.Asia,-0.2154940407007306
MIROC-ES2H,spell_max,d_HiLLA_minus_SAI,TIB,Tibetan-Plateau,0.15779343708452578
MIROC-ES2H,spell_max,d_HiLLA_minus_SAI,EAS,E.Asia,0.7423834049480775
MIROC-ES2H,spell_max,d_HiLLA_minus_SAI,ARP,Arabian-Peninsula,0.06553819739598894
MIROC-ES2H,spell_max,d_HiLLA_minus_SAI,SAS,S.Asia,-0.4176822474703053
MIROC-ES2H,spell_max,d_HiLLA_minus_SAI,SEA,S.E.Asia,1.0999826737210714
MIROC-ES2H,spell_max,d_HiLLA_minus_SAI,NAU,N.Australia,1.7369090652940622
MIROC-ES2H,spell_max,d_HiLLA_minus_SAI,CAU,C.Australia,1.0709858525086051
MIROC-ES2H,spell_max,d_HiLLA_minus_SAI,EAU,E.Australia,1.2561810808156113
MIROC-ES2H,spell_max,d_HiLLA_minus_SAI,SAU,S.Australia,0.6491089966130889
MIROC-ES2H,spell_max,d_HiLLA_minus_SAI,NZ,New-Zealand,0.21686029004977475
MIROC-ES2H,spell_max,d_HiLLA_minus_SAI,EAN,E.Antarctica,
MIROC-ES2H,spell_max,d_HiLLA_minus_SAI,WAN,W.Antarctica,
MIROC-ES2H,spell_max,d_SAI_minus_target,GIC,Greenland/Iceland,
MIROC-ES2H,spell_max,d_SAI_minus_target,NWN,N.W.North-America,0.034565058516688854
MIROC-ES2H,spell_max,d_SAI_minus_target,NEN,N.E.North-America,0.05154008254203925
MIROC-ES2H,spell_max,d_SAI_minus_target,WNA,W.North-America,-0.04254744307885534
MIROC-ES2H,spell_max,d_SAI_minus_target,CNA,C.North-America,1.5472550125139275
MIROC-ES2H,spell_max,d_SAI_minus_target,ENA,E.North-America,0.007990605374252573
MIROC-ES2H,spell_max,d_SAI_minus_target,NCA,N.Central-America,-0.44464408269560696
MIROC-ES2H,spell_max,d_SAI_minus_target,SCA,S.Central-America,-2.5175668168997034
MIROC-ES2H,spell_max,d_SAI_minus_target,CAR,Caribbean,-1.73542880830961
MIROC-ES2H,spell_max,d_SAI_minus_target,NWS,N.W.South-America,-0.47722552193608614
MIROC-ES2H,spell_max,d_SAI_minus_target,NSA,N.South-America,-0.22722859806076337
MIROC-ES2H,spell_max,d_SAI_minus_target,NES,N.E.South-America,-0.9022470700551265
MIROC-ES2H,spell_max,d_SAI_minus_target,SAM,South-American-Monsoon,-1.9470628442902913
MIROC-ES2H,spell_max,d_SAI_minus_target,SWS,S.W.South-America,0.48364143028402634
MIROC-ES2H,spell_max,d_SAI_minus_target,SES,S.E.South-America,-1.7026397787500254
MIROC-ES2H,spell_max,d_SAI_minus_target,SSA,S.South-America,0.27270956239711036
MIROC-ES2H,spell_max,d_SAI_minus_target,NEU,N.Europe,-0.6157192358811281
MIROC-ES2H,spell_max,d_SAI_minus_target,WCE,West&Central-Europe,0.20328360118762445
MIROC-ES2H,spell_max,d_SAI_minus_target,EEU,E.Europe,0.1795804796902725
MIROC-ES2H,spell_max,d_SAI_minus_target,MED,Mediterranean,-0.001998316872289572
MIROC-ES2H,spell_max,d_SAI_minus_target,SAH,Sahara,-0.07058906898006094
MIROC-ES2H,spell_max,d_SAI_minus_target,WAF,Western-Africa,1.3181292984384674
MIROC-ES2H,spell_max,d_SAI_minus_target,CAF,Central-Africa,0.2313274130418258
MIROC-ES2H,spell_max,d_SAI_minus_target,NEAF,N.Eastern-Africa,0.1698530769821258
MIROC-ES2H,spell_max,d_SAI_minus_target,SEAF,S.Eastern-Africa,-0.7804807167507399
MIROC-ES2H,spell_max,d_SAI_minus_target,WSAF,W.Southern-Africa,0.2398775922663064
MIROC-ES2H,spell_max,d_SAI_minus_target,ESAF,E.Southern-Africa,0.7960885543480724
MIROC-ES2H,spell_max,d_SAI_minus_target,MDG,Madagascar,-0.02257980695572983
MIROC-ES2H,spell_max,d_SAI_minus_target,RAR,Russian-Arctic,0.37347082982855173
MIROC-ES2H,spell_max,d_SAI_minus_target,WSB,W.Siberia,-0.020065696490786572
MIROC-ES2H,spell_max,d_SAI_minus_target,ESB,E.Siberia,0.31933858048299296
MIROC-ES2H,spell_max,d_SAI_minus_target,RFE,Russian-Far-East,0.46980676238820773
MIROC-ES2H,spell_max,d_SAI_minus_target,WCA,W.C.Asia,-1.301991445228846
MIROC-ES2H,spell_max,d_SAI_minus_target,ECA,E.C.Asia,-0.5404402090660454
MIROC-ES2H,spell_max,d_SAI_minus_target,TIB,Tibetan-Plateau,0.7784801881423087
MIROC-ES2H,spell_max,d_SAI_minus_target,EAS,E.Asia,-0.6340416121799598
MIROC-ES2H,spell_max,d_SAI_minus_target,ARP,Arabian-Peninsula,0.6630078991768207
MIROC-ES2H,spell_max,d_SAI_minus_target,SAS,S.Asia,1.086967692390747
MIROC-ES2H,spell_max,d_SAI_minus_target,SEA,S.E.Asia,-0.7467924894450978
MIROC-ES2H,spell_max,d_SAI_minus_target,NAU,N.Australia,-0.9417706409296964
MIROC-ES2H,spell_max,d_SAI_minus_target,CAU,C.Australia,-0.7928387056171269
MIROC-ES2H,spell_max,d_SAI_minus_target,EAU,E.Australia,-1.790299000644917
MIROC-ES2H,spell_max,d_SAI_minus_target,SAU,S.Australia,-1.1919063342469902
MIROC-ES2H,spell_max,d_SAI_minus_target,NZ,New-Zealand,0.01846573863547196
MIROC-ES2H,spell_max,d_SAI_minus_target,EAN,E.Antarctica,
MIROC-ES2H,spell_max,d_SAI_minus_target,WAN,W.Antarctica,
MIROC-ES2H,spell_max,d_HiLLA_minus_target,GIC,Greenland/Iceland,
MIROC-ES2H,spell_max,d_HiLLA_minus_target,NWN,N.W.North-America,-0.23283277692242688
MIROC-ES2H,spell_max,d_HiLLA_minus_target,NEN,N.E.North-America,-0.4548241352662481
MIROC-ES2H,spell_max,d_HiLLA_minus_target,WNA,W.North-America,-1.279841645981048
MIROC-ES2H,spell_max,d_HiLLA_minus_target,CNA,C.North-America,0.25566787035735666
MIROC-ES2H,spell_max,d_HiLLA_minus_target,ENA,E.North-America,-0.5480247632892659
MIROC-ES2H,spell_max,d_HiLLA_minus_target,NCA,N.Central-America,-1.4022162559905216
MIROC-ES2H,spell_max,d_HiLLA_minus_target,SCA,S.Central-America,-1.335986282235503
MIROC-ES2H,spell_max,d_HiLLA_minus_target,CAR,Caribbean,0.21756467716067818
MIROC-ES2H,spell_max,d_HiLLA_minus_target,NWS,N.W.South-America,0.4797968283033995
MIROC-ES2H,spell_max,d_HiLLA_minus_target,NSA,N.South-America,1.9403519912048945
MIROC-ES2H,spell_max,d_HiLLA_minus_target,NES,N.E.South-America,1.2749009394254176
MIROC-ES2H,spell_max,d_HiLLA_minus_target,SAM,South-American-Monsoon,-0.603238747719416
MIROC-ES2H,spell_max,d_HiLLA_minus_target,SWS,S.W.South-America,0.9868553518206589
MIROC-ES2H,spell_max,d_HiLLA_minus_target,SES,S.E.South-America,-1.2439971921485953
MIROC-ES2H,spell_max,d_HiLLA_minus_target,SSA,S.South-America,0.43501328198795736
MIROC-ES2H,spell_max,d_HiLLA_minus_target,NEU,N.Europe,-0.2885918021081958
MIROC-ES2H,spell_max,d_HiLLA_minus_target,WCE,West&Central-Europe,-0.23716103394266203
MIROC-ES2H,spell_max,d_HiLLA_minus_target,EEU,E.Europe,1.5243420833065586
MIROC-ES2H,spell_max,d_HiLLA_minus_target,MED,Mediterranean,0.32134430448349566
MIROC-ES2H,spell_max,d_HiLLA_minus_target,SAH,Sahara,-0.28863235601431203
MIROC-ES2H,spell_max,d_HiLLA_minus_target,WAF,Western-Africa,0.10852042316261012
MIROC-ES2H,spell_max,d_HiLLA_minus_target,CAF,Central-Africa,-0.8865260229687498
MIROC-ES2H,spell_max,d_HiLLA_minus_target,NEAF,N.Eastern-Africa,-1.6278860369090693
MIROC-ES2H,spell_max,d_HiLLA_minus_target,SEAF,S.Eastern-Africa,-1.1599893094691998
MIROC-ES2H,spell_max,d_HiLLA_minus_target,WSAF,W.Southern-Africa,1.1517178017429328
MIROC-ES2H,spell_max,d_HiLLA_minus_target,ESAF,E.Southern-Africa,0.9504653445110509
MIROC-ES2H,spell_max,d_HiLLA_minus_target,MDG,Madagascar,1.282145331003892
MIROC-ES2H,spell_max,d_HiLLA_minus_target,RAR,Russian-Arctic,0.009255563863359045
MIROC-ES2H,spell_max,d_HiLLA_minus_target,WSB,W.Siberia,-0.8414118293468675
MIROC-ES2H,spell_max,d_HiLLA_minus_target,ESB,E.Siberia,-0.06721861189828691
MIROC-ES2H,spell_max,d_HiLLA_minus_target,RFE,Russian-Far-East,-0.029160741907211914
MIROC-ES2H,spell_max,d_HiLLA_minus_target,WCA,W.C.Asia,-1.2402961382647582
MIROC-ES2H,spell_max,d_HiLLA_minus_target,ECA,E.C.Asia,-0.7559342497667759
MIROC-ES2H,spell_max,d_HiLLA_minus_target,TIB,Tibetan-Plateau,0.9362736252268347
MIROC-ES2H,spell_max,d_HiLLA_minus_target,EAS,E.Asia,0.10834179276811752
MIROC-ES2H,spell_max,d_HiLLA_minus_target,ARP,Arabian-Peninsula,0.7285460965728098
MIROC-ES2H,spell_max,d_HiLLA_minus_target,SAS,S.Asia,0.6692854449204421
MIROC-ES2H,spell_max,d_HiLLA_minus_target,SEA,S.E.Asia,0.3531901842759734
MIROC-ES2H,spell_max,d_HiLLA_minus_target,NAU,N.Australia,0.7951384243643659
MIROC-ES2H,spell_max,d_HiLLA_minus_target,CAU,C.Australia,0.2781471468914783
MIROC-ES2H,spell_max,d_HiLLA_minus_target,EAU,E.Australia,-0.534117919829306
MIROC-ES2H,spell_max,d_HiLLA_minus_target,SAU,S.Australia,-0.5427973376339015
MIROC-ES2H,spell_max,d_HiLLA_minus_target,NZ,New-Zealand,0.2353260286852467
MIROC-ES2H,spell_max,d_HiLLA_minus_target,EAN,E.Antarctica,
MIROC-ES2H,spell_max,d_HiLLA_minus_target,WAN,W.Antarctica,
MIROC-ES2H,days_abs,target,GIC,Greenland/Iceland,
MIROC-ES2H,days_abs,target,NWN,N.W.North-America,0.732345442554563
MIROC-ES2H,days_abs,target,NEN,N.E.North-America,0.3839004250709708
MIROC-ES2H,days_abs,target,WNA,W.North-America,55.67067707626586
MIROC-ES2H,days_abs,target,CNA,C.North-America,34.037144169075034
MIROC-ES2H,days_abs,target,ENA,E.North-America,0.17595843084953738
MIROC-ES2H,days_abs,target,NCA,N.Central-America,114.95697584250891
MIROC-ES2H,days_abs,target,SCA,S.Central-America,16.71758074553091
MIROC-ES2H,days_abs,target,CAR,Caribbean,6.917050024031611
MIROC-ES2H,days_abs,target,NWS,N.W.South-America,5.513087194375642
MIROC-ES2H,days_abs,target,NSA,N.South-America,31.744995743238803
MIROC-ES2H,days_abs,target,NES,N.E.South-America,83.63259099247345
MIROC-ES2H,days_abs,target,SAM,South-American-Monsoon,31.887637903258092
MIROC-ES2H,days_abs,target,SWS,S.W.South-America,107.38745792733054
MIROC-ES2H,days_abs,target,SES,S.E.South-America,45.84064512517703
MIROC-ES2H,days_abs,target,SSA,S.South-America,20.67283608847727
MIROC-ES2H,days_abs,target,NEU,N.Europe,0.2212427153683652
MIROC-ES2H,days_abs,target,WCE,West&Central-Europe,19.518823358800823
MIROC-ES2H,days_abs,target,EEU,E.Europe,54.3818587200626
MIROC-ES2H,days_abs,target,MED,Mediterranean,135.06278912511968
MIROC-ES2H,days_abs,target,SAH,Sahara,347.6211406745725
MIROC-ES2H,days_abs,target,WAF,Western-Africa,115.21258321064259
MIROC-ES2H,days_abs,target,CAF,Central-Africa,55.35602058110905
MIROC-ES2H,days_abs,target,NEAF,N.Eastern-Africa,167.64092187792252
MIROC-ES2H,days_abs,target,SEAF,S.Eastern-Africa,92.18109966349257
MIROC-ES2H,days_abs,target,WSAF,W.Southern-Africa,140.71311779196716
MIROC-ES2H,days_abs,target,ESAF,E.Southern-Africa,72.88472632641675
MIROC-ES2H,days_abs,target,MDG,Madagascar,11.654318373057157
MIROC-ES2H,days_abs,target,RAR,Russian-Arctic,0.029078804388718377
MIROC-ES2H,days_abs,target,WSB,W.Siberia,51.57196699801105
MIROC-ES2H,days_abs,target,ESB,E.Siberia,5.339156059322302
MIROC-ES2H,days_abs,target,RFE,Russian-Far-East,0.004664917861097907
MIROC-ES2H,days_abs,target,WCA,W.C.Asia,175.82503080320694
MIROC-ES2H,days_abs,target,ECA,E.C.Asia,92.89148964221917
MIROC-ES2H,days_abs,target,TIB,Tibetan-Plateau,7.5002850811087
MIROC-ES2H,days_abs,target,EAS,E.Asia,0.7988598057109247
MIROC-ES2H,days_abs,target,ARP,Arabian-Peninsula,335.7278523378627
MIROC-ES2H,days_abs,target,SAS,S.Asia,130.81613431209374
MIROC-ES2H,days_abs,target,SEA,S.E.Asia,8.948683298206335
MIROC-ES2H,days_abs,target,NAU,N.Australia,160.76095501852566
MIROC-ES2H,days_abs,target,CAU,C.Australia,208.85172236867976
MIROC-ES2H,days_abs,target,EAU,E.Australia,69.49767560037932
MIROC-ES2H,days_abs,target,SAU,S.Australia,120.99442854507127
MIROC-ES2H,days_abs,target,NZ,New-Zealand,0.0
MIROC-ES2H,days_abs,target,EAN,E.Antarctica,
MIROC-ES2H,days_abs,target,WAN,W.Antarctica,
MIROC-ES2H,days_abs,ssp245,GIC,Greenland/Iceland,
MIROC-ES2H,days_abs,ssp245,NWN,N.W.North-America,1.4377611201899498
MIROC-ES2H,days_abs,ssp245,NEN,N.E.North-America,0.7772934679177979
MIROC-ES2H,days_abs,ssp245,WNA,W.North-America,58.80733477464547
MIROC-ES2H,days_abs,ssp245,CNA,C.North-America,47.44971454641511
MIROC-ES2H,days_abs,ssp245,ENA,E.North-America,0.23016226349395474
MIROC-ES2H,days_abs,ssp245,NCA,N.Central-America,128.6158187824608
MIROC-ES2H,days_abs,ssp245,SCA,S.Central-America,20.76401533859543
MIROC-ES2H,days_abs,ssp245,CAR,Caribbean,9.621007978575552
MIROC-ES2H,days_abs,ssp245,NWS,N.W.South-America,6.5925378393051615
MIROC-ES2H,days_abs,ssp245,NSA,N.South-America,36.97681303527608
MIROC-ES2H,days_abs,ssp245,NES,N.E.South-America,93.89824225539226
MIROC-ES2H,days_abs,ssp245,SAM,South-American-Monsoon,39.66697423060099
MIROC-ES2H,days_abs,ssp245,SWS,S.W.South-America,118.89177256559367
MIROC-ES2H,days_abs,ssp245,SES,S.E.South-America,48.48152367095058
MIROC-ES2H,days_abs,ssp245,SSA,S.South-America,26.466372394415476
MIROC-ES2H,days_abs,ssp245,NEU,N.Europe,0.22865883721768007
MIROC-ES2H,days_abs,ssp245,WCE,West&Central-Europe,24.599866702268198
MIROC-ES2H,days_abs,ssp245,EEU,E.Europe,61.55626846875843
MIROC-ES2H,days_abs,ssp245,MED,Mediterranean,148.43869296072347
MIROC-ES2H,days_abs,ssp245,SAH,Sahara,349.23573133945996
MIROC-ES2H,days_abs,ssp245,WAF,Western-Africa,120.82278735808156
MIROC-ES2H,days_abs,ssp245,CAF,Central-Africa,57.082344580516974
MIROC-ES2H,days_abs,ssp245,NEAF,N.Eastern-Africa,169.48895875190027
MIROC-ES2H,days_abs,ssp245,SEAF,S.Eastern-Africa,94.04421843134527
MIROC-ES2H,days_abs,ssp245,WSAF,W.Southern-Africa,155.6534135696912
MIROC-ES2H,days_abs,ssp245,ESAF,E.Southern-Africa,83.75576089654054
MIROC-ES2H,days_abs,ssp245,MDG,Madagascar,15.669795425235804
MIROC-ES2H,days_abs,ssp245,RAR,Russian-Arctic,0.00985593348560714
MIROC-ES2H,days_abs,ssp245,WSB,W.Siberia,53.381635231811856
MIROC-ES2H,days_abs,ssp245,ESB,E.Siberia,5.875266486220973
MIROC-ES2H,days_abs,ssp245,RFE,Russian-Far-East,0.004603589319809103
MIROC-ES2H,days_abs,ssp245,WCA,W.C.Asia,184.32968655911412
MIROC-ES2H,days_abs,ssp245,ECA,E.C.Asia,91.90594372204782
MIROC-ES2H,days_abs,ssp245,TIB,Tibetan-Plateau,7.859635186526791
MIROC-ES2H,days_abs,ssp245,EAS,E.Asia,1.3318984093266466
MIROC-ES2H,days_abs,ssp245,ARP,Arabian-Peninsula,337.767303734387
MIROC-ES2H,days_abs,ssp245,SAS,S.Asia,129.96468731009838
MIROC-ES2H,days_abs,ssp245,SEA,S.E.Asia,8.308116940948432
MIROC-ES2H,days_abs,ssp245,NAU,N.Australia,162.41907868133688
MIROC-ES2H,days_abs,ssp245,CAU,C.Australia,200.70336555903734
MIROC-ES2H,days_abs,ssp245,EAU,E.Australia,62.571971625810434
MIROC-ES2H,days_abs,ssp245,SAU,S.Australia,123.17440384345313
MIROC-ES2H,days_abs,ssp245,NZ,New-Zealand,0.0
MIROC-ES2H,days_abs,ssp245,EAN,E.Antarctica,
MIROC-ES2H,days_abs,ssp245,WAN,W.Antarctica,
MIROC-ES2H,days_abs,G6-1.5K-SAI,GIC,Greenland/Iceland,
MIROC-ES2H,days_abs,G6-1.5K-SAI,NWN,N.W.North-America,0.7215553269869149
MIROC-ES2H,days_abs,G6-1.5K-SAI,NEN,N.E.North-America,0.3712313323685234
MIROC-ES2H,days_abs,G6-1.5K-SAI,WNA,W.North-America,56.31362977266703
MIROC-ES2H,days_abs,G6-1.5K-SAI,CNA,C.North-America,41.47184852517011
MIROC-ES2H,days_abs,G6-1.5K-SAI,ENA,E.North-America,0.19383043538367034
MIROC-ES2H,days_abs,G6-1.5K-SAI,NCA,N.Central-America,117.71687588527453
MIROC-ES2H,days_abs,G6-1.5K-SAI,SCA,S.Central-America,13.731630002266224
MIROC-ES2H,days_abs,G6-1.5K-SAI,CAR,Caribbean,4.9079335281050485
MIROC-ES2H,days_abs,G6-1.5K-SAI,NWS,N.W.South-America,5.577353677649279
MIROC-ES2H,days_abs,G6-1.5K-SAI,NSA,N.South-America,31.206319825649327
MIROC-ES2H,days_abs,G6-1.5K-SAI,NES,N.E.South-America,80.37252239045236
MIROC-ES2H,days_abs,G6-1.5K-SAI,SAM,South-American-Monsoon,28.75598182831336
MIROC-ES2H,days_abs,G6-1.5K-SAI,SWS,S.W.South-America,109.04153728558525
MIROC-ES2H,days_abs,G6-1.5K-SAI,SES,S.E.South-America,38.11205549497873
MIROC-ES2H,days_abs,G6-1.5K-SAI,SSA,S.South-America,21.120802130358562
MIROC-ES2H,days_abs,G6-1.5K-SAI,NEU,N.Europe,0.15718539720141572
MIROC-ES2H,days_abs,G6-1.5K-SAI,WCE,West&Central-Europe,20.813974885755528
MIROC-ES2H,days_abs,G6-1.5K-SAI,EEU,E.Europe,56.35553667142298
MIROC-ES2H,days_abs,G6-1.5K-SAI,MED,Mediterranean,133.89803562985094
MIROC-ES2H,days_abs,G6-1.5K-SAI,SAH,Sahara,346.92202242661773
MIROC-ES2H,days_abs,G6-1.5K-SAI,WAF,Western-Africa,116.2177269670114
MIROC-ES2H,days_abs,G6-1.5K-SAI,CAF,Central-Africa,54.52166273240076
MIROC-ES2H,days_abs,G6-1.5K-SAI,NEAF,N.Eastern-Africa,166.03932029234898
MIROC-ES2H,days_abs,G6-1.5K-SAI,SEAF,S.Eastern-Africa,88.51141412204709
MIROC-ES2H,days_abs,G6-1.5K-SAI,WSAF,W.Southern-Africa,142.24913637910058
MIROC-ES2H,days_abs,G6-1.5K-SAI,ESAF,E.Southern-Africa,73.07388687816007
MIROC-ES2H,days_abs,G6-1.5K-SAI,MDG,Madagascar,11.338540409227955
MIROC-ES2H,days_abs,G6-1.5K-SAI,RAR,Russian-Arctic,0.004554658538162697
MIROC-ES2H,days_abs,G6-1.5K-SAI,WSB,W.Siberia,52.08060084771116
MIROC-ES2H,days_abs,G6-1.5K-SAI,ESB,E.Siberia,4.974212134973402
MIROC-ES2H,days_abs,G6-1.5K-SAI,RFE,Russian-Far-East,0.0020132469999516907
MIROC-ES2H,days_abs,G6-1.5K-SAI,WCA,W.C.Asia,173.06387235244452
MIROC-ES2H,days_abs,G6-1.5K-SAI,ECA,E.C.Asia,90.00399707590108
MIROC-ES2H,days_abs,G6-1.5K-SAI,TIB,Tibetan-Plateau,7.650490785481667
MIROC-ES2H,days_abs,G6-1.5K-SAI,EAS,E.Asia,0.8438968709624414
MIROC-ES2H,days_abs,G6-1.5K-SAI,ARP,Arabian-Peninsula,335.97304893186464
MIROC-ES2H,days_abs,G6-1.5K-SAI,SAS,S.Asia,130.8106546306105
MIROC-ES2H,days_abs,G6-1.5K-SAI,SEA,S.E.Asia,7.295902209011827
MIROC-ES2H,days_abs,G6-1.5K-SAI,NAU,N.Australia,151.9633222927886
MIROC-ES2H,days_abs,G6-1.5K-SAI,CAU,C.Australia,197.1804210300887
MIROC-ES2H,days_abs,G6-1.5K-SAI,EAU,E.Australia,53.22065405864105
MIROC-ES2H,days_abs,G6-1.5K-SAI,SAU,S.Australia,116.15735274221919
MIROC-ES2H,days_abs,G6-1.5K-SAI,NZ,New-Zealand,0.0
MIROC-ES2H,days_abs,G6-1.5K-SAI,EAN,E.Antarctica,
MIROC-ES2H,days_abs,G6-1.5K-SAI,WAN,W.Antarctica,
MIROC-ES2H,days_abs,G6-1.5K-HiLLA,GIC,Greenland/Iceland,
MIROC-ES2H,days_abs,G6-1.5K-HiLLA,NWN,N.W.North-America,0.7292834011796744
MIROC-ES2H,days_abs,G6-1.5K-HiLLA,NEN,N.E.North-America,0.34081395144602367
MIROC-ES2H,days_abs,G6-1.5K-HiLLA,WNA,W.North-America,54.32565503638499
MIROC-ES2H,days_abs,G6-1.5K-HiLLA,CNA,C.North-America,37.468950208451446
MIROC-ES2H,days_abs,G6-1.5K-HiLLA,ENA,E.North-America,0.11101466491204258
MIROC-ES2H,days_abs,G6-1.5K-HiLLA,NCA,N.Central-America,113.76613881213603
MIROC-ES2H,days_abs,G6-1.5K-HiLLA,SCA,S.Central-America,15.54752433408121
MIROC-ES2H,days_abs,G6-1.5K-HiLLA,CAR,Caribbean,6.767763699531778
MIROC-ES2H,days_abs,G6-1.5K-HiLLA,NWS,N.W.South-America,6.501385729891312
MIROC-ES2H,days_abs,G6-1.5K-HiLLA,NSA,N.South-America,34.54970858961273
MIROC-ES2H,days_abs,G6-1.5K-HiLLA,NES,N.E.South-America,84.4394804563092
MIROC-ES2H,days_abs,G6-1.5K-HiLLA,SAM,South-American-Monsoon,30.75412873117081
MIROC-ES2H,days_abs,G6-1.5K-HiLLA,SWS,S.W.South-America,112.72927466833534
MIROC-ES2H,days_abs,G6-1.5K-HiLLA,SES,S.E.South-America,40.97564573872267
MIROC-ES2H,days_abs,G6-1.5K-HiLLA,SSA,S.South-America,21.07564733087732
MIROC-ES2H,days_abs,G6-1.5K-HiLLA,NEU,N.Europe,0.19375168213184385
MIROC-ES2H,days_abs,G6-1.5K-HiLLA,WCE,West&Central-Europe,20.588050159472488
MIROC-ES2H,days_abs,G6-1.5K-HiLLA,EEU,E.Europe,57.334057630690374
MIROC-ES2H,days_abs,G6-1.5K-HiLLA,MED,Mediterranean,134.22225856997798
MIROC-ES2H,days_abs,G6-1.5K-HiLLA,SAH,Sahara,347.41791826720146
MIROC-ES2H,days_abs,G6-1.5K-HiLLA,WAF,Western-Africa,115.54621987234016
MIROC-ES2H,days_abs,G6-1.5K-HiLLA,CAF,Central-Africa,53.99071791808576
MIROC-ES2H,days_abs,G6-1.5K-HiLLA,NEAF,N.Eastern-Africa,165.5933161431832
MIROC-ES2H,days_abs,G6-1.5K-HiLLA,SEAF,S.Eastern-Africa,90.88927045945056
MIROC-ES2H,days_abs,G6-1.5K-HiLLA,WSAF,W.Southern-Africa,145.6676197321487
MIROC-ES2H,days_abs,G6-1.5K-HiLLA,ESAF,E.Southern-Africa,73.50735687712306
MIROC-ES2H,days_abs,G6-1.5K-HiLLA,MDG,Madagascar,11.466770321505612
MIROC-ES2H,days_abs,G6-1.5K-HiLLA,RAR,Russian-Arctic,0.00456252180426205
MIROC-ES2H,days_abs,G6-1.5K-HiLLA,WSB,W.Siberia,49.93958551698097
MIROC-ES2H,days_abs,G6-1.5K-HiLLA,ESB,E.Siberia,5.04446630518779
MIROC-ES2H,days_abs,G6-1.5K-HiLLA,RFE,Russian-Far-East,0.004860686428298846
MIROC-ES2H,days_abs,G6-1.5K-HiLLA,WCA,W.C.Asia,171.05134439883082
MIROC-ES2H,days_abs,G6-1.5K-HiLLA,ECA,E.C.Asia,89.48253657242445
MIROC-ES2H,days_abs,G6-1.5K-HiLLA,TIB,Tibetan-Plateau,7.633300007558585
MIROC-ES2H,days_abs,G6-1.5K-HiLLA,EAS,E.Asia,0.9135929692583115
MIROC-ES2H,days_abs,G6-1.5K-HiLLA,ARP,Arabian-Peninsula,335.7719690947092
MIROC-ES2H,days_abs,G6-1.5K-HiLLA,SAS,S.Asia,129.19439685254886
MIROC-ES2H,days_abs,G6-1.5K-HiLLA,SEA,S.E.Asia,8.984596285606901
MIROC-ES2H,days_abs,G6-1.5K-HiLLA,NAU,N.Australia,162.56671985825133
MIROC-ES2H,days_abs,G6-1.5K-HiLLA,CAU,C.Australia,202.06628864961087
MIROC-ES2H,days_abs,G6-1.5K-HiLLA,EAU,E.Australia,62.60646377432552
MIROC-ES2H,days_abs,G6-1.5K-HiLLA,SAU,S.Australia,122.39311813236898
MIROC-ES2H,days_abs,G6-1.5K-HiLLA,NZ,New-Zealand,0.0
MIROC-ES2H,days_abs,G6-1.5K-HiLLA,EAN,E.Antarctica,
MIROC-ES2H,days_abs,G6-1.5K-HiLLA,WAN,W.Antarctica,
MIROC-ES2H,days_abs,d_ssp245_minus_target,GIC,Greenland/Iceland,
MIROC-ES2H,days_abs,d_ssp245_minus_target,NWN,N.W.North-America,0.7054156776353866
MIROC-ES2H,days_abs,d_ssp245_minus_target,NEN,N.E.North-America,0.3933930428468269
MIROC-ES2H,days_abs,d_ssp245_minus_target,WNA,W.North-America,3.1366576983796013
MIROC-ES2H,days_abs,d_ssp245_minus_target,CNA,C.North-America,13.412570377340092
MIROC-ES2H,days_abs,d_ssp245_minus_target,ENA,E.North-America,0.05420383264441737
MIROC-ES2H,days_abs,d_ssp245_minus_target,NCA,N.Central-America,13.658842939951873
MIROC-ES2H,days_abs,d_ssp245_minus_target,SCA,S.Central-America,4.046434593064522
MIROC-ES2H,days_abs,d_ssp245_minus_target,CAR,Caribbean,2.7039579545439407
MIROC-ES2H,days_abs,d_ssp245_minus_target,NWS,N.W.South-America,1.0794506449295163
MIROC-ES2H,days_abs,d_ssp245_minus_target,NSA,N.South-America,5.231817292037267
MIROC-ES2H,days_abs,d_ssp245_minus_target,NES,N.E.South-America,10.265651262918828
MIROC-ES2H,days_abs,d_ssp245_minus_target,SAM,South-American-Monsoon,7.779336327342903
MIROC-ES2H,days_abs,d_ssp245_minus_target,SWS,S.W.South-America,11.504314638263116
MIROC-ES2H,days_abs,d_ssp245_minus_target,SES,S.E.South-America,2.64087854577355
MIROC-ES2H,days_abs,d_ssp245_minus_target,SSA,S.South-America,5.7935363059382095
MIROC-ES2H,days_abs,d_ssp245_minus_target,NEU,N.Europe,0.007416121849314944
MIROC-ES2H,days_abs,d_ssp245_minus_target,WCE,West&Central-Europe,5.081043343467372
MIROC-ES2H,days_abs,d_ssp245_minus_target,EEU,E.Europe,7.1744097486958545
MIROC-ES2H,days_abs,d_ssp245_minus_target,MED,Mediterranean,13.37590383560379
MIROC-ES2H,days_abs,d_ssp245_minus_target,SAH,Sahara,1.6145906648873904
MIROC-ES2H,days_abs,d_ssp245_minus_target,WAF,Western-Africa,5.610204147438939
MIROC-ES2H,days_abs,d_ssp245_minus_target,CAF,Central-Africa,1.7263239994079145
MIROC-ES2H,days_abs,d_ssp245_minus_target,NEAF,N.Eastern-Africa,1.848036873977757
MIROC-ES2H,days_abs,d_ssp245_minus_target,SEAF,S.Eastern-Africa,1.8631187678527192
MIROC-ES2H,days_abs,d_ssp245_minus_target,WSAF,W.Southern-Africa,14.940295777724023
MIROC-ES2H,days_abs,d_ssp245_minus_target,ESAF,E.Southern-Africa,10.871034570123781
MIROC-ES2H,days_abs,d_ssp245_minus_target,MDG,Madagascar,4.015477052178649
MIROC-ES2H,days_abs,d_ssp245_minus_target,RAR,Russian-Arctic,-0.019222870903111238
MIROC-ES2H,days_abs,d_ssp245_minus_target,WSB,W.Siberia,1.8096682338008208
MIROC-ES2H,days_abs,d_ssp245_minus_target,ESB,E.Siberia,0.5361104268986677
MIROC-ES2H,days_abs,d_ssp245_minus_target,RFE,Russian-Far-East,-6.132854128880469e-05
MIROC-ES2H,days_abs,d_ssp245_minus_target,WCA,W.C.Asia,8.504655755907066
MIROC-ES2H,days_abs,d_ssp245_minus_target,ECA,E.C.Asia,-0.9855459201713451
MIROC-ES2H,days_abs,d_ssp245_minus_target,TIB,Tibetan-Plateau,0.3593501054180919
MIROC-ES2H,days_abs,d_ssp245_minus_target,EAS,E.Asia,0.5330386036157225
MIROC-ES2H,days_abs,d_ssp245_minus_target,ARP,Arabian-Peninsula,2.039451396524344
MIROC-ES2H,days_abs,d_ssp245_minus_target,SAS,S.Asia,-0.8514470019953465
MIROC-ES2H,days_abs,d_ssp245_minus_target,SEA,S.E.Asia,-0.6405663572579028
MIROC-ES2H,days_abs,d_ssp245_minus_target,NAU,N.Australia,1.6581236628112106
MIROC-ES2H,days_abs,d_ssp245_minus_target,CAU,C.Australia,-8.148356809642396
MIROC-ES2H,days_abs,d_ssp245_minus_target,EAU,E.Australia,-6.925703974568894
MIROC-ES2H,days_abs,d_ssp245_minus_target,SAU,S.Australia,2.1799752983818794
MIROC-ES2H,days_abs,d_ssp245_minus_target,NZ,New-Zealand,0.0
MIROC-ES2H,days_abs,d_ssp245_minus_target,EAN,E.Antarctica,
MIROC-ES2H,days_abs,d_ssp245_minus_target,WAN,W.Antarctica,
MIROC-ES2H,days_abs,d_SAI_minus_ssp245,GIC,Greenland/Iceland,
MIROC-ES2H,days_abs,d_SAI_minus_ssp245,NWN,N.W.North-America,-0.7162057932030347
MIROC-ES2H,days_abs,d_SAI_minus_ssp245,NEN,N.E.North-America,-0.40606213554927423
MIROC-ES2H,days_abs,d_SAI_minus_ssp245,WNA,W.North-America,-2.4937050019784235
MIROC-ES2H,days_abs,d_SAI_minus_ssp245,CNA,C.North-America,-5.977866021245004
MIROC-ES2H,days_abs,d_SAI_minus_ssp245,ENA,E.North-America,-0.0363318281102844
MIROC-ES2H,days_abs,d_SAI_minus_ssp245,NCA,N.Central-America,-10.898942897186231
MIROC-ES2H,days_abs,d_SAI_minus_ssp245,SCA,S.Central-America,-7.032385336329208
MIROC-ES2H,days_abs,d_SAI_minus_ssp245,CAR,Caribbean,-4.713074450470504
MIROC-ES2H,days_abs,d_SAI_minus_ssp245,NWS,N.W.South-America,-1.0151841616558792
MIROC-ES2H,days_abs,d_SAI_minus_ssp245,NSA,N.South-America,-5.770493209626743
MIROC-ES2H,days_abs,d_SAI_minus_ssp245,NES,N.E.South-America,-13.525719864939903
MIROC-ES2H,days_abs,d_SAI_minus_ssp245,SAM,South-American-Monsoon,-10.91099240228763
MIROC-ES2H,days_abs,d_SAI_minus_ssp245,SWS,S.W.South-America,-9.850235280008418
MIROC-ES2H,days_abs,d_SAI_minus_ssp245,SES,S.E.South-America,-10.369468175971853
MIROC-ES2H,days_abs,d_SAI_minus_ssp245,SSA,S.South-America,-5.345570264056917
MIROC-ES2H,days_abs,d_SAI_minus_ssp245,NEU,N.Europe,-0.07147344001626432
MIROC-ES2H,days_abs,d_SAI_minus_ssp245,WCE,West&Central-Europe,-3.7858918165126676
MIROC-ES2H,days_abs,d_SAI_minus_ssp245,EEU,E.Europe,-5.200731797335456
MIROC-ES2H,days_abs,d_SAI_minus_ssp245,MED,Mediterranean,-14.540657330872568
MIROC-ES2H,days_abs,d_SAI_minus_ssp245,SAH,Sahara,-2.3137089128422565
MIROC-ES2H,days_abs,d_SAI_minus_ssp245,WAF,Western-Africa,-4.605060391070143
MIROC-ES2H,days_abs,d_SAI_minus_ssp245,CAF,Central-Africa,-2.5606818481161975
MIROC-ES2H,days_abs,d_SAI_minus_ssp245,NEAF,N.Eastern-Africa,-3.4496384595512715
MIROC-ES2H,days_abs,d_SAI_minus_ssp245,SEAF,S.Eastern-Africa,-5.532804309298193
MIROC-ES2H,days_abs,d_SAI_minus_ssp245,WSAF,W.Southern-Africa,-13.404277190590639
MIROC-ES2H,days_abs,d_SAI_minus_ssp245,ESAF,E.Southern-Africa,-10.681874018380443
MIROC-ES2H,days_abs,d_SAI_minus_ssp245,MDG,Madagascar,-4.331255016007851
MIROC-ES2H,days_abs,d_SAI_minus_ssp245,RAR,Russian-Arctic,-0.0053012749474444405
MIROC-ES2H,days_abs,d_SAI_minus_ssp245,WSB,W.Siberia,-1.3010343841006782
MIROC-ES2H,days_abs,d_SAI_minus_ssp245,ESB,E.Siberia,-0.9010543512475688
MIROC-ES2H,days_abs,d_SAI_minus_ssp245,RFE,Russian-Far-East,-0.002590342319857412
MIROC-ES2H,days_abs,d_SAI_minus_ssp245,WCA,W.C.Asia,-11.265814206669429
MIROC-ES2H,days_abs,d_SAI_minus_ssp245,ECA,E.C.Asia,-1.901946646146741
MIROC-ES2H,days_abs,d_SAI_minus_ssp245,TIB,Tibetan-Plateau,-0.2091444010451244
MIROC-ES2H,days_abs,d_SAI_minus_ssp245,EAS,E.Asia,-0.4880015383642056
MIROC-ES2H,days_abs,d_SAI_minus_ssp245,ARP,Arabian-Peninsula,-1.79425480252236
MIROC-ES2H,days_abs,d_SAI_minus_ssp245,SAS,S.Asia,0.8459673205120947
MIROC-ES2H,days_abs,d_SAI_minus_ssp245,SEA,S.E.Asia,-1.0122147319366048
MIROC-ES2H,days_abs,d_SAI_minus_ssp245,NAU,N.Australia,-10.455756388548272
MIROC-ES2H,days_abs,d_SAI_minus_ssp245,CAU,C.Australia,-3.522944528948652
MIROC-ES2H,days_abs,d_SAI_minus_ssp245,EAU,E.Australia,-9.35131756716939
MIROC-ES2H,days_abs,d_SAI_minus_ssp245,SAU,S.Australia,-7.0170511012339265
MIROC-ES2H,days_abs,d_SAI_minus_ssp245,NZ,New-Zealand,0.0
MIROC-ES2H,days_abs,d_SAI_minus_ssp245,EAN,E.Antarctica,
MIROC-ES2H,days_abs,d_SAI_minus_ssp245,WAN,W.Antarctica,
MIROC-ES2H,days_abs,d_HiLLA_minus_ssp245,GIC,Greenland/Iceland,
MIROC-ES2H,days_abs,d_HiLLA_minus_ssp245,NWN,N.W.North-America,-0.7084777190102752
MIROC-ES2H,days_abs,d_HiLLA_minus_ssp245,NEN,N.E.North-America,-0.43647951647177385
MIROC-ES2H,days_abs,d_HiLLA_minus_ssp245,WNA,W.North-America,-4.481679738260478
MIROC-ES2H,days_abs,d_HiLLA_minus_ssp245,CNA,C.North-America,-9.980764337963675
MIROC-ES2H,days_abs,d_HiLLA_minus_ssp245,ENA,E.North-America,-0.11914759858191218
MIROC-ES2H,days_abs,d_HiLLA_minus_ssp245,NCA,N.Central-America,-14.84967997032469
MIROC-ES2H,days_abs,d_HiLLA_minus_ssp245,SCA,S.Central-America,-5.2164910045142205
MIROC-ES2H,days_abs,d_HiLLA_minus_ssp245,CAR,Caribbean,-2.8532442790437726
MIROC-ES2H,days_abs,d_HiLLA_minus_ssp245,NWS,N.W.South-America,-0.09115210941384864
MIROC-ES2H,days_abs,d_HiLLA_minus_ssp245,NSA,N.South-America,-2.4271044456633386
MIROC-ES2H,days_abs,d_HiLLA_minus_ssp245,NES,N.E.South-America,-9.458761799083078
MIROC-ES2H,days_abs,d_HiLLA_minus_ssp245,SAM,South-American-Monsoon,-8.912845499430185
MIROC-ES2H,days_abs,d_HiLLA_minus_ssp245,SWS,S.W.South-America,-6.162497897258336
MIROC-ES2H,days_abs,d_HiLLA_minus_ssp245,SES,S.E.South-America,-7.505877932227931
MIROC-ES2H,days_abs,d_HiLLA_minus_ssp245,SSA,S.South-America,-5.390725063538157
MIROC-ES2H,days_abs,d_HiLLA_minus_ssp245,NEU,N.Europe,-0.03490715508583627
MIROC-ES2H,days_abs,d_HiLLA_minus_ssp245,WCE,West&Central-Europe,-4.0118165427957155
MIROC-ES2H,days_abs,d_HiLLA_minus_ssp245,EEU,E.Europe,-4.222210838068061
MIROC-ES2H,days_abs,d_HiLLA_minus_ssp245,MED,Mediterranean,-14.216434390745514
MIROC-ES2H,days_abs,d_HiLLA_minus_ssp245,SAH,Sahara,-1.8178130722584127
MIROC-ES2H,days_abs,d_HiLLA_minus_ssp245,WAF,Western-Africa,-5.276567485741347
MIROC-ES2H,days_abs,d_HiLLA_minus_ssp245,CAF,Central-Africa,-3.091626662431215
MIROC-ES2H,days_abs,d_HiLLA_minus_ssp245,NEAF,N.Eastern-Africa,-3.8956426087170235
MIROC-ES2H,days_abs,d_HiLLA_minus_ssp245,SEAF,S.Eastern-Africa,-3.1549479718947313
MIROC-ES2H,days_abs,d_HiLLA_minus_ssp245,WSAF,W.Southern-Africa,-9.985793837542522
MIROC-ES2H,days_abs,d_HiLLA_minus_ssp245,ESAF,E.Southern-Africa,-10.248404019417494
MIROC-ES2H,days_abs,d_HiLLA_minus_ssp245,MDG,Madagascar,-4.2030251037301944
MIROC-ES2H,days_abs,d_HiLLA_minus_ssp245,RAR,Russian-Arctic,-0.005293411681345089
MIROC-ES2H,days_abs,d_HiLLA_minus_ssp245,WSB,W.Siberia,-3.442049714830885
MIROC-ES2H,days_abs,d_HiLLA_minus_ssp245,ESB,E.Siberia,-0.8308001810331803
MIROC-ES2H,days_abs,d_HiLLA_minus_ssp245,RFE,Russian-Far-East,0.00025709710848974396
MIROC-ES2H,days_abs,d_HiLLA_minus_ssp245,WCA,W.C.Asia,-13.278342160283259
MIROC-ES2H,days_abs,d_HiLLA_minus_ssp245,ECA,E.C.Asia,-2.4234071496233685
MIROC-ES2H,days_abs,d_HiLLA_minus_ssp245,TIB,Tibetan-Plateau,-0.2263351789682078
MIROC-ES2H,days_abs,d_HiLLA_minus_ssp245,EAS,E.Asia,-0.41830544006833537
MIROC-ES2H,days_abs,d_HiLLA_minus_ssp245,ARP,Arabian-Peninsula,-1.995334639677778
MIROC-ES2H,days_abs,d_HiLLA_minus_ssp245,SAS,S.Asia,-0.7702904575495277
MIROC-ES2H,days_abs,d_HiLLA_minus_ssp245,SEA,S.E.Asia,0.6764793446584688
MIROC-ES2H,days_abs,d_HiLLA_minus_ssp245,NAU,N.Australia,0.14764117691447382
MIROC-ES2H,days_abs,d_HiLLA_minus_ssp245,CAU,C.Australia,1.362923090573473
MIROC-ES2H,days_abs,d_HiLLA_minus_ssp245,EAU,E.Australia,0.03449214851508992
MIROC-ES2H,days_abs,d_HiLLA_minus_ssp245,SAU,S.Australia,-0.7812857110841473
MIROC-ES2H,days_abs,d_HiLLA_minus_ssp245,NZ,New-Zealand,0.0
MIROC-ES2H,days_abs,d_HiLLA_minus_ssp245,EAN,E.Antarctica,
MIROC-ES2H,days_abs,d_HiLLA_minus_ssp245,WAN,W.Antarctica,
MIROC-ES2H,days_abs,d_HiLLA_minus_SAI,GIC,Greenland/Iceland,
MIROC-ES2H,days_abs,d_HiLLA_minus_SAI,NWN,N.W.North-America,0.007728074192759562
MIROC-ES2H,days_abs,d_HiLLA_minus_SAI,NEN,N.E.North-America,-0.030417380922499734
MIROC-ES2H,days_abs,d_HiLLA_minus_SAI,WNA,W.North-America,-1.9879747362820541
MIROC-ES2H,days_abs,d_HiLLA_minus_SAI,CNA,C.North-America,-4.00289831671867
MIROC-ES2H,days_abs,d_HiLLA_minus_SAI,ENA,E.North-America,-0.08281577047162779
MIROC-ES2H,days_abs,d_HiLLA_minus_SAI,NCA,N.Central-America,-3.9507370731384555
MIROC-ES2H,days_abs,d_HiLLA_minus_SAI,SCA,S.Central-America,1.8158943318149856
MIROC-ES2H,days_abs,d_HiLLA_minus_SAI,CAR,Caribbean,1.8598301714267307
MIROC-ES2H,days_abs,d_HiLLA_minus_SAI,NWS,N.W.South-America,0.9240320522420306
MIROC-ES2H,days_abs,d_HiLLA_minus_SAI,NSA,N.South-America,3.3433887639634046
MIROC-ES2H,days_abs,d_HiLLA_minus_SAI,NES,N.E.South-America,4.0669580658568245
MIROC-ES2H,days_abs,d_HiLLA_minus_SAI,SAM,South-American-Monsoon,1.998146902857445
MIROC-ES2H,days_abs,d_HiLLA_minus_SAI,SWS,S.W.South-America,3.687737382750084
MIROC-ES2H,days_abs,d_HiLLA_minus_SAI,SES,S.E.South-America,2.8635902437439253
MIROC-ES2H,days_abs,d_HiLLA_minus_SAI,SSA,S.South-America,-0.04515479948123927
MIROC-ES2H,days_abs,d_HiLLA_minus_SAI,NEU,N.Europe,0.03656628493042805
MIROC-ES2H,days_abs,d_HiLLA_minus_SAI,WCE,West&Central-Europe,-0.22592472628304675
MIROC-ES2H,days_abs,d_HiLLA_minus_SAI,EEU,E.Europe,0.9785209592673946
MIROC-ES2H,days_abs,d_HiLLA_minus_SAI,MED,Mediterranean,0.32422294012706504
MIROC-ES2H,days_abs,d_HiLLA_minus_SAI,SAH,Sahara,0.49589584058384445
MIROC-ES2H,days_abs,d_HiLLA_minus_SAI,WAF,Western-Africa,-0.6715070946712015
MIROC-ES2H,days_abs,d_HiLLA_minus_SAI,CAF,Central-Africa,-0.5309448143150158
MIROC-ES2H,days_abs,d_HiLLA_minus_SAI,NEAF,N.Eastern-Africa,-0.4460041491657532
MIROC-ES2H,days_abs,d_HiLLA_minus_SAI,SEAF,S.Eastern-Africa,2.377856337403461
MIROC-ES2H,days_abs,d_HiLLA_minus_SAI,WSAF,W.Southern-Africa,3.4184833530481145
MIROC-ES2H,days_abs,d_HiLLA_minus_SAI,ESAF,E.Southern-Africa,0.4334699989629517
MIROC-ES2H,days_abs,d_HiLLA_minus_SAI,MDG,Madagascar,0.12822991227765676
MIROC-ES2H,days_abs,d_HiLLA_minus_SAI,RAR,Russian-Arctic,7.863266099352525e-06
MIROC-ES2H,days_abs,d_HiLLA_minus_SAI,WSB,W.Siberia,-2.1410153307302084
MIROC-ES2H,days_abs,d_HiLLA_minus_SAI,ESB,E.Siberia,0.07025417021438865
MIROC-ES2H,days_abs,d_HiLLA_minus_SAI,RFE,Russian-Far-East,0.002847439428347156
MIROC-ES2H,days_abs,d_HiLLA_minus_SAI,WCA,W.C.Asia,-2.012527953613833
MIROC-ES2H,days_abs,d_HiLLA_minus_SAI,ECA,E.C.Asia,-0.5214605034766273
MIROC-ES2H,days_abs,d_HiLLA_minus_SAI,TIB,Tibetan-Plateau,-0.017190777923083423
MIROC-ES2H,days_abs,d_HiLLA_minus_SAI,EAS,E.Asia,0.06969609829587033
MIROC-ES2H,days_abs,d_HiLLA_minus_SAI,ARP,Arabian-Peninsula,-0.20107983715541816
MIROC-ES2H,days_abs,d_HiLLA_minus_SAI,SAS,S.Asia,-1.6162577780616219
MIROC-ES2H,days_abs,d_HiLLA_minus_SAI,SEA,S.E.Asia,1.6886940765950733
MIROC-ES2H,days_abs,d_HiLLA_minus_SAI,NAU,N.Australia,10.603397565462746
MIROC-ES2H,days_abs,d_HiLLA_minus_SAI,CAU,C.Australia,4.8858676195221244
MIROC-ES2H,days_abs,d_HiLLA_minus_SAI,EAU,E.Australia,9.385809715684479
MIROC-ES2H,days_abs,d_HiLLA_minus_SAI,SAU,S.Australia,6.2357653901497825
MIROC-ES2H,days_abs,d_HiLLA_minus_SAI,NZ,New-Zealand,0.0
MIROC-ES2H,days_abs,d_HiLLA_minus_SAI,EAN,E.Antarctica,
MIROC-ES2H,days_abs,d_HiLLA_minus_SAI,WAN,W.Antarctica,
MIROC-ES2H,days_abs,d_SAI_minus_target,GIC,Greenland/Iceland,
MIROC-ES2H,days_abs,d_SAI_minus_target,NWN,N.W.North-America,-0.010790115567648542
MIROC-ES2H,days_abs,d_SAI_minus_target,NEN,N.E.North-America,-0.01266909270244745
MIROC-ES2H,days_abs,d_SAI_minus_target,WNA,W.North-America,0.6429526964011771
MIROC-ES2H,days_abs,d_SAI_minus_target,CNA,C.North-America,7.434704356095094
MIROC-ES2H,days_abs,d_SAI_minus_target,ENA,E.North-America,0.01787200453413295
MIROC-ES2H,days_abs,d_SAI_minus_target,NCA,N.Central-America,2.7599000427656417
MIROC-ES2H,days_abs,d_SAI_minus_target,SCA,S.Central-America,-2.9859507432646852
MIROC-ES2H,days_abs,d_SAI_minus_target,CAR,Caribbean,-2.0091164959265635
MIROC-ES2H,days_abs,d_SAI_minus_target,NWS,N.W.South-America,0.06426648327363704
MIROC-ES2H,days_abs,d_SAI_minus_target,NSA,N.South-America,-0.538675917589476
MIROC-ES2H,days_abs,d_SAI_minus_target,NES,N.E.South-America,-3.260068602021073
MIROC-ES2H,days_abs,d_SAI_minus_target,SAM,South-American-Monsoon,-3.1316560749447273
MIROC-ES2H,days_abs,d_SAI_minus_target,SWS,S.W.South-America,1.6540793582546987
MIROC-ES2H,days_abs,d_SAI_minus_target,SES,S.E.South-America,-7.728589630198306
MIROC-ES2H,days_abs,d_SAI_minus_target,SSA,S.South-America,0.44796604188129097
MIROC-ES2H,days_abs,d_SAI_minus_target,NEU,N.Europe,-0.06405731816694939
MIROC-ES2H,days_abs,d_SAI_minus_target,WCE,West&Central-Europe,1.295151526954706
MIROC-ES2H,days_abs,d_SAI_minus_target,EEU,E.Europe,1.9736779513603988
MIROC-ES2H,days_abs,d_SAI_minus_target,MED,Mediterranean,-1.1647534952687792
MIROC-ES2H,days_abs,d_SAI_minus_target,SAH,Sahara,-0.6991182479548672
MIROC-ES2H,days_abs,d_SAI_minus_target,WAF,Western-Africa,1.005143756368796
MIROC-ES2H,days_abs,d_SAI_minus_target,CAF,Central-Africa,-0.8343578487082832
MIROC-ES2H,days_abs,d_SAI_minus_target,NEAF,N.Eastern-Africa,-1.601601585573515
MIROC-ES2H,days_abs,d_SAI_minus_target,SEAF,S.Eastern-Africa,-3.669685541445473
MIROC-ES2H,days_abs,d_SAI_minus_target,WSAF,W.Southern-Africa,1.5360185871333847
MIROC-ES2H,days_abs,d_SAI_minus_target,ESAF,E.Southern-Africa,0.18916055174333885
MIROC-ES2H,days_abs,d_SAI_minus_target,MDG,Madagascar,-0.31577796382920187
MIROC-ES2H,days_abs,d_SAI_minus_target,RAR,Russian-Arctic,-0.024524145850555675
MIROC-ES2H,days_abs,d_SAI_minus_target,WSB,W.Siberia,0.508633849700143
MIROC-ES2H,days_abs,d_SAI_minus_target,ESB,E.Siberia,-0.36494392434890127
MIROC-ES2H,days_abs,d_SAI_minus_target,RFE,Russian-Far-East,-0.0026516708611462165
MIROC-ES2H,days_abs,d_SAI_minus_target,WCA,W.C.Asia,-2.761158450762366
MIROC-ES2H,days_abs,d_SAI_minus_target,ECA,E.C.Asia,-2.8874925663180857
MIROC-ES2H,days_abs,d_SAI_minus_target,TIB,Tibetan-Plateau,0.15020570437296762
MIROC-ES2H,days_abs,d_SAI_minus_target,EAS,E.Asia,0.04503706525151663
MIROC-ES2H,days_abs,d_SAI_minus_target,ARP,Arabian-Peninsula,0.24519659400198404
MIROC-ES2H,days_abs,d_SAI_minus_target,SAS,S.Asia,-0.005479681483252707
MIROC-ES2H,days_abs,d_SAI_minus_target,SEA,S.E.Asia,-1.6527810891945074
MIROC-ES2H,days_abs,d_SAI_minus_target,NAU,N.Australia,-8.79763272573706
MIROC-ES2H,days_abs,d_SAI_minus_target,CAU,C.Australia,-11.671301338591048
MIROC-ES2H,days_abs,d_SAI_minus_target,EAU,E.Australia,-16.277021541738286
MIROC-ES2H,days_abs,d_SAI_minus_target,SAU,S.Australia,-4.83707580285205
MIROC-ES2H,days_abs,d_SAI_minus_target,NZ,New-Zealand,0.0
MIROC-ES2H,days_abs,d_SAI_minus_target,EAN,E.Antarctica,
MIROC-ES2H,days_abs,d_SAI_minus_target,WAN,W.Antarctica,
MIROC-ES2H,days_abs,d_HiLLA_minus_target,GIC,Greenland/Iceland,
MIROC-ES2H,days_abs,d_HiLLA_minus_target,NWN,N.W.North-America,-0.003062041374889011
MIROC-ES2H,days_abs,d_HiLLA_minus_target,NEN,N.E.North-America,-0.043086473624947164
MIROC-ES2H,days_abs,d_HiLLA_minus_target,WNA,W.North-America,-1.3450220398808768
MIROC-ES2H,days_abs,d_HiLLA_minus_target,CNA,C.North-America,3.431806039376422
MIROC-ES2H,days_abs,d_HiLLA_minus_target,ENA,E.North-America,-0.06494376593749483
MIROC-ES2H,days_abs,d_HiLLA_minus_target,NCA,N.Central-America,-1.1908370303728137
MIROC-ES2H,days_abs,d_HiLLA_minus_target,SCA,S.Central-America,-1.1700564114497003
MIROC-ES2H,days_abs,d_HiLLA_minus_target,CAR,Caribbean,-0.1492863244998325
MIROC-ES2H,days_abs,d_HiLLA_minus_target,NWS,N.W.South-America,0.9882985355156679
MIROC-ES2H,days_abs,d_HiLLA_minus_target,NSA,N.South-America,2.8047128463739277
MIROC-ES2H,days_abs,d_HiLLA_minus_target,NES,N.E.South-America,0.8068894638357517
MIROC-ES2H,days_abs,d_HiLLA_minus_target,SAM,South-American-Monsoon,-1.1335091720872832
MIROC-ES2H,days_abs,d_HiLLA_minus_target,SWS,S.W.South-America,5.341816741004782
MIROC-ES2H,days_abs,d_HiLLA_minus_target,SES,S.E.South-America,-4.864999386454381
MIROC-ES2H,days_abs,d_HiLLA_minus_target,SSA,S.South-America,0.40281124240005184
MIROC-ES2H,days_abs,d_HiLLA_minus_target,NEU,N.Europe,-0.027491033236521332
MIROC-ES2H,days_abs,d_HiLLA_minus_target,WCE,West&Central-Europe,1.069226800671659
MIROC-ES2H,days_abs,d_HiLLA_minus_target,EEU,E.Europe,2.9521989106277937
MIROC-ES2H,days_abs,d_HiLLA_minus_target,MED,Mediterranean,-0.8405305551417144
MIROC-ES2H,days_abs,d_HiLLA_minus_target,SAH,Sahara,-0.20322240737102254
MIROC-ES2H,days_abs,d_HiLLA_minus_target,WAF,Western-Africa,0.3336366616975943
MIROC-ES2H,days_abs,d_HiLLA_minus_target,CAF,Central-Africa,-1.3653026630232996
MIROC-ES2H,days_abs,d_HiLLA_minus_target,NEAF,N.Eastern-Africa,-2.0476057347392675
MIROC-ES2H,days_abs,d_HiLLA_minus_target,SEAF,S.Eastern-Africa,-1.2918292040420123
MIROC-ES2H,days_abs,d_HiLLA_minus_target,WSAF,W.Southern-Africa,4.9545019401814985
MIROC-ES2H,days_abs,d_HiLLA_minus_target,ESAF,E.Southern-Africa,0.6226305507062908
MIROC-ES2H,days_abs,d_HiLLA_minus_target,MDG,Madagascar,-0.18754805155154525
MIROC-ES2H,days_abs,d_HiLLA_minus_target,RAR,Russian-Arctic,-0.024516282584456327
MIROC-ES2H,days_abs,d_HiLLA_minus_target,WSB,W.Siberia,-1.6323814810300654
MIROC-ES2H,days_abs,d_HiLLA_minus_target,ESB,E.Siberia,-0.29468975413451254
MIROC-ES2H,days_abs,d_HiLLA_minus_target,RFE,Russian-Far-East,0.00019576856720093946
MIROC-ES2H,days_abs,d_HiLLA_minus_target,WCA,W.C.Asia,-4.773686404376196
MIROC-ES2H,days_abs,d_HiLLA_minus_target,ECA,E.C.Asia,-3.4089530697947126
MIROC-ES2H,days_abs,d_HiLLA_minus_target,TIB,Tibetan-Plateau,0.13301492644988414
MIROC-ES2H,days_abs,d_HiLLA_minus_target,EAS,E.Asia,0.11473316354738695
MIROC-ES2H,days_abs,d_HiLLA_minus_target,ARP,Arabian-Peninsula,0.044116756846565894
MIROC-ES2H,days_abs,d_HiLLA_minus_target,SAS,S.Asia,-1.6217374595448744
MIROC-ES2H,days_abs,d_HiLLA_minus_target,SEA,S.E.Asia,0.035912987400565796
MIROC-ES2H,days_abs,d_HiLLA_minus_target,NAU,N.Australia,1.8057648397256845
MIROC-ES2H,days_abs,d_HiLLA_minus_target,CAU,C.Australia,-6.785433719068921
MIROC-ES2H,days_abs,d_HiLLA_minus_target,EAU,E.Australia,-6.891211826053805
MIROC-ES2H,days_abs,d_HiLLA_minus_target,SAU,S.Australia,1.398689587297732
MIROC-ES2H,days_abs,d_HiLLA_minus_target,NZ,New-Zealand,0.0
MIROC-ES2H,days_abs,d_HiLLA_minus_target,EAN,E.Antarctica,
MIROC-ES2H,days_abs,d_HiLLA_minus_target,WAN,W.Antarctica,
UKESM1-1,days_p95,target,GIC,Greenland/Iceland,
UKESM1-1,days_p95,target,NWN,N.W.North-America,17.99999999999999
UKESM1-1,days_p95,target,NEN,N.E.North-America,18.000000000000014
UKESM1-1,days_p95,target,WNA,W.North-America,17.999999999999993
UKESM1-1,days_p95,target,CNA,C.North-America,17.999999999999993
UKESM1-1,days_p95,target,ENA,E.North-America,17.999999999999993
UKESM1-1,days_p95,target,NCA,N.Central-America,17.999688939657325
UKESM1-1,days_p95,target,SCA,S.Central-America,18.0
UKESM1-1,days_p95,target,CAR,Caribbean,18.000000000000004
UKESM1-1,days_p95,target,NWS,N.W.South-America,17.999999999999996
UKESM1-1,days_p95,target,NSA,N.South-America,17.999999999999982
UKESM1-1,days_p95,target,NES,N.E.South-America,17.99999999999999
UKESM1-1,days_p95,target,SAM,South-American-Monsoon,17.99999999999998
UKESM1-1,days_p95,target,SWS,S.W.South-America,18.0
UKESM1-1,days_p95,target,SES,S.E.South-America,17.999999999999993
UKESM1-1,days_p95,target,SSA,S.South-America,18.0
UKESM1-1,days_p95,target,NEU,N.Europe,17.999834082653027
UKESM1-1,days_p95,target,WCE,West&Central-Europe,17.999999999999975
UKESM1-1,days_p95,target,EEU,E.Europe,17.99999999999999
UKESM1-1,days_p95,target,MED,Mediterranean,18.00000000000003
UKESM1-1,days_p95,target,SAH,Sahara,17.999922386372464
UKESM1-1,days_p95,target,WAF,Western-Africa,17.999999999999982
UKESM1-1,days_p95,target,CAF,Central-Africa,17.999999999999975
UKESM1-1,days_p95,target,NEAF,N.Eastern-Africa,17.999999999999982
UKESM1-1,days_p95,target,SEAF,S.Eastern-Africa,17.999999999999993
UKESM1-1,days_p95,target,WSAF,W.Southern-Africa,17.99999999999999
UKESM1-1,days_p95,target,ESAF,E.Southern-Africa,17.99999999999999
UKESM1-1,days_p95,target,MDG,Madagascar,17.999999999999996
UKESM1-1,days_p95,target,RAR,Russian-Arctic,18.000000000000046
UKESM1-1,days_p95,target,WSB,W.Siberia,17.99999999999995
UKESM1-1,days_p95,target,ESB,E.Siberia,17.999999999999986
UKESM1-1,days_p95,target,RFE,Russian-Far-East,18.000000000000007
UKESM1-1,days_p95,target,WCA,W.C.Asia,18.000000000000014
UKESM1-1,days_p95,target,ECA,E.C.Asia,17.999999999999986
UKESM1-1,days_p95,target,TIB,Tibetan-Plateau,18.000000000000007
UKESM1-1,days_p95,target,EAS,E.Asia,18.000000000000014
UKESM1-1,days_p95,target,ARP,Arabian-Peninsula,17.999752775041514
UKESM1-1,days_p95,target,SAS,S.Asia,18.000000000000007
UKESM1-1,days_p95,target,SEA,S.E.Asia,17.999999999999996
UKESM1-1,days_p95,target,NAU,N.Australia,18.0
UKESM1-1,days_p95,target,CAU,C.Australia,17.999999999999986
UKESM1-1,days_p95,target,EAU,E.Australia,17.999999999999996
UKESM1-1,days_p95,target,SAU,S.Australia,18.00000000000001
UKESM1-1,days_p95,target,NZ,New-Zealand,18.0
UKESM1-1,days_p95,target,EAN,E.Antarctica,
UKESM1-1,days_p95,target,WAN,W.Antarctica,
UKESM1-1,days_p95,ssp245,GIC,Greenland/Iceland,
UKESM1-1,days_p95,ssp245,NWN,N.W.North-America,31.59269242215898
UKESM1-1,days_p95,ssp245,NEN,N.E.North-America,32.79162758171816
UKESM1-1,days_p95,ssp245,WNA,W.North-America,20.78451348926244
UKESM1-1,days_p95,ssp245,CNA,C.North-America,22.80101519340467
UKESM1-1,days_p95,ssp245,ENA,E.North-America,24.41085435821169
UKESM1-1,days_p95,ssp245,NCA,N.Central-America,23.76660974530552
UKESM1-1,days_p95,ssp245,SCA,S.Central-America,39.115735020605605
UKESM1-1,days_p95,ssp245,CAR,Caribbean,22.4558687193568
UKESM1-1,days_p95,ssp245,NWS,N.W.South-America,29.40354951405891
UKESM1-1,days_p95,ssp245,NSA,N.South-America,39.84375164115057
UKESM1-1,days_p95,ssp245,NES,N.E.South-America,29.507338364468097
UKESM1-1,days_p95,ssp245,SAM,South-American-Monsoon,33.4690136360576
UKESM1-1,days_p95,ssp245,SWS,S.W.South-America,27.221523979120036
UKESM1-1,days_p95,ssp245,SES,S.E.South-America,22.721360306247252
UKESM1-1,days_p95,ssp245,SSA,S.South-America,21.18342103096431
UKESM1-1,days_p95,ssp245,NEU,N.Europe,29.149357168722613
UKESM1-1,days_p95,ssp245,WCE,West&Central-Europe,30.49022424611095
UKESM1-1,days_p95,ssp245,EEU,E.Europe,27.550857773900606
UKESM1-1,days_p95,ssp245,MED,Mediterranean,28.83800436391653
UKESM1-1,days_p95,ssp245,SAH,Sahara,20.81116725975249
UKESM1-1,days_p95,ssp245,WAF,Western-Africa,23.66159983023837
UKESM1-1,days_p95,ssp245,CAF,Central-Africa,29.008682055942558
UKESM1-1,days_p95,ssp245,NEAF,N.Eastern-Africa,21.328977461044303
UKESM1-1,days_p95,ssp245,SEAF,S.Eastern-Africa,30.725997545991554
UKESM1-1,days_p95,ssp245,WSAF,W.Southern-Africa,27.790978216342296
UKESM1-1,days_p95,ssp245,ESAF,E.Southern-Africa,27.152101777525807
UKESM1-1,days_p95,ssp245,MDG,Madagascar,25.532827094085697
UKESM1-1,days_p95,ssp245,RAR,Russian-Arctic,35.85647875802121
UKESM1-1,days_p95,ssp245,WSB,W.Siberia,27.83768691362601
UKESM1-1,days_p95,ssp245,ESB,E.Siberia,24.995131664772604
UKESM1-1,days_p95,ssp245,RFE,Russian-Far-East,27.868724039072102
UKESM1-1,days_p95,ssp245,WCA,W.C.Asia,20.053352515684708
UKESM1-1,days_p95,ssp245,ECA,E.C.Asia,18.714999639613296
UKESM1-1,days_p95,ssp245,TIB,Tibetan-Plateau,28.51675187128218
UKESM1-1,days_p95,ssp245,EAS,E.Asia,31.316389910420753
UKESM1-1,days_p95,ssp245,ARP,Arabian-Peninsula,21.954048907375366
UKESM1-1,days_p95,ssp245,SAS,S.Asia,26.549724850645926
UKESM1-1,days_p95,ssp245,SEA,S.E.Asia,33.26177624429288
UKESM1-1,days_p95,ssp245,NAU,N.Australia,19.499055908817752
UKESM1-1,days_p95,ssp245,CAU,C.Australia,21.521893723422362
UKESM1-1,days_p95,ssp245,EAU,E.Australia,29.636406625518894
UKESM1-1,days_p95,ssp245,SAU,S.Australia,23.911504248308237
UKESM1-1,days_p95,ssp245,NZ,New-Zealand,29.97903757897438
UKESM1-1,days_p95,ssp245,EAN,E.Antarctica,
UKESM1-1,days_p95,ssp245,WAN,W.Antarctica,
UKESM1-1,days_p95,G6-1.5K-SAI,GIC,Greenland/Iceland,
UKESM1-1,days_p95,G6-1.5K-SAI,NWN,N.W.North-America,16.076180951345393
UKESM1-1,days_p95,G6-1.5K-SAI,NEN,N.E.North-America,16.85194115707841
UKESM1-1,days_p95,G6-1.5K-SAI,WNA,W.North-America,7.844151827225614
UKESM1-1,days_p95,G6-1.5K-SAI,CNA,C.North-America,7.39096823138263
UKESM1-1,days_p95,G6-1.5K-SAI,ENA,E.North-America,12.123126398336733
UKESM1-1,days_p95,G6-1.5K-SAI,NCA,N.Central-America,9.710673902929807
UKESM1-1,days_p95,G6-1.5K-SAI,SCA,S.Central-America,12.996264118557509
UKESM1-1,days_p95,G6-1.5K-SAI,CAR,Caribbean,14.772116497348348
UKESM1-1,days_p95,G6-1.5K-SAI,NWS,N.W.South-America,13.866219466621695
UKESM1-1,days_p95,G6-1.5K-SAI,NSA,N.South-America,9.746518436635125
UKESM1-1,days_p95,G6-1.5K-SAI,NES,N.E.South-America,7.11228533100713
UKESM1-1,days_p95,G6-1.5K-SAI,SAM,South-American-Monsoon,12.045420550710414
UKESM1-1,days_p95,G6-1.5K-SAI,SWS,S.W.South-America,9.063924041571466
UKESM1-1,days_p95,G6-1.5K-SAI,SES,S.E.South-America,10.007636000855827
UKESM1-1,days_p95,G6-1.5K-SAI,SSA,S.South-America,14.791518189080493
UKESM1-1,days_p95,G6-1.5K-SAI,NEU,N.Europe,18.508863518362308
UKESM1-1,days_p95,G6-1.5K-SAI,WCE,West&Central-Europe,9.683339815461935
UKESM1-1,days_p95,G6-1.5K-SAI,EEU,E.Europe,13.468395991310594
UKESM1-1,days_p95,G6-1.5K-SAI,MED,Mediterranean,11.464112903566013
UKESM1-1,days_p95,G6-1.5K-SAI,SAH,Sahara,16.128920902603436
UKESM1-1,days_p95,G6-1.5K-SAI,WAF,Western-Africa,16.11369737281948
UKESM1-1,days_p95,G6-1.5K-SAI,CAF,Central-Africa,17.854187504811986
UKESM1-1,days_p95,G6-1.5K-SAI,NEAF,N.Eastern-Africa,14.86821822562383
UKESM1-1,days_p95,G6-1.5K-SAI,SEAF,S.Eastern-Africa,16.717365160375255
UKESM1-1,days_p95,G6-1.5K-SAI,WSAF,W.Southern-Africa,12.40585696955776
UKESM1-1,days_p95,G6-1.5K-SAI,ESAF,E.Southern-Africa,10.387326108838815
UKESM1-1,days_p95,G6-1.5K-SAI,MDG,Madagascar,10.311945344157715
UKESM1-1,days_p95,G6-1.5K-SAI,RAR,Russian-Arctic,18.47902677457235
UKESM1-1,days_p95,G6-1.5K-SAI,WSB,W.Siberia,11.295283748913056
UKESM1-1,days_p95,G6-1.5K-SAI,ESB,E.Siberia,12.992627066068271
UKESM1-1,days_p95,G6-1.5K-SAI,RFE,Russian-Far-East,15.777494109111148
UKESM1-1,days_p95,G6-1.5K-SAI,WCA,W.C.Asia,10.718654256605639
UKESM1-1,days_p95,G6-1.5K-SAI,ECA,E.C.Asia,10.373574829614615
UKESM1-1,days_p95,G6-1.5K-SAI,TIB,Tibetan-Plateau,11.185396569224142
UKESM1-1,days_p95,G6-1.5K-SAI,EAS,E.Asia,13.917010525492108
UKESM1-1,days_p95,G6-1.5K-SAI,ARP,Arabian-Peninsula,14.302058637830799
UKESM1-1,days_p95,G6-1.5K-SAI,SAS,S.Asia,16.382064983851887
UKESM1-1,days_p95,G6-1.5K-SAI,SEA,S.E.Asia,13.481917383774183
UKESM1-1,days_p95,G6-1.5K-SAI,NAU,N.Australia,12.686092392374636
UKESM1-1,days_p95,G6-1.5K-SAI,CAU,C.Australia,10.856518028671932
UKESM1-1,days_p95,G6-1.5K-SAI,EAU,E.Australia,8.271345447172708
UKESM1-1,days_p95,G6-1.5K-SAI,SAU,S.Australia,12.045076015603664
UKESM1-1,days_p95,G6-1.5K-SAI,NZ,New-Zealand,21.973764359502116
UKESM1-1,days_p95,G6-1.5K-SAI,EAN,E.Antarctica,
UKESM1-1,days_p95,G6-1.5K-SAI,WAN,W.Antarctica,
UKESM1-1,days_p95,G6-1.5K-HiLLA,GIC,Greenland/Iceland,
UKESM1-1,days_p95,G6-1.5K-HiLLA,NWN,N.W.North-America,17.516023728394288
UKESM1-1,days_p95,G6-1.5K-HiLLA,NEN,N.E.North-America,17.977037454664693
UKESM1-1,days_p95,G6-1.5K-HiLLA,WNA,W.North-America,16.461867672377846
UKESM1-1,days_p95,G6-1.5K-HiLLA,CNA,C.North-America,16.001254827777583
UKESM1-1,days_p95,G6-1.5K-HiLLA,ENA,E.North-America,20.06544381301005
UKESM1-1,days_p95,G6-1.5K-HiLLA,NCA,N.Central-America,19.926130814291703
UKESM1-1,days_p95,G6-1.5K-HiLLA,SCA,S.Central-America,18.07092805496776
UKESM1-1,days_p95,G6-1.5K-HiLLA,CAR,Caribbean,16.5906586015616
UKESM1-1,days_p95,G6-1.5K-HiLLA,NWS,N.W.South-America,22.675979543889568
UKESM1-1,days_p95,G6-1.5K-HiLLA,NSA,N.South-America,17.729176521482962
UKESM1-1,days_p95,G6-1.5K-HiLLA,NES,N.E.South-America,14.756187280423324
UKESM1-1,days_p95,G6-1.5K-HiLLA,SAM,South-American-Monsoon,19.07691408785414
UKESM1-1,days_p95,G6-1.5K-HiLLA,SWS,S.W.South-America,15.260881477797835
UKESM1-1,days_p95,G6-1.5K-HiLLA,SES,S.E.South-America,18.441136836722507
UKESM1-1,days_p95,G6-1.5K-HiLLA,SSA,S.South-America,16.3188677758776
UKESM1-1,days_p95,G6-1.5K-HiLLA,NEU,N.Europe,18.221158822207048
UKESM1-1,days_p95,G6-1.5K-HiLLA,WCE,West&Central-Europe,11.609790400993194
UKESM1-1,days_p95,G6-1.5K-HiLLA,EEU,E.Europe,17.156524277618587
UKESM1-1,days_p95,G6-1.5K-HiLLA,MED,Mediterranean,15.948443336405388
UKESM1-1,days_p95,G6-1.5K-HiLLA,SAH,Sahara,19.86059945426152
UKESM1-1,days_p95,G6-1.5K-HiLLA,WAF,Western-Africa,21.202298394419564
UKESM1-1,days_p95,G6-1.5K-HiLLA,CAF,Central-Africa,25.027048294974193
UKESM1-1,days_p95,G6-1.5K-HiLLA,NEAF,N.Eastern-Africa,20.925035091663762
UKESM1-1,days_p95,G6-1.5K-HiLLA,SEAF,S.Eastern-Africa,24.147569797486923
UKESM1-1,days_p95,G6-1.5K-HiLLA,WSAF,W.Southern-Africa,19.86527423047572
UKESM1-1,days_p95,G6-1.5K-HiLLA,ESAF,E.Southern-Africa,19.865315788641503
UKESM1-1,days_p95,G6-1.5K-HiLLA,MDG,Madagascar,17.37847605449843
UKESM1-1,days_p95,G6-1.5K-HiLLA,RAR,Russian-Arctic,18.39142172056195
UKESM1-1,days_p95,G6-1.5K-HiLLA,WSB,W.Siberia,17.014508601976345
UKESM1-1,days_p95,G6-1.5K-HiLLA,ESB,E.Siberia,17.25183922329348
UKESM1-1,days_p95,G6-1.5K-HiLLA,RFE,Russian-Far-East,20.969437134572544
UKESM1-1,days_p95,G6-1.5K-HiLLA,WCA,W.C.Asia,16.604266374781442
UKESM1-1,days_p95,G6-1.5K-HiLLA,ECA,E.C.Asia,17.166132982556356
UKESM1-1,days_p95,G6-1.5K-HiLLA,TIB,Tibetan-Plateau,25.447588951802516
UKESM1-1,days_p95,G6-1.5K-HiLLA,EAS,E.Asia,24.361356857859
UKESM1-1,days_p95,G6-1.5K-HiLLA,ARP,Arabian-Peninsula,18.818919375645635
UKESM1-1,days_p95,G6-1.5K-HiLLA,SAS,S.Asia,22.055974463825553
UKESM1-1,days_p95,G6-1.5K-HiLLA,SEA,S.E.Asia,17.96232880895051
UKESM1-1,days_p95,G6-1.5K-HiLLA,NAU,N.Australia,15.10869161120861
UKESM1-1,days_p95,G6-1.5K-HiLLA,CAU,C.Australia,14.598611544874599
UKESM1-1,days_p95,G6-1.5K-HiLLA,EAU,E.Australia,14.345984644152384
UKESM1-1,days_p95,G6-1.5K-HiLLA,SAU,S.Australia,16.10712300937175
UKESM1-1,days_p95,G6-1.5K-HiLLA,NZ,New-Zealand,22.684362550894356
UKESM1-1,days_p95,G6-1.5K-HiLLA,EAN,E.Antarctica,
UKESM1-1,days_p95,G6-1.5K-HiLLA,WAN,W.Antarctica,
UKESM1-1,days_p95,d_ssp245_minus_target,GIC,Greenland/Iceland,
UKESM1-1,days_p95,d_ssp245_minus_target,NWN,N.W.North-America,13.59269242215901
UKESM1-1,days_p95,d_ssp245_minus_target,NEN,N.E.North-America,14.79162758171816
UKESM1-1,days_p95,d_ssp245_minus_target,WNA,W.North-America,2.7845134892624537
UKESM1-1,days_p95,d_ssp245_minus_target,CNA,C.North-America,4.801015193404671
UKESM1-1,days_p95,d_ssp245_minus_target,ENA,E.North-America,6.410854358211702
UKESM1-1,days_p95,d_ssp245_minus_target,NCA,N.Central-America,5.766920805648205
UKESM1-1,days_p95,d_ssp245_minus_target,SCA,S.Central-America,21.115735020605594
UKESM1-1,days_p95,d_ssp245_minus_target,CAR,Caribbean,4.455868719356797
UKESM1-1,days_p95,d_ssp245_minus_target,NWS,N.W.South-America,11.403549514058911
UKESM1-1,days_p95,d_ssp245_minus_target,NSA,N.South-America,21.84375164115058
UKESM1-1,days_p95,d_ssp245_minus_target,NES,N.E.South-America,11.507338364468099
UKESM1-1,days_p95,d_ssp245_minus_target,SAM,South-American-Monsoon,15.469013636057605
UKESM1-1,days_p95,d_ssp245_minus_target,SWS,S.W.South-America,9.221523979120036
UKESM1-1,days_p95,d_ssp245_minus_target,SES,S.E.South-America,4.721360306247264
UKESM1-1,days_p95,d_ssp245_minus_target,SSA,S.South-America,3.183421030964315
UKESM1-1,days_p95,d_ssp245_minus_target,NEU,N.Europe,11.1495230860696
UKESM1-1,days_p95,d_ssp245_minus_target,WCE,West&Central-Europe,12.490224246110968
UKESM1-1,days_p95,d_ssp245_minus_target,EEU,E.Europe,9.550857773900608
UKESM1-1,days_p95,d_ssp245_minus_target,MED,Mediterranean,10.838004363916514
UKESM1-1,days_p95,d_ssp245_minus_target,SAH,Sahara,2.811244873380048
UKESM1-1,days_p95,d_ssp245_minus_target,WAF,Western-Africa,5.661599830238381
UKESM1-1,days_p95,d_ssp245_minus_target,CAF,Central-Africa,11.008682055942579
UKESM1-1,days_p95,d_ssp245_minus_target,NEAF,N.Eastern-Africa,3.328977461044305
UKESM1-1,days_p95,d_ssp245_minus_target,SEAF,S.Eastern-Africa,12.72599754599155
UKESM1-1,days_p95,d_ssp245_minus_target,WSAF,W.Southern-Africa,9.790978216342289
UKESM1-1,days_p95,d_ssp245_minus_target,ESAF,E.Southern-Africa,9.152101777525802
UKESM1-1,days_p95,d_ssp245_minus_target,MDG,Madagascar,7.5328270940857
UKESM1-1,days_p95,d_ssp245_minus_target,RAR,Russian-Arctic,17.85647875802117
UKESM1-1,days_p95,d_ssp245_minus_target,WSB,W.Siberia,9.837686913626026
UKESM1-1,days_p95,d_ssp245_minus_target,ESB,E.Siberia,6.995131664772604
UKESM1-1,days_p95,d_ssp245_minus_target,RFE,Russian-Far-East,9.868724039072083
UKESM1-1,days_p95,d_ssp245_minus_target,WCA,W.C.Asia,2.0533525156846992
UKESM1-1,days_p95,d_ssp245_minus_target,ECA,E.C.Asia,0.7149996396132892
UKESM1-1,days_p95,d_ssp245_minus_target,TIB,Tibetan-Plateau,10.516751871282173
UKESM1-1,days_p95,d_ssp245_minus_target,EAS,E.Asia,13.316389910420773
UKESM1-1,days_p95,d_ssp245_minus_target,ARP,Arabian-Peninsula,3.9542961323338446
UKESM1-1,days_p95,d_ssp245_minus_target,SAS,S.Asia,8.549724850645923
UKESM1-1,days_p95,d_ssp245_minus_target,SEA,S.E.Asia,15.26177624429288
UKESM1-1,days_p95,d_ssp245_minus_target,NAU,N.Australia,1.4990559088177542
UKESM1-1,days_p95,d_ssp245_minus_target,CAU,C.Australia,3.5218937234223637
UKESM1-1,days_p95,d_ssp245_minus_target,EAU,E.Australia,11.63640662551889
UKESM1-1,days_p95,d_ssp245_minus_target,SAU,S.Australia,5.911504248308228
UKESM1-1,days_p95,d_ssp245_minus_target,NZ,New-Zealand,11.979037578974388
UKESM1-1,days_p95,d_ssp245_minus_target,EAN,E.Antarctica,
UKESM1-1,days_p95,d_ssp245_minus_target,WAN,W.Antarctica,
UKESM1-1,days_p95,d_SAI_minus_ssp245,GIC,Greenland/Iceland,
UKESM1-1,days_p95,d_SAI_minus_ssp245,NWN,N.W.North-America,-15.516511470813596
UKESM1-1,days_p95,d_SAI_minus_ssp245,NEN,N.E.North-America,-15.939686424639744
UKESM1-1,days_p95,d_SAI_minus_ssp245,WNA,W.North-America,-12.94036166203683
UKESM1-1,days_p95,d_SAI_minus_ssp245,CNA,C.North-America,-15.410046962022037
UKESM1-1,days_p95,d_SAI_minus_ssp245,ENA,E.North-America,-12.287727959874958
UKESM1-1,days_p95,d_SAI_minus_ssp245,NCA,N.Central-America,-14.055935842375712
UKESM1-1,days_p95,d_SAI_minus_ssp245,SCA,S.Central-America,-26.119470902048082
UKESM1-1,days_p95,d_SAI_minus_ssp245,CAR,Caribbean,-7.683752222008449
UKESM1-1,days_p95,d_SAI_minus_ssp245,NWS,N.W.South-America,-15.537330047437207
UKESM1-1,days_p95,d_SAI_minus_ssp245,NSA,N.South-America,-30.09723320451545
UKESM1-1,days_p95,d_SAI_minus_ssp245,NES,N.E.South-America,-22.39505303346096
UKESM1-1,days_p95,d_SAI_minus_ssp245,SAM,South-American-Monsoon,-21.423593085347182
UKESM1-1,days_p95,d_SAI_minus_ssp245,SWS,S.W.South-America,-18.157599937548568
UKESM1-1,days_p95,d_SAI_minus_ssp245,SES,S.E.South-America,-12.713724305391432
UKESM1-1,days_p95,d_SAI_minus_ssp245,SSA,S.South-America,-6.391902841883816
UKESM1-1,days_p95,d_SAI_minus_ssp245,NEU,N.Europe,-10.640493650360305
UKESM1-1,days_p95,d_SAI_minus_ssp245,WCE,West&Central-Europe,-20.806884430649013
UKESM1-1,days_p95,d_SAI_minus_ssp245,EEU,E.Europe,-14.082461782590007
UKESM1-1,days_p95,d_SAI_minus_ssp245,MED,Mediterranean,-17.37389146035052
UKESM1-1,days_p95,d_SAI_minus_ssp245,SAH,Sahara,-4.682246357149054
UKESM1-1,days_p95,d_SAI_minus_ssp245,WAF,Western-Africa,-7.547902457418896
UKESM1-1,days_p95,d_SAI_minus_ssp245,CAF,Central-Africa,-11.154494551130583
UKESM1-1,days_p95,d_SAI_minus_ssp245,NEAF,N.Eastern-Africa,-6.460759235420473
UKESM1-1,days_p95,d_SAI_minus_ssp245,SEAF,S.Eastern-Africa,-14.008632385616288
UKESM1-1,days_p95,d_SAI_minus_ssp245,WSAF,W.Southern-Africa,-15.385121246784527
UKESM1-1,days_p95,d_SAI_minus_ssp245,ESAF,E.Southern-Africa,-16.76477566868699
UKESM1-1,days_p95,d_SAI_minus_ssp245,MDG,Madagascar,-15.220881749927981
UKESM1-1,days_p95,d_SAI_minus_ssp245,RAR,Russian-Arctic,-17.37745198344884
UKESM1-1,days_p95,d_SAI_minus_ssp245,WSB,W.Siberia,-16.542403164712933
UKESM1-1,days_p95,d_SAI_minus_ssp245,ESB,E.Siberia,-12.002504598704332
UKESM1-1,days_p95,d_SAI_minus_ssp245,RFE,Russian-Far-East,-12.091229929960951
UKESM1-1,days_p95,d_SAI_minus_ssp245,WCA,W.C.Asia,-9.334698259079065
UKESM1-1,days_p95,d_SAI_minus_ssp245,ECA,E.C.Asia,-8.341424809998681
UKESM1-1,days_p95,d_SAI_minus_ssp245,TIB,Tibetan-Plateau,-17.331355302058046
UKESM1-1,days_p95,d_SAI_minus_ssp245,EAS,E.Asia,-17.399379384928654
UKESM1-1,days_p95,d_SAI_minus_ssp245,ARP,Arabian-Peninsula,-7.651990269544572
UKESM1-1,days_p95,d_SAI_minus_ssp245,SAS,S.Asia,-10.167659866794054
UKESM1-1,days_p95,d_SAI_minus_ssp245,SEA,S.E.Asia,-19.77985886051869
UKESM1-1,days_p95,d_SAI_minus_ssp245,NAU,N.Australia,-6.812963516443115
UKESM1-1,days_p95,d_SAI_minus_ssp245,CAU,C.Australia,-10.665375694750423
UKESM1-1,days_p95,d_SAI_minus_ssp245,EAU,E.Australia,-21.36506117834618
UKESM1-1,days_p95,d_SAI_minus_ssp245,SAU,S.Australia,-11.866428232704571
UKESM1-1,days_p95,d_SAI_minus_ssp245,NZ,New-Zealand,-8.005273219472267
UKESM1-1,days_p95,d_SAI_minus_ssp245,EAN,E.Antarctica,
UKESM1-1,days_p95,d_SAI_minus_ssp245,WAN,W.Antarctica,
UKESM1-1,days_p95,d_HiLLA_minus_ssp245,GIC,Greenland/Iceland,
UKESM1-1,days_p95,d_HiLLA_minus_ssp245,NWN,N.W.North-America,-14.076668693764713
UKESM1-1,days_p95,d_HiLLA_minus_ssp245,NEN,N.E.North-America,-14.814590127053464
UKESM1-1,days_p95,d_HiLLA_minus_ssp245,WNA,W.North-America,-4.322645816884605
UKESM1-1,days_p95,d_HiLLA_minus_ssp245,CNA,C.North-America,-6.79976036562709
UKESM1-1,days_p95,d_HiLLA_minus_ssp245,ENA,E.North-America,-4.345410545201644
UKESM1-1,days_p95,d_HiLLA_minus_ssp245,NCA,N.Central-America,-3.8404789310138128
UKESM1-1,days_p95,d_HiLLA_minus_ssp245,SCA,S.Central-America,-21.044806965637836
UKESM1-1,days_p95,d_HiLLA_minus_ssp245,CAR,Caribbean,-5.865210117795202
UKESM1-1,days_p95,d_HiLLA_minus_ssp245,NWS,N.W.South-America,-6.7275699701693386
UKESM1-1,days_p95,d_HiLLA_minus_ssp245,NSA,N.South-America,-22.114575119667613
UKESM1-1,days_p95,d_HiLLA_minus_ssp245,NES,N.E.South-America,-14.75115108404477
UKESM1-1,days_p95,d_HiLLA_minus_ssp245,SAM,South-American-Monsoon,-14.392099548203458
UKESM1-1,days_p95,d_HiLLA_minus_ssp245,SWS,S.W.South-America,-11.9606425013222
UKESM1-1,days_p95,d_HiLLA_minus_ssp245,SES,S.E.South-America,-4.280223469524747
UKESM1-1,days_p95,d_HiLLA_minus_ssp245,SSA,S.South-America,-4.864553255086711
UKESM1-1,days_p95,d_HiLLA_minus_ssp245,NEU,N.Europe,-10.928198346515565
UKESM1-1,days_p95,d_HiLLA_minus_ssp245,WCE,West&Central-Europe,-18.880433845117757
UKESM1-1,days_p95,d_HiLLA_minus_ssp245,EEU,E.Europe,-10.394333496282021
UKESM1-1,days_p95,d_HiLLA_minus_ssp245,MED,Mediterranean,-12.889561027511137
UKESM1-1,days_p95,d_HiLLA_minus_ssp245,SAH,Sahara,-0.9505678054909704
UKESM1-1,days_p95,d_HiLLA_minus_ssp245,WAF,Western-Africa,-2.459301435818812
UKESM1-1,days_p95,d_HiLLA_minus_ssp245,CAF,Central-Africa,-3.9816337609683745
UKESM1-1,days_p95,d_HiLLA_minus_ssp245,NEAF,N.Eastern-Africa,-0.4039423693805415
UKESM1-1,days_p95,d_HiLLA_minus_ssp245,SEAF,S.Eastern-Africa,-6.578427748504628
UKESM1-1,days_p95,d_HiLLA_minus_ssp245,WSAF,W.Southern-Africa,-7.925703985866567
UKESM1-1,days_p95,d_HiLLA_minus_ssp245,ESAF,E.Southern-Africa,-7.286785988884296
UKESM1-1,days_p95,d_HiLLA_minus_ssp245,MDG,Madagascar,-8.154351039587267
UKESM1-1,days_p95,d_HiLLA_minus_ssp245,RAR,Russian-Arctic,-17.46505703745925
UKESM1-1,days_p95,d_HiLLA_minus_ssp245,WSB,W.Siberia,-10.823178311649649
UKESM1-1,days_p95,d_HiLLA_minus_ssp245,ESB,E.Siberia,-7.743292441479116
UKESM1-1,days_p95,d_HiLLA_minus_ssp245,RFE,Russian-Far-East,-6.8992869044995535
UKESM1-1,days_p95,d_HiLLA_minus_ssp245,WCA,W.C.Asia,-3.4490861409032565
UKESM1-1,days_p95,d_HiLLA_minus_ssp245,ECA,E.C.Asia,-1.5488666570569387
UKESM1-1,days_p95,d_HiLLA_minus_ssp245,TIB,Tibetan-Plateau,-3.0691629194796666
UKESM1-1,days_p95,d_HiLLA_minus_ssp245,EAS,E.Asia,-6.95503305256176
UKESM1-1,days_p95,d_HiLLA_minus_ssp245,ARP,Arabian-Peninsula,-3.135129531729731
UKESM1-1,days_p95,d_HiLLA_minus_ssp245,SAS,S.Asia,-4.493750386820374
UKESM1-1,days_p95,d_HiLLA_minus_ssp245,SEA,S.E.Asia,-15.299447435342364
UKESM1-1,days_p95,d_HiLLA_minus_ssp245,NAU,N.Australia,-4.390364297609143
UKESM1-1,days_p95,d_HiLLA_minus_ssp245,CAU,C.Australia,-6.923282178547762
UKESM1-1,days_p95,d_HiLLA_minus_ssp245,EAU,E.Australia,-15.290421981366505
UKESM1-1,days_p95,d_HiLLA_minus_ssp245,SAU,S.Australia,-7.804381238936478
UKESM1-1,days_p95,d_HiLLA_minus_ssp245,NZ,New-Zealand,-7.294675028080028
UKESM1-1,days_p95,d_HiLLA_minus_ssp245,EAN,E.Antarctica,
UKESM1-1,days_p95,d_HiLLA_minus_ssp245,WAN,W.Antarctica,
UKESM1-1,days_p95,d_HiLLA_minus_SAI,GIC,Greenland/Iceland,
UKESM1-1,days_p95,d_HiLLA_minus_SAI,NWN,N.W.North-America,1.4398427770488902
UKESM1-1,days_p95,d_HiLLA_minus_SAI,NEN,N.E.North-America,1.125096297586276
UKESM1-1,days_p95,d_HiLLA_minus_SAI,WNA,W.North-America,8.61771584515223
UKESM1-1,days_p95,d_HiLLA_minus_SAI,CNA,C.North-America,8.610286596394946
UKESM1-1,days_p95,d_HiLLA_minus_SAI,ENA,E.North-America,7.942317414673319
UKESM1-1,days_p95,d_HiLLA_minus_SAI,NCA,N.Central-America,10.215456911361901
UKESM1-1,days_p95,d_HiLLA_minus_SAI,SCA,S.Central-America,5.074663936410247
UKESM1-1,days_p95,d_HiLLA_minus_SAI,CAR,Caribbean,1.8185421042132492
UKESM1-1,days_p95,d_HiLLA_minus_SAI,NWS,N.W.South-America,8.80976007726787
UKESM1-1,days_p95,d_HiLLA_minus_SAI,NSA,N.South-America,7.982658084847836
UKESM1-1,days_p95,d_HiLLA_minus_SAI,NES,N.E.South-America,7.643901949416193
UKESM1-1,days_p95,d_HiLLA_minus_SAI,SAM,South-American-Monsoon,7.031493537143725
UKESM1-1,days_p95,d_HiLLA_minus_SAI,SWS,S.W.South-America,6.196957436226368
UKESM1-1,days_p95,d_HiLLA_minus_SAI,SES,S.E.South-America,8.433500835866688
UKESM1-1,days_p95,d_HiLLA_minus_SAI,SSA,S.South-America,1.5273495867971065
UKESM1-1,days_p95,d_HiLLA_minus_SAI,NEU,N.Europe,-0.2877046961552625
UKESM1-1,days_p95,d_HiLLA_minus_SAI,WCE,West&Central-Europe,1.926450585531258
UKESM1-1,days_p95,d_HiLLA_minus_SAI,EEU,E.Europe,3.6881282863079905
UKESM1-1,days_p95,d_HiLLA_minus_SAI,MED,Mediterranean,4.484330432839378
UKESM1-1,days_p95,d_HiLLA_minus_SAI,SAH,Sahara,3.7316785516580824
UKESM1-1,days_p95,d_HiLLA_minus_SAI,WAF,Western-Africa,5.088601021600081
UKESM1-1,days_p95,d_HiLLA_minus_SAI,CAF,Central-Africa,7.172860790162206
UKESM1-1,days_p95,d_HiLLA_minus_SAI,NEAF,N.Eastern-Africa,6.056816866039931
UKESM1-1,days_p95,d_HiLLA_minus_SAI,SEAF,S.Eastern-Africa,7.430204637111665
UKESM1-1,days_p95,d_HiLLA_minus_SAI,WSAF,W.Southern-Africa,7.459417260917964
UKESM1-1,days_p95,d_HiLLA_minus_SAI,ESAF,E.Southern-Africa,9.47798967980269
UKESM1-1,days_p95,d_HiLLA_minus_SAI,MDG,Madagascar,7.066530710340716
UKESM1-1,days_p95,d_HiLLA_minus_SAI,RAR,Russian-Arctic,-0.087605054010408
UKESM1-1,days_p95,d_HiLLA_minus_SAI,WSB,W.Siberia,5.719224853063296
UKESM1-1,days_p95,d_HiLLA_minus_SAI,ESB,E.Siberia,4.259212157225212
UKESM1-1,days_p95,d_HiLLA_minus_SAI,RFE,Russian-Far-East,5.191943025461395
UKESM1-1,days_p95,d_HiLLA_minus_SAI,WCA,W.C.Asia,5.885612118175806
UKESM1-1,days_p95,d_HiLLA_minus_SAI,ECA,E.C.Asia,6.792558152941743
UKESM1-1,days_p95,d_HiLLA_minus_SAI,TIB,Tibetan-Plateau,14.262192382578371
UKESM1-1,days_p95,d_HiLLA_minus_SAI,EAS,E.Asia,10.444346332366894
UKESM1-1,days_p95,d_HiLLA_minus_SAI,ARP,Arabian-Peninsula,4.51686073781484
UKESM1-1,days_p95,d_HiLLA_minus_SAI,SAS,S.Asia,5.673909479973672
UKESM1-1,days_p95,d_HiLLA_minus_SAI,SEA,S.E.Asia,4.480411425176325
UKESM1-1,days_p95,d_HiLLA_minus_SAI,NAU,N.Australia,2.422599218833971
UKESM1-1,days_p95,d_HiLLA_minus_SAI,CAU,C.Australia,3.742093516202664
UKESM1-1,days_p95,d_HiLLA_minus_SAI,EAU,E.Australia,6.0746391969796765
UKESM1-1,days_p95,d_HiLLA_minus_SAI,SAU,S.Australia,4.062046993768089
UKESM1-1,days_p95,d_HiLLA_minus_SAI,NZ,New-Zealand,0.7105981913922403
UKESM1-1,days_p95,d_HiLLA_minus_SAI,EAN,E.Antarctica,
UKESM1-1,days_p95,d_HiLLA_minus_SAI,WAN,W.Antarctica,
UKESM1-1,days_p95,d_SAI_minus_target,GIC,Greenland/Iceland,
UKESM1-1,days_p95,d_SAI_minus_target,NWN,N.W.North-America,-1.923819048654588
UKESM1-1,days_p95,d_SAI_minus_target,NEN,N.E.North-America,-1.1480588429215834
UKESM1-1,days_p95,d_SAI_minus_target,WNA,W.North-America,-10.155848172774379
UKESM1-1,days_p95,d_SAI_minus_target,CNA,C.North-America,-10.609031768617367
UKESM1-1,days_p95,d_SAI_minus_target,ENA,E.North-America,-5.8768736016632594
UKESM1-1,days_p95,d_SAI_minus_target,NCA,N.Central-America,-8.289015036727507
UKESM1-1,days_p95,d_SAI_minus_target,SCA,S.Central-America,-5.003735881442489
UKESM1-1,days_p95,d_SAI_minus_target,CAR,Caribbean,-3.2278835026516535
UKESM1-1,days_p95,d_SAI_minus_target,NWS,N.W.South-America,-4.133780533378303
UKESM1-1,days_p95,d_SAI_minus_target,NSA,N.South-America,-8.253481563364865
UKESM1-1,days_p95,d_SAI_minus_target,NES,N.E.South-America,-10.887714668992865
UKESM1-1,days_p95,d_SAI_minus_target,SAM,South-American-Monsoon,-5.954579449289576
UKESM1-1,days_p95,d_SAI_minus_target,SWS,S.W.South-America,-8.936075958428534
UKESM1-1,days_p95,d_SAI_minus_target,SES,S.E.South-America,-7.992363999144166
UKESM1-1,days_p95,d_SAI_minus_target,SSA,S.South-America,-3.208481810919502
UKESM1-1,days_p95,d_SAI_minus_target,NEU,N.Europe,0.509029435709299
UKESM1-1,days_p95,d_SAI_minus_target,WCE,West&Central-Europe,-8.316660184538055
UKESM1-1,days_p95,d_SAI_minus_target,EEU,E.Europe,-4.531604008689405
UKESM1-1,days_p95,d_SAI_minus_target,MED,Mediterranean,-6.535887096434002
UKESM1-1,days_p95,d_SAI_minus_target,SAH,Sahara,-1.8710014837690059
UKESM1-1,days_p95,d_SAI_minus_target,WAF,Western-Africa,-1.8863026271805126
UKESM1-1,days_p95,d_SAI_minus_target,CAF,Central-Africa,-0.14581249518800074
UKESM1-1,days_p95,d_SAI_minus_target,NEAF,N.Eastern-Africa,-3.1317817743761673
UKESM1-1,days_p95,d_SAI_minus_target,SEAF,S.Eastern-Africa,-1.282634839624741
UKESM1-1,days_p95,d_SAI_minus_target,WSAF,W.Southern-Africa,-5.5941430304422415
UKESM1-1,days_p95,d_SAI_minus_target,ESAF,E.Southern-Africa,-7.612673891161186
UKESM1-1,days_p95,d_SAI_minus_target,MDG,Madagascar,-7.688054655842283
UKESM1-1,days_p95,d_SAI_minus_target,RAR,Russian-Arctic,0.47902677457232806
UKESM1-1,days_p95,d_SAI_minus_target,WSB,W.Siberia,-6.704716251086919
UKESM1-1,days_p95,d_SAI_minus_target,ESB,E.Siberia,-5.007372933931724
UKESM1-1,days_p95,d_SAI_minus_target,RFE,Russian-Far-East,-2.2225058908888715
UKESM1-1,days_p95,d_SAI_minus_target,WCA,W.C.Asia,-7.281345743394362
UKESM1-1,days_p95,d_SAI_minus_target,ECA,E.C.Asia,-7.626425170385392
UKESM1-1,days_p95,d_SAI_minus_target,TIB,Tibetan-Plateau,-6.8146034307758665
UKESM1-1,days_p95,d_SAI_minus_target,EAS,E.Asia,-4.082989474507883
UKESM1-1,days_p95,d_SAI_minus_target,ARP,Arabian-Peninsula,-3.6976941372107266
UKESM1-1,days_p95,d_SAI_minus_target,SAS,S.Asia,-1.6179350161481256
UKESM1-1,days_p95,d_SAI_minus_target,SEA,S.E.Asia,-4.518082616225813
UKESM1-1,days_p95,d_SAI_minus_target,NAU,N.Australia,-5.313907607625359
UKESM1-1,days_p95,d_SAI_minus_target,CAU,C.Australia,-7.143481971328061
UKESM1-1,days_p95,d_SAI_minus_target,EAU,E.Australia,-9.728654552827292
UKESM1-1,days_p95,d_SAI_minus_target,SAU,S.Australia,-5.954923984396339
UKESM1-1,days_p95,d_SAI_minus_target,NZ,New-Zealand,3.973764359502118
UKESM1-1,days_p95,d_SAI_minus_target,EAN,E.Antarctica,
UKESM1-1,days_p95,d_SAI_minus_target,WAN,W.Antarctica,
UKESM1-1,days_p95,d_HiLLA_minus_target,GIC,Greenland/Iceland,
UKESM1-1,days_p95,d_HiLLA_minus_target,NWN,N.W.North-America,-0.4839762716056972
UKESM1-1,days_p95,d_HiLLA_minus_target,NEN,N.E.North-America,-0.022962545335308376
UKESM1-1,days_p95,d_HiLLA_minus_target,WNA,W.North-America,-1.5381323276221501
UKESM1-1,days_p95,d_HiLLA_minus_target,CNA,C.North-America,-1.9987451722224163
UKESM1-1,days_p95,d_HiLLA_minus_target,ENA,E.North-America,2.065443813010058
UKESM1-1,days_p95,d_HiLLA_minus_target,NCA,N.Central-America,1.9264418746343914
UKESM1-1,days_p95,d_HiLLA_minus_target,SCA,S.Central-America,0.07092805496775852
UKESM1-1,days_p95,d_HiLLA_minus_target,CAR,Caribbean,-1.4093413984384036
UKESM1-1,days_p95,d_HiLLA_minus_target,NWS,N.W.South-America,4.675979543889569
UKESM1-1,days_p95,d_HiLLA_minus_target,NSA,N.South-America,-0.2708234785170279
UKESM1-1,days_p95,d_HiLLA_minus_target,NES,N.E.South-America,-3.2438127195766704
UKESM1-1,days_p95,d_HiLLA_minus_target,SAM,South-American-Monsoon,1.07691408785415
UKESM1-1,days_p95,d_HiLLA_minus_target,SWS,S.W.South-America,-2.739118522202165
UKESM1-1,days_p95,d_HiLLA_minus_target,SES,S.E.South-America,0.4411368367225174
UKESM1-1,days_p95,d_HiLLA_minus_target,SSA,S.South-America,-1.6811322241223952
UKESM1-1,days_p95,d_HiLLA_minus_target,NEU,N.Europe,0.2213247395540368
UKESM1-1,days_p95,d_HiLLA_minus_target,WCE,West&Central-Europe,-6.390209599006795
UKESM1-1,days_p95,d_HiLLA_minus_target,EEU,E.Europe,-0.843475722381415
UKESM1-1,days_p95,d_HiLLA_minus_target,MED,Mediterranean,-2.0515566635946225
UKESM1-1,days_p95,d_HiLLA_minus_target,SAH,Sahara,1.8606770678890767
UKESM1-1,days_p95,d_HiLLA_minus_target,WAF,Western-Africa,3.20229839441957
UKESM1-1,days_p95,d_HiLLA_minus_target,CAF,Central-Africa,7.027048294974206
UKESM1-1,days_p95,d_HiLLA_minus_target,NEAF,N.Eastern-Africa,2.925035091663764
UKESM1-1,days_p95,d_HiLLA_minus_target,SEAF,S.Eastern-Africa,6.147569797486923
UKESM1-1,days_p95,d_HiLLA_minus_target,WSAF,W.Southern-Africa,1.8652742304757202
UKESM1-1,days_p95,d_HiLLA_minus_target,ESAF,E.Southern-Africa,1.8653157886415062
UKESM1-1,days_p95,d_HiLLA_minus_target,MDG,Madagascar,-0.6215239455015669
UKESM1-1,days_p95,d_HiLLA_minus_target,RAR,Russian-Arctic,0.39142172056191993
UKESM1-1,days_p95,d_HiLLA_minus_target,WSB,W.Siberia,-0.985491398023623
UKESM1-1,days_p95,d_HiLLA_minus_target,ESB,E.Siberia,-0.7481607767065127
UKESM1-1,days_p95,d_HiLLA_minus_target,RFE,Russian-Far-East,2.9694371345725235
UKESM1-1,days_p95,d_HiLLA_minus_target,WCA,W.C.Asia,-1.3957336252185581
UKESM1-1,days_p95,d_HiLLA_minus_target,ECA,E.C.Asia,-0.8338670174436497
UKESM1-1,days_p95,d_HiLLA_minus_target,TIB,Tibetan-Plateau,7.447588951802506
UKESM1-1,days_p95,d_HiLLA_minus_target,EAS,E.Asia,6.361356857859013
UKESM1-1,days_p95,d_HiLLA_minus_target,ARP,Arabian-Peninsula,0.8191666006041138
UKESM1-1,days_p95,d_HiLLA_minus_target,SAS,S.Asia,4.055974463825548
UKESM1-1,days_p95,d_HiLLA_minus_target,SEA,S.E.Asia,-0.03767119104948631
UKESM1-1,days_p95,d_HiLLA_minus_target,NAU,N.Australia,-2.891308388791388
UKESM1-1,days_p95,d_HiLLA_minus_target,CAU,C.Australia,-3.4013884551253963
UKESM1-1,days_p95,d_HiLLA_minus_target,EAU,E.Australia,-3.654015355847616
UKESM1-1,days_p95,d_HiLLA_minus_target,SAU,S.Australia,-1.892876990628251
UKESM1-1,days_p95,d_HiLLA_minus_target,NZ,New-Zealand,4.684362550894358
UKESM1-1,days_p95,d_HiLLA_minus_target,EAN,E.Antarctica,
UKESM1-1,days_p95,d_HiLLA_minus_target,WAN,W.Antarctica,
UKESM1-1,fwi_fs,target,GIC,Greenland/Iceland,
UKESM1-1,fwi_fs,target,NWN,N.W.North-America,3.42608952888975
UKESM1-1,fwi_fs,target,NEN,N.E.North-America,3.5625921390121196
UKESM1-1,fwi_fs,target,WNA,W.North-America,23.537776334298155
UKESM1-1,fwi_fs,target,CNA,C.North-America,24.407904970558356
UKESM1-1,fwi_fs,target,ENA,E.North-America,7.7075127215404144
UKESM1-1,fwi_fs,target,NCA,N.Central-America,31.001551777544247
UKESM1-1,fwi_fs,target,SCA,S.Central-America,20.04119411244321
UKESM1-1,fwi_fs,target,CAR,Caribbean,17.771565918604974
UKESM1-1,fwi_fs,target,NWS,N.W.South-America,5.298564035903893
UKESM1-1,fwi_fs,target,NSA,N.South-America,22.943664474091445
UKESM1-1,fwi_fs,target,NES,N.E.South-America,31.00975315157427
UKESM1-1,fwi_fs,target,SAM,South-American-Monsoon,17.18990887253889
UKESM1-1,fwi_fs,target,SWS,S.W.South-America,23.920976807707994
UKESM1-1,fwi_fs,target,SES,S.E.South-America,13.936275740316685
UKESM1-1,fwi_fs,target,SSA,S.South-America,15.225121391666827
UKESM1-1,fwi_fs,target,NEU,N.Europe,3.236295305294333
UKESM1-1,fwi_fs,target,WCE,West&Central-Europe,15.626044300431925
UKESM1-1,fwi_fs,target,EEU,E.Europe,22.385766049161198
UKESM1-1,fwi_fs,target,MED,Mediterranean,36.774010025182626
UKESM1-1,fwi_fs,target,SAH,Sahara,82.81810574907614
UKESM1-1,fwi_fs,target,WAF,Western-Africa,63.53821052471249
UKESM1-1,fwi_fs,target,CAF,Central-Africa,33.94237580563985
UKESM1-1,fwi_fs,target,NEAF,N.Eastern-Africa,59.394442170249604
UKESM1-1,fwi_fs,target,SEAF,S.Eastern-Africa,27.103017849397826
UKESM1-1,fwi_fs,target,WSAF,W.Southern-Africa,38.783320400447316
UKESM1-1,fwi_fs,target,ESAF,E.Southern-Africa,28.348871555102484
UKESM1-1,fwi_fs,target,MDG,Madagascar,17.92508876514559
UKESM1-1,fwi_fs,target,RAR,Russian-Arctic,2.012070544917174
UKESM1-1,fwi_fs,target,WSB,W.Siberia,22.222415136687292
UKESM1-1,fwi_fs,target,ESB,E.Siberia,7.333894177381933
UKESM1-1,fwi_fs,target,RFE,Russian-Far-East,1.6904387697806582
UKESM1-1,fwi_fs,target,WCA,W.C.Asia,56.92098254115937
UKESM1-1,fwi_fs,target,ECA,E.C.Asia,39.90747455475148
UKESM1-1,fwi_fs,target,TIB,Tibetan-Plateau,8.064992845551384
UKESM1-1,fwi_fs,target,EAS,E.Asia,7.747508008365591
UKESM1-1,fwi_fs,target,ARP,Arabian-Peninsula,66.39866276129302
UKESM1-1,fwi_fs,target,SAS,S.Asia,54.21785592771544
UKESM1-1,fwi_fs,target,SEA,S.E.Asia,11.223575790967894
UKESM1-1,fwi_fs,target,NAU,N.Australia,43.53587099354814
UKESM1-1,fwi_fs,target,CAU,C.Australia,62.00972242316278
UKESM1-1,fwi_fs,target,EAU,E.Australia,25.524239859710544
UKESM1-1,fwi_fs,target,SAU,S.Australia,37.69646007471831
UKESM1-1,fwi_fs,target,NZ,New-Zealand,2.3109574390167107
UKESM1-1,fwi_fs,target,EAN,E.Antarctica,
UKESM1-1,fwi_fs,target,WAN,W.Antarctica,
UKESM1-1,fwi_fs,ssp245,GIC,Greenland/Iceland,
UKESM1-1,fwi_fs,ssp245,NWN,N.W.North-America,5.3460437541031585
UKESM1-1,fwi_fs,ssp245,NEN,N.E.North-America,5.653855281466026
UKESM1-1,fwi_fs,ssp245,WNA,W.North-America,23.477970495460927
UKESM1-1,fwi_fs,ssp245,CNA,C.North-America,26.94646110595038
UKESM1-1,fwi_fs,ssp245,ENA,E.North-America,8.776774274744605
UKESM1-1,fwi_fs,ssp245,NCA,N.Central-America,32.81700741612612
UKESM1-1,fwi_fs,ssp245,SCA,S.Central-America,24.64208595762204
UKESM1-1,fwi_fs,ssp245,CAR,Caribbean,17.58505762295308
UKESM1-1,fwi_fs,ssp245,NWS,N.W.South-America,6.770937254116455
UKESM1-1,fwi_fs,ssp245,NSA,N.South-America,28.703426787482545
UKESM1-1,fwi_fs,ssp245,NES,N.E.South-America,34.434979650153934
UKESM1-1,fwi_fs,ssp245,SAM,South-American-Monsoon,21.31871776886567
UKESM1-1,fwi_fs,ssp245,SWS,S.W.South-America,25.21474728785169
UKESM1-1,fwi_fs,ssp245,SES,S.E.South-America,14.573295715157528
UKESM1-1,fwi_fs,ssp245,SSA,S.South-America,15.370839883347054
UKESM1-1,fwi_fs,ssp245,NEU,N.Europe,4.311100313766314
UKESM1-1,fwi_fs,ssp245,WCE,West&Central-Europe,19.466029461436307
UKESM1-1,fwi_fs,ssp245,EEU,E.Europe,25.0448054565506
UKESM1-1,fwi_fs,ssp245,MED,Mediterranean,40.043837930630005
UKESM1-1,fwi_fs,ssp245,SAH,Sahara,84.27362521239044
UKESM1-1,fwi_fs,ssp245,WAF,Western-Africa,65.66328352022353
UKESM1-1,fwi_fs,ssp245,CAF,Central-Africa,36.78618727637081
UKESM1-1,fwi_fs,ssp245,NEAF,N.Eastern-Africa,60.28039063086035
UKESM1-1,fwi_fs,ssp245,SEAF,S.Eastern-Africa,29.531528728223083
UKESM1-1,fwi_fs,ssp245,WSAF,W.Southern-Africa,42.10949385063417
UKESM1-1,fwi_fs,ssp245,ESAF,E.Southern-Africa,31.363117319168808
UKESM1-1,fwi_fs,ssp245,MDG,Madagascar,19.479802971151713
UKESM1-1,fwi_fs,ssp245,RAR,Russian-Arctic,4.1958235482539274
UKESM1-1,fwi_fs,ssp245,WSB,W.Siberia,25.06720418556333
UKESM1-1,fwi_fs,ssp245,ESB,E.Siberia,8.51401353577375
UKESM1-1,fwi_fs,ssp245,RFE,Russian-Far-East,2.4203223489140604
UKESM1-1,fwi_fs,ssp245,WCA,W.C.Asia,57.62956774847961
UKESM1-1,fwi_fs,ssp245,ECA,E.C.Asia,40.41277493007378
UKESM1-1,fwi_fs,ssp245,TIB,Tibetan-Plateau,8.934949655496585
UKESM1-1,fwi_fs,ssp245,EAS,E.Asia,9.736930660279068
UKESM1-1,fwi_fs,ssp245,ARP,Arabian-Peninsula,67.96844921221464
UKESM1-1,fwi_fs,ssp245,SAS,S.Asia,56.36978255352965
UKESM1-1,fwi_fs,ssp245,SEA,S.E.Asia,14.565289333027211
UKESM1-1,fwi_fs,ssp245,NAU,N.Australia,44.58381219701157
UKESM1-1,fwi_fs,ssp245,CAU,C.Australia,64.58095689960122
UKESM1-1,fwi_fs,ssp245,EAU,E.Australia,29.807896952038885
UKESM1-1,fwi_fs,ssp245,SAU,S.Australia,40.78893241377367
UKESM1-1,fwi_fs,ssp245,NZ,New-Zealand,3.0929330809046927
UKESM1-1,fwi_fs,ssp245,EAN,E.Antarctica,
UKESM1-1,fwi_fs,ssp245,WAN,W.Antarctica,
UKESM1-1,fwi_fs,G6-1.5K-SAI,GIC,Greenland/Iceland,
UKESM1-1,fwi_fs,G6-1.5K-SAI,NWN,N.W.North-America,3.047222534814161
UKESM1-1,fwi_fs,G6-1.5K-SAI,NEN,N.E.North-America,3.33631089812778
UKESM1-1,fwi_fs,G6-1.5K-SAI,WNA,W.North-America,21.164725769355073
UKESM1-1,fwi_fs,G6-1.5K-SAI,CNA,C.North-America,20.924914665244252
UKESM1-1,fwi_fs,G6-1.5K-SAI,ENA,E.North-America,6.721677265847411
UKESM1-1,fwi_fs,G6-1.5K-SAI,NCA,N.Central-America,29.110005439584437
UKESM1-1,fwi_fs,G6-1.5K-SAI,SCA,S.Central-America,19.805429480170286
UKESM1-1,fwi_fs,G6-1.5K-SAI,CAR,Caribbean,16.73354185782748
UKESM1-1,fwi_fs,G6-1.5K-SAI,NWS,N.W.South-America,5.298834466908992
UKESM1-1,fwi_fs,G6-1.5K-SAI,NSA,N.South-America,21.318922800443463
UKESM1-1,fwi_fs,G6-1.5K-SAI,NES,N.E.South-America,28.507820275213977
UKESM1-1,fwi_fs,G6-1.5K-SAI,SAM,South-American-Monsoon,16.07310818467106
UKESM1-1,fwi_fs,G6-1.5K-SAI,SWS,S.W.South-America,22.548332769490923
UKESM1-1,fwi_fs,G6-1.5K-SAI,SES,S.E.South-America,12.416780773846
UKESM1-1,fwi_fs,G6-1.5K-SAI,SSA,S.South-America,14.058219464489925
UKESM1-1,fwi_fs,G6-1.5K-SAI,NEU,N.Europe,3.3318457466571987
UKESM1-1,fwi_fs,G6-1.5K-SAI,WCE,West&Central-Europe,13.528583833285287
UKESM1-1,fwi_fs,G6-1.5K-SAI,EEU,E.Europe,20.97871809112968
UKESM1-1,fwi_fs,G6-1.5K-SAI,MED,Mediterranean,34.93740214716959
UKESM1-1,fwi_fs,G6-1.5K-SAI,SAH,Sahara,81.69909605389073
UKESM1-1,fwi_fs,G6-1.5K-SAI,WAF,Western-Africa,62.50728488643112
UKESM1-1,fwi_fs,G6-1.5K-SAI,CAF,Central-Africa,34.23488857173442
UKESM1-1,fwi_fs,G6-1.5K-SAI,NEAF,N.Eastern-Africa,58.56129827493161
UKESM1-1,fwi_fs,G6-1.5K-SAI,SEAF,S.Eastern-Africa,27.967310271634407
UKESM1-1,fwi_fs,G6-1.5K-SAI,WSAF,W.Southern-Africa,37.768294866846965
UKESM1-1,fwi_fs,G6-1.5K-SAI,ESAF,E.Southern-Africa,26.89371008226231
UKESM1-1,fwi_fs,G6-1.5K-SAI,MDG,Madagascar,16.333033761144716
UKESM1-1,fwi_fs,G6-1.5K-SAI,RAR,Russian-Arctic,2.0448086280850717
UKESM1-1,fwi_fs,G6-1.5K-SAI,WSB,W.Siberia,20.59523959478349
UKESM1-1,fwi_fs,G6-1.5K-SAI,ESB,E.Siberia,6.606778728771065
UKESM1-1,fwi_fs,G6-1.5K-SAI,RFE,Russian-Far-East,1.483860439978885
UKESM1-1,fwi_fs,G6-1.5K-SAI,WCA,W.C.Asia,54.28762029521414
UKESM1-1,fwi_fs,G6-1.5K-SAI,ECA,E.C.Asia,37.993114619795776
UKESM1-1,fwi_fs,G6-1.5K-SAI,TIB,Tibetan-Plateau,7.330870658038978
UKESM1-1,fwi_fs,G6-1.5K-SAI,EAS,E.Asia,7.650212667583458
UKESM1-1,fwi_fs,G6-1.5K-SAI,ARP,Arabian-Peninsula,65.50266491019302
UKESM1-1,fwi_fs,G6-1.5K-SAI,SAS,S.Asia,53.62537413561403
UKESM1-1,fwi_fs,G6-1.5K-SAI,SEA,S.E.Asia,11.39209888391214
UKESM1-1,fwi_fs,G6-1.5K-SAI,NAU,N.Australia,40.906590723547716
UKESM1-1,fwi_fs,G6-1.5K-SAI,CAU,C.Australia,58.302665828806255
UKESM1-1,fwi_fs,G6-1.5K-SAI,EAU,E.Australia,21.44914455222171
UKESM1-1,fwi_fs,G6-1.5K-SAI,SAU,S.Australia,36.08954774409217
UKESM1-1,fwi_fs,G6-1.5K-SAI,NZ,New-Zealand,2.5645131230374596
UKESM1-1,fwi_fs,G6-1.5K-SAI,EAN,E.Antarctica,
UKESM1-1,fwi_fs,G6-1.5K-SAI,WAN,W.Antarctica,
UKESM1-1,fwi_fs,G6-1.5K-HiLLA,GIC,Greenland/Iceland,
UKESM1-1,fwi_fs,G6-1.5K-HiLLA,NWN,N.W.North-America,2.908312491172849
UKESM1-1,fwi_fs,G6-1.5K-HiLLA,NEN,N.E.North-America,3.2591100914427598
UKESM1-1,fwi_fs,G6-1.5K-HiLLA,WNA,W.North-America,23.645729214691453
UKESM1-1,fwi_fs,G6-1.5K-HiLLA,CNA,C.North-America,23.643105646250948
UKESM1-1,fwi_fs,G6-1.5K-HiLLA,ENA,E.North-America,7.859123706215574
UKESM1-1,fwi_fs,G6-1.5K-HiLLA,NCA,N.Central-America,31.964440707236303
UKESM1-1,fwi_fs,G6-1.5K-HiLLA,SCA,S.Central-America,20.152116832453228
UKESM1-1,fwi_fs,G6-1.5K-HiLLA,CAR,Caribbean,17.464764235189833
UKESM1-1,fwi_fs,G6-1.5K-HiLLA,NWS,N.W.South-America,5.809774306953412
UKESM1-1,fwi_fs,G6-1.5K-HiLLA,NSA,N.South-America,22.49353791882672
UKESM1-1,fwi_fs,G6-1.5K-HiLLA,NES,N.E.South-America,29.78947548908248
UKESM1-1,fwi_fs,G6-1.5K-HiLLA,SAM,South-American-Monsoon,16.936326301499882
UKESM1-1,fwi_fs,G6-1.5K-HiLLA,SWS,S.W.South-America,23.471096745603823
UKESM1-1,fwi_fs,G6-1.5K-HiLLA,SES,S.E.South-America,13.57117469567006
UKESM1-1,fwi_fs,G6-1.5K-HiLLA,SSA,S.South-America,15.101818040473114
UKESM1-1,fwi_fs,G6-1.5K-HiLLA,NEU,N.Europe,3.075386071080299
UKESM1-1,fwi_fs,G6-1.5K-HiLLA,WCE,West&Central-Europe,13.409907756642733
UKESM1-1,fwi_fs,G6-1.5K-HiLLA,EEU,E.Europe,21.31965874750248
UKESM1-1,fwi_fs,G6-1.5K-HiLLA,MED,Mediterranean,35.83723888440344
UKESM1-1,fwi_fs,G6-1.5K-HiLLA,SAH,Sahara,83.33237786168341
UKESM1-1,fwi_fs,G6-1.5K-HiLLA,WAF,Western-Africa,64.66646702455557
UKESM1-1,fwi_fs,G6-1.5K-HiLLA,CAF,Central-Africa,35.9664985676932
UKESM1-1,fwi_fs,G6-1.5K-HiLLA,NEAF,N.Eastern-Africa,60.60929199500372
UKESM1-1,fwi_fs,G6-1.5K-HiLLA,SEAF,S.Eastern-Africa,28.847368115830612
UKESM1-1,fwi_fs,G6-1.5K-HiLLA,WSAF,W.Southern-Africa,39.4204538425385
UKESM1-1,fwi_fs,G6-1.5K-HiLLA,ESAF,E.Southern-Africa,29.130296982352856
UKESM1-1,fwi_fs,G6-1.5K-HiLLA,MDG,Madagascar,17.62424638913395
UKESM1-1,fwi_fs,G6-1.5K-HiLLA,RAR,Russian-Arctic,1.9770456103640524
UKESM1-1,fwi_fs,G6-1.5K-HiLLA,WSB,W.Siberia,21.7785540252005
UKESM1-1,fwi_fs,G6-1.5K-HiLLA,ESB,E.Siberia,7.10661150602079
UKESM1-1,fwi_fs,G6-1.5K-HiLLA,RFE,Russian-Far-East,1.8098312549915132
UKESM1-1,fwi_fs,G6-1.5K-HiLLA,WCA,W.C.Asia,56.3800321653602
UKESM1-1,fwi_fs,G6-1.5K-HiLLA,ECA,E.C.Asia,39.75239936178181
UKESM1-1,fwi_fs,G6-1.5K-HiLLA,TIB,Tibetan-Plateau,8.961054035955037
UKESM1-1,fwi_fs,G6-1.5K-HiLLA,EAS,E.Asia,8.902859890630312
UKESM1-1,fwi_fs,G6-1.5K-HiLLA,ARP,Arabian-Peninsula,66.71908816801836
UKESM1-1,fwi_fs,G6-1.5K-HiLLA,SAS,S.Asia,55.01419898589569
UKESM1-1,fwi_fs,G6-1.5K-HiLLA,SEA,S.E.Asia,11.062451644598822
UKESM1-1,fwi_fs,G6-1.5K-HiLLA,NAU,N.Australia,41.29333854516264
UKESM1-1,fwi_fs,G6-1.5K-HiLLA,CAU,C.Australia,58.57996028158456
UKESM1-1,fwi_fs,G6-1.5K-HiLLA,EAU,E.Australia,21.523699594749722
UKESM1-1,fwi_fs,G6-1.5K-HiLLA,SAU,S.Australia,36.94616897237016
UKESM1-1,fwi_fs,G6-1.5K-HiLLA,NZ,New-Zealand,2.6468232184469915
UKESM1-1,fwi_fs,G6-1.5K-HiLLA,EAN,E.Antarctica,
UKESM1-1,fwi_fs,G6-1.5K-HiLLA,WAN,W.Antarctica,
UKESM1-1,fwi_fs,d_ssp245_minus_target,GIC,Greenland/Iceland,
UKESM1-1,fwi_fs,d_ssp245_minus_target,NWN,N.W.North-America,1.9199542252134072
UKESM1-1,fwi_fs,d_ssp245_minus_target,NEN,N.E.North-America,2.0912631424539074
UKESM1-1,fwi_fs,d_ssp245_minus_target,WNA,W.North-America,-0.05980583883722772
UKESM1-1,fwi_fs,d_ssp245_minus_target,CNA,C.North-America,2.5385561353920245
UKESM1-1,fwi_fs,d_ssp245_minus_target,ENA,E.North-America,1.0692615532041885
UKESM1-1,fwi_fs,d_ssp245_minus_target,NCA,N.Central-America,1.815455638581873
UKESM1-1,fwi_fs,d_ssp245_minus_target,SCA,S.Central-America,4.600891845178826
UKESM1-1,fwi_fs,d_ssp245_minus_target,CAR,Caribbean,-0.18650829565188762
UKESM1-1,fwi_fs,d_ssp245_minus_target,NWS,N.W.South-America,1.4723732182125615
UKESM1-1,fwi_fs,d_ssp245_minus_target,NSA,N.South-America,5.759762313391097
UKESM1-1,fwi_fs,d_ssp245_minus_target,NES,N.E.South-America,3.4252264985796645
UKESM1-1,fwi_fs,d_ssp245_minus_target,SAM,South-American-Monsoon,4.1288088963267775
UKESM1-1,fwi_fs,d_ssp245_minus_target,SWS,S.W.South-America,1.293770480143699
UKESM1-1,fwi_fs,d_ssp245_minus_target,SES,S.E.South-America,0.6370199748408409
UKESM1-1,fwi_fs,d_ssp245_minus_target,SSA,S.South-America,0.14571849168022855
UKESM1-1,fwi_fs,d_ssp245_minus_target,NEU,N.Europe,1.074805008471982
UKESM1-1,fwi_fs,d_ssp245_minus_target,WCE,West&Central-Europe,3.8399851610043823
UKESM1-1,fwi_fs,d_ssp245_minus_target,EEU,E.Europe,2.6590394073894235
UKESM1-1,fwi_fs,d_ssp245_minus_target,MED,Mediterranean,3.2698279054473827
UKESM1-1,fwi_fs,d_ssp245_minus_target,SAH,Sahara,1.4555194633143353
UKESM1-1,fwi_fs,d_ssp245_minus_target,WAF,Western-Africa,2.1250729955110628
UKESM1-1,fwi_fs,d_ssp245_minus_target,CAF,Central-Africa,2.8438114707309694
UKESM1-1,fwi_fs,d_ssp245_minus_target,NEAF,N.Eastern-Africa,0.8859484606107271
UKESM1-1,fwi_fs,d_ssp245_minus_target,SEAF,S.Eastern-Africa,2.4285108788252545
UKESM1-1,fwi_fs,d_ssp245_minus_target,WSAF,W.Southern-Africa,3.326173450186856
UKESM1-1,fwi_fs,d_ssp245_minus_target,ESAF,E.Southern-Africa,3.0142457640663176
UKESM1-1,fwi_fs,d_ssp245_minus_target,MDG,Madagascar,1.5547142060061203
UKESM1-1,fwi_fs,d_ssp245_minus_target,RAR,Russian-Arctic,2.183753003336753
UKESM1-1,fwi_fs,d_ssp245_minus_target,WSB,W.Siberia,2.844789048876045
UKESM1-1,fwi_fs,d_ssp245_minus_target,ESB,E.Siberia,1.1801193583918164
UKESM1-1,fwi_fs,d_ssp245_minus_target,RFE,Russian-Far-East,0.7298835791334006
UKESM1-1,fwi_fs,d_ssp245_minus_target,WCA,W.C.Asia,0.708585207320278
UKESM1-1,fwi_fs,d_ssp245_minus_target,ECA,E.C.Asia,0.5053003753222922
UKESM1-1,fwi_fs,d_ssp245_minus_target,TIB,Tibetan-Plateau,0.8699568099451958
UKESM1-1,fwi_fs,d_ssp245_minus_target,EAS,E.Asia,1.9894226519134806
UKESM1-1,fwi_fs,d_ssp245_minus_target,ARP,Arabian-Peninsula,1.569786450921603
UKESM1-1,fwi_fs,d_ssp245_minus_target,SAS,S.Asia,2.1519266258142133
UKESM1-1,fwi_fs,d_ssp245_minus_target,SEA,S.E.Asia,3.3417135420593156
UKESM1-1,fwi_fs,d_ssp245_minus_target,NAU,N.Australia,1.047941203463436
UKESM1-1,fwi_fs,d_ssp245_minus_target,CAU,C.Australia,2.571234476438435
UKESM1-1,fwi_fs,d_ssp245_minus_target,EAU,E.Australia,4.283657092328336
UKESM1-1,fwi_fs,d_ssp245_minus_target,SAU,S.Australia,3.092472339055347
UKESM1-1,fwi_fs,d_ssp245_minus_target,NZ,New-Zealand,0.7819756418879817
UKESM1-1,fwi_fs,d_ssp245_minus_target,EAN,E.Antarctica,
UKESM1-1,fwi_fs,d_ssp245_minus_target,WAN,W.Antarctica,
UKESM1-1,fwi_fs,d_SAI_minus_ssp245,GIC,Greenland/Iceland,
UKESM1-1,fwi_fs,d_SAI_minus_ssp245,NWN,N.W.North-America,-2.2988212192889943
UKESM1-1,fwi_fs,d_SAI_minus_ssp245,NEN,N.E.North-America,-2.3175443833382445
UKESM1-1,fwi_fs,d_SAI_minus_ssp245,WNA,W.North-America,-2.3132447261058586
UKESM1-1,fwi_fs,d_SAI_minus_ssp245,CNA,C.North-America,-6.021546440706132
UKESM1-1,fwi_fs,d_SAI_minus_ssp245,ENA,E.North-America,-2.0550970088971923
UKESM1-1,fwi_fs,d_SAI_minus_ssp245,NCA,N.Central-America,-3.707001976541675
UKESM1-1,fwi_fs,d_SAI_minus_ssp245,SCA,S.Central-America,-4.83665647745175
UKESM1-1,fwi_fs,d_SAI_minus_ssp245,CAR,Caribbean,-0.851515765125606
UKESM1-1,fwi_fs,d_SAI_minus_ssp245,NWS,N.W.South-America,-1.4721027872074637
UKESM1-1,fwi_fs,d_SAI_minus_ssp245,NSA,N.South-America,-7.3845039870390785
UKESM1-1,fwi_fs,d_SAI_minus_ssp245,NES,N.E.South-America,-5.927159374939949
UKESM1-1,fwi_fs,d_SAI_minus_ssp245,SAM,South-American-Monsoon,-5.245609584194605
UKESM1-1,fwi_fs,d_SAI_minus_ssp245,SWS,S.W.South-America,-2.6664145183607726
UKESM1-1,fwi_fs,d_SAI_minus_ssp245,SES,S.E.South-America,-2.156514941311527
UKESM1-1,fwi_fs,d_SAI_minus_ssp245,SSA,S.South-America,-1.31262041885713
UKESM1-1,fwi_fs,d_SAI_minus_ssp245,NEU,N.Europe,-0.9792545671091157
UKESM1-1,fwi_fs,d_SAI_minus_ssp245,WCE,West&Central-Europe,-5.937445628151015
UKESM1-1,fwi_fs,d_SAI_minus_ssp245,EEU,E.Europe,-4.066087365420931
UKESM1-1,fwi_fs,d_SAI_minus_ssp245,MED,Mediterranean,-5.106435783460416
UKESM1-1,fwi_fs,d_SAI_minus_ssp245,SAH,Sahara,-2.5745291584997525
UKESM1-1,fwi_fs,d_SAI_minus_ssp245,WAF,Western-Africa,-3.1559986337924113
UKESM1-1,fwi_fs,d_SAI_minus_ssp245,CAF,Central-Africa,-2.5512987046363986
UKESM1-1,fwi_fs,d_SAI_minus_ssp245,NEAF,N.Eastern-Africa,-1.7190923559287286
UKESM1-1,fwi_fs,d_SAI_minus_ssp245,SEAF,S.Eastern-Africa,-1.5642184565886659
UKESM1-1,fwi_fs,d_SAI_minus_ssp245,WSAF,W.Southern-Africa,-4.341198983787213
UKESM1-1,fwi_fs,d_SAI_minus_ssp245,ESAF,E.Southern-Africa,-4.469407236906499
UKESM1-1,fwi_fs,d_SAI_minus_ssp245,MDG,Madagascar,-3.146769210006992
UKESM1-1,fwi_fs,d_SAI_minus_ssp245,RAR,Russian-Arctic,-2.1510149201688553
UKESM1-1,fwi_fs,d_SAI_minus_ssp245,WSB,W.Siberia,-4.471964590779844
UKESM1-1,fwi_fs,d_SAI_minus_ssp245,ESB,E.Siberia,-1.9072348070026846
UKESM1-1,fwi_fs,d_SAI_minus_ssp245,RFE,Russian-Far-East,-0.9364619089351747
UKESM1-1,fwi_fs,d_SAI_minus_ssp245,WCA,W.C.Asia,-3.3419474532654796
UKESM1-1,fwi_fs,d_SAI_minus_ssp245,ECA,E.C.Asia,-2.419660310277991
UKESM1-1,fwi_fs,d_SAI_minus_ssp245,TIB,Tibetan-Plateau,-1.6040789974576042
UKESM1-1,fwi_fs,d_SAI_minus_ssp245,EAS,E.Asia,-2.086717992695612
UKESM1-1,fwi_fs,d_SAI_minus_ssp245,ARP,Arabian-Peninsula,-2.4657843020216257
UKESM1-1,fwi_fs,d_SAI_minus_ssp245,SAS,S.Asia,-2.7444084179156234
UKESM1-1,fwi_fs,d_SAI_minus_ssp245,SEA,S.E.Asia,-3.173190449115072
UKESM1-1,fwi_fs,d_SAI_minus_ssp245,NAU,N.Australia,-3.677221473463857
UKESM1-1,fwi_fs,d_SAI_minus_ssp245,CAU,C.Australia,-6.27829107079496
UKESM1-1,fwi_fs,d_SAI_minus_ssp245,EAU,E.Australia,-8.358752399817172
UKESM1-1,fwi_fs,d_SAI_minus_ssp245,SAU,S.Australia,-4.699384669681486
UKESM1-1,fwi_fs,d_SAI_minus_ssp245,NZ,New-Zealand,-0.5284199578672327
UKESM1-1,fwi_fs,d_SAI_minus_ssp245,EAN,E.Antarctica,
UKESM1-1,fwi_fs,d_SAI_minus_ssp245,WAN,W.Antarctica,
UKESM1-1,fwi_fs,d_HiLLA_minus_ssp245,GIC,Greenland/Iceland,
UKESM1-1,fwi_fs,d_HiLLA_minus_ssp245,NWN,N.W.North-America,-2.4377312629303094
UKESM1-1,fwi_fs,d_HiLLA_minus_ssp245,NEN,N.E.North-America,-2.394745190023264
UKESM1-1,fwi_fs,d_HiLLA_minus_ssp245,WNA,W.North-America,0.16775871923052915
UKESM1-1,fwi_fs,d_HiLLA_minus_ssp245,CNA,C.North-America,-3.3033554596994286
UKESM1-1,fwi_fs,d_HiLLA_minus_ssp245,ENA,E.North-America,-0.9176505685290283
UKESM1-1,fwi_fs,d_HiLLA_minus_ssp245,NCA,N.Central-America,-0.8525667088898167
UKESM1-1,fwi_fs,d_HiLLA_minus_ssp245,SCA,S.Central-America,-4.4899691251688125
UKESM1-1,fwi_fs,d_HiLLA_minus_ssp245,CAR,Caribbean,-0.12029338776325224
UKESM1-1,fwi_fs,d_HiLLA_minus_ssp245,NWS,N.W.South-America,-0.9611629471630417
UKESM1-1,fwi_fs,d_HiLLA_minus_ssp245,NSA,N.South-America,-6.209888868655829
UKESM1-1,fwi_fs,d_HiLLA_minus_ssp245,NES,N.E.South-America,-4.645504161071451
UKESM1-1,fwi_fs,d_HiLLA_minus_ssp245,SAM,South-American-Monsoon,-4.382391467365781
UKESM1-1,fwi_fs,d_HiLLA_minus_ssp245,SWS,S.W.South-America,-1.743650542247869
UKESM1-1,fwi_fs,d_HiLLA_minus_ssp245,SES,S.E.South-America,-1.0021210194874683
UKESM1-1,fwi_fs,d_HiLLA_minus_ssp245,SSA,S.South-America,-0.26902184287394065
UKESM1-1,fwi_fs,d_HiLLA_minus_ssp245,NEU,N.Europe,-1.2357142426860155
UKESM1-1,fwi_fs,d_HiLLA_minus_ssp245,WCE,West&Central-Europe,-6.056121704793572
UKESM1-1,fwi_fs,d_HiLLA_minus_ssp245,EEU,E.Europe,-3.7251467090481345
UKESM1-1,fwi_fs,d_HiLLA_minus_ssp245,MED,Mediterranean,-4.206599046226567
UKESM1-1,fwi_fs,d_HiLLA_minus_ssp245,SAH,Sahara,-0.941247350707066
UKESM1-1,fwi_fs,d_HiLLA_minus_ssp245,WAF,Western-Africa,-0.9968164956679696
UKESM1-1,fwi_fs,d_HiLLA_minus_ssp245,CAF,Central-Africa,-0.8196887086776119
UKESM1-1,fwi_fs,d_HiLLA_minus_ssp245,NEAF,N.Eastern-Africa,0.3289013641433771
UKESM1-1,fwi_fs,d_HiLLA_minus_ssp245,SEAF,S.Eastern-Africa,-0.6841606123924618
UKESM1-1,fwi_fs,d_HiLLA_minus_ssp245,WSAF,W.Southern-Africa,-2.6890400080956853
UKESM1-1,fwi_fs,d_HiLLA_minus_ssp245,ESAF,E.Southern-Africa,-2.23282033681596
UKESM1-1,fwi_fs,d_HiLLA_minus_ssp245,MDG,Madagascar,-1.8555565820177582
UKESM1-1,fwi_fs,d_HiLLA_minus_ssp245,RAR,Russian-Arctic,-2.218777937889876
UKESM1-1,fwi_fs,d_HiLLA_minus_ssp245,WSB,W.Siberia,-3.288650160362835
UKESM1-1,fwi_fs,d_HiLLA_minus_ssp245,ESB,E.Siberia,-1.4074020297529553
UKESM1-1,fwi_fs,d_HiLLA_minus_ssp245,RFE,Russian-Far-East,-0.6104910939225463
UKESM1-1,fwi_fs,d_HiLLA_minus_ssp245,WCA,W.C.Asia,-1.249535583119429
UKESM1-1,fwi_fs,d_HiLLA_minus_ssp245,ECA,E.C.Asia,-0.6603755682919599
UKESM1-1,fwi_fs,d_HiLLA_minus_ssp245,TIB,Tibetan-Plateau,0.02610438045845313
UKESM1-1,fwi_fs,d_HiLLA_minus_ssp245,EAS,E.Asia,-0.8340707696487607
UKESM1-1,fwi_fs,d_HiLLA_minus_ssp245,ARP,Arabian-Peninsula,-1.2493610441962582
UKESM1-1,fwi_fs,d_HiLLA_minus_ssp245,SAS,S.Asia,-1.3555835676339725
UKESM1-1,fwi_fs,d_HiLLA_minus_ssp245,SEA,S.E.Asia,-3.502837688428393
UKESM1-1,fwi_fs,d_HiLLA_minus_ssp245,NAU,N.Australia,-3.2904736518489193
UKESM1-1,fwi_fs,d_HiLLA_minus_ssp245,CAU,C.Australia,-6.000996618016652
UKESM1-1,fwi_fs,d_HiLLA_minus_ssp245,EAU,E.Australia,-8.284197357289159
UKESM1-1,fwi_fs,d_HiLLA_minus_ssp245,SAU,S.Australia,-3.842763441403498
UKESM1-1,fwi_fs,d_HiLLA_minus_ssp245,NZ,New-Zealand,-0.4461098624577007
UKESM1-1,fwi_fs,d_HiLLA_minus_ssp245,EAN,E.Antarctica,
UKESM1-1,fwi_fs,d_HiLLA_minus_ssp245,WAN,W.Antarctica,
UKESM1-1,fwi_fs,d_HiLLA_minus_SAI,GIC,Greenland/Iceland,
UKESM1-1,fwi_fs,d_HiLLA_minus_SAI,NWN,N.W.North-America,-0.13891004364131393
UKESM1-1,fwi_fs,d_HiLLA_minus_SAI,NEN,N.E.North-America,-0.07720080668501966
UKESM1-1,fwi_fs,d_HiLLA_minus_SAI,WNA,W.North-America,2.4810034453363885
UKESM1-1,fwi_fs,d_HiLLA_minus_SAI,CNA,C.North-America,2.718190981006703
UKESM1-1,fwi_fs,d_HiLLA_minus_SAI,ENA,E.North-America,1.137446440368164
UKESM1-1,fwi_fs,d_HiLLA_minus_SAI,NCA,N.Central-America,2.8544352676518594
UKESM1-1,fwi_fs,d_HiLLA_minus_SAI,SCA,S.Central-America,0.34668735228293757
UKESM1-1,fwi_fs,d_HiLLA_minus_SAI,CAR,Caribbean,0.7312223773623537
UKESM1-1,fwi_fs,d_HiLLA_minus_SAI,NWS,N.W.South-America,0.5109398400444217
UKESM1-1,fwi_fs,d_HiLLA_minus_SAI,NSA,N.South-America,1.1746151183832496
UKESM1-1,fwi_fs,d_HiLLA_minus_SAI,NES,N.E.South-America,1.2816552138685002
UKESM1-1,fwi_fs,d_HiLLA_minus_SAI,SAM,South-American-Monsoon,0.8632181168288237
UKESM1-1,fwi_fs,d_HiLLA_minus_SAI,SWS,S.W.South-America,0.922763976112904
UKESM1-1,fwi_fs,d_HiLLA_minus_SAI,SES,S.E.South-America,1.1543939218240582
UKESM1-1,fwi_fs,d_HiLLA_minus_SAI,SSA,S.South-America,1.0435985759831894
UKESM1-1,fwi_fs,d_HiLLA_minus_SAI,NEU,N.Europe,-0.25645967557689947
UKESM1-1,fwi_fs,d_HiLLA_minus_SAI,WCE,West&Central-Europe,-0.11867607664255327
UKESM1-1,fwi_fs,d_HiLLA_minus_SAI,EEU,E.Europe,0.3409406563727974
UKESM1-1,fwi_fs,d_HiLLA_minus_SAI,MED,Mediterranean,0.8998367372338467
UKESM1-1,fwi_fs,d_HiLLA_minus_SAI,SAH,Sahara,1.6332818077926858
UKESM1-1,fwi_fs,d_HiLLA_minus_SAI,WAF,Western-Africa,2.1591821381244416
UKESM1-1,fwi_fs,d_HiLLA_minus_SAI,CAF,Central-Africa,1.731609995958787
UKESM1-1,fwi_fs,d_HiLLA_minus_SAI,NEAF,N.Eastern-Africa,2.0479937200721055
UKESM1-1,fwi_fs,d_HiLLA_minus_SAI,SEAF,S.Eastern-Africa,0.8800578441962038
UKESM1-1,fwi_fs,d_HiLLA_minus_SAI,WSAF,W.Southern-Africa,1.6521589756915271
UKESM1-1,fwi_fs,d_HiLLA_minus_SAI,ESAF,E.Southern-Africa,2.2365869000905394
UKESM1-1,fwi_fs,d_HiLLA_minus_SAI,MDG,Madagascar,1.2912126279892342
UKESM1-1,fwi_fs,d_HiLLA_minus_SAI,RAR,Russian-Arctic,-0.06776301772101954
UKESM1-1,fwi_fs,d_HiLLA_minus_SAI,WSB,W.Siberia,1.1833144304170098
UKESM1-1,fwi_fs,d_HiLLA_minus_SAI,ESB,E.Siberia,0.49983277724972835
UKESM1-1,fwi_fs,d_HiLLA_minus_SAI,RFE,Russian-Far-East,0.3259708150126286
UKESM1-1,fwi_fs,d_HiLLA_minus_SAI,WCA,W.C.Asia,2.0924118701460492
UKESM1-1,fwi_fs,d_HiLLA_minus_SAI,ECA,E.C.Asia,1.7592847419860318
UKESM1-1,fwi_fs,d_HiLLA_minus_SAI,TIB,Tibetan-Plateau,1.6301833779160575
UKESM1-1,fwi_fs,d_HiLLA_minus_SAI,EAS,E.Asia,1.2526472230468524
UKESM1-1,fwi_fs,d_HiLLA_minus_SAI,ARP,Arabian-Peninsula,1.2164232578253673
UKESM1-1,fwi_fs,d_HiLLA_minus_SAI,SAS,S.Asia,1.3888248502816503
UKESM1-1,fwi_fs,d_HiLLA_minus_SAI,SEA,S.E.Asia,-0.3296472393133215
UKESM1-1,fwi_fs,d_HiLLA_minus_SAI,NAU,N.Australia,0.3867478216149379
UKESM1-1,fwi_fs,d_HiLLA_minus_SAI,CAU,C.Australia,0.277294452778307
UKESM1-1,fwi_fs,d_HiLLA_minus_SAI,EAU,E.Australia,0.07455504252801434
UKESM1-1,fwi_fs,d_HiLLA_minus_SAI,SAU,S.Australia,0.8566212282779876
UKESM1-1,fwi_fs,d_HiLLA_minus_SAI,NZ,New-Zealand,0.08231009540953214
UKESM1-1,fwi_fs,d_HiLLA_minus_SAI,EAN,E.Antarctica,
UKESM1-1,fwi_fs,d_HiLLA_minus_SAI,WAN,W.Antarctica,
UKESM1-1,fwi_fs,d_SAI_minus_target,GIC,Greenland/Iceland,
UKESM1-1,fwi_fs,d_SAI_minus_target,NWN,N.W.North-America,-0.3788669940755878
UKESM1-1,fwi_fs,d_SAI_minus_target,NEN,N.E.North-America,-0.22628124088433751
UKESM1-1,fwi_fs,d_SAI_minus_target,WNA,W.North-America,-2.373050564943086
UKESM1-1,fwi_fs,d_SAI_minus_target,CNA,C.North-America,-3.4829903053141074
UKESM1-1,fwi_fs,d_SAI_minus_target,ENA,E.North-America,-0.985835455693004
UKESM1-1,fwi_fs,d_SAI_minus_target,NCA,N.Central-America,-1.8915463379598036
UKESM1-1,fwi_fs,d_SAI_minus_target,SCA,S.Central-America,-0.23576463227292382
UKESM1-1,fwi_fs,d_SAI_minus_target,CAR,Caribbean,-1.0380240607774935
UKESM1-1,fwi_fs,d_SAI_minus_target,NWS,N.W.South-America,0.00027043100509773475
UKESM1-1,fwi_fs,d_SAI_minus_target,NSA,N.South-America,-1.6247416736479805
UKESM1-1,fwi_fs,d_SAI_minus_target,NES,N.E.South-America,-2.5019328763602857
UKESM1-1,fwi_fs,d_SAI_minus_target,SAM,South-American-Monsoon,-1.1168006878678265
UKESM1-1,fwi_fs,d_SAI_minus_target,SWS,S.W.South-America,-1.3726440382170735
UKESM1-1,fwi_fs,d_SAI_minus_target,SES,S.E.South-America,-1.5194949664706852
UKESM1-1,fwi_fs,d_SAI_minus_target,SSA,S.South-America,-1.1669019271769012
UKESM1-1,fwi_fs,d_SAI_minus_target,NEU,N.Europe,0.09555044136286621
UKESM1-1,fwi_fs,d_SAI_minus_target,WCE,West&Central-Europe,-2.0974604671466355
UKESM1-1,fwi_fs,d_SAI_minus_target,EEU,E.Europe,-1.407047958031508
UKESM1-1,fwi_fs,d_SAI_minus_target,MED,Mediterranean,-1.83660787801303
UKESM1-1,fwi_fs,d_SAI_minus_target,SAH,Sahara,-1.119009695185418
UKESM1-1,fwi_fs,d_SAI_minus_target,WAF,Western-Africa,-1.0309256382813492
UKESM1-1,fwi_fs,d_SAI_minus_target,CAF,Central-Africa,0.2925127660945721
UKESM1-1,fwi_fs,d_SAI_minus_target,NEAF,N.Eastern-Africa,-0.8331438953180015
UKESM1-1,fwi_fs,d_SAI_minus_target,SEAF,S.Eastern-Africa,0.8642924222365885
UKESM1-1,fwi_fs,d_SAI_minus_target,WSAF,W.Southern-Africa,-1.0150255336003569
UKESM1-1,fwi_fs,d_SAI_minus_target,ESAF,E.Southern-Africa,-1.4551614728401803
UKESM1-1,fwi_fs,d_SAI_minus_target,MDG,Madagascar,-1.5920550040008725
UKESM1-1,fwi_fs,d_SAI_minus_target,RAR,Russian-Arctic,0.03273808316789675
UKESM1-1,fwi_fs,d_SAI_minus_target,WSB,W.Siberia,-1.6271755419037996
UKESM1-1,fwi_fs,d_SAI_minus_target,ESB,E.Siberia,-0.727115448610867
UKESM1-1,fwi_fs,d_SAI_minus_target,RFE,Russian-Far-East,-0.20657832980177407
UKESM1-1,fwi_fs,d_SAI_minus_target,WCA,W.C.Asia,-2.6333622459452006
UKESM1-1,fwi_fs,d_SAI_minus_target,ECA,E.C.Asia,-1.9143599349556997
UKESM1-1,fwi_fs,d_SAI_minus_target,TIB,Tibetan-Plateau,-0.7341221875124084
UKESM1-1,fwi_fs,d_SAI_minus_target,EAS,E.Asia,-0.09729534078213244
UKESM1-1,fwi_fs,d_SAI_minus_target,ARP,Arabian-Peninsula,-0.8959978511000226
UKESM1-1,fwi_fs,d_SAI_minus_target,SAS,S.Asia,-0.5924817921014096
UKESM1-1,fwi_fs,d_SAI_minus_target,SEA,S.E.Asia,0.16852309294424397
UKESM1-1,fwi_fs,d_SAI_minus_target,NAU,N.Australia,-2.6292802700004203
UKESM1-1,fwi_fs,d_SAI_minus_target,CAU,C.Australia,-3.7070565943565246
UKESM1-1,fwi_fs,d_SAI_minus_target,EAU,E.Australia,-4.075095307488837
UKESM1-1,fwi_fs,d_SAI_minus_target,SAU,S.Australia,-1.606912330626138
UKESM1-1,fwi_fs,d_SAI_minus_target,NZ,New-Zealand,0.2535556840207489
UKESM1-1,fwi_fs,d_SAI_minus_target,EAN,E.Antarctica,
UKESM1-1,fwi_fs,d_SAI_minus_target,WAN,W.Antarctica,
UKESM1-1,fwi_fs,d_HiLLA_minus_target,GIC,Greenland/Iceland,
UKESM1-1,fwi_fs,d_HiLLA_minus_target,NWN,N.W.North-America,-0.5177770377169019
UKESM1-1,fwi_fs,d_HiLLA_minus_target,NEN,N.E.North-America,-0.3034820475693573
UKESM1-1,fwi_fs,d_HiLLA_minus_target,WNA,W.North-America,0.10795288039330206
UKESM1-1,fwi_fs,d_HiLLA_minus_target,CNA,C.North-America,-0.764799324307404
UKESM1-1,fwi_fs,d_HiLLA_minus_target,ENA,E.North-America,0.15161098467516038
UKESM1-1,fwi_fs,d_HiLLA_minus_target,NCA,N.Central-America,0.9628889296920561
UKESM1-1,fwi_fs,d_HiLLA_minus_target,SCA,S.Central-America,0.11092272001001374
UKESM1-1,fwi_fs,d_HiLLA_minus_target,CAR,Caribbean,-0.30680168341513986
UKESM1-1,fwi_fs,d_HiLLA_minus_target,NWS,N.W.South-America,0.5112102710495195
UKESM1-1,fwi_fs,d_HiLLA_minus_target,NSA,N.South-America,-0.4501265552647307
UKESM1-1,fwi_fs,d_HiLLA_minus_target,NES,N.E.South-America,-1.2202776624917855
UKESM1-1,fwi_fs,d_HiLLA_minus_target,SAM,South-American-Monsoon,-0.2535825710390028
UKESM1-1,fwi_fs,d_HiLLA_minus_target,SWS,S.W.South-America,-0.4498800621041697
UKESM1-1,fwi_fs,d_HiLLA_minus_target,SES,S.E.South-America,-0.36510104464662735
UKESM1-1,fwi_fs,d_HiLLA_minus_target,SSA,S.South-America,-0.12330335119371207
UKESM1-1,fwi_fs,d_HiLLA_minus_target,NEU,N.Europe,-0.16090923421403336
UKESM1-1,fwi_fs,d_HiLLA_minus_target,WCE,West&Central-Europe,-2.216136543789188
UKESM1-1,fwi_fs,d_HiLLA_minus_target,EEU,E.Europe,-1.0661073016587106
UKESM1-1,fwi_fs,d_HiLLA_minus_target,MED,Mediterranean,-0.9367711407791833
UKESM1-1,fwi_fs,d_HiLLA_minus_target,SAH,Sahara,0.5142721126072691
UKESM1-1,fwi_fs,d_HiLLA_minus_target,WAF,Western-Africa,1.1282564998430926
UKESM1-1,fwi_fs,d_HiLLA_minus_target,CAF,Central-Africa,2.024122762053359
UKESM1-1,fwi_fs,d_HiLLA_minus_target,NEAF,N.Eastern-Africa,1.214849824754104
UKESM1-1,fwi_fs,d_HiLLA_minus_target,SEAF,S.Eastern-Africa,1.7443502664327926
UKESM1-1,fwi_fs,d_HiLLA_minus_target,WSAF,W.Southern-Africa,0.6371334420911705
UKESM1-1,fwi_fs,d_HiLLA_minus_target,ESAF,E.Southern-Africa,0.7814254272503589
UKESM1-1,fwi_fs,d_HiLLA_minus_target,MDG,Madagascar,-0.3008423760116382
UKESM1-1,fwi_fs,d_HiLLA_minus_target,RAR,Russian-Arctic,-0.035024934553122784
UKESM1-1,fwi_fs,d_HiLLA_minus_target,WSB,W.Siberia,-0.44386111148679086
UKESM1-1,fwi_fs,d_HiLLA_minus_target,ESB,E.Siberia,-0.22728267136113856
UKESM1-1,fwi_fs,d_HiLLA_minus_target,RFE,Russian-Far-East,0.11939248521085458
UKESM1-1,fwi_fs,d_HiLLA_minus_target,WCA,W.C.Asia,-0.5409503757991513
UKESM1-1,fwi_fs,d_HiLLA_minus_target,ECA,E.C.Asia,-0.1550751929696679
UKESM1-1,fwi_fs,d_HiLLA_minus_target,TIB,Tibetan-Plateau,0.896061190403649
UKESM1-1,fwi_fs,d_HiLLA_minus_target,EAS,E.Asia,1.15535188226472
UKESM1-1,fwi_fs,d_HiLLA_minus_target,ARP,Arabian-Peninsula,0.32042540672534453
UKESM1-1,fwi_fs,d_HiLLA_minus_target,SAS,S.Asia,0.7963430581802413
UKESM1-1,fwi_fs,d_HiLLA_minus_target,SEA,S.E.Asia,-0.16112414636907743
UKESM1-1,fwi_fs,d_HiLLA_minus_target,NAU,N.Australia,-2.2425324483854814
UKESM1-1,fwi_fs,d_HiLLA_minus_target,CAU,C.Australia,-3.4297621415782182
UKESM1-1,fwi_fs,d_HiLLA_minus_target,EAU,E.Australia,-4.000540264960822
UKESM1-1,fwi_fs,d_HiLLA_minus_target,SAU,S.Australia,-0.7502911023481503
UKESM1-1,fwi_fs,d_HiLLA_minus_target,NZ,New-Zealand,0.335865779430281
UKESM1-1,fwi_fs,d_HiLLA_minus_target,EAN,E.Antarctica,
UKESM1-1,fwi_fs,d_HiLLA_minus_target,WAN,W.Antarctica,
UKESM1-1,spell_max,target,GIC,Greenland/Iceland,
UKESM1-1,spell_max,target,NWN,N.W.North-America,7.16687429557455
UKESM1-1,spell_max,target,NEN,N.E.North-America,6.517463439471727
UKESM1-1,spell_max,target,WNA,W.North-America,7.654305885407692
UKESM1-1,spell_max,target,CNA,C.North-America,6.284783109452193
UKESM1-1,spell_max,target,ENA,E.North-America,6.13398081063072
UKESM1-1,spell_max,target,NCA,N.Central-America,6.916260539989394
UKESM1-1,spell_max,target,SCA,S.Central-America,7.481629468246699
UKESM1-1,spell_max,target,CAR,Caribbean,5.365273340803526
UKESM1-1,spell_max,target,NWS,N.W.South-America,9.160755087071461
UKESM1-1,spell_max,target,NSA,N.South-America,8.901098506557851
UKESM1-1,spell_max,target,NES,N.E.South-America,8.96356899476376
UKESM1-1,spell_max,target,SAM,South-American-Monsoon,8.628383201577785
UKESM1-1,spell_max,target,SWS,S.W.South-America,5.967976642075781
UKESM1-1,spell_max,target,SES,S.E.South-America,6.421678232150832
UKESM1-1,spell_max,target,SSA,S.South-America,4.541183271797617
UKESM1-1,spell_max,target,NEU,N.Europe,6.926907152281404
UKESM1-1,spell_max,target,WCE,West&Central-Europe,6.595176226378754
UKESM1-1,spell_max,target,EEU,E.Europe,5.877667515279687
UKESM1-1,spell_max,target,MED,Mediterranean,5.663871495103331
UKESM1-1,spell_max,target,SAH,Sahara,4.291911958987285
UKESM1-1,spell_max,target,WAF,Western-Africa,6.503274478608143
UKESM1-1,spell_max,target,CAF,Central-Africa,8.25538173371167
UKESM1-1,spell_max,target,NEAF,N.Eastern-Africa,6.617010443104674
UKESM1-1,spell_max,target,SEAF,S.Eastern-Africa,7.850594845540574
UKESM1-1,spell_max,target,WSAF,W.Southern-Africa,5.928805901437523
UKESM1-1,spell_max,target,ESAF,E.Southern-Africa,7.362745585382923
UKESM1-1,spell_max,target,MDG,Madagascar,7.593863755486542
UKESM1-1,spell_max,target,RAR,Russian-Arctic,8.207338932870517
UKESM1-1,spell_max,target,WSB,W.Siberia,5.683536066639668
UKESM1-1,spell_max,target,ESB,E.Siberia,6.570059915887602
UKESM1-1,spell_max,target,RFE,Russian-Far-East,7.602786877359776
UKESM1-1,spell_max,target,WCA,W.C.Asia,5.51800570171795
UKESM1-1,spell_max,target,ECA,E.C.Asia,4.585238133206541
UKESM1-1,spell_max,target,TIB,Tibetan-Plateau,7.94176812994265
UKESM1-1,spell_max,target,EAS,E.Asia,7.363677050231362
UKESM1-1,spell_max,target,ARP,Arabian-Peninsula,4.230127776877711
UKESM1-1,spell_max,target,SAS,S.Asia,7.066160681318469
UKESM1-1,spell_max,target,SEA,S.E.Asia,8.607279969958975
UKESM1-1,spell_max,target,NAU,N.Australia,4.593498592493195
UKESM1-1,spell_max,target,CAU,C.Australia,3.615432466170661
UKESM1-1,spell_max,target,EAU,E.Australia,4.317146797576585
UKESM1-1,spell_max,target,SAU,S.Australia,3.7669185497458297
UKESM1-1,spell_max,target,NZ,New-Zealand,5.677900742968545
UKESM1-1,spell_max,target,EAN,E.Antarctica,
UKESM1-1,spell_max,target,WAN,W.Antarctica,
UKESM1-1,spell_max,ssp245,GIC,Greenland/Iceland,
UKESM1-1,spell_max,ssp245,NWN,N.W.North-America,11.48612200522476
UKESM1-1,spell_max,ssp245,NEN,N.E.North-America,10.779155947062996
UKESM1-1,spell_max,ssp245,WNA,W.North-America,9.54253263140076
UKESM1-1,spell_max,ssp245,CNA,C.North-America,7.902314911976605
UKESM1-1,spell_max,ssp245,ENA,E.North-America,7.643214331903543
UKESM1-1,spell_max,ssp245,NCA,N.Central-America,9.651051097956502
UKESM1-1,spell_max,ssp245,SCA,S.Central-America,14.866709919772338
UKESM1-1,spell_max,ssp245,CAR,Caribbean,6.24821341821405
UKESM1-1,spell_max,ssp245,NWS,N.W.South-America,12.755071077353831
UKESM1-1,spell_max,ssp245,NSA,N.South-America,19.20820973954989
UKESM1-1,spell_max,ssp245,NES,N.E.South-America,15.50930933890506
UKESM1-1,spell_max,ssp245,SAM,South-American-Monsoon,14.489247792194528
UKESM1-1,spell_max,ssp245,SWS,S.W.South-America,8.350123119061246
UKESM1-1,spell_max,ssp245,SES,S.E.South-America,7.833820170956722
UKESM1-1,spell_max,ssp245,SSA,S.South-America,5.380225587081347
UKESM1-1,spell_max,ssp245,NEU,N.Europe,9.2685556094556
UKESM1-1,spell_max,ssp245,WCE,West&Central-Europe,10.987145093865388
UKESM1-1,spell_max,ssp245,EEU,E.Europe,8.357372289602859
UKESM1-1,spell_max,ssp245,MED,Mediterranean,9.252899820271553
UKESM1-1,spell_max,ssp245,SAH,Sahara,4.516235757025599
UKESM1-1,spell_max,ssp245,WAF,Western-Africa,8.602775348528894
UKESM1-1,spell_max,ssp245,CAF,Central-Africa,13.32680373810229
UKESM1-1,spell_max,ssp245,NEAF,N.Eastern-Africa,8.059867658871614
UKESM1-1,spell_max,ssp245,SEAF,S.Eastern-Africa,12.646859016477848
UKESM1-1,spell_max,ssp245,WSAF,W.Southern-Africa,8.425835081736407
UKESM1-1,spell_max,ssp245,ESAF,E.Southern-Africa,10.513142164833896
UKESM1-1,spell_max,ssp245,MDG,Madagascar,10.66350654496871
UKESM1-1,spell_max,ssp245,RAR,Russian-Arctic,14.584558670617367
UKESM1-1,spell_max,ssp245,WSB,W.Siberia,8.634058227055348
UKESM1-1,spell_max,ssp245,ESB,E.Siberia,9.453677970536836
UKESM1-1,spell_max,ssp245,RFE,Russian-Far-East,10.000328834118273
UKESM1-1,spell_max,ssp245,WCA,W.C.Asia,6.790627471583305
UKESM1-1,spell_max,ssp245,ECA,E.C.Asia,4.801650986253093
UKESM1-1,spell_max,ssp245,TIB,Tibetan-Plateau,11.384223283379457
UKESM1-1,spell_max,ssp245,EAS,E.Asia,11.678798698551791
UKESM1-1,spell_max,ssp245,ARP,Arabian-Peninsula,5.152340897102649
UKESM1-1,spell_max,ssp245,SAS,S.Asia,10.441134421620815
UKESM1-1,spell_max,ssp245,SEA,S.E.Asia,14.710164811671364
UKESM1-1,spell_max,ssp245,NAU,N.Australia,4.642809443084704
UKESM1-1,spell_max,ssp245,CAU,C.Australia,3.9956411016818247
UKESM1-1,spell_max,ssp245,EAU,E.Australia,6.156000952268193
UKESM1-1,spell_max,ssp245,SAU,S.Australia,4.70713292977968
UKESM1-1,spell_max,ssp245,NZ,New-Zealand,7.818177854562845
UKESM1-1,spell_max,ssp245,EAN,E.Antarctica,
UKESM1-1,spell_max,ssp245,WAN,W.Antarctica,
UKESM1-1,spell_max,G6-1.5K-SAI,GIC,Greenland/Iceland,
UKESM1-1,spell_max,G6-1.5K-SAI,NWN,N.W.North-America,6.2447826660083505
UKESM1-1,spell_max,G6-1.5K-SAI,NEN,N.E.North-America,6.0575160752873956
UKESM1-1,spell_max,G6-1.5K-SAI,WNA,W.North-America,3.663817157793305
UKESM1-1,spell_max,G6-1.5K-SAI,CNA,C.North-America,3.1041734052657053
UKESM1-1,spell_max,G6-1.5K-SAI,ENA,E.North-America,3.9695945236970607
UKESM1-1,spell_max,G6-1.5K-SAI,NCA,N.Central-America,4.1231156067502965
UKESM1-1,spell_max,G6-1.5K-SAI,SCA,S.Central-America,5.542586156348972
UKESM1-1,spell_max,G6-1.5K-SAI,CAR,Caribbean,4.461863071167131
UKESM1-1,spell_max,G6-1.5K-SAI,NWS,N.W.South-America,7.1892876098091625
UKESM1-1,spell_max,G6-1.5K-SAI,NSA,N.South-America,4.951383758789327
UKESM1-1,spell_max,G6-1.5K-SAI,NES,N.E.South-America,3.6082108213557618
UKESM1-1,spell_max,G6-1.5K-SAI,SAM,South-American-Monsoon,5.716341914505843
UKESM1-1,spell_max,G6-1.5K-SAI,SWS,S.W.South-America,3.533239984674461
UKESM1-1,spell_max,G6-1.5K-SAI,SES,S.E.South-America,3.578880571467515
UKESM1-1,spell_max,G6-1.5K-SAI,SSA,S.South-America,3.6722939223893816
UKESM1-1,spell_max,G6-1.5K-SAI,NEU,N.Europe,7.019180250054825
UKESM1-1,spell_max,G6-1.5K-SAI,WCE,West&Central-Europe,3.908487895590871
UKESM1-1,spell_max,G6-1.5K-SAI,EEU,E.Europe,4.460417777196816
UKESM1-1,spell_max,G6-1.5K-SAI,MED,Mediterranean,3.851959893904774
UKESM1-1,spell_max,G6-1.5K-SAI,SAH,Sahara,3.9620117694535417
UKESM1-1,spell_max,G6-1.5K-SAI,WAF,Western-Africa,6.138016958851879
UKESM1-1,spell_max,G6-1.5K-SAI,CAF,Central-Africa,8.265565718199374
UKESM1-1,spell_max,G6-1.5K-SAI,NEAF,N.Eastern-Africa,5.868990288232153
UKESM1-1,spell_max,G6-1.5K-SAI,SEAF,S.Eastern-Africa,7.344171577232831
UKESM1-1,spell_max,G6-1.5K-SAI,WSAF,W.Southern-Africa,4.744109080245437
UKESM1-1,spell_max,G6-1.5K-SAI,ESAF,E.Southern-Africa,4.434880515683611
UKESM1-1,spell_max,G6-1.5K-SAI,MDG,Madagascar,4.6873106975699095
UKESM1-1,spell_max,G6-1.5K-SAI,RAR,Russian-Arctic,7.760327127585696
UKESM1-1,spell_max,G6-1.5K-SAI,WSB,W.Siberia,3.824370262477697
UKESM1-1,spell_max,G6-1.5K-SAI,ESB,E.Siberia,5.045540344713964
UKESM1-1,spell_max,G6-1.5K-SAI,RFE,Russian-Far-East,6.553080274564357
UKESM1-1,spell_max,G6-1.5K-SAI,WCA,W.C.Asia,3.651961148080586
UKESM1-1,spell_max,G6-1.5K-SAI,ECA,E.C.Asia,2.6586565358235816
UKESM1-1,spell_max,G6-1.5K-SAI,TIB,Tibetan-Plateau,5.389720150350159
UKESM1-1,spell_max,G6-1.5K-SAI,EAS,E.Asia,5.611294363856225
UKESM1-1,spell_max,G6-1.5K-SAI,ARP,Arabian-Peninsula,3.7622903885307237
UKESM1-1,spell_max,G6-1.5K-SAI,SAS,S.Asia,6.708218917689348
UKESM1-1,spell_max,G6-1.5K-SAI,SEA,S.E.Asia,6.626848035748335
UKESM1-1,spell_max,G6-1.5K-SAI,NAU,N.Australia,3.885484964994635
UKESM1-1,spell_max,G6-1.5K-SAI,CAU,C.Australia,2.881660342291044
UKESM1-1,spell_max,G6-1.5K-SAI,EAU,E.Australia,2.58826263141268
UKESM1-1,spell_max,G6-1.5K-SAI,SAU,S.Australia,2.9519001655789725
UKESM1-1,spell_max,G6-1.5K-SAI,NZ,New-Zealand,6.161070179010922
UKESM1-1,spell_max,G6-1.5K-SAI,EAN,E.Antarctica,
UKESM1-1,spell_max,G6-1.5K-SAI,WAN,W.Antarctica,
UKESM1-1,spell_max,G6-1.5K-HiLLA,GIC,Greenland/Iceland,
UKESM1-1,spell_max,G6-1.5K-HiLLA,NWN,N.W.North-America,7.048877742094271
UKESM1-1,spell_max,G6-1.5K-HiLLA,NEN,N.E.North-America,6.620000339090185
UKESM1-1,spell_max,G6-1.5K-HiLLA,WNA,W.North-America,6.741374792691535
UKESM1-1,spell_max,G6-1.5K-HiLLA,CNA,C.North-America,5.837570203797741
UKESM1-1,spell_max,G6-1.5K-HiLLA,ENA,E.North-America,6.6017792040211285
UKESM1-1,spell_max,G6-1.5K-HiLLA,NCA,N.Central-America,7.263153327754454
UKESM1-1,spell_max,G6-1.5K-HiLLA,SCA,S.Central-America,7.654418718100671
UKESM1-1,spell_max,G6-1.5K-HiLLA,CAR,Caribbean,4.972736175352805
UKESM1-1,spell_max,G6-1.5K-HiLLA,NWS,N.W.South-America,11.003174398689717
UKESM1-1,spell_max,G6-1.5K-HiLLA,NSA,N.South-America,8.906904559899743
UKESM1-1,spell_max,G6-1.5K-HiLLA,NES,N.E.South-America,7.193128565296857
UKESM1-1,spell_max,G6-1.5K-HiLLA,SAM,South-American-Monsoon,8.86833997251468
UKESM1-1,spell_max,G6-1.5K-HiLLA,SWS,S.W.South-America,5.3859201663248255
UKESM1-1,spell_max,G6-1.5K-HiLLA,SES,S.E.South-America,6.31194644813466
UKESM1-1,spell_max,G6-1.5K-HiLLA,SSA,S.South-America,4.257567126363876
UKESM1-1,spell_max,G6-1.5K-HiLLA,NEU,N.Europe,6.904376426645113
UKESM1-1,spell_max,G6-1.5K-HiLLA,WCE,West&Central-Europe,4.760803891209777
UKESM1-1,spell_max,G6-1.5K-HiLLA,EEU,E.Europe,5.647772046174439
UKESM1-1,spell_max,G6-1.5K-HiLLA,MED,Mediterranean,4.873430865210857
UKESM1-1,spell_max,G6-1.5K-HiLLA,SAH,Sahara,4.435608347990422
UKESM1-1,spell_max,G6-1.5K-HiLLA,WAF,Western-Africa,7.321424058509784
UKESM1-1,spell_max,G6-1.5K-HiLLA,CAF,Central-Africa,11.098968716840453
UKESM1-1,spell_max,G6-1.5K-HiLLA,NEAF,N.Eastern-Africa,7.831149081031366
UKESM1-1,spell_max,G6-1.5K-HiLLA,SEAF,S.Eastern-Africa,10.19116608180864
UKESM1-1,spell_max,G6-1.5K-HiLLA,WSAF,W.Southern-Africa,6.519124736950646
UKESM1-1,spell_max,G6-1.5K-HiLLA,ESAF,E.Southern-Africa,7.932173302023931
UKESM1-1,spell_max,G6-1.5K-HiLLA,MDG,Madagascar,7.542497712125793
UKESM1-1,spell_max,G6-1.5K-HiLLA,RAR,Russian-Arctic,8.192047377694335
UKESM1-1,spell_max,G6-1.5K-HiLLA,WSB,W.Siberia,5.5206416077824265
UKESM1-1,spell_max,G6-1.5K-HiLLA,ESB,E.Siberia,6.306901086972305
UKESM1-1,spell_max,G6-1.5K-HiLLA,RFE,Russian-Far-East,8.404236694969656
UKESM1-1,spell_max,G6-1.5K-HiLLA,WCA,W.C.Asia,5.170865407969273
UKESM1-1,spell_max,G6-1.5K-HiLLA,ECA,E.C.Asia,4.061130229813414
UKESM1-1,spell_max,G6-1.5K-HiLLA,TIB,Tibetan-Plateau,10.341789990790124
UKESM1-1,spell_max,G6-1.5K-HiLLA,EAS,E.Asia,9.25191869129477
UKESM1-1,spell_max,G6-1.5K-HiLLA,ARP,Arabian-Peninsula,4.316144243224569
UKESM1-1,spell_max,G6-1.5K-HiLLA,SAS,S.Asia,8.550768447011624
UKESM1-1,spell_max,G6-1.5K-HiLLA,SEA,S.E.Asia,8.264284501912474
UKESM1-1,spell_max,G6-1.5K-HiLLA,NAU,N.Australia,4.081961738667433
UKESM1-1,spell_max,G6-1.5K-HiLLA,CAU,C.Australia,3.2748704441781396
UKESM1-1,spell_max,G6-1.5K-HiLLA,EAU,E.Australia,3.757596491518243
UKESM1-1,spell_max,G6-1.5K-HiLLA,SAU,S.Australia,3.6108104779236108
UKESM1-1,spell_max,G6-1.5K-HiLLA,NZ,New-Zealand,6.376192094253084
UKESM1-1,spell_max,G6-1.5K-HiLLA,EAN,E.Antarctica,
UKESM1-1,spell_max,G6-1.5K-HiLLA,WAN,W.Antarctica,
UKESM1-1,spell_max,d_ssp245_minus_target,GIC,Greenland/Iceland,
UKESM1-1,spell_max,d_ssp245_minus_target,NWN,N.W.North-America,4.319247709650211
UKESM1-1,spell_max,d_ssp245_minus_target,NEN,N.E.North-America,4.261692507591271
UKESM1-1,spell_max,d_ssp245_minus_target,WNA,W.North-America,1.8882267459930713
UKESM1-1,spell_max,d_ssp245_minus_target,CNA,C.North-America,1.617531802524409
UKESM1-1,spell_max,d_ssp245_minus_target,ENA,E.North-America,1.5092335212728198
UKESM1-1,spell_max,d_ssp245_minus_target,NCA,N.Central-America,2.734790557967109
UKESM1-1,spell_max,d_ssp245_minus_target,SCA,S.Central-America,7.385080451525636
UKESM1-1,spell_max,d_ssp245_minus_target,CAR,Caribbean,0.8829400774105227
UKESM1-1,spell_max,d_ssp245_minus_target,NWS,N.W.South-America,3.5943159902823725
UKESM1-1,spell_max,d_ssp245_minus_target,NSA,N.South-America,10.307111232992037
UKESM1-1,spell_max,d_ssp245_minus_target,NES,N.E.South-America,6.545740344141302
UKESM1-1,spell_max,d_ssp245_minus_target,SAM,South-American-Monsoon,5.860864590616743
UKESM1-1,spell_max,d_ssp245_minus_target,SWS,S.W.South-America,2.3821464769854663
UKESM1-1,spell_max,d_ssp245_minus_target,SES,S.E.South-America,1.41214193880589
UKESM1-1,spell_max,d_ssp245_minus_target,SSA,S.South-America,0.8390423152837323
UKESM1-1,spell_max,d_ssp245_minus_target,NEU,N.Europe,2.3416484571741933
UKESM1-1,spell_max,d_ssp245_minus_target,WCE,West&Central-Europe,4.391968867486633
UKESM1-1,spell_max,d_ssp245_minus_target,EEU,E.Europe,2.479704774323171
UKESM1-1,spell_max,d_ssp245_minus_target,MED,Mediterranean,3.589028325168224
UKESM1-1,spell_max,d_ssp245_minus_target,SAH,Sahara,0.22432379803831426
UKESM1-1,spell_max,d_ssp245_minus_target,WAF,Western-Africa,2.099500869920754
UKESM1-1,spell_max,d_ssp245_minus_target,CAF,Central-Africa,5.071422004390613
UKESM1-1,spell_max,d_ssp245_minus_target,NEAF,N.Eastern-Africa,1.4428572157669373
UKESM1-1,spell_max,d_ssp245_minus_target,SEAF,S.Eastern-Africa,4.796264170937273
UKESM1-1,spell_max,d_ssp245_minus_target,WSAF,W.Southern-Africa,2.497029180298885
UKESM1-1,spell_max,d_ssp245_minus_target,ESAF,E.Southern-Africa,3.150396579450976
UKESM1-1,spell_max,d_ssp245_minus_target,MDG,Madagascar,3.069642789482169
UKESM1-1,spell_max,d_ssp245_minus_target,RAR,Russian-Arctic,6.377219737746847
UKESM1-1,spell_max,d_ssp245_minus_target,WSB,W.Siberia,2.950522160415678
UKESM1-1,spell_max,d_ssp245_minus_target,ESB,E.Siberia,2.8836180546492383
UKESM1-1,spell_max,d_ssp245_minus_target,RFE,Russian-Far-East,2.397541956758495
UKESM1-1,spell_max,d_ssp245_minus_target,WCA,W.C.Asia,1.2726217698653555
UKESM1-1,spell_max,d_ssp245_minus_target,ECA,E.C.Asia,0.21641285304655197
UKESM1-1,spell_max,d_ssp245_minus_target,TIB,Tibetan-Plateau,3.4424551534368066
UKESM1-1,spell_max,d_ssp245_minus_target,EAS,E.Asia,4.31512164832043
UKESM1-1,spell_max,d_ssp245_minus_target,ARP,Arabian-Peninsula,0.9222131202249392
UKESM1-1,spell_max,d_ssp245_minus_target,SAS,S.Asia,3.374973740302349
UKESM1-1,spell_max,d_ssp245_minus_target,SEA,S.E.Asia,6.102884841712388
UKESM1-1,spell_max,d_ssp245_minus_target,NAU,N.Australia,0.049310850591507284
UKESM1-1,spell_max,d_ssp245_minus_target,CAU,C.Australia,0.3802086355111629
UKESM1-1,spell_max,d_ssp245_minus_target,EAU,E.Australia,1.8388541546916077
UKESM1-1,spell_max,d_ssp245_minus_target,SAU,S.Australia,0.9402143800338488
UKESM1-1,spell_max,d_ssp245_minus_target,NZ,New-Zealand,2.1402771115943007
UKESM1-1,spell_max,d_ssp245_minus_target,EAN,E.Antarctica,
UKESM1-1,spell_max,d_ssp245_minus_target,WAN,W.Antarctica,
UKESM1-1,spell_max,d_SAI_minus_ssp245,GIC,Greenland/Iceland,
UKESM1-1,spell_max,d_SAI_minus_ssp245,NWN,N.W.North-America,-5.241339339216407
UKESM1-1,spell_max,d_SAI_minus_ssp245,NEN,N.E.North-America,-4.721639871775598
UKESM1-1,spell_max,d_SAI_minus_ssp245,WNA,W.North-America,-5.878715473607457
UKESM1-1,spell_max,d_SAI_minus_ssp245,CNA,C.North-America,-4.798141506710898
UKESM1-1,spell_max,d_SAI_minus_ssp245,ENA,E.North-America,-3.6736198082064835
UKESM1-1,spell_max,d_SAI_minus_ssp245,NCA,N.Central-America,-5.527935491206207
UKESM1-1,spell_max,d_SAI_minus_ssp245,SCA,S.Central-America,-9.324123763423362
UKESM1-1,spell_max,d_SAI_minus_ssp245,CAR,Caribbean,-1.7863503470469169
UKESM1-1,spell_max,d_SAI_minus_ssp245,NWS,N.W.South-America,-5.565783467544669
UKESM1-1,spell_max,d_SAI_minus_ssp245,NSA,N.South-America,-14.256825980760558
UKESM1-1,spell_max,d_SAI_minus_ssp245,NES,N.E.South-America,-11.9010985175493
UKESM1-1,spell_max,d_SAI_minus_ssp245,SAM,South-American-Monsoon,-8.772905877688688
UKESM1-1,spell_max,d_SAI_minus_ssp245,SWS,S.W.South-America,-4.816883134386786
UKESM1-1,spell_max,d_SAI_minus_ssp245,SES,S.E.South-America,-4.25493959948921
UKESM1-1,spell_max,d_SAI_minus_ssp245,SSA,S.South-America,-1.7079316646919664
UKESM1-1,spell_max,d_SAI_minus_ssp245,NEU,N.Europe,-2.2493753594007733
UKESM1-1,spell_max,d_SAI_minus_ssp245,WCE,West&Central-Europe,-7.07865719827452
UKESM1-1,spell_max,d_SAI_minus_ssp245,EEU,E.Europe,-3.8969545124060416
UKESM1-1,spell_max,d_SAI_minus_ssp245,MED,Mediterranean,-5.40093992636678
UKESM1-1,spell_max,d_SAI_minus_ssp245,SAH,Sahara,-0.5542239875720589
UKESM1-1,spell_max,d_SAI_minus_ssp245,WAF,Western-Africa,-2.464758389677016
UKESM1-1,spell_max,d_SAI_minus_ssp245,CAF,Central-Africa,-5.061238019902908
UKESM1-1,spell_max,d_SAI_minus_ssp245,NEAF,N.Eastern-Africa,-2.1908773706394604
UKESM1-1,spell_max,d_SAI_minus_ssp245,SEAF,S.Eastern-Africa,-5.302687439245017
UKESM1-1,spell_max,d_SAI_minus_ssp245,WSAF,W.Southern-Africa,-3.6817260014909734
UKESM1-1,spell_max,d_SAI_minus_ssp245,ESAF,E.Southern-Africa,-6.078261649150286
UKESM1-1,spell_max,d_SAI_minus_ssp245,MDG,Madagascar,-5.976195847398801
UKESM1-1,spell_max,d_SAI_minus_ssp245,RAR,Russian-Arctic,-6.82423154303167
UKESM1-1,spell_max,d_SAI_minus_ssp245,WSB,W.Siberia,-4.8096879645776465
UKESM1-1,spell_max,d_SAI_minus_ssp245,ESB,E.Siberia,-4.408137625822873
UKESM1-1,spell_max,d_SAI_minus_ssp245,RFE,Russian-Far-East,-3.447248559553914
UKESM1-1,spell_max,d_SAI_minus_ssp245,WCA,W.C.Asia,-3.1386663235027195
UKESM1-1,spell_max,d_SAI_minus_ssp245,ECA,E.C.Asia,-2.1429944504295126
UKESM1-1,spell_max,d_SAI_minus_ssp245,TIB,Tibetan-Plateau,-5.994503133029302
UKESM1-1,spell_max,d_SAI_minus_ssp245,EAS,E.Asia,-6.067504334695567
UKESM1-1,spell_max,d_SAI_minus_ssp245,ARP,Arabian-Peninsula,-1.3900505085719268
UKESM1-1,spell_max,d_SAI_minus_ssp245,SAS,S.Asia,-3.7329155039314705
UKESM1-1,spell_max,d_SAI_minus_ssp245,SEA,S.E.Asia,-8.083316775923029
UKESM1-1,spell_max,d_SAI_minus_ssp245,NAU,N.Australia,-0.7573244780900681
UKESM1-1,spell_max,d_SAI_minus_ssp245,CAU,C.Australia,-1.1139807593907802
UKESM1-1,spell_max,d_SAI_minus_ssp245,EAU,E.Australia,-3.5677383208555122
UKESM1-1,spell_max,d_SAI_minus_ssp245,SAU,S.Australia,-1.7552327642007057
UKESM1-1,spell_max,d_SAI_minus_ssp245,NZ,New-Zealand,-1.6571076755519227
UKESM1-1,spell_max,d_SAI_minus_ssp245,EAN,E.Antarctica,
UKESM1-1,spell_max,d_SAI_minus_ssp245,WAN,W.Antarctica,
UKESM1-1,spell_max,d_HiLLA_minus_ssp245,GIC,Greenland/Iceland,
UKESM1-1,spell_max,d_HiLLA_minus_ssp245,NWN,N.W.North-America,-4.437244263130487
UKESM1-1,spell_max,d_HiLLA_minus_ssp245,NEN,N.E.North-America,-4.159155607972807
UKESM1-1,spell_max,d_HiLLA_minus_ssp245,WNA,W.North-America,-2.801157838709227
UKESM1-1,spell_max,d_HiLLA_minus_ssp245,CNA,C.North-America,-2.064744708178864
UKESM1-1,spell_max,d_HiLLA_minus_ssp245,ENA,E.North-America,-1.0414351278824165
UKESM1-1,spell_max,d_HiLLA_minus_ssp245,NCA,N.Central-America,-2.38789777020205
UKESM1-1,spell_max,d_HiLLA_minus_ssp245,SCA,S.Central-America,-7.212291201671666
UKESM1-1,spell_max,d_HiLLA_minus_ssp245,CAR,Caribbean,-1.275477242861243
UKESM1-1,spell_max,d_HiLLA_minus_ssp245,NWS,N.W.South-America,-1.7518966786641152
UKESM1-1,spell_max,d_HiLLA_minus_ssp245,NSA,N.South-America,-10.301305179650145
UKESM1-1,spell_max,d_HiLLA_minus_ssp245,NES,N.E.South-America,-8.316180773608204
UKESM1-1,spell_max,d_HiLLA_minus_ssp245,SAM,South-American-Monsoon,-5.620907819679852
UKESM1-1,spell_max,d_HiLLA_minus_ssp245,SWS,S.W.South-America,-2.964202952736422
UKESM1-1,spell_max,d_HiLLA_minus_ssp245,SES,S.E.South-America,-1.5218737228220611
UKESM1-1,spell_max,d_HiLLA_minus_ssp245,SSA,S.South-America,-1.1226584607174726
UKESM1-1,spell_max,d_HiLLA_minus_ssp245,NEU,N.Europe,-2.364179182810485
UKESM1-1,spell_max,d_HiLLA_minus_ssp245,WCE,West&Central-Europe,-6.226341202655613
UKESM1-1,spell_max,d_HiLLA_minus_ssp245,EEU,E.Europe,-2.70960024342842
UKESM1-1,spell_max,d_HiLLA_minus_ssp245,MED,Mediterranean,-4.379468955060698
UKESM1-1,spell_max,d_HiLLA_minus_ssp245,SAH,Sahara,-0.08062740903518005
UKESM1-1,spell_max,d_HiLLA_minus_ssp245,WAF,Western-Africa,-1.2813512900191115
UKESM1-1,spell_max,d_HiLLA_minus_ssp245,CAF,Central-Africa,-2.227835021261831
UKESM1-1,spell_max,d_HiLLA_minus_ssp245,NEAF,N.Eastern-Africa,-0.2287185778402485
UKESM1-1,spell_max,d_HiLLA_minus_ssp245,SEAF,S.Eastern-Africa,-2.4556929346692074
UKESM1-1,spell_max,d_HiLLA_minus_ssp245,WSAF,W.Southern-Africa,-1.906710344785763
UKESM1-1,spell_max,d_HiLLA_minus_ssp245,ESAF,E.Southern-Africa,-2.5809688628099665
UKESM1-1,spell_max,d_HiLLA_minus_ssp245,MDG,Madagascar,-3.1210088328429166
UKESM1-1,spell_max,d_HiLLA_minus_ssp245,RAR,Russian-Arctic,-6.392511292923026
UKESM1-1,spell_max,d_HiLLA_minus_ssp245,WSB,W.Siberia,-3.113416619272916
UKESM1-1,spell_max,d_HiLLA_minus_ssp245,ESB,E.Siberia,-3.1467768835645327
UKESM1-1,spell_max,d_HiLLA_minus_ssp245,RFE,Russian-Far-East,-1.5960921391486158
UKESM1-1,spell_max,d_HiLLA_minus_ssp245,WCA,W.C.Asia,-1.619762063614031
UKESM1-1,spell_max,d_HiLLA_minus_ssp245,ECA,E.C.Asia,-0.7405207564396787
UKESM1-1,spell_max,d_HiLLA_minus_ssp245,TIB,Tibetan-Plateau,-1.0424332925893351
UKESM1-1,spell_max,d_HiLLA_minus_ssp245,EAS,E.Asia,-2.4268800072570187
UKESM1-1,spell_max,d_HiLLA_minus_ssp245,ARP,Arabian-Peninsula,-0.8361966538780804
UKESM1-1,spell_max,d_HiLLA_minus_ssp245,SAS,S.Asia,-1.890365974609195
UKESM1-1,spell_max,d_HiLLA_minus_ssp245,SEA,S.E.Asia,-6.445880309758886
UKESM1-1,spell_max,d_HiLLA_minus_ssp245,NAU,N.Australia,-0.5608477044172704
UKESM1-1,spell_max,d_HiLLA_minus_ssp245,CAU,C.Australia,-0.7207706575036854
UKESM1-1,spell_max,d_HiLLA_minus_ssp245,EAU,E.Australia,-2.3984044607499495
UKESM1-1,spell_max,d_HiLLA_minus_ssp245,SAU,S.Australia,-1.096322451856067
UKESM1-1,spell_max,d_HiLLA_minus_ssp245,NZ,New-Zealand,-1.4419857603097606
UKESM1-1,spell_max,d_HiLLA_minus_ssp245,EAN,E.Antarctica,
UKESM1-1,spell_max,d_HiLLA_minus_ssp245,WAN,W.Antarctica,
UKESM1-1,spell_max,d_HiLLA_minus_SAI,GIC,Greenland/Iceland,
UKESM1-1,spell_max,d_HiLLA_minus_SAI,NWN,N.W.North-America,0.8040950760859199
UKESM1-1,spell_max,d_HiLLA_minus_SAI,NEN,N.E.North-America,0.5624842638027924
UKESM1-1,spell_max,d_HiLLA_minus_SAI,WNA,W.North-America,3.07755763489823
UKESM1-1,spell_max,d_HiLLA_minus_SAI,CNA,C.North-America,2.733396798532035
UKESM1-1,spell_max,d_HiLLA_minus_SAI,ENA,E.North-America,2.632184680324065
UKESM1-1,spell_max,d_HiLLA_minus_SAI,NCA,N.Central-America,3.1400377210041555
UKESM1-1,spell_max,d_HiLLA_minus_SAI,SCA,S.Central-America,2.1118325617516986
UKESM1-1,spell_max,d_HiLLA_minus_SAI,CAR,Caribbean,0.5108731041856734
UKESM1-1,spell_max,d_HiLLA_minus_SAI,NWS,N.W.South-America,3.813886788880554
UKESM1-1,spell_max,d_HiLLA_minus_SAI,NSA,N.South-America,3.9555208011104166
UKESM1-1,spell_max,d_HiLLA_minus_SAI,NES,N.E.South-America,3.5849177439410953
UKESM1-1,spell_max,d_HiLLA_minus_SAI,SAM,South-American-Monsoon,3.1519980580088367
UKESM1-1,spell_max,d_HiLLA_minus_SAI,SWS,S.W.South-America,1.8526801816503635
UKESM1-1,spell_max,d_HiLLA_minus_SAI,SES,S.E.South-America,2.7330658766671467
UKESM1-1,spell_max,d_HiLLA_minus_SAI,SSA,S.South-America,0.585273203974494
UKESM1-1,spell_max,d_HiLLA_minus_SAI,NEU,N.Europe,-0.11480382340971311
UKESM1-1,spell_max,d_HiLLA_minus_SAI,WCE,West&Central-Europe,0.8523159956189055
UKESM1-1,spell_max,d_HiLLA_minus_SAI,EEU,E.Europe,1.1873542689776222
UKESM1-1,spell_max,d_HiLLA_minus_SAI,MED,Mediterranean,1.021470971306083
UKESM1-1,spell_max,d_HiLLA_minus_SAI,SAH,Sahara,0.47359657853687864
UKESM1-1,spell_max,d_HiLLA_minus_SAI,WAF,Western-Africa,1.1834070996579045
UKESM1-1,spell_max,d_HiLLA_minus_SAI,CAF,Central-Africa,2.833402998641077
UKESM1-1,spell_max,d_HiLLA_minus_SAI,NEAF,N.Eastern-Africa,1.962158792799212
UKESM1-1,spell_max,d_HiLLA_minus_SAI,SEAF,S.Eastern-Africa,2.8469945045758123
UKESM1-1,spell_max,d_HiLLA_minus_SAI,WSAF,W.Southern-Africa,1.7750156567052098
UKESM1-1,spell_max,d_HiLLA_minus_SAI,ESAF,E.Southern-Africa,3.4972927863403185
UKESM1-1,spell_max,d_HiLLA_minus_SAI,MDG,Madagascar,2.855187014555884
UKESM1-1,spell_max,d_HiLLA_minus_SAI,RAR,Russian-Arctic,0.4317202501086411
UKESM1-1,spell_max,d_HiLLA_minus_SAI,WSB,W.Siberia,1.696271345304732
UKESM1-1,spell_max,d_HiLLA_minus_SAI,ESB,E.Siberia,1.2613607422583393
UKESM1-1,spell_max,d_HiLLA_minus_SAI,RFE,Russian-Far-East,1.8511564204052995
UKESM1-1,spell_max,d_HiLLA_minus_SAI,WCA,W.C.Asia,1.5189042598886866
UKESM1-1,spell_max,d_HiLLA_minus_SAI,ECA,E.C.Asia,1.4024736939898337
UKESM1-1,spell_max,d_HiLLA_minus_SAI,TIB,Tibetan-Plateau,4.952069840439965
UKESM1-1,spell_max,d_HiLLA_minus_SAI,EAS,E.Asia,3.640624327438544
UKESM1-1,spell_max,d_HiLLA_minus_SAI,ARP,Arabian-Peninsula,0.5538538546938464
UKESM1-1,spell_max,d_HiLLA_minus_SAI,SAS,S.Asia,1.8425495293222744
UKESM1-1,spell_max,d_HiLLA_minus_SAI,SEA,S.E.Asia,1.63743646616414
UKESM1-1,spell_max,d_HiLLA_minus_SAI,NAU,N.Australia,0.19647677367279753
UKESM1-1,spell_max,d_HiLLA_minus_SAI,CAU,C.Australia,0.39321010188709415
UKESM1-1,spell_max,d_HiLLA_minus_SAI,EAU,E.Australia,1.1693338601055627
UKESM1-1,spell_max,d_HiLLA_minus_SAI,SAU,S.Australia,0.658910312344639
UKESM1-1,spell_max,d_HiLLA_minus_SAI,NZ,New-Zealand,0.21512191524216231
UKESM1-1,spell_max,d_HiLLA_minus_SAI,EAN,E.Antarctica,
UKESM1-1,spell_max,d_HiLLA_minus_SAI,WAN,W.Antarctica,
UKESM1-1,spell_max,d_SAI_minus_target,GIC,Greenland/Iceland,
UKESM1-1,spell_max,d_SAI_minus_target,NWN,N.W.North-America,-0.9220916295661947
UKESM1-1,spell_max,d_SAI_minus_target,NEN,N.E.North-America,-0.45994736418432997
UKESM1-1,spell_max,d_SAI_minus_target,WNA,W.North-America,-3.9904887276143857
UKESM1-1,spell_max,d_SAI_minus_target,CNA,C.North-America,-3.180609704186489
UKESM1-1,spell_max,d_SAI_minus_target,ENA,E.North-America,-2.1643862869336634
UKESM1-1,spell_max,d_SAI_minus_target,NCA,N.Central-America,-2.7931449332390974
UKESM1-1,spell_max,d_SAI_minus_target,SCA,S.Central-America,-1.9390433118977277
UKESM1-1,spell_max,d_SAI_minus_target,CAR,Caribbean,-0.903410269636394
UKESM1-1,spell_max,d_SAI_minus_target,NWS,N.W.South-America,-1.9714674772622969
UKESM1-1,spell_max,d_SAI_minus_target,NSA,N.South-America,-3.9497147477685246
UKESM1-1,spell_max,d_SAI_minus_target,NES,N.E.South-America,-5.355358173407999
UKESM1-1,spell_max,d_SAI_minus_target,SAM,South-American-Monsoon,-2.912041287071944
UKESM1-1,spell_max,d_SAI_minus_target,SWS,S.W.South-America,-2.43473665740132
UKESM1-1,spell_max,d_SAI_minus_target,SES,S.E.South-America,-2.842797660683318
UKESM1-1,spell_max,d_SAI_minus_target,SSA,S.South-America,-0.8688893494082344
UKESM1-1,spell_max,d_SAI_minus_target,NEU,N.Europe,0.09227309777342119
UKESM1-1,spell_max,d_SAI_minus_target,WCE,West&Central-Europe,-2.686688330787884
UKESM1-1,spell_max,d_SAI_minus_target,EEU,E.Europe,-1.4172497380828715
UKESM1-1,spell_max,d_SAI_minus_target,MED,Mediterranean,-1.8119116011985572
UKESM1-1,spell_max,d_SAI_minus_target,SAH,Sahara,-0.32990018953374467
UKESM1-1,spell_max,d_SAI_minus_target,WAF,Western-Africa,-0.36525751975626325
UKESM1-1,spell_max,d_SAI_minus_target,CAF,Central-Africa,0.010183984487705201
UKESM1-1,spell_max,d_SAI_minus_target,NEAF,N.Eastern-Africa,-0.748020154872523
UKESM1-1,spell_max,d_SAI_minus_target,SEAF,S.Eastern-Africa,-0.5064232683077463
UKESM1-1,spell_max,d_SAI_minus_target,WSAF,W.Southern-Africa,-1.1846968211920883
UKESM1-1,spell_max,d_SAI_minus_target,ESAF,E.Southern-Africa,-2.92786506969931
UKESM1-1,spell_max,d_SAI_minus_target,MDG,Madagascar,-2.9065530579166317
UKESM1-1,spell_max,d_SAI_minus_target,RAR,Russian-Arctic,-0.44701180528481915
UKESM1-1,spell_max,d_SAI_minus_target,WSB,W.Siberia,-1.8591658041619707
UKESM1-1,spell_max,d_SAI_minus_target,ESB,E.Siberia,-1.524519571173633
UKESM1-1,spell_max,d_SAI_minus_target,RFE,Russian-Far-East,-1.0497066027954194
UKESM1-1,spell_max,d_SAI_minus_target,WCA,W.C.Asia,-1.8660445536373622
UKESM1-1,spell_max,d_SAI_minus_target,ECA,E.C.Asia,-1.9265815973829603
UKESM1-1,spell_max,d_SAI_minus_target,TIB,Tibetan-Plateau,-2.552047979592493
UKESM1-1,spell_max,d_SAI_minus_target,EAS,E.Asia,-1.752382686375135
UKESM1-1,spell_max,d_SAI_minus_target,ARP,Arabian-Peninsula,-0.467837388346988
UKESM1-1,spell_max,d_SAI_minus_target,SAS,S.Asia,-0.35794176362912133
UKESM1-1,spell_max,d_SAI_minus_target,SEA,S.E.Asia,-1.980431934210639
UKESM1-1,spell_max,d_SAI_minus_target,NAU,N.Australia,-0.7080136274985606
UKESM1-1,spell_max,d_SAI_minus_target,CAU,C.Australia,-0.7337721238796167
UKESM1-1,spell_max,d_SAI_minus_target,EAU,E.Australia,-1.7288841661639045
UKESM1-1,spell_max,d_SAI_minus_target,SAU,S.Australia,-0.8150183841668576
UKESM1-1,spell_max,d_SAI_minus_target,NZ,New-Zealand,0.4831694360423779
UKESM1-1,spell_max,d_SAI_minus_target,EAN,E.Antarctica,
UKESM1-1,spell_max,d_SAI_minus_target,WAN,W.Antarctica,
UKESM1-1,spell_max,d_HiLLA_minus_target,GIC,Greenland/Iceland,
UKESM1-1,spell_max,d_HiLLA_minus_target,NWN,N.W.North-America,-0.11799655348027452
UKESM1-1,spell_max,d_HiLLA_minus_target,NEN,N.E.North-America,0.10253689961846177
UKESM1-1,spell_max,d_HiLLA_minus_target,WNA,W.North-America,-0.9129310927161554
UKESM1-1,spell_max,d_HiLLA_minus_target,CNA,C.North-America,-0.4472129056544545
UKESM1-1,spell_max,d_HiLLA_minus_target,ENA,E.North-America,0.46779839339040313
UKESM1-1,spell_max,d_HiLLA_minus_target,NCA,N.Central-America,0.34689278776505844
UKESM1-1,spell_max,d_HiLLA_minus_target,SCA,S.Central-America,0.17278924985397093
UKESM1-1,spell_max,d_HiLLA_minus_target,CAR,Caribbean,-0.3925371654507204
UKESM1-1,spell_max,d_HiLLA_minus_target,NWS,N.W.South-America,1.8424193116182572
UKESM1-1,spell_max,d_HiLLA_minus_target,NSA,N.South-America,0.005806053341892982
UKESM1-1,spell_max,d_HiLLA_minus_target,NES,N.E.South-America,-1.7704404294669034
UKESM1-1,spell_max,d_HiLLA_minus_target,SAM,South-American-Monsoon,0.23995677093689208
UKESM1-1,spell_max,d_HiLLA_minus_target,SWS,S.W.South-America,-0.5820564757509562
UKESM1-1,spell_max,d_HiLLA_minus_target,SES,S.E.South-America,-0.10973178401617104
UKESM1-1,spell_max,d_HiLLA_minus_target,SSA,S.South-America,-0.28361614543374053
UKESM1-1,spell_max,d_HiLLA_minus_target,NEU,N.Europe,-0.022530725636291916
UKESM1-1,spell_max,d_HiLLA_minus_target,WCE,West&Central-Europe,-1.8343723351689794
UKESM1-1,spell_max,d_HiLLA_minus_target,EEU,E.Europe,-0.2298954691052486
UKESM1-1,spell_max,d_HiLLA_minus_target,MED,Mediterranean,-0.7904406298924743
UKESM1-1,spell_max,d_HiLLA_minus_target,SAH,Sahara,0.14369638900313417
UKESM1-1,spell_max,d_HiLLA_minus_target,WAF,Western-Africa,0.8181495799016416
UKESM1-1,spell_max,d_HiLLA_minus_target,CAF,Central-Africa,2.8435869831287817
UKESM1-1,spell_max,d_HiLLA_minus_target,NEAF,N.Eastern-Africa,1.214138637926689
UKESM1-1,spell_max,d_HiLLA_minus_target,SEAF,S.Eastern-Africa,2.3405712362680657
UKESM1-1,spell_max,d_HiLLA_minus_target,WSAF,W.Southern-Africa,0.5903188355131218
UKESM1-1,spell_max,d_HiLLA_minus_target,ESAF,E.Southern-Africa,0.5694277166410086
UKESM1-1,spell_max,d_HiLLA_minus_target,MDG,Madagascar,-0.051366043360747966
UKESM1-1,spell_max,d_HiLLA_minus_target,RAR,Russian-Arctic,-0.015291555176178036
UKESM1-1,spell_max,d_HiLLA_minus_target,WSB,W.Siberia,-0.16289445885723888
UKESM1-1,spell_max,d_HiLLA_minus_target,ESB,E.Siberia,-0.26315882891529446
UKESM1-1,spell_max,d_HiLLA_minus_target,RFE,Russian-Far-East,0.8014498176098793
UKESM1-1,spell_max,d_HiLLA_minus_target,WCA,W.C.Asia,-0.34714029374867555
UKESM1-1,spell_max,d_HiLLA_minus_target,ECA,E.C.Asia,-0.5241079033931271
UKESM1-1,spell_max,d_HiLLA_minus_target,TIB,Tibetan-Plateau,2.4000218608474717
UKESM1-1,spell_max,d_HiLLA_minus_target,EAS,E.Asia,1.888241641063412
UKESM1-1,spell_max,d_HiLLA_minus_target,ARP,Arabian-Peninsula,0.08601646634685838
UKESM1-1,spell_max,d_HiLLA_minus_target,SAS,S.Asia,1.4846077656931522
UKESM1-1,spell_max,d_HiLLA_minus_target,SEA,S.E.Asia,-0.3429954680464986
UKESM1-1,spell_max,d_HiLLA_minus_target,NAU,N.Australia,-0.5115368538257632
UKESM1-1,spell_max,d_HiLLA_minus_target,CAU,C.Australia,-0.3405620219925226
UKESM1-1,spell_max,d_HiLLA_minus_target,EAU,E.Australia,-0.5595503060583416
UKESM1-1,spell_max,d_HiLLA_minus_target,SAU,S.Australia,-0.1561080718222183
UKESM1-1,spell_max,d_HiLLA_minus_target,NZ,New-Zealand,0.6982913512845402
UKESM1-1,spell_max,d_HiLLA_minus_target,EAN,E.Antarctica,
UKESM1-1,spell_max,d_HiLLA_minus_target,WAN,W.Antarctica,
UKESM1-1,days_abs,target,GIC,Greenland/Iceland,
UKESM1-1,days_abs,target,NWN,N.W.North-America,0.9110192332249493
UKESM1-1,days_abs,target,NEN,N.E.North-America,1.0845348917285471
UKESM1-1,days_abs,target,WNA,W.North-America,41.68976689757194
UKESM1-1,days_abs,target,CNA,C.North-America,44.343418854167425
UKESM1-1,days_abs,target,ENA,E.North-America,3.116644864455224
UKESM1-1,days_abs,target,NCA,N.Central-America,77.97565954190792
UKESM1-1,days_abs,target,SCA,S.Central-America,28.88603330828614
UKESM1-1,days_abs,target,CAR,Caribbean,19.790675214248036
UKESM1-1,days_abs,target,NWS,N.W.South-America,4.6593613422832485
UKESM1-1,days_abs,target,NSA,N.South-America,47.70245568600008
UKESM1-1,days_abs,target,NES,N.E.South-America,62.86844712570092
UKESM1-1,days_abs,target,SAM,South-American-Monsoon,21.516648586428083
UKESM1-1,days_abs,target,SWS,S.W.South-America,78.59429824134483
UKESM1-1,days_abs,target,SES,S.E.South-America,22.216059733539737
UKESM1-1,days_abs,target,SSA,S.South-America,28.57056961197278
UKESM1-1,days_abs,target,NEU,N.Europe,0.24964780207357892
UKESM1-1,days_abs,target,WCE,West&Central-Europe,18.237538185516833
UKESM1-1,days_abs,target,EEU,E.Europe,43.83912777494529
UKESM1-1,days_abs,target,MED,Mediterranean,98.23418825698396
UKESM1-1,days_abs,target,SAH,Sahara,329.6872399374942
UKESM1-1,days_abs,target,WAF,Western-Africa,156.15632191355002
UKESM1-1,days_abs,target,CAF,Central-Africa,68.8084012192387
UKESM1-1,days_abs,target,NEAF,N.Eastern-Africa,174.4573328267407
UKESM1-1,days_abs,target,SEAF,S.Eastern-Africa,64.27195593695164
UKESM1-1,days_abs,target,WSAF,W.Southern-Africa,127.95103169739221
UKESM1-1,days_abs,target,ESAF,E.Southern-Africa,61.47284005504384
UKESM1-1,days_abs,target,MDG,Madagascar,13.008040441376131
UKESM1-1,days_abs,target,RAR,Russian-Arctic,0.06848271543680896
UKESM1-1,days_abs,target,WSB,W.Siberia,46.439157399599026
UKESM1-1,days_abs,target,ESB,E.Siberia,8.72396064696058
UKESM1-1,days_abs,target,RFE,Russian-Far-East,0.2085246735047619
UKESM1-1,days_abs,target,WCA,W.C.Asia,168.07222157761566
UKESM1-1,days_abs,target,ECA,E.C.Asia,119.29735635141257
UKESM1-1,days_abs,target,TIB,Tibetan-Plateau,13.093019202598764
UKESM1-1,days_abs,target,EAS,E.Asia,7.1993969969782805
UKESM1-1,days_abs,target,ARP,Arabian-Peninsula,293.35118740249675
UKESM1-1,days_abs,target,SAS,S.Asia,180.69566261377312
UKESM1-1,days_abs,target,SEA,S.E.Asia,9.843549820474589
UKESM1-1,days_abs,target,NAU,N.Australia,170.15185346158313
UKESM1-1,days_abs,target,CAU,C.Australia,256.2366606183153
UKESM1-1,days_abs,target,EAU,E.Australia,75.85733580695052
UKESM1-1,days_abs,target,SAU,S.Australia,116.68705955180086
UKESM1-1,days_abs,target,NZ,New-Zealand,0.03686499342978594
UKESM1-1,days_abs,target,EAN,E.Antarctica,
UKESM1-1,days_abs,target,WAN,W.Antarctica,
UKESM1-1,days_abs,ssp245,GIC,Greenland/Iceland,
UKESM1-1,days_abs,ssp245,NWN,N.W.North-America,2.416636072123515
UKESM1-1,days_abs,ssp245,NEN,N.E.North-America,2.6590878374728595
UKESM1-1,days_abs,ssp245,WNA,W.North-America,38.19828106688622
UKESM1-1,days_abs,ssp245,CNA,C.North-America,49.58959518410835
UKESM1-1,days_abs,ssp245,ENA,E.North-America,4.075550521943275
UKESM1-1,days_abs,ssp245,NCA,N.Central-America,83.47772819215191
UKESM1-1,days_abs,ssp245,SCA,S.Central-America,45.49166955253673
UKESM1-1,days_abs,ssp245,CAR,Caribbean,21.37616600440152
UKESM1-1,days_abs,ssp245,NWS,N.W.South-America,7.694996140415946
UKESM1-1,days_abs,ssp245,NSA,N.South-America,69.7484890001439
UKESM1-1,days_abs,ssp245,NES,N.E.South-America,72.87807923731506
UKESM1-1,days_abs,ssp245,SAM,South-American-Monsoon,32.20787556941378
UKESM1-1,days_abs,ssp245,SWS,S.W.South-America,84.37087215853145
UKESM1-1,days_abs,ssp245,SES,S.E.South-America,24.708969875955905
UKESM1-1,days_abs,ssp245,SSA,S.South-America,30.556665251255303
UKESM1-1,days_abs,ssp245,NEU,N.Europe,0.4759211758352247
UKESM1-1,days_abs,ssp245,WCE,West&Central-Europe,26.03683144922037
UKESM1-1,days_abs,ssp245,EEU,E.Europe,49.41931418932843
UKESM1-1,days_abs,ssp245,MED,Mediterranean,110.61512975035043
UKESM1-1,days_abs,ssp245,SAH,Sahara,332.9739576795817
UKESM1-1,days_abs,ssp245,WAF,Western-Africa,168.4636849955092
UKESM1-1,days_abs,ssp245,CAF,Central-Africa,77.1593331694009
UKESM1-1,days_abs,ssp245,NEAF,N.Eastern-Africa,177.55059008718268
UKESM1-1,days_abs,ssp245,SEAF,S.Eastern-Africa,76.01777257651484
UKESM1-1,days_abs,ssp245,WSAF,W.Southern-Africa,149.8755890352109
UKESM1-1,days_abs,ssp245,ESAF,E.Southern-Africa,75.19703121528616
UKESM1-1,days_abs,ssp245,MDG,Madagascar,17.61162374104698
UKESM1-1,days_abs,ssp245,RAR,Russian-Arctic,0.7669031161318411
UKESM1-1,days_abs,ssp245,WSB,W.Siberia,50.50104883127021
UKESM1-1,days_abs,ssp245,ESB,E.Siberia,9.372826499866092
UKESM1-1,days_abs,ssp245,RFE,Russian-Far-East,0.3996093264309123
UKESM1-1,days_abs,ssp245,WCA,W.C.Asia,167.6870222549338
UKESM1-1,days_abs,ssp245,ECA,E.C.Asia,119.88957615223033
UKESM1-1,days_abs,ssp245,TIB,Tibetan-Plateau,15.15026195916892
UKESM1-1,days_abs,ssp245,EAS,E.Asia,10.667713465971332
UKESM1-1,days_abs,ssp245,ARP,Arabian-Peninsula,294.85461706956096
UKESM1-1,days_abs,ssp245,SAS,S.Asia,191.59858097143115
UKESM1-1,days_abs,ssp245,SEA,S.E.Asia,16.981613764783308
UKESM1-1,days_abs,ssp245,NAU,N.Australia,179.5406095971965
UKESM1-1,days_abs,ssp245,CAU,C.Australia,264.66372367249244
UKESM1-1,days_abs,ssp245,EAU,E.Australia,99.73087521366703
UKESM1-1,days_abs,ssp245,SAU,S.Australia,127.90396892399471
UKESM1-1,days_abs,ssp245,NZ,New-Zealand,0.09589658048934867
UKESM1-1,days_abs,ssp245,EAN,E.Antarctica,
UKESM1-1,days_abs,ssp245,WAN,W.Antarctica,
UKESM1-1,days_abs,G6-1.5K-SAI,GIC,Greenland/Iceland,
UKESM1-1,days_abs,G6-1.5K-SAI,NWN,N.W.North-America,0.23769925604610395
UKESM1-1,days_abs,G6-1.5K-SAI,NEN,N.E.North-America,0.41027687836515075
UKESM1-1,days_abs,G6-1.5K-SAI,WNA,W.North-America,32.27216777603034
UKESM1-1,days_abs,G6-1.5K-SAI,CNA,C.North-America,28.347209488882612
UKESM1-1,days_abs,G6-1.5K-SAI,ENA,E.North-America,1.21417112550722
UKESM1-1,days_abs,G6-1.5K-SAI,NCA,N.Central-America,66.04978946371051
UKESM1-1,days_abs,G6-1.5K-SAI,SCA,S.Central-America,23.319679476435653
UKESM1-1,days_abs,G6-1.5K-SAI,CAR,Caribbean,15.04137341697406
UKESM1-1,days_abs,G6-1.5K-SAI,NWS,N.W.South-America,3.87085433945164
UKESM1-1,days_abs,G6-1.5K-SAI,NSA,N.South-America,38.565756106806504
UKESM1-1,days_abs,G6-1.5K-SAI,NES,N.E.South-America,52.36976959377156
UKESM1-1,days_abs,G6-1.5K-SAI,SAM,South-American-Monsoon,17.884918558502115
UKESM1-1,days_abs,G6-1.5K-SAI,SWS,S.W.South-America,67.8632780260039
UKESM1-1,days_abs,G6-1.5K-SAI,SES,S.E.South-America,16.00530795962746
UKESM1-1,days_abs,G6-1.5K-SAI,SSA,S.South-America,23.39492294863242
UKESM1-1,days_abs,G6-1.5K-SAI,NEU,N.Europe,0.07502516382063859
UKESM1-1,days_abs,G6-1.5K-SAI,WCE,West&Central-Europe,11.618352716020091
UKESM1-1,days_abs,G6-1.5K-SAI,EEU,E.Europe,39.9918677379272
UKESM1-1,days_abs,G6-1.5K-SAI,MED,Mediterranean,89.78605067816719
UKESM1-1,days_abs,G6-1.5K-SAI,SAH,Sahara,330.4559054313334
UKESM1-1,days_abs,G6-1.5K-SAI,WAF,Western-Africa,160.7720544335912
UKESM1-1,days_abs,G6-1.5K-SAI,CAF,Central-Africa,70.54764844884666
UKESM1-1,days_abs,G6-1.5K-SAI,NEAF,N.Eastern-Africa,174.28908268470798
UKESM1-1,days_abs,G6-1.5K-SAI,SEAF,S.Eastern-Africa,64.20190549406654
UKESM1-1,days_abs,G6-1.5K-SAI,WSAF,W.Southern-Africa,114.36815010496055
UKESM1-1,days_abs,G6-1.5K-SAI,ESAF,E.Southern-Africa,52.483379824895735
UKESM1-1,days_abs,G6-1.5K-SAI,MDG,Madagascar,7.302657542053734
UKESM1-1,days_abs,G6-1.5K-SAI,RAR,Russian-Arctic,0.018477361595720197
UKESM1-1,days_abs,G6-1.5K-SAI,WSB,W.Siberia,41.09443228304362
UKESM1-1,days_abs,G6-1.5K-SAI,ESB,E.Siberia,6.47539345205751
UKESM1-1,days_abs,G6-1.5K-SAI,RFE,Russian-Far-East,0.0704961547003499
UKESM1-1,days_abs,G6-1.5K-SAI,WCA,W.C.Asia,152.01984885253165
UKESM1-1,days_abs,G6-1.5K-SAI,ECA,E.C.Asia,108.50901653294939
UKESM1-1,days_abs,G6-1.5K-SAI,TIB,Tibetan-Plateau,11.143287692196788
UKESM1-1,days_abs,G6-1.5K-SAI,EAS,E.Asia,5.613423600320798
UKESM1-1,days_abs,G6-1.5K-SAI,ARP,Arabian-Peninsula,287.69349656242383
UKESM1-1,days_abs,G6-1.5K-SAI,SAS,S.Asia,181.3936118606028
UKESM1-1,days_abs,G6-1.5K-SAI,SEA,S.E.Asia,8.672267055692707
UKESM1-1,days_abs,G6-1.5K-SAI,NAU,N.Australia,154.3815347097474
UKESM1-1,days_abs,G6-1.5K-SAI,CAU,C.Australia,245.4670383730495
UKESM1-1,days_abs,G6-1.5K-SAI,EAU,E.Australia,56.348098344397116
UKESM1-1,days_abs,G6-1.5K-SAI,SAU,S.Australia,107.0356351061902
UKESM1-1,days_abs,G6-1.5K-SAI,NZ,New-Zealand,0.11149226961396268
UKESM1-1,days_abs,G6-1.5K-SAI,EAN,E.Antarctica,
UKESM1-1,days_abs,G6-1.5K-SAI,WAN,W.Antarctica,
UKESM1-1,days_abs,G6-1.5K-HiLLA,GIC,Greenland/Iceland,
UKESM1-1,days_abs,G6-1.5K-HiLLA,NWN,N.W.North-America,0.4490307256909438
UKESM1-1,days_abs,G6-1.5K-HiLLA,NEN,N.E.North-America,0.6833967084592576
UKESM1-1,days_abs,G6-1.5K-HiLLA,WNA,W.North-America,43.62736197017574
UKESM1-1,days_abs,G6-1.5K-HiLLA,CNA,C.North-America,41.39860234133566
UKESM1-1,days_abs,G6-1.5K-HiLLA,ENA,E.North-America,2.825428138226786
UKESM1-1,days_abs,G6-1.5K-HiLLA,NCA,N.Central-America,87.60938916697233
UKESM1-1,days_abs,G6-1.5K-HiLLA,SCA,S.Central-America,26.634388089079476
UKESM1-1,days_abs,G6-1.5K-HiLLA,CAR,Caribbean,16.998970513076877
UKESM1-1,days_abs,G6-1.5K-HiLLA,NWS,N.W.South-America,4.922158672847784
UKESM1-1,days_abs,G6-1.5K-HiLLA,NSA,N.South-America,46.76683325845341
UKESM1-1,days_abs,G6-1.5K-HiLLA,NES,N.E.South-America,61.74103138581458
UKESM1-1,days_abs,G6-1.5K-HiLLA,SAM,South-American-Monsoon,22.25807969036641
UKESM1-1,days_abs,G6-1.5K-HiLLA,SWS,S.W.South-America,76.71540614230378
UKESM1-1,days_abs,G6-1.5K-HiLLA,SES,S.E.South-America,21.609490337319883
UKESM1-1,days_abs,G6-1.5K-HiLLA,SSA,S.South-America,28.132719074167102
UKESM1-1,days_abs,G6-1.5K-HiLLA,NEU,N.Europe,0.10537158612158849
UKESM1-1,days_abs,G6-1.5K-HiLLA,WCE,West&Central-Europe,13.219551373836003
UKESM1-1,days_abs,G6-1.5K-HiLLA,EEU,E.Europe,41.44151180238229
UKESM1-1,days_abs,G6-1.5K-HiLLA,MED,Mediterranean,96.86480496589647
UKESM1-1,days_abs,G6-1.5K-HiLLA,SAH,Sahara,331.68170368523994
UKESM1-1,days_abs,G6-1.5K-HiLLA,WAF,Western-Africa,164.13407215042514
UKESM1-1,days_abs,G6-1.5K-HiLLA,CAF,Central-Africa,75.87797866614528
UKESM1-1,days_abs,G6-1.5K-HiLLA,NEAF,N.Eastern-Africa,184.19820488938683
UKESM1-1,days_abs,G6-1.5K-HiLLA,SEAF,S.Eastern-Africa,71.89072954078766
UKESM1-1,days_abs,G6-1.5K-HiLLA,WSAF,W.Southern-Africa,135.08068617504534
UKESM1-1,days_abs,G6-1.5K-HiLLA,ESAF,E.Southern-Africa,65.41602301195962
UKESM1-1,days_abs,G6-1.5K-HiLLA,MDG,Madagascar,11.911369346731881
UKESM1-1,days_abs,G6-1.5K-HiLLA,RAR,Russian-Arctic,0.02225767207091733
UKESM1-1,days_abs,G6-1.5K-HiLLA,WSB,W.Siberia,44.73863534988729
UKESM1-1,days_abs,G6-1.5K-HiLLA,ESB,E.Siberia,7.968321360801849
UKESM1-1,days_abs,G6-1.5K-HiLLA,RFE,Russian-Far-East,0.1598529827552606
UKESM1-1,days_abs,G6-1.5K-HiLLA,WCA,W.C.Asia,167.58781396200834
UKESM1-1,days_abs,G6-1.5K-HiLLA,ECA,E.C.Asia,118.8786835021283
UKESM1-1,days_abs,G6-1.5K-HiLLA,TIB,Tibetan-Plateau,17.037976003857484
UKESM1-1,days_abs,G6-1.5K-HiLLA,EAS,E.Asia,9.139359250429322
UKESM1-1,days_abs,G6-1.5K-HiLLA,ARP,Arabian-Peninsula,294.85946140641045
UKESM1-1,days_abs,G6-1.5K-HiLLA,SAS,S.Asia,191.7545608756686
UKESM1-1,days_abs,G6-1.5K-HiLLA,SEA,S.E.Asia,9.464473453023604
UKESM1-1,days_abs,G6-1.5K-HiLLA,NAU,N.Australia,165.0121323926708
UKESM1-1,days_abs,G6-1.5K-HiLLA,CAU,C.Australia,245.7637064894869
UKESM1-1,days_abs,G6-1.5K-HiLLA,EAU,E.Australia,69.24280998708495
UKESM1-1,days_abs,G6-1.5K-HiLLA,SAU,S.Australia,109.17078240901984
UKESM1-1,days_abs,G6-1.5K-HiLLA,NZ,New-Zealand,0.049206210764053716
UKESM1-1,days_abs,G6-1.5K-HiLLA,EAN,E.Antarctica,
UKESM1-1,days_abs,G6-1.5K-HiLLA,WAN,W.Antarctica,
UKESM1-1,days_abs,d_ssp245_minus_target,GIC,Greenland/Iceland,
UKESM1-1,days_abs,d_ssp245_minus_target,NWN,N.W.North-America,1.5056168388985645
UKESM1-1,days_abs,d_ssp245_minus_target,NEN,N.E.North-America,1.5745529457443124
UKESM1-1,days_abs,d_ssp245_minus_target,WNA,W.North-America,-3.4914858306857193
UKESM1-1,days_abs,d_ssp245_minus_target,CNA,C.North-America,5.246176329940915
UKESM1-1,days_abs,d_ssp245_minus_target,ENA,E.North-America,0.9589056574880516
UKESM1-1,days_abs,d_ssp245_minus_target,NCA,N.Central-America,5.5020686502440155
UKESM1-1,days_abs,d_ssp245_minus_target,SCA,S.Central-America,16.605636244250583
UKESM1-1,days_abs,d_ssp245_minus_target,CAR,Caribbean,1.5854907901534792
UKESM1-1,days_abs,d_ssp245_minus_target,NWS,N.W.South-America,3.0356347981326963
UKESM1-1,days_abs,d_ssp245_minus_target,NSA,N.South-America,22.046033314143827
UKESM1-1,days_abs,d_ssp245_minus_target,NES,N.E.South-America,10.009632111614122
UKESM1-1,days_abs,d_ssp245_minus_target,SAM,South-American-Monsoon,10.691226982985699
UKESM1-1,days_abs,d_ssp245_minus_target,SWS,S.W.South-America,5.77657391718662
UKESM1-1,days_abs,d_ssp245_minus_target,SES,S.E.South-America,2.4929101424161613
UKESM1-1,days_abs,d_ssp245_minus_target,SSA,S.South-America,1.9860956392825229
UKESM1-1,days_abs,d_ssp245_minus_target,NEU,N.Europe,0.22627337376164586
UKESM1-1,days_abs,d_ssp245_minus_target,WCE,West&Central-Europe,7.799293263703543
UKESM1-1,days_abs,d_ssp245_minus_target,EEU,E.Europe,5.580186414383127
UKESM1-1,days_abs,d_ssp245_minus_target,MED,Mediterranean,12.380941493366484
UKESM1-1,days_abs,d_ssp245_minus_target,SAH,Sahara,3.28671774208751
UKESM1-1,days_abs,d_ssp245_minus_target,WAF,Western-Africa,12.307363081959142
UKESM1-1,days_abs,d_ssp245_minus_target,CAF,Central-Africa,8.350931950162186
UKESM1-1,days_abs,d_ssp245_minus_target,NEAF,N.Eastern-Africa,3.093257260442024
UKESM1-1,days_abs,d_ssp245_minus_target,SEAF,S.Eastern-Africa,11.745816639563216
UKESM1-1,days_abs,d_ssp245_minus_target,WSAF,W.Southern-Africa,21.9245573378187
UKESM1-1,days_abs,d_ssp245_minus_target,ESAF,E.Southern-Africa,13.724191160242336
UKESM1-1,days_abs,d_ssp245_minus_target,MDG,Madagascar,4.603583299670849
UKESM1-1,days_abs,d_ssp245_minus_target,RAR,Russian-Arctic,0.6984204006950324
UKESM1-1,days_abs,d_ssp245_minus_target,WSB,W.Siberia,4.0618914316711665
UKESM1-1,days_abs,d_ssp245_minus_target,ESB,E.Siberia,0.6488658529055128
UKESM1-1,days_abs,d_ssp245_minus_target,RFE,Russian-Far-East,0.19108465292615032
UKESM1-1,days_abs,d_ssp245_minus_target,WCA,W.C.Asia,-0.385199322681919
UKESM1-1,days_abs,d_ssp245_minus_target,ECA,E.C.Asia,0.5922198008177875
UKESM1-1,days_abs,d_ssp245_minus_target,TIB,Tibetan-Plateau,2.0572427565701528
UKESM1-1,days_abs,d_ssp245_minus_target,EAS,E.Asia,3.46831646899305
UKESM1-1,days_abs,d_ssp245_minus_target,ARP,Arabian-Peninsula,1.5034296670643241
UKESM1-1,days_abs,d_ssp245_minus_target,SAS,S.Asia,10.902918357657933
UKESM1-1,days_abs,d_ssp245_minus_target,SEA,S.E.Asia,7.138063944308721
UKESM1-1,days_abs,d_ssp245_minus_target,NAU,N.Australia,9.388756135613372
UKESM1-1,days_abs,d_ssp245_minus_target,CAU,C.Australia,8.427063054177093
UKESM1-1,days_abs,d_ssp245_minus_target,EAU,E.Australia,23.873539406716535
UKESM1-1,days_abs,d_ssp245_minus_target,SAU,S.Australia,11.216909372193838
UKESM1-1,days_abs,d_ssp245_minus_target,NZ,New-Zealand,0.059031587059562726
UKESM1-1,days_abs,d_ssp245_minus_target,EAN,E.Antarctica,
UKESM1-1,days_abs,d_ssp245_minus_target,WAN,W.Antarctica,
UKESM1-1,days_abs,d_SAI_minus_ssp245,GIC,Greenland/Iceland,
UKESM1-1,days_abs,d_SAI_minus_ssp245,NWN,N.W.North-America,-2.1789368160774107
UKESM1-1,days_abs,d_SAI_minus_ssp245,NEN,N.E.North-America,-2.2488109591077086
UKESM1-1,days_abs,d_SAI_minus_ssp245,WNA,W.North-America,-5.926113290855881
UKESM1-1,days_abs,d_SAI_minus_ssp245,CNA,C.North-America,-21.242385695225725
UKESM1-1,days_abs,d_SAI_minus_ssp245,ENA,E.North-America,-2.8613793964360537
UKESM1-1,days_abs,d_SAI_minus_ssp245,NCA,N.Central-America,-17.427938728441422
UKESM1-1,days_abs,d_SAI_minus_ssp245,SCA,S.Central-America,-22.17199007610108
UKESM1-1,days_abs,d_SAI_minus_ssp245,CAR,Caribbean,-6.334792587427457
UKESM1-1,days_abs,d_SAI_minus_ssp245,NWS,N.W.South-America,-3.824141800964306
UKESM1-1,days_abs,d_SAI_minus_ssp245,NSA,N.South-America,-31.1827328933374
UKESM1-1,days_abs,d_SAI_minus_ssp245,NES,N.E.South-America,-20.50830964354352
UKESM1-1,days_abs,d_SAI_minus_ssp245,SAM,South-American-Monsoon,-14.32295701091166
UKESM1-1,days_abs,d_SAI_minus_ssp245,SWS,S.W.South-America,-16.50759413252755
UKESM1-1,days_abs,d_SAI_minus_ssp245,SES,S.E.South-America,-8.703661916328436
UKESM1-1,days_abs,d_SAI_minus_ssp245,SSA,S.South-America,-7.161742302622882
UKESM1-1,days_abs,d_SAI_minus_ssp245,NEU,N.Europe,-0.4008960120145861
UKESM1-1,days_abs,d_SAI_minus_ssp245,WCE,West&Central-Europe,-14.418478733200278
UKESM1-1,days_abs,d_SAI_minus_ssp245,EEU,E.Europe,-9.427446451401218
UKESM1-1,days_abs,d_SAI_minus_ssp245,MED,Mediterranean,-20.829079072183212
UKESM1-1,days_abs,d_SAI_minus_ssp245,SAH,Sahara,-2.518052248248079
UKESM1-1,days_abs,d_SAI_minus_ssp245,WAF,Western-Africa,-7.691630561917967
UKESM1-1,days_abs,d_SAI_minus_ssp245,CAF,Central-Africa,-6.6116847205542255
UKESM1-1,days_abs,d_SAI_minus_ssp245,NEAF,N.Eastern-Africa,-3.2615074024747
UKESM1-1,days_abs,d_SAI_minus_ssp245,SEAF,S.Eastern-Africa,-11.815867082448314
UKESM1-1,days_abs,d_SAI_minus_ssp245,WSAF,W.Southern-Africa,-35.507438930250345
UKESM1-1,days_abs,d_SAI_minus_ssp245,ESAF,E.Southern-Africa,-22.713651390390446
UKESM1-1,days_abs,d_SAI_minus_ssp245,MDG,Madagascar,-10.308966198993245
UKESM1-1,days_abs,d_SAI_minus_ssp245,RAR,Russian-Arctic,-0.7484257545361209
UKESM1-1,days_abs,d_SAI_minus_ssp245,WSB,W.Siberia,-9.406616548226555
UKESM1-1,days_abs,d_SAI_minus_ssp245,ESB,E.Siberia,-2.897433047808582
UKESM1-1,days_abs,d_SAI_minus_ssp245,RFE,Russian-Far-East,-0.3291131717305623
UKESM1-1,days_abs,d_SAI_minus_ssp245,WCA,W.C.Asia,-15.667173402402096
UKESM1-1,days_abs,d_SAI_minus_ssp245,ECA,E.C.Asia,-11.380559619280993
UKESM1-1,days_abs,d_SAI_minus_ssp245,TIB,Tibetan-Plateau,-4.006974266972133
UKESM1-1,days_abs,d_SAI_minus_ssp245,EAS,E.Asia,-5.0542898656505315
UKESM1-1,days_abs,d_SAI_minus_ssp245,ARP,Arabian-Peninsula,-7.161120507137194
UKESM1-1,days_abs,d_SAI_minus_ssp245,SAS,S.Asia,-10.204969110828273
UKESM1-1,days_abs,d_SAI_minus_ssp245,SEA,S.E.Asia,-8.309346709090603
UKESM1-1,days_abs,d_SAI_minus_ssp245,NAU,N.Australia,-25.159074887449062
UKESM1-1,days_abs,d_SAI_minus_ssp245,CAU,C.Australia,-19.19668529944289
UKESM1-1,days_abs,d_SAI_minus_ssp245,EAU,E.Australia,-43.38277686926992
UKESM1-1,days_abs,d_SAI_minus_ssp245,SAU,S.Australia,-20.86833381780448
UKESM1-1,days_abs,d_SAI_minus_ssp245,NZ,New-Zealand,0.015595689124614015
UKESM1-1,days_abs,d_SAI_minus_ssp245,EAN,E.Antarctica,
UKESM1-1,days_abs,d_SAI_minus_ssp245,WAN,W.Antarctica,
UKESM1-1,days_abs,d_HiLLA_minus_ssp245,GIC,Greenland/Iceland,
UKESM1-1,days_abs,d_HiLLA_minus_ssp245,NWN,N.W.North-America,-1.9676053464325716
UKESM1-1,days_abs,d_HiLLA_minus_ssp245,NEN,N.E.North-America,-1.9756911290136014
UKESM1-1,days_abs,d_HiLLA_minus_ssp245,WNA,W.North-America,5.4290809032895275
UKESM1-1,days_abs,d_HiLLA_minus_ssp245,CNA,C.North-America,-8.190992842772678
UKESM1-1,days_abs,d_HiLLA_minus_ssp245,ENA,E.North-America,-1.2501223837164896
UKESM1-1,days_abs,d_HiLLA_minus_ssp245,NCA,N.Central-America,4.131660974820414
UKESM1-1,days_abs,d_HiLLA_minus_ssp245,SCA,S.Central-America,-18.85728146345725
UKESM1-1,days_abs,d_HiLLA_minus_ssp245,CAR,Caribbean,-4.377195491324642
UKESM1-1,days_abs,d_HiLLA_minus_ssp245,NWS,N.W.South-America,-2.772837467568161
UKESM1-1,days_abs,d_HiLLA_minus_ssp245,NSA,N.South-America,-22.9816557416905
UKESM1-1,days_abs,d_HiLLA_minus_ssp245,NES,N.E.South-America,-11.137047851500494
UKESM1-1,days_abs,d_HiLLA_minus_ssp245,SAM,South-American-Monsoon,-9.94979587904737
UKESM1-1,days_abs,d_HiLLA_minus_ssp245,SWS,S.W.South-America,-7.6554660162276535
UKESM1-1,days_abs,d_HiLLA_minus_ssp245,SES,S.E.South-America,-3.0994795386360217
UKESM1-1,days_abs,d_HiLLA_minus_ssp245,SSA,S.South-America,-2.4239461770881974
UKESM1-1,days_abs,d_HiLLA_minus_ssp245,NEU,N.Europe,-0.3705495897136362
UKESM1-1,days_abs,d_HiLLA_minus_ssp245,WCE,West&Central-Europe,-12.81728007538437
UKESM1-1,days_abs,d_HiLLA_minus_ssp245,EEU,E.Europe,-7.977802386946136
UKESM1-1,days_abs,d_HiLLA_minus_ssp245,MED,Mediterranean,-13.750324784453976
UKESM1-1,days_abs,d_HiLLA_minus_ssp245,SAH,Sahara,-1.2922539943417004
UKESM1-1,days_abs,d_HiLLA_minus_ssp245,WAF,Western-Africa,-4.329612845084029
UKESM1-1,days_abs,d_HiLLA_minus_ssp245,CAF,Central-Africa,-1.2813545032556122
UKESM1-1,days_abs,d_HiLLA_minus_ssp245,NEAF,N.Eastern-Africa,6.647614802204156
UKESM1-1,days_abs,d_HiLLA_minus_ssp245,SEAF,S.Eastern-Africa,-4.127043035727189
UKESM1-1,days_abs,d_HiLLA_minus_ssp245,WSAF,W.Southern-Africa,-14.794902860165573
UKESM1-1,days_abs,d_HiLLA_minus_ssp245,ESAF,E.Southern-Africa,-9.781008203326545
UKESM1-1,days_abs,d_HiLLA_minus_ssp245,MDG,Madagascar,-5.700254394315098
UKESM1-1,days_abs,d_HiLLA_minus_ssp245,RAR,Russian-Arctic,-0.7446454440609238
UKESM1-1,days_abs,d_HiLLA_minus_ssp245,WSB,W.Siberia,-5.76241348138291
UKESM1-1,days_abs,d_HiLLA_minus_ssp245,ESB,E.Siberia,-1.4045051390642433
UKESM1-1,days_abs,d_HiLLA_minus_ssp245,RFE,Russian-Far-East,-0.23975634367565163
UKESM1-1,days_abs,d_HiLLA_minus_ssp245,WCA,W.C.Asia,-0.09920829292542421
UKESM1-1,days_abs,d_HiLLA_minus_ssp245,ECA,E.C.Asia,-1.0108926501020394
UKESM1-1,days_abs,d_HiLLA_minus_ssp245,TIB,Tibetan-Plateau,1.8877140446885639
UKESM1-1,days_abs,d_HiLLA_minus_ssp245,EAS,E.Asia,-1.528354215542006
UKESM1-1,days_abs,d_HiLLA_minus_ssp245,ARP,Arabian-Peninsula,0.004844336849350132
UKESM1-1,days_abs,d_HiLLA_minus_ssp245,SAS,S.Asia,0.15597990423750266
UKESM1-1,days_abs,d_HiLLA_minus_ssp245,SEA,S.E.Asia,-7.517140311759704
UKESM1-1,days_abs,d_HiLLA_minus_ssp245,NAU,N.Australia,-14.528477204525679
UKESM1-1,days_abs,d_HiLLA_minus_ssp245,CAU,C.Australia,-18.900017183005488
UKESM1-1,days_abs,d_HiLLA_minus_ssp245,EAU,E.Australia,-30.488065226582087
UKESM1-1,days_abs,d_HiLLA_minus_ssp245,SAU,S.Australia,-18.73318651497486
UKESM1-1,days_abs,d_HiLLA_minus_ssp245,NZ,New-Zealand,-0.046690369725294945
UKESM1-1,days_abs,d_HiLLA_minus_ssp245,EAN,E.Antarctica,
UKESM1-1,days_abs,d_HiLLA_minus_ssp245,WAN,W.Antarctica,
UKESM1-1,days_abs,d_HiLLA_minus_SAI,GIC,Greenland/Iceland,
UKESM1-1,days_abs,d_HiLLA_minus_SAI,NWN,N.W.North-America,0.21133146964483973
UKESM1-1,days_abs,d_HiLLA_minus_SAI,NEN,N.E.North-America,0.27311983009410706
UKESM1-1,days_abs,d_HiLLA_minus_SAI,WNA,W.North-America,11.355194194145405
UKESM1-1,days_abs,d_HiLLA_minus_SAI,CNA,C.North-America,13.051392852453041
UKESM1-1,days_abs,d_HiLLA_minus_SAI,ENA,E.North-America,1.6112570127195651
UKESM1-1,days_abs,d_HiLLA_minus_SAI,NCA,N.Central-America,21.559599703261835
UKESM1-1,days_abs,d_HiLLA_minus_SAI,SCA,S.Central-America,3.3147086126438263
UKESM1-1,days_abs,d_HiLLA_minus_SAI,CAR,Caribbean,1.957597096102815
UKESM1-1,days_abs,d_HiLLA_minus_SAI,NWS,N.W.South-America,1.0513043333961436
UKESM1-1,days_abs,d_HiLLA_minus_SAI,NSA,N.South-America,8.201077151646892
UKESM1-1,days_abs,d_HiLLA_minus_SAI,NES,N.E.South-America,9.371261792043025
UKESM1-1,days_abs,d_HiLLA_minus_SAI,SAM,South-American-Monsoon,4.373161131864292
UKESM1-1,days_abs,d_HiLLA_minus_SAI,SWS,S.W.South-America,8.852128116299895
UKESM1-1,days_abs,d_HiLLA_minus_SAI,SES,S.E.South-America,5.604182377692414
UKESM1-1,days_abs,d_HiLLA_minus_SAI,SSA,S.South-America,4.737796125534684
UKESM1-1,days_abs,d_HiLLA_minus_SAI,NEU,N.Europe,0.030346422300949912
UKESM1-1,days_abs,d_HiLLA_minus_SAI,WCE,West&Central-Europe,1.6011986578159139
UKESM1-1,days_abs,d_HiLLA_minus_SAI,EEU,E.Europe,1.4496440644550836
UKESM1-1,days_abs,d_HiLLA_minus_SAI,MED,Mediterranean,7.078754287729237
UKESM1-1,days_abs,d_HiLLA_minus_SAI,SAH,Sahara,1.2257982539063783
UKESM1-1,days_abs,d_HiLLA_minus_SAI,WAF,Western-Africa,3.3620177168339387
UKESM1-1,days_abs,d_HiLLA_minus_SAI,CAF,Central-Africa,5.330330217298611
UKESM1-1,days_abs,d_HiLLA_minus_SAI,NEAF,N.Eastern-Africa,9.909122204678857
UKESM1-1,days_abs,d_HiLLA_minus_SAI,SEAF,S.Eastern-Africa,7.688824046721126
UKESM1-1,days_abs,d_HiLLA_minus_SAI,WSAF,W.Southern-Africa,20.712536070084763
UKESM1-1,days_abs,d_HiLLA_minus_SAI,ESAF,E.Southern-Africa,12.932643187063897
UKESM1-1,days_abs,d_HiLLA_minus_SAI,MDG,Madagascar,4.608711804678147
UKESM1-1,days_abs,d_HiLLA_minus_SAI,RAR,Russian-Arctic,0.0037803104751971354
UKESM1-1,days_abs,d_HiLLA_minus_SAI,WSB,W.Siberia,3.6442030668436427
UKESM1-1,days_abs,d_HiLLA_minus_SAI,ESB,E.Siberia,1.4929279087443392
UKESM1-1,days_abs,d_HiLLA_minus_SAI,RFE,Russian-Far-East,0.08935682805491073
UKESM1-1,days_abs,d_HiLLA_minus_SAI,WCA,W.C.Asia,15.567965109476669
UKESM1-1,days_abs,d_HiLLA_minus_SAI,ECA,E.C.Asia,10.369666969178953
UKESM1-1,days_abs,d_HiLLA_minus_SAI,TIB,Tibetan-Plateau,5.8946883116606985
UKESM1-1,days_abs,d_HiLLA_minus_SAI,EAS,E.Asia,3.5259356501085244
UKESM1-1,days_abs,d_HiLLA_minus_SAI,ARP,Arabian-Peninsula,7.165964843986544
UKESM1-1,days_abs,d_HiLLA_minus_SAI,SAS,S.Asia,10.360949015065774
UKESM1-1,days_abs,d_HiLLA_minus_SAI,SEA,S.E.Asia,0.7922063973308993
UKESM1-1,days_abs,d_HiLLA_minus_SAI,NAU,N.Australia,10.630597682923385
UKESM1-1,days_abs,d_HiLLA_minus_SAI,CAU,C.Australia,0.29666811643740293
UKESM1-1,days_abs,d_HiLLA_minus_SAI,EAU,E.Australia,12.894711642687833
UKESM1-1,days_abs,d_HiLLA_minus_SAI,SAU,S.Australia,2.135147302829618
UKESM1-1,days_abs,d_HiLLA_minus_SAI,NZ,New-Zealand,-0.062286058849908954
UKESM1-1,days_abs,d_HiLLA_minus_SAI,EAN,E.Antarctica,
UKESM1-1,days_abs,d_HiLLA_minus_SAI,WAN,W.Antarctica,
UKESM1-1,days_abs,d_SAI_minus_target,GIC,Greenland/Iceland,
UKESM1-1,days_abs,d_SAI_minus_target,NWN,N.W.North-America,-0.6733199771788451
UKESM1-1,days_abs,d_SAI_minus_target,NEN,N.E.North-America,-0.6742580133633963
UKESM1-1,days_abs,d_SAI_minus_target,WNA,W.North-America,-9.417599121541599
UKESM1-1,days_abs,d_SAI_minus_target,CNA,C.North-America,-15.996209365284805
UKESM1-1,days_abs,d_SAI_minus_target,ENA,E.North-America,-1.9024737389480038
UKESM1-1,days_abs,d_SAI_minus_target,NCA,N.Central-America,-11.925870078197404
UKESM1-1,days_abs,d_SAI_minus_target,SCA,S.Central-America,-5.566353831850495
UKESM1-1,days_abs,d_SAI_minus_target,CAR,Caribbean,-4.7493017972739775
UKESM1-1,days_abs,d_SAI_minus_target,NWS,N.W.South-America,-0.7885070028316088
UKESM1-1,days_abs,d_SAI_minus_target,NSA,N.South-America,-9.136699579193564
UKESM1-1,days_abs,d_SAI_minus_target,NES,N.E.South-America,-10.498677531929399
UKESM1-1,days_abs,d_SAI_minus_target,SAM,South-American-Monsoon,-3.6317300279259657
UKESM1-1,days_abs,d_SAI_minus_target,SWS,S.W.South-America,-10.73102021534093
UKESM1-1,days_abs,d_SAI_minus_target,SES,S.E.South-America,-6.210751773912274
UKESM1-1,days_abs,d_SAI_minus_target,SSA,S.South-America,-5.175646663340359
UKESM1-1,days_abs,d_SAI_minus_target,NEU,N.Europe,-0.17462263825294033
UKESM1-1,days_abs,d_SAI_minus_target,WCE,West&Central-Europe,-6.619185469496735
UKESM1-1,days_abs,d_SAI_minus_target,EEU,E.Europe,-3.847260037018089
UKESM1-1,days_abs,d_SAI_minus_target,MED,Mediterranean,-8.44813757881673
UKESM1-1,days_abs,d_SAI_minus_target,SAH,Sahara,0.7686654938394315
UKESM1-1,days_abs,d_SAI_minus_target,WAF,Western-Africa,4.615732520041177
UKESM1-1,days_abs,d_SAI_minus_target,CAF,Central-Africa,1.7392472296079629
UKESM1-1,days_abs,d_SAI_minus_target,NEAF,N.Eastern-Africa,-0.16825014203267696
UKESM1-1,days_abs,d_SAI_minus_target,SEAF,S.Eastern-Africa,-0.07005044288509708
UKESM1-1,days_abs,d_SAI_minus_target,WSAF,W.Southern-Africa,-13.582881592431644
UKESM1-1,days_abs,d_SAI_minus_target,ESAF,E.Southern-Africa,-8.989460230148117
UKESM1-1,days_abs,d_SAI_minus_target,MDG,Madagascar,-5.705382899322397
UKESM1-1,days_abs,d_SAI_minus_target,RAR,Russian-Arctic,-0.050005353841088764
UKESM1-1,days_abs,d_SAI_minus_target,WSB,W.Siberia,-5.344725116555385
UKESM1-1,days_abs,d_SAI_minus_target,ESB,E.Siberia,-2.248567194903071
UKESM1-1,days_abs,d_SAI_minus_target,RFE,Russian-Far-East,-0.13802851880441203
UKESM1-1,days_abs,d_SAI_minus_target,WCA,W.C.Asia,-16.052372725084012
UKESM1-1,days_abs,d_SAI_minus_target,ECA,E.C.Asia,-10.788339818463205
UKESM1-1,days_abs,d_SAI_minus_target,TIB,Tibetan-Plateau,-1.9497315104019797
UKESM1-1,days_abs,d_SAI_minus_target,EAS,E.Asia,-1.5859733966574818
UKESM1-1,days_abs,d_SAI_minus_target,ARP,Arabian-Peninsula,-5.657690840072871
UKESM1-1,days_abs,d_SAI_minus_target,SAS,S.Asia,0.6979492468296624
UKESM1-1,days_abs,d_SAI_minus_target,SEA,S.E.Asia,-1.1712827647818815
UKESM1-1,days_abs,d_SAI_minus_target,NAU,N.Australia,-15.770318751835694
UKESM1-1,days_abs,d_SAI_minus_target,CAU,C.Australia,-10.769622245265795
UKESM1-1,days_abs,d_SAI_minus_target,EAU,E.Australia,-19.50923746255338
UKESM1-1,days_abs,d_SAI_minus_target,SAU,S.Australia,-9.65142444561064
UKESM1-1,days_abs,d_SAI_minus_target,NZ,New-Zealand,0.07462727618417674
UKESM1-1,days_abs,d_SAI_minus_target,EAN,E.Antarctica,
UKESM1-1,days_abs,d_SAI_minus_target,WAN,W.Antarctica,
UKESM1-1,days_abs,d_HiLLA_minus_target,GIC,Greenland/Iceland,
UKESM1-1,days_abs,d_HiLLA_minus_target,NWN,N.W.North-America,-0.46198850753400583
UKESM1-1,days_abs,d_HiLLA_minus_target,NEN,N.E.North-America,-0.4011381832692894
UKESM1-1,days_abs,d_HiLLA_minus_target,WNA,W.North-America,1.9375950726038085
UKESM1-1,days_abs,d_HiLLA_minus_target,CNA,C.North-America,-2.9448165128317627
UKESM1-1,days_abs,d_HiLLA_minus_target,ENA,E.North-America,-0.29121672622843847
UKESM1-1,days_abs,d_HiLLA_minus_target,NCA,N.Central-America,9.633729625064426
UKESM1-1,days_abs,d_HiLLA_minus_target,SCA,S.Central-America,-2.251645219206667
UKESM1-1,days_abs,d_HiLLA_minus_target,CAR,Caribbean,-2.7917047011711627
UKESM1-1,days_abs,d_HiLLA_minus_target,NWS,N.W.South-America,0.2627973305645351
UKESM1-1,days_abs,d_HiLLA_minus_target,NSA,N.South-America,-0.9356224275466731
UKESM1-1,days_abs,d_HiLLA_minus_target,NES,N.E.South-America,-1.1274157398863711
UKESM1-1,days_abs,d_HiLLA_minus_target,SAM,South-American-Monsoon,0.7414311039383261
UKESM1-1,days_abs,d_HiLLA_minus_target,SWS,S.W.South-America,-1.8788920990410345
UKESM1-1,days_abs,d_HiLLA_minus_target,SES,S.E.South-America,-0.6065693962198608
UKESM1-1,days_abs,d_HiLLA_minus_target,SSA,S.South-America,-0.43785053780567423
UKESM1-1,days_abs,d_HiLLA_minus_target,NEU,N.Europe,-0.14427621595199044
UKESM1-1,days_abs,d_HiLLA_minus_target,WCE,West&Central-Europe,-5.0179868116808235
UKESM1-1,days_abs,d_HiLLA_minus_target,EEU,E.Europe,-2.3976159725630057
UKESM1-1,days_abs,d_HiLLA_minus_target,MED,Mediterranean,-1.3693832910874928
UKESM1-1,days_abs,d_HiLLA_minus_target,SAH,Sahara,1.9944637477458094
UKESM1-1,days_abs,d_HiLLA_minus_target,WAF,Western-Africa,7.977750236875116
UKESM1-1,days_abs,d_HiLLA_minus_target,CAF,Central-Africa,7.069577446906573
UKESM1-1,days_abs,d_HiLLA_minus_target,NEAF,N.Eastern-Africa,9.740872062646176
UKESM1-1,days_abs,d_HiLLA_minus_target,SEAF,S.Eastern-Africa,7.618773603836026
UKESM1-1,days_abs,d_HiLLA_minus_target,WSAF,W.Southern-Africa,7.129654477653128
UKESM1-1,days_abs,d_HiLLA_minus_target,ESAF,E.Southern-Africa,3.9431829569157806
UKESM1-1,days_abs,d_HiLLA_minus_target,MDG,Madagascar,-1.09667109464425
UKESM1-1,days_abs,d_HiLLA_minus_target,RAR,Russian-Arctic,-0.046225043365891616
UKESM1-1,days_abs,d_HiLLA_minus_target,WSB,W.Siberia,-1.7005220497117428
UKESM1-1,days_abs,d_HiLLA_minus_target,ESB,E.Siberia,-0.7556392861587304
UKESM1-1,days_abs,d_HiLLA_minus_target,RFE,Russian-Far-East,-0.04867169074950132
UKESM1-1,days_abs,d_HiLLA_minus_target,WCA,W.C.Asia,-0.4844076156073436
UKESM1-1,days_abs,d_HiLLA_minus_target,ECA,E.C.Asia,-0.418672849284252
UKESM1-1,days_abs,d_HiLLA_minus_target,TIB,Tibetan-Plateau,3.9449568012587166
UKESM1-1,days_abs,d_HiLLA_minus_target,EAS,E.Asia,1.9399622534510432
UKESM1-1,days_abs,d_HiLLA_minus_target,ARP,Arabian-Peninsula,1.508274003913674
UKESM1-1,days_abs,d_HiLLA_minus_target,SAS,S.Asia,11.058898261895434
UKESM1-1,days_abs,d_HiLLA_minus_target,SEA,S.E.Asia,-0.3790763674509826
UKESM1-1,days_abs,d_HiLLA_minus_target,NAU,N.Australia,-5.139721068912305
UKESM1-1,days_abs,d_HiLLA_minus_target,CAU,C.Australia,-10.472954128828391
UKESM1-1,days_abs,d_HiLLA_minus_target,EAU,E.Australia,-6.614525819865549
UKESM1-1,days_abs,d_HiLLA_minus_target,SAU,S.Australia,-7.516277142781021
UKESM1-1,days_abs,d_HiLLA_minus_target,NZ,New-Zealand,0.012341217334267778
UKESM1-1,days_abs,d_HiLLA_minus_target,EAN,E.Antarctica,
UKESM1-1,days_abs,d_HiLLA_minus_target,WAN,W.Antarctica,
