model,metric,quantity,region,region_name,value
CESM2-WACCM,days_p95,target,GIC,Greenland/Iceland,
CESM2-WACCM,days_p95,target,NWN,N.W.North-America,18.250000000000057
CESM2-WACCM,days_p95,target,NEN,N.E.North-America,18.250000000000032
CESM2-WACCM,days_p95,target,WNA,W.North-America,18.249930230777718
CESM2-WACCM,days_p95,target,CNA,C.North-America,18.249999999999982
CESM2-WACCM,days_p95,target,ENA,E.North-America,18.25
CESM2-WACCM,days_p95,target,NCA,N.Central-America,18.250000000000007
CESM2-WACCM,days_p95,target,SCA,S.Central-America,18.249999999999996
CESM2-WACCM,days_p95,target,CAR,Caribbean,18.25
CESM2-WACCM,days_p95,target,NWS,N.W.South-America,18.25
CESM2-WACCM,days_p95,target,NSA,N.South-America,18.250000000000004
CESM2-WACCM,days_p95,target,NES,N.E.South-America,18.250000000000007
CESM2-WACCM,days_p95,target,SAM,South-American-Monsoon,18.2499258339445
CESM2-WACCM,days_p95,target,SWS,S.W.South-America,18.249999999999996
CESM2-WACCM,days_p95,target,SES,S.E.South-America,18.250000000000014
CESM2-WACCM,days_p95,target,SSA,S.South-America,18.250000000000004
CESM2-WACCM,days_p95,target,NEU,N.Europe,18.249999999999996
CESM2-WACCM,days_p95,target,WCE,West&Central-Europe,18.250000000000014
CESM2-WACCM,days_p95,target,EEU,E.Europe,18.24999999999997
CESM2-WACCM,days_p95,target,MED,Mediterranean,18.249914446575623
CESM2-WACCM,days_p95,target,SAH,Sahara,18.249974700220665
CESM2-WACCM,days_p95,target,WAF,Western-Africa,18.249926625458542
CESM2-WACCM,days_p95,target,CAF,Central-Africa,18.249949065593505
CESM2-WACCM,days_p95,target,NEAF,N.Eastern-Africa,18.249999999999993
CESM2-WACCM,days_p95,target,SEAF,S.Eastern-Africa,18.25000000000002
CESM2-WACCM,days_p95,target,WSAF,W.Southern-Africa,18.24999999999999
CESM2-WACCM,days_p95,target,ESAF,E.Southern-Africa,18.250000000000014
CESM2-WACCM,days_p95,target,MDG,Madagascar,18.249999999999993
CESM2-WACCM,days_p95,target,RAR,Russian-Arctic,18.249999999999957
CESM2-WACCM,days_p95,target,WSB,W.Siberia,18.25000000000004
CESM2-WACCM,days_p95,target,ESB,E.Siberia,18.24998062344128
CESM2-WACCM,days_p95,target,RFE,Russian-Far-East,18.24999999999999
CESM2-WACCM,days_p95,target,WCA,W.C.Asia,18.249958770771425
CESM2-WACCM,days_p95,target,ECA,E.C.Asia,18.249999999999947
CESM2-WACCM,days_p95,target,TIB,Tibetan-Plateau,18.249999999999947
CESM2-WACCM,days_p95,target,EAS,E.Asia,18.249999999999975
CESM2-WACCM,days_p95,target,ARP,Arabian-Peninsula,18.249999999999975
CESM2-WACCM,days_p95,target,SAS,S.Asia,18.249999999999982
CESM2-WACCM,days_p95,target,SEA,S.E.Asia,18.249945298142393
CESM2-WACCM,days_p95,target,NAU,N.Australia,18.25000000000001
CESM2-WACCM,days_p95,target,CAU,C.Australia,18.250000000000046
CESM2-WACCM,days_p95,target,EAU,E.Australia,18.24999999999999
CESM2-WACCM,days_p95,target,SAU,S.Australia,18.25
CESM2-WACCM,days_p95,target,NZ,New-Zealand,18.25
CESM2-WACCM,days_p95,target,EAN,E.Antarctica,
CESM2-WACCM,days_p95,target,WAN,W.Antarctica,
CESM2-WACCM,days_p95,ssp245,GIC,Greenland/Iceland,
CESM2-WACCM,days_p95,ssp245,NWN,N.W.North-America,28.702514269752808
CESM2-WACCM,days_p95,ssp245,NEN,N.E.North-America,35.76919094092798
CESM2-WACCM,days_p95,ssp245,WNA,W.North-America,18.88253871193148
CESM2-WACCM,days_p95,ssp245,CNA,C.North-America,22.101942716482693
CESM2-WACCM,days_p95,ssp245,ENA,E.North-America,24.64291776895049
CESM2-WACCM,days_p95,ssp245,NCA,N.Central-America,29.408637876677577
CESM2-WACCM,days_p95,ssp245,SCA,S.Central-America,33.670896890241174
CESM2-WACCM,days_p95,ssp245,CAR,Caribbean,32.60167816772993
CESM2-WACCM,days_p95,ssp245,NWS,N.W.South-America,21.202789703029545
CESM2-WACCM,days_p95,ssp245,NSA,N.South-America,25.81607808321146
CESM2-WACCM,days_p95,ssp245,NES,N.E.South-America,22.020780484412928
CESM2-WACCM,days_p95,ssp245,SAM,South-American-Monsoon,25.258757190146607
CESM2-WACCM,days_p95,ssp245,SWS,S.W.South-America,24.948140219555142
CESM2-WACCM,days_p95,ssp245,SES,S.E.South-America,18.56289518677049
CESM2-WACCM,days_p95,ssp245,SSA,S.South-America,21.850233276825815
CESM2-WACCM,days_p95,ssp245,NEU,N.Europe,25.304558281721043
CESM2-WACCM,days_p95,ssp245,WCE,West&Central-Europe,31.220231510168645
CESM2-WACCM,days_p95,ssp245,EEU,E.Europe,29.885714135713027
CESM2-WACCM,days_p95,ssp245,MED,Mediterranean,28.23284156191692
CESM2-WACCM,days_p95,ssp245,SAH,Sahara,26.242532065490135
CESM2-WACCM,days_p95,ssp245,WAF,Western-Africa,28.87174997057847
CESM2-WACCM,days_p95,ssp245,CAF,Central-Africa,28.519452240969002
CESM2-WACCM,days_p95,ssp245,NEAF,N.Eastern-Africa,22.141024124602797
CESM2-WACCM,days_p95,ssp245,SEAF,S.Eastern-Africa,23.82754592591034
CESM2-WACCM,days_p95,ssp245,WSAF,W.Southern-Africa,25.481575525140276
CESM2-WACCM,days_p95,ssp245,ESAF,E.Southern-Africa,31.381204021452216
CESM2-WACCM,days_p95,ssp245,MDG,Madagascar,24.13279320840321
CESM2-WACCM,days_p95,ssp245,RAR,Russian-Arctic,25.598183760889523
CESM2-WACCM,days_p95,ssp245,WSB,W.Siberia,30.633461336149566
CESM2-WACCM,days_p95,ssp245,ESB,E.Siberia,26.388789085258633
CESM2-WACCM,days_p95,ssp245,RFE,Russian-Far-East,25.151577727536704
CESM2-WACCM,days_p95,ssp245,WCA,W.C.Asia,24.4958144776786
CESM2-WACCM,days_p95,ssp245,ECA,E.C.Asia,23.201255677219432
CESM2-WACCM,days_p95,ssp245,TIB,Tibetan-Plateau,28.312711146543137
CESM2-WACCM,days_p95,ssp245,EAS,E.Asia,25.136321106083052
CESM2-WACCM,days_p95,ssp245,ARP,Arabian-Peninsula,23.477934186723164
CESM2-WACCM,days_p95,ssp245,SAS,S.Asia,27.810406133397965
CESM2-WACCM,days_p95,ssp245,SEA,S.E.Asia,27.588090330811806
CESM2-WACCM,days_p95,ssp245,NAU,N.Australia,16.672193626476737
CESM2-WACCM,days_p95,ssp245,CAU,C.Australia,20.385210804733365
CESM2-WACCM,days_p95,ssp245,EAU,E.Australia,17.771610532293618
CESM2-WACCM,days_p95,ssp245,SAU,S.Australia,24.316432233406
CESM2-WACCM,days_p95,ssp245,NZ,New-Zealand,23.847880501502832
CESM2-WACCM,days_p95,ssp245,EAN,E.Antarctica,
CESM2-WACCM,days_p95,ssp245,WAN,W.Antarctica,
CESM2-WACCM,days_p95,G6-1.5K-SAI,GIC,Greenland/Iceland,
CESM2-WACCM,days_p95,G6-1.5K-SAI,NWN,N.W.North-America,20.658964492823873
CESM2-WACCM,days_p95,G6-1.5K-SAI,NEN,N.E.North-America,19.17060529578228
CESM2-WACCM,days_p95,G6-1.5K-SAI,WNA,W.North-America,11.728400396686503
CESM2-WACCM,days_p95,G6-1.5K-SAI,CNA,C.North-America,12.649804352213655
CESM2-WACCM,days_p95,G6-1.5K-SAI,ENA,E.North-America,16.098323349754637
CESM2-WACCM,days_p95,G6-1.5K-SAI,NCA,N.Central-America,17.8563934385297
CESM2-WACCM,days_p95,G6-1.5K-SAI,SCA,S.Central-America,24.674017871302766
CESM2-WACCM,days_p95,G6-1.5K-SAI,CAR,Caribbean,21.530718662677963
CESM2-WACCM,days_p95,G6-1.5K-SAI,NWS,N.W.South-America,16.25761531661793
CESM2-WACCM,days_p95,G6-1.5K-SAI,NSA,N.South-America,17.988471931958316
CESM2-WACCM,days_p95,G6-1.5K-SAI,NES,N.E.South-America,9.904925369759626
CESM2-WACCM,days_p95,G6-1.5K-SAI,SAM,South-American-Monsoon,10.859246170707626
CESM2-WACCM,days_p95,G6-1.5K-SAI,SWS,S.W.South-America,17.58400508311743
CESM2-WACCM,days_p95,G6-1.5K-SAI,SES,S.E.South-America,11.576091641814616
CESM2-WACCM,days_p95,G6-1.5K-SAI,SSA,S.South-America,15.713978025096468
CESM2-WACCM,days_p95,G6-1.5K-SAI,NEU,N.Europe,19.41851071971145
CESM2-WACCM,days_p95,G6-1.5K-SAI,WCE,West&Central-Europe,15.768476756378188
CESM2-WACCM,days_p95,G6-1.5K-SAI,EEU,E.Europe,17.711203936902944
CESM2-WACCM,days_p95,G6-1.5K-SAI,MED,Mediterranean,16.603008060259537
CESM2-WACCM,days_p95,G6-1.5K-SAI,SAH,Sahara,22.18378287672928
CESM2-WACCM,days_p95,G6-1.5K-SAI,WAF,Western-Africa,28.23443862522754
CESM2-WACCM,days_p95,G6-1.5K-SAI,CAF,Central-Africa,27.052726057975626
CESM2-WACCM,days_p95,G6-1.5K-SAI,NEAF,N.Eastern-Africa,18.91365990332206
CESM2-WACCM,days_p95,G6-1.5K-SAI,SEAF,S.Eastern-Africa,18.624889819107562
CESM2-WACCM,days_p95,G6-1.5K-SAI,WSAF,W.Southern-Africa,19.947168270951433
CESM2-WACCM,days_p95,G6-1.5K-SAI,ESAF,E.Southern-Africa,21.402143980598883
CESM2-WACCM,days_p95,G6-1.5K-SAI,MDG,Madagascar,14.267335554631075
CESM2-WACCM,days_p95,G6-1.5K-SAI,RAR,Russian-Arctic,19.858113450522307
CESM2-WACCM,days_p95,G6-1.5K-SAI,WSB,W.Siberia,22.59052007224354
CESM2-WACCM,days_p95,G6-1.5K-SAI,ESB,E.Siberia,20.69877783247239
CESM2-WACCM,days_p95,G6-1.5K-SAI,RFE,Russian-Far-East,20.539758083846646
CESM2-WACCM,days_p95,G6-1.5K-SAI,WCA,W.C.Asia,16.837454427913723
CESM2-WACCM,days_p95,G6-1.5K-SAI,ECA,E.C.Asia,18.413989196069522
CESM2-WACCM,days_p95,G6-1.5K-SAI,TIB,Tibetan-Plateau,22.819967373586604
CESM2-WACCM,days_p95,G6-1.5K-SAI,EAS,E.Asia,19.477391742517604
CESM2-WACCM,days_p95,G6-1.5K-SAI,ARP,Arabian-Peninsula,17.94967356760622
CESM2-WACCM,days_p95,G6-1.5K-SAI,SAS,S.Asia,22.96495363735358
CESM2-WACCM,days_p95,G6-1.5K-SAI,SEA,S.E.Asia,26.815373165079716
CESM2-WACCM,days_p95,G6-1.5K-SAI,NAU,N.Australia,17.345625389170724
CESM2-WACCM,days_p95,G6-1.5K-SAI,CAU,C.Australia,18.241388575755312
CESM2-WACCM,days_p95,G6-1.5K-SAI,EAU,E.Australia,14.32654616375314
CESM2-WACCM,days_p95,G6-1.5K-SAI,SAU,S.Australia,15.905072184760535
CESM2-WACCM,days_p95,G6-1.5K-SAI,NZ,New-Zealand,17.783046360416016
CESM2-WACCM,days_p95,G6-1.5K-SAI,EAN,E.Antarctica,
CESM2-WACCM,days_p95,G6-1.5K-SAI,WAN,W.Antarctica,
CESM2-WACCM,days_p95,G6-1.5K-HiLLA,GIC,Greenland/Iceland,
CESM2-WACCM,days_p95,G6-1.5K-HiLLA,NWN,N.W.North-America,19.59504521861501
CESM2-WACCM,days_p95,G6-1.5K-HiLLA,NEN,N.E.North-America,16.9414755143491
CESM2-WACCM,days_p95,G6-1.5K-HiLLA,WNA,W.North-America,13.457607991568201
CESM2-WACCM,days_p95,G6-1.5K-HiLLA,CNA,C.North-America,14.985598938975926
CESM2-WACCM,days_p95,G6-1.5K-HiLLA,ENA,E.North-America,17.107657855277473
CESM2-WACCM,days_p95,G6-1.5K-HiLLA,NCA,N.Central-America,22.300620293477955
CESM2-WACCM,days_p95,G6-1.5K-HiLLA,SCA,S.Central-America,24.47141707165264
CESM2-WACCM,days_p95,G6-1.5K-HiLLA,CAR,Caribbean,24.50956823619061
CESM2-WACCM,days_p95,G6-1.5K-HiLLA,NWS,N.W.South-America,15.560098820731172
CESM2-WACCM,days_p95,G6-1.5K-HiLLA,NSA,N.South-America,17.998266576791057
CESM2-WACCM,days_p95,G6-1.5K-HiLLA,NES,N.E.South-America,13.119431645567298
CESM2-WACCM,days_p95,G6-1.5K-HiLLA,SAM,South-American-Monsoon,13.343442425202491
CESM2-WACCM,days_p95,G6-1.5K-HiLLA,SWS,S.W.South-America,16.903528765789606
CESM2-WACCM,days_p95,G6-1.5K-HiLLA,SES,S.E.South-America,12.6581832684414
CESM2-WACCM,days_p95,G6-1.5K-HiLLA,SSA,S.South-America,16.69096276355839
CESM2-WACCM,days_p95,G6-1.5K-HiLLA,NEU,N.Europe,19.135899837500652
CESM2-WACCM,days_p95,G6-1.5K-HiLLA,WCE,West&Central-Europe,17.382247875951933
CESM2-WACCM,days_p95,G6-1.5K-HiLLA,EEU,E.Europe,15.00280953874848
CESM2-WACCM,days_p95,G6-1.5K-HiLLA,MED,Mediterranean,17.55122280352639
CESM2-WACCM,days_p95,G6-1.5K-HiLLA,SAH,Sahara,23.409223212792828
CESM2-WACCM,days_p95,G6-1.5K-HiLLA,WAF,Western-Africa,29.177721105022066
CESM2-WACCM,days_p95,G6-1.5K-HiLLA,CAF,Central-Africa,28.435736403753037
CESM2-WACCM,days_p95,G6-1.5K-HiLLA,NEAF,N.Eastern-Africa,22.595745672925254
CESM2-WACCM,days_p95,G6-1.5K-HiLLA,SEAF,S.Eastern-Africa,18.774396774968928
CESM2-WACCM,days_p95,G6-1.5K-HiLLA,WSAF,W.Southern-Africa,20.08412598238691
CESM2-WACCM,days_p95,G6-1.5K-HiLLA,ESAF,E.Southern-Africa,20.955172086279912
CESM2-WACCM,days_p95,G6-1.5K-HiLLA,MDG,Madagascar,15.076133722758652
CESM2-WACCM,days_p95,G6-1.5K-HiLLA,RAR,Russian-Arctic,18.363500207791255
CESM2-WACCM,days_p95,G6-1.5K-HiLLA,WSB,W.Siberia,15.937888546238115
CESM2-WACCM,days_p95,G6-1.5K-HiLLA,ESB,E.Siberia,17.880867294082606
CESM2-WACCM,days_p95,G6-1.5K-HiLLA,RFE,Russian-Far-East,18.153013826080482
CESM2-WACCM,days_p95,G6-1.5K-HiLLA,WCA,W.C.Asia,18.200679746758947
CESM2-WACCM,days_p95,G6-1.5K-HiLLA,ECA,E.C.Asia,18.547984263119915
CESM2-WACCM,days_p95,G6-1.5K-HiLLA,TIB,Tibetan-Plateau,27.081974215017564
CESM2-WACCM,days_p95,G6-1.5K-HiLLA,EAS,E.Asia,20.095607613053748
CESM2-WACCM,days_p95,G6-1.5K-HiLLA,ARP,Arabian-Peninsula,19.74555627624252
CESM2-WACCM,days_p95,G6-1.5K-HiLLA,SAS,S.Asia,25.011175461612492
CESM2-WACCM,days_p95,G6-1.5K-HiLLA,SEA,S.E.Asia,25.52115341671342
CESM2-WACCM,days_p95,G6-1.5K-HiLLA,NAU,N.Australia,15.204428372898558
CESM2-WACCM,days_p95,G6-1.5K-HiLLA,CAU,C.Australia,16.376388193796043
CESM2-WACCM,days_p95,G6-1.5K-HiLLA,EAU,E.Australia,14.41948667722687
CESM2-WACCM,days_p95,G6-1.5K-HiLLA,SAU,S.Australia,16.699801400786203
CESM2-WACCM,days_p95,G6-1.5K-HiLLA,NZ,New-Zealand,19.062551357796053
CESM2-WACCM,days_p95,G6-1.5K-HiLLA,EAN,E.Antarctica,
CESM2-WACCM,days_p95,G6-1.5K-HiLLA,WAN,W.Antarctica,
CESM2-WACCM,days_p95,d_ssp245_minus_target,GIC,Greenland/Iceland,
CESM2-WACCM,days_p95,d_ssp245_minus_target,NWN,N.W.North-America,10.452514269752827
CESM2-WACCM,days_p95,d_ssp245_minus_target,NEN,N.E.North-America,17.519190940928006
CESM2-WACCM,days_p95,d_ssp245_minus_target,WNA,W.North-America,0.6326084811537686
CESM2-WACCM,days_p95,d_ssp245_minus_target,CNA,C.North-America,3.851942716482703
CESM2-WACCM,days_p95,d_ssp245_minus_target,ENA,E.North-America,6.392917768950495
CESM2-WACCM,days_p95,d_ssp245_minus_target,NCA,N.Central-America,11.158637876677576
CESM2-WACCM,days_p95,d_ssp245_minus_target,SCA,S.Central-America,15.420896890241181
CESM2-WACCM,days_p95,d_ssp245_minus_target,CAR,Caribbean,14.351678167729927
CESM2-WACCM,days_p95,d_ssp245_minus_target,NWS,N.W.South-America,2.952789703029545
CESM2-WACCM,days_p95,d_ssp245_minus_target,NSA,N.South-America,7.5660780832114805
CESM2-WACCM,days_p95,d_ssp245_minus_target,NES,N.E.South-America,3.770780484412919
CESM2-WACCM,days_p95,d_ssp245_minus_target,SAM,South-American-Monsoon,7.008831356202094
CESM2-WACCM,days_p95,d_ssp245_minus_target,SWS,S.W.South-America,6.698140219555141
CESM2-WACCM,days_p95,d_ssp245_minus_target,SES,S.E.South-America,0.31289518677046635
CESM2-WACCM,days_p95,d_ssp245_minus_target,SSA,S.South-America,3.600233276825814
CESM2-WACCM,days_p95,d_ssp245_minus_target,NEU,N.Europe,7.054558281721039
CESM2-WACCM,days_p95,d_ssp245_minus_target,WCE,West&Central-Europe,12.970231510168649
CESM2-WACCM,days_p95,d_ssp245_minus_target,EEU,E.Europe,11.635714135713057
CESM2-WACCM,days_p95,d_ssp245_minus_target,MED,Mediterranean,9.982927115341267
CESM2-WACCM,days_p95,d_ssp245_minus_target,SAH,Sahara,7.9925573652695
CESM2-WACCM,days_p95,d_ssp245_minus_target,WAF,Western-Africa,10.621823345119937
CESM2-WACCM,days_p95,d_ssp245_minus_target,CAF,Central-Africa,10.269503175375496
CESM2-WACCM,days_p95,d_ssp245_minus_target,NEAF,N.Eastern-Africa,3.8910241246027932
CESM2-WACCM,days_p95,d_ssp245_minus_target,SEAF,S.Eastern-Africa,5.577545925910325
CESM2-WACCM,days_p95,d_ssp245_minus_target,WSAF,W.Southern-Africa,7.231575525140291
CESM2-WACCM,days_p95,d_ssp245_minus_target,ESAF,E.Southern-Africa,13.131204021452204
CESM2-WACCM,days_p95,d_ssp245_minus_target,MDG,Madagascar,5.882793208403215
CESM2-WACCM,days_p95,d_ssp245_minus_target,RAR,Russian-Arctic,7.348183760889517
CESM2-WACCM,days_p95,d_ssp245_minus_target,WSB,W.Siberia,12.38346133614952
CESM2-WACCM,days_p95,d_ssp245_minus_target,ESB,E.Siberia,8.13880846181731
CESM2-WACCM,days_p95,d_ssp245_minus_target,RFE,Russian-Far-East,6.901577727536749
CESM2-WACCM,days_p95,d_ssp245_minus_target,WCA,W.C.Asia,6.2458557069071405
CESM2-WACCM,days_p95,d_ssp245_minus_target,ECA,E.C.Asia,4.951255677219467
CESM2-WACCM,days_p95,d_ssp245_minus_target,TIB,Tibetan-Plateau,10.062711146543158
CESM2-WACCM,days_p95,d_ssp245_minus_target,EAS,E.Asia,6.886321106083056
CESM2-WACCM,days_p95,d_ssp245_minus_target,ARP,Arabian-Peninsula,5.227934186723188
CESM2-WACCM,days_p95,d_ssp245_minus_target,SAS,S.Asia,9.560406133397986
CESM2-WACCM,days_p95,d_ssp245_minus_target,SEA,S.E.Asia,9.338145032669438
CESM2-WACCM,days_p95,d_ssp245_minus_target,NAU,N.Australia,-1.577806373523266
CESM2-WACCM,days_p95,d_ssp245_minus_target,CAU,C.Australia,2.1352108047333154
CESM2-WACCM,days_p95,d_ssp245_minus_target,EAU,E.Australia,-0.4783894677063737
CESM2-WACCM,days_p95,d_ssp245_minus_target,SAU,S.Australia,6.066432233405991
CESM2-WACCM,days_p95,d_ssp245_minus_target,NZ,New-Zealand,5.597880501502836
CESM2-WACCM,days_p95,d_ssp245_minus_target,EAN,E.Antarctica,
CESM2-WACCM,days_p95,d_ssp245_minus_target,WAN,W.Antarctica,
CESM2-WACCM,days_p95,d_SAI_minus_ssp245,GIC,Greenland/Iceland,
CESM2-WACCM,days_p95,d_SAI_minus_ssp245,NWN,N.W.North-America,-8.043549776928936
CESM2-WACCM,days_p95,d_SAI_minus_ssp245,NEN,N.E.North-America,-16.598585645145704
CESM2-WACCM,days_p95,d_SAI_minus_ssp245,WNA,W.North-America,-7.15413831524498
CESM2-WACCM,days_p95,d_SAI_minus_ssp245,CNA,C.North-America,-9.452138364269041
CESM2-WACCM,days_p95,d_SAI_minus_ssp245,ENA,E.North-America,-8.544594419195853
CESM2-WACCM,days_p95,d_SAI_minus_ssp245,NCA,N.Central-America,-11.552244438147886
CESM2-WACCM,days_p95,d_SAI_minus_ssp245,SCA,S.Central-America,-8.996879018938417
CESM2-WACCM,days_p95,d_SAI_minus_ssp245,CAR,Caribbean,-11.070959505051965
CESM2-WACCM,days_p95,d_SAI_minus_ssp245,NWS,N.W.South-America,-4.94517438641162
CESM2-WACCM,days_p95,d_SAI_minus_ssp245,NSA,N.South-America,-7.8276061512531525
CESM2-WACCM,days_p95,d_SAI_minus_ssp245,NES,N.E.South-America,-12.115855114653293
CESM2-WACCM,days_p95,d_SAI_minus_ssp245,SAM,South-American-Monsoon,-14.399511019438979
CESM2-WACCM,days_p95,d_SAI_minus_ssp245,SWS,S.W.South-America,-7.364135136437712
CESM2-WACCM,days_p95,d_SAI_minus_ssp245,SES,S.E.South-America,-6.9868035449558725
CESM2-WACCM,days_p95,d_SAI_minus_ssp245,SSA,S.South-America,-6.136255251729347
CESM2-WACCM,days_p95,d_SAI_minus_ssp245,NEU,N.Europe,-5.886047562009607
CESM2-WACCM,days_p95,d_SAI_minus_ssp245,WCE,West&Central-Europe,-15.451754753790471
CESM2-WACCM,days_p95,d_SAI_minus_ssp245,EEU,E.Europe,-12.174510198810088
CESM2-WACCM,days_p95,d_SAI_minus_ssp245,MED,Mediterranean,-11.62983350165738
CESM2-WACCM,days_p95,d_SAI_minus_ssp245,SAH,Sahara,-4.058749188760862
CESM2-WACCM,days_p95,d_SAI_minus_ssp245,WAF,Western-Africa,-0.6373113453509157
CESM2-WACCM,days_p95,d_SAI_minus_ssp245,CAF,Central-Africa,-1.466726182993364
CESM2-WACCM,days_p95,d_SAI_minus_ssp245,NEAF,N.Eastern-Africa,-3.227364221280735
CESM2-WACCM,days_p95,d_SAI_minus_ssp245,SEAF,S.Eastern-Africa,-5.202656106802773
CESM2-WACCM,days_p95,d_SAI_minus_ssp245,WSAF,W.Southern-Africa,-5.534407254188849
CESM2-WACCM,days_p95,d_SAI_minus_ssp245,ESAF,E.Southern-Africa,-9.97906004085333
CESM2-WACCM,days_p95,d_SAI_minus_ssp245,MDG,Madagascar,-9.86545765377214
CESM2-WACCM,days_p95,d_SAI_minus_ssp245,RAR,Russian-Arctic,-5.740070310367189
CESM2-WACCM,days_p95,d_SAI_minus_ssp245,WSB,W.Siberia,-8.042941263906023
CESM2-WACCM,days_p95,d_SAI_minus_ssp245,ESB,E.Siberia,-5.690011252786229
CESM2-WACCM,days_p95,d_SAI_minus_ssp245,RFE,Russian-Far-East,-4.6118196436900645
CESM2-WACCM,days_p95,d_SAI_minus_ssp245,WCA,W.C.Asia,-7.658360049764882
CESM2-WACCM,days_p95,d_SAI_minus_ssp245,ECA,E.C.Asia,-4.78726648114991
CESM2-WACCM,days_p95,d_SAI_minus_ssp245,TIB,Tibetan-Plateau,-5.492743772956537
CESM2-WACCM,days_p95,d_SAI_minus_ssp245,EAS,E.Asia,-5.658929363565451
CESM2-WACCM,days_p95,d_SAI_minus_ssp245,ARP,Arabian-Peninsula,-5.528260619116957
CESM2-WACCM,days_p95,d_SAI_minus_ssp245,SAS,S.Asia,-4.845452496044381
CESM2-WACCM,days_p95,d_SAI_minus_ssp245,SEA,S.E.Asia,-0.7727171657321076
CESM2-WACCM,days_p95,d_SAI_minus_ssp245,NAU,N.Australia,0.6734317626939884
CESM2-WACCM,days_p95,d_SAI_minus_ssp245,CAU,C.Australia,-2.143822228978045
CESM2-WACCM,days_p95,d_SAI_minus_ssp245,EAU,E.Australia,-3.445064368540482
CESM2-WACCM,days_p95,d_SAI_minus_ssp245,SAU,S.Australia,-8.411360048645465
CESM2-WACCM,days_p95,d_SAI_minus_ssp245,NZ,New-Zealand,-6.0648341410868145
CESM2-WACCM,days_p95,d_SAI_minus_ssp245,EAN,E.Antarctica,
CESM2-WACCM,days_p95,d_SAI_minus_ssp245,WAN,W.Antarctica,
CESM2-WACCM,days_p95,d_HiLLA_minus_ssp245,GIC,Greenland/Iceland,
CESM2-WACCM,days_p95,d_HiLLA_minus_ssp245,NWN,N.W.North-America,-9.10746905113782
CESM2-WACCM,days_p95,d_HiLLA_minus_ssp245,NEN,N.E.North-America,-18.8277154265789
CESM2-WACCM,days_p95,d_HiLLA_minus_ssp245,WNA,W.North-America,-5.424930720363289
CESM2-WACCM,days_p95,d_HiLLA_minus_ssp245,CNA,C.North-America,-7.116343777506766
CESM2-WACCM,days_p95,d_HiLLA_minus_ssp245,ENA,E.North-America,-7.535259913673012
CESM2-WACCM,days_p95,d_HiLLA_minus_ssp245,NCA,N.Central-America,-7.108017583199636
CESM2-WACCM,days_p95,d_HiLLA_minus_ssp245,SCA,S.Central-America,-9.19947981858854
CESM2-WACCM,days_p95,d_HiLLA_minus_ssp245,CAR,Caribbean,-8.092109931539314
CESM2-WACCM,days_p95,d_HiLLA_minus_ssp245,NWS,N.W.South-America,-5.642690882298377
CESM2-WACCM,days_p95,d_HiLLA_minus_ssp245,NSA,N.South-America,-7.81781150642041
CESM2-WACCM,days_p95,d_HiLLA_minus_ssp245,NES,N.E.South-America,-8.901348838845621
CESM2-WACCM,days_p95,d_HiLLA_minus_ssp245,SAM,South-American-Monsoon,-11.915314764944114
CESM2-WACCM,days_p95,d_HiLLA_minus_ssp245,SWS,S.W.South-America,-8.044611453765535
CESM2-WACCM,days_p95,d_HiLLA_minus_ssp245,SES,S.E.South-America,-5.904711918329091
CESM2-WACCM,days_p95,d_HiLLA_minus_ssp245,SSA,S.South-America,-5.159270513267426
CESM2-WACCM,days_p95,d_HiLLA_minus_ssp245,NEU,N.Europe,-6.16865844422039
CESM2-WACCM,days_p95,d_HiLLA_minus_ssp245,WCE,West&Central-Europe,-13.837983634216714
CESM2-WACCM,days_p95,d_HiLLA_minus_ssp245,EEU,E.Europe,-14.882904596964552
CESM2-WACCM,days_p95,d_HiLLA_minus_ssp245,MED,Mediterranean,-10.681618758390535
CESM2-WACCM,days_p95,d_HiLLA_minus_ssp245,SAH,Sahara,-2.833308852697325
CESM2-WACCM,days_p95,d_HiLLA_minus_ssp245,WAF,Western-Africa,0.3059711344435935
CESM2-WACCM,days_p95,d_HiLLA_minus_ssp245,CAF,Central-Africa,-0.08371583721595768
CESM2-WACCM,days_p95,d_HiLLA_minus_ssp245,NEAF,N.Eastern-Africa,0.45472154832245154
CESM2-WACCM,days_p95,d_HiLLA_minus_ssp245,SEAF,S.Eastern-Africa,-5.053149150941406
CESM2-WACCM,days_p95,d_HiLLA_minus_ssp245,WSAF,W.Southern-Africa,-5.3974495427533755
CESM2-WACCM,days_p95,d_HiLLA_minus_ssp245,ESAF,E.Southern-Africa,-10.426031935172306
CESM2-WACCM,days_p95,d_HiLLA_minus_ssp245,MDG,Madagascar,-9.056659485644563
CESM2-WACCM,days_p95,d_HiLLA_minus_ssp245,RAR,Russian-Arctic,-7.234683553098261
CESM2-WACCM,days_p95,d_HiLLA_minus_ssp245,WSB,W.Siberia,-14.69557278991143
CESM2-WACCM,days_p95,d_HiLLA_minus_ssp245,ESB,E.Siberia,-8.507921791176022
CESM2-WACCM,days_p95,d_HiLLA_minus_ssp245,RFE,Russian-Far-East,-6.998563901456228
CESM2-WACCM,days_p95,d_HiLLA_minus_ssp245,WCA,W.C.Asia,-6.295134730919661
CESM2-WACCM,days_p95,d_HiLLA_minus_ssp245,ECA,E.C.Asia,-4.653271414099523
CESM2-WACCM,days_p95,d_HiLLA_minus_ssp245,TIB,Tibetan-Plateau,-1.2307369315255812
CESM2-WACCM,days_p95,d_HiLLA_minus_ssp245,EAS,E.Asia,-5.040713493029309
CESM2-WACCM,days_p95,d_HiLLA_minus_ssp245,ARP,Arabian-Peninsula,-3.7323779104806523
CESM2-WACCM,days_p95,d_HiLLA_minus_ssp245,SAS,S.Asia,-2.7992306717854727
CESM2-WACCM,days_p95,d_HiLLA_minus_ssp245,SEA,S.E.Asia,-2.0669369140984024
CESM2-WACCM,days_p95,d_HiLLA_minus_ssp245,NAU,N.Australia,-1.4677652535781827
CESM2-WACCM,days_p95,d_HiLLA_minus_ssp245,CAU,C.Australia,-4.008822610937318
CESM2-WACCM,days_p95,d_HiLLA_minus_ssp245,EAU,E.Australia,-3.3521238550667496
CESM2-WACCM,days_p95,d_HiLLA_minus_ssp245,SAU,S.Australia,-7.6166308326198
CESM2-WACCM,days_p95,d_HiLLA_minus_ssp245,NZ,New-Zealand,-4.78532914370678
CESM2-WACCM,days_p95,d_HiLLA_minus_ssp245,EAN,E.Antarctica,
CESM2-WACCM,days_p95,d_HiLLA_minus_ssp245,WAN,W.Antarctica,
CESM2-WACCM,days_p95,d_HiLLA_minus_SAI,GIC,Greenland/Iceland,
CESM2-WACCM,days_p95,d_HiLLA_minus_SAI,NWN,N.W.North-America,-1.0639192742088859
CESM2-WACCM,days_p95,d_HiLLA_minus_SAI,NEN,N.E.North-America,-2.2291297814331905
CESM2-WACCM,days_p95,d_HiLLA_minus_SAI,WNA,W.North-America,1.7292075948816918
CESM2-WACCM,days_p95,d_HiLLA_minus_SAI,CNA,C.North-America,2.335794586762275
CESM2-WACCM,days_p95,d_HiLLA_minus_SAI,ENA,E.North-America,1.0093345055228427
CESM2-WACCM,days_p95,d_HiLLA_minus_SAI,NCA,N.Central-America,4.4442268549482495
CESM2-WACCM,days_p95,d_HiLLA_minus_SAI,SCA,S.Central-America,-0.2026007996501252
CESM2-WACCM,days_p95,d_HiLLA_minus_SAI,CAR,Caribbean,2.9788495735126492
CESM2-WACCM,days_p95,d_HiLLA_minus_SAI,NWS,N.W.South-America,-0.697516495886759
CESM2-WACCM,days_p95,d_HiLLA_minus_SAI,NSA,N.South-America,0.009794644832737487
CESM2-WACCM,days_p95,d_HiLLA_minus_SAI,NES,N.E.South-America,3.214506275807673
CESM2-WACCM,days_p95,d_HiLLA_minus_SAI,SAM,South-American-Monsoon,2.4841962544948655
CESM2-WACCM,days_p95,d_HiLLA_minus_SAI,SWS,S.W.South-America,-0.6804763173278245
CESM2-WACCM,days_p95,d_HiLLA_minus_SAI,SES,S.E.South-America,1.0820916266267813
CESM2-WACCM,days_p95,d_HiLLA_minus_SAI,SSA,S.South-America,0.9769847384619227
CESM2-WACCM,days_p95,d_HiLLA_minus_SAI,NEU,N.Europe,-0.2826108822107814
CESM2-WACCM,days_p95,d_HiLLA_minus_SAI,WCE,West&Central-Europe,1.6137711195737545
CESM2-WACCM,days_p95,d_HiLLA_minus_SAI,EEU,E.Europe,-2.708394398154463
CESM2-WACCM,days_p95,d_HiLLA_minus_SAI,MED,Mediterranean,0.9482147432668451
CESM2-WACCM,days_p95,d_HiLLA_minus_SAI,SAH,Sahara,1.2254403360635364
CESM2-WACCM,days_p95,d_HiLLA_minus_SAI,WAF,Western-Africa,0.9432824797945089
CESM2-WACCM,days_p95,d_HiLLA_minus_SAI,CAF,Central-Africa,1.3830103457774063
CESM2-WACCM,days_p95,d_HiLLA_minus_SAI,NEAF,N.Eastern-Africa,3.682085769603186
CESM2-WACCM,days_p95,d_HiLLA_minus_SAI,SEAF,S.Eastern-Africa,0.14950695586136556
CESM2-WACCM,days_p95,d_HiLLA_minus_SAI,WSAF,W.Southern-Africa,0.13695771143547594
CESM2-WACCM,days_p95,d_HiLLA_minus_SAI,ESAF,E.Southern-Africa,-0.4469718943189735
CESM2-WACCM,days_p95,d_HiLLA_minus_SAI,MDG,Madagascar,0.8087981681275779
CESM2-WACCM,days_p95,d_HiLLA_minus_SAI,RAR,Russian-Arctic,-1.494613242731068
CESM2-WACCM,days_p95,d_HiLLA_minus_SAI,WSB,W.Siberia,-6.652631526005405
CESM2-WACCM,days_p95,d_HiLLA_minus_SAI,ESB,E.Siberia,-2.8179105383897975
CESM2-WACCM,days_p95,d_HiLLA_minus_SAI,RFE,Russian-Far-East,-2.386744257766159
CESM2-WACCM,days_p95,d_HiLLA_minus_SAI,WCA,W.C.Asia,1.3632253188452232
CESM2-WACCM,days_p95,d_HiLLA_minus_SAI,ECA,E.C.Asia,0.1339950670503856
CESM2-WACCM,days_p95,d_HiLLA_minus_SAI,TIB,Tibetan-Plateau,4.262006841430956
CESM2-WACCM,days_p95,d_HiLLA_minus_SAI,EAS,E.Asia,0.6182158705361451
CESM2-WACCM,days_p95,d_HiLLA_minus_SAI,ARP,Arabian-Peninsula,1.7958827086363047
CESM2-WACCM,days_p95,d_HiLLA_minus_SAI,SAS,S.Asia,2.046221824258906
CESM2-WACCM,days_p95,d_HiLLA_minus_SAI,SEA,S.E.Asia,-1.2942197483662938
CESM2-WACCM,days_p95,d_HiLLA_minus_SAI,NAU,N.Australia,-2.1411970162721707
CESM2-WACCM,days_p95,d_HiLLA_minus_SAI,CAU,C.Australia,-1.8650003819592764
CESM2-WACCM,days_p95,d_HiLLA_minus_SAI,EAU,E.Australia,0.09294051347373257
CESM2-WACCM,days_p95,d_HiLLA_minus_SAI,SAU,S.Australia,0.7947292160256629
CESM2-WACCM,days_p95,d_HiLLA_minus_SAI,NZ,New-Zealand,1.279504997380035
CESM2-WACCM,days_p95,d_HiLLA_minus_SAI,EAN,E.Antarctica,
CESM2-WACCM,days_p95,d_HiLLA_minus_SAI,WAN,W.Antarctica,
CESM2-WACCM,days_p95,d_SAI_minus_target,GIC,Greenland/Iceland,
CESM2-WACCM,days_p95,d_SAI_minus_target,NWN,N.W.North-America,2.4089644928238876
CESM2-WACCM,days_p95,d_SAI_minus_target,NEN,N.E.North-America,0.9206052957822921
CESM2-WACCM,days_p95,d_SAI_minus_target,WNA,W.North-America,-6.521529834091212
CESM2-WACCM,days_p95,d_SAI_minus_target,CNA,C.North-America,-5.600195647786342
CESM2-WACCM,days_p95,d_SAI_minus_target,ENA,E.North-America,-2.1516766502453573
CESM2-WACCM,days_p95,d_SAI_minus_target,NCA,N.Central-America,-0.3936065614703118
CESM2-WACCM,days_p95,d_SAI_minus_target,SCA,S.Central-America,6.424017871302763
CESM2-WACCM,days_p95,d_SAI_minus_target,CAR,Caribbean,3.2807186626779625
CESM2-WACCM,days_p95,d_SAI_minus_target,NWS,N.W.South-America,-1.9923846833820746
CESM2-WACCM,days_p95,d_SAI_minus_target,NSA,N.South-America,-0.26152806804166934
CESM2-WACCM,days_p95,d_SAI_minus_target,NES,N.E.South-America,-8.345074630240376
CESM2-WACCM,days_p95,d_SAI_minus_target,SAM,South-American-Monsoon,-7.390679663236884
CESM2-WACCM,days_p95,d_SAI_minus_target,SWS,S.W.South-America,-0.6659949168825686
CESM2-WACCM,days_p95,d_SAI_minus_target,SES,S.E.South-America,-6.673908358185407
CESM2-WACCM,days_p95,d_SAI_minus_target,SSA,S.South-America,-2.5360219749035338
CESM2-WACCM,days_p95,d_SAI_minus_target,NEU,N.Europe,1.1685107197114315
CESM2-WACCM,days_p95,d_SAI_minus_target,WCE,West&Central-Europe,-2.4815232436218113
CESM2-WACCM,days_p95,d_SAI_minus_target,EEU,E.Europe,-0.5387960630970311
CESM2-WACCM,days_p95,d_SAI_minus_target,MED,Mediterranean,-1.6469063863161078
CESM2-WACCM,days_p95,d_SAI_minus_target,SAH,Sahara,3.933808176508639
CESM2-WACCM,days_p95,d_SAI_minus_target,WAF,Western-Africa,9.984511999769024
CESM2-WACCM,days_p95,d_SAI_minus_target,CAF,Central-Africa,8.802776992382132
CESM2-WACCM,days_p95,d_SAI_minus_target,NEAF,N.Eastern-Africa,0.6636599033220588
CESM2-WACCM,days_p95,d_SAI_minus_target,SEAF,S.Eastern-Africa,0.37488981910755215
CESM2-WACCM,days_p95,d_SAI_minus_target,WSAF,W.Southern-Africa,1.6971682709514408
CESM2-WACCM,days_p95,d_SAI_minus_target,ESAF,E.Southern-Africa,3.15214398059887
CESM2-WACCM,days_p95,d_SAI_minus_target,MDG,Madagascar,-3.9826644453689246
CESM2-WACCM,days_p95,d_SAI_minus_target,RAR,Russian-Arctic,1.6081134505223267
CESM2-WACCM,days_p95,d_SAI_minus_target,WSB,W.Siberia,4.340520072243491
CESM2-WACCM,days_p95,d_SAI_minus_target,ESB,E.Siberia,2.4487972090310866
CESM2-WACCM,days_p95,d_SAI_minus_target,RFE,Russian-Far-East,2.2897580838466847
CESM2-WACCM,days_p95,d_SAI_minus_target,WCA,W.C.Asia,-1.412504342857745
CESM2-WACCM,days_p95,d_SAI_minus_target,ECA,E.C.Asia,0.16398919606955945
CESM2-WACCM,days_p95,d_SAI_minus_target,TIB,Tibetan-Plateau,4.569967373586617
CESM2-WACCM,days_p95,d_SAI_minus_target,EAS,E.Asia,1.227391742517602
CESM2-WACCM,days_p95,d_SAI_minus_target,ARP,Arabian-Peninsula,-0.30032643239376755
CESM2-WACCM,days_p95,d_SAI_minus_target,SAS,S.Asia,4.714953637353608
CESM2-WACCM,days_p95,d_SAI_minus_target,SEA,S.E.Asia,8.565427866937332
CESM2-WACCM,days_p95,d_SAI_minus_target,NAU,N.Australia,-0.9043746108292776
CESM2-WACCM,days_p95,d_SAI_minus_target,CAU,C.Australia,-0.008611424244728914
CESM2-WACCM,days_p95,d_SAI_minus_target,EAU,E.Australia,-3.9234538362468556
CESM2-WACCM,days_p95,d_SAI_minus_target,SAU,S.Australia,-2.344927815239472
CESM2-WACCM,days_p95,d_SAI_minus_target,NZ,New-Zealand,-0.46695363958397906
CESM2-WACCM,days_p95,d_SAI_minus_target,EAN,E.Antarctica,
CESM2-WACCM,days_p95,d_SAI_minus_target,WAN,W.Antarctica,
CESM2-WACCM,days_p95,d_HiLLA_minus_target,GIC,Greenland/Iceland,
CESM2-WACCM,days_p95,d_HiLLA_minus_target,NWN,N.W.North-America,1.3450452186150017
CESM2-WACCM,days_p95,d_HiLLA_minus_target,NEN,N.E.North-America,-1.308524485650897
CESM2-WACCM,days_p95,d_HiLLA_minus_target,WNA,W.North-America,-4.792322239209519
CESM2-WACCM,days_p95,d_HiLLA_minus_target,CNA,C.North-America,-3.2644010610240657
CESM2-WACCM,days_p95,d_HiLLA_minus_target,ENA,E.North-America,-1.1423421447225157
CESM2-WACCM,days_p95,d_HiLLA_minus_target,NCA,N.Central-America,4.050620293477937
CESM2-WACCM,days_p95,d_HiLLA_minus_target,SCA,S.Central-America,6.22141707165264
CESM2-WACCM,days_p95,d_HiLLA_minus_target,CAR,Caribbean,6.259568236190612
CESM2-WACCM,days_p95,d_HiLLA_minus_target,NWS,N.W.South-America,-2.6899011792688334
CESM2-WACCM,days_p95,d_HiLLA_minus_target,NSA,N.South-America,-0.25173342320893255
CESM2-WACCM,days_p95,d_HiLLA_minus_target,NES,N.E.South-America,-5.130568354432701
CESM2-WACCM,days_p95,d_HiLLA_minus_target,SAM,South-American-Monsoon,-4.9064834087420195
CESM2-WACCM,days_p95,d_HiLLA_minus_target,SWS,S.W.South-America,-1.3464712342103928
CESM2-WACCM,days_p95,d_HiLLA_minus_target,SES,S.E.South-America,-5.591816731558625
CESM2-WACCM,days_p95,d_HiLLA_minus_target,SSA,S.South-America,-1.5590372364416105
CESM2-WACCM,days_p95,d_HiLLA_minus_target,NEU,N.Europe,0.8858998375006503
CESM2-WACCM,days_p95,d_HiLLA_minus_target,WCE,West&Central-Europe,-0.8677521240480577
CESM2-WACCM,days_p95,d_HiLLA_minus_target,EEU,E.Europe,-3.247190461251493
CESM2-WACCM,days_p95,d_HiLLA_minus_target,MED,Mediterranean,-0.6986916430492623
CESM2-WACCM,days_p95,d_HiLLA_minus_target,SAH,Sahara,5.159248512572173
CESM2-WACCM,days_p95,d_HiLLA_minus_target,WAF,Western-Africa,10.927794479563538
CESM2-WACCM,days_p95,d_HiLLA_minus_target,CAF,Central-Africa,10.18578733815954
CESM2-WACCM,days_p95,d_HiLLA_minus_target,NEAF,N.Eastern-Africa,4.3457456729252435
CESM2-WACCM,days_p95,d_HiLLA_minus_target,SEAF,S.Eastern-Africa,0.524396774968918
CESM2-WACCM,days_p95,d_HiLLA_minus_target,WSAF,W.Southern-Africa,1.8341259823869167
CESM2-WACCM,days_p95,d_HiLLA_minus_target,ESAF,E.Southern-Africa,2.7051720862798967
CESM2-WACCM,days_p95,d_HiLLA_minus_target,MDG,Madagascar,-3.173866277241346
CESM2-WACCM,days_p95,d_HiLLA_minus_target,RAR,Russian-Arctic,0.11350020779125838
CESM2-WACCM,days_p95,d_HiLLA_minus_target,WSB,W.Siberia,-2.312111453761915
CESM2-WACCM,days_p95,d_HiLLA_minus_target,ESB,E.Siberia,-0.3691133293587088
CESM2-WACCM,days_p95,d_HiLLA_minus_target,RFE,Russian-Far-East,-0.09698617391947532
CESM2-WACCM,days_p95,d_HiLLA_minus_target,WCA,W.C.Asia,-0.04927902401252192
CESM2-WACCM,days_p95,d_HiLLA_minus_target,ECA,E.C.Asia,0.2979842631199451
CESM2-WACCM,days_p95,d_HiLLA_minus_target,TIB,Tibetan-Plateau,8.831974215017574
CESM2-WACCM,days_p95,d_HiLLA_minus_target,EAS,E.Asia,1.845607613053748
CESM2-WACCM,days_p95,d_HiLLA_minus_target,ARP,Arabian-Peninsula,1.4955562762425376
CESM2-WACCM,days_p95,d_HiLLA_minus_target,SAS,S.Asia,6.761175461612513
CESM2-WACCM,days_p95,d_HiLLA_minus_target,SEA,S.E.Asia,7.271208118571034
CESM2-WACCM,days_p95,d_HiLLA_minus_target,NAU,N.Australia,-3.045571627101449
CESM2-WACCM,days_p95,d_HiLLA_minus_target,CAU,C.Australia,-1.8736118062040052
CESM2-WACCM,days_p95,d_HiLLA_minus_target,EAU,E.Australia,-3.830513322773123
CESM2-WACCM,days_p95,d_HiLLA_minus_target,SAU,S.Australia,-1.5501985992138092
CESM2-WACCM,days_p95,d_HiLLA_minus_target,NZ,New-Zealand,0.8125513577960557
CESM2-WACCM,days_p95,d_HiLLA_minus_target,EAN,E.Antarctica,
CESM2-WACCM,days_p95,d_HiLLA_minus_target,WAN,W.Antarctica,
CESM2-WACCM,fwi_fs,target,GIC,Greenland/Iceland,
CESM2-WACCM,fwi_fs,target,NWN,N.W.North-America,2.0658765729017996
CESM2-WACCM,fwi_fs,target,NEN,N.E.North-America,1.7162395297929893
CESM2-WACCM,fwi_fs,target,WNA,W.North-America,27.750599091809082
CESM2-WACCM,fwi_fs,target,CNA,C.North-America,28.34193643842181
CESM2-WACCM,fwi_fs,target,ENA,E.North-America,5.214568863000166
CESM2-WACCM,fwi_fs,target,NCA,N.Central-America,27.889454652761675
CESM2-WACCM,fwi_fs,target,SCA,S.Central-America,11.371587947955971
CESM2-WACCM,fwi_fs,target,CAR,Caribbean,14.057451200747527
CESM2-WACCM,fwi_fs,target,NWS,N.W.South-America,9.476253844106031
CESM2-WACCM,fwi_fs,target,NSA,N.South-America,14.721925271089777
CESM2-WACCM,fwi_fs,target,NES,N.E.South-America,34.3126567801811
CESM2-WACCM,fwi_fs,target,SAM,South-American-Monsoon,31.114831862235786
CESM2-WACCM,fwi_fs,target,SWS,S.W.South-America,24.230831783410256
CESM2-WACCM,fwi_fs,target,SES,S.E.South-America,22.038471843040494
CESM2-WACCM,fwi_fs,target,SSA,S.South-America,12.475248268171834
CESM2-WACCM,fwi_fs,target,NEU,N.Europe,2.494091986190903
CESM2-WACCM,fwi_fs,target,WCE,West&Central-Europe,12.884716495739132
CESM2-WACCM,fwi_fs,target,EEU,E.Europe,17.777481889926843
CESM2-WACCM,fwi_fs,target,MED,Mediterranean,37.800378726645185
CESM2-WACCM,fwi_fs,target,SAH,Sahara,63.363215302824564
CESM2-WACCM,fwi_fs,target,WAF,Western-Africa,51.56215257520005
CESM2-WACCM,fwi_fs,target,CAF,Central-Africa,27.448879221998897
CESM2-WACCM,fwi_fs,target,NEAF,N.Eastern-Africa,44.96243168337531
CESM2-WACCM,fwi_fs,target,SEAF,S.Eastern-Africa,25.59766233403873
CESM2-WACCM,fwi_fs,target,WSAF,W.Southern-Africa,37.68234577054967
CESM2-WACCM,fwi_fs,target,ESAF,E.Southern-Africa,25.935331166198388
CESM2-WACCM,fwi_fs,target,MDG,Madagascar,17.325813572941495
CESM2-WACCM,fwi_fs,target,RAR,Russian-Arctic,0.9180408250041158
CESM2-WACCM,fwi_fs,target,WSB,W.Siberia,16.340032305478115
CESM2-WACCM,fwi_fs,target,ESB,E.Siberia,4.344224861478576
CESM2-WACCM,fwi_fs,target,RFE,Russian-Far-East,1.3660612083584802
CESM2-WACCM,fwi_fs,target,WCA,W.C.Asia,53.63722944922789
CESM2-WACCM,fwi_fs,target,ECA,E.C.Asia,26.155903152144237
CESM2-WACCM,fwi_fs,target,TIB,Tibetan-Plateau,4.837964360086889
CESM2-WACCM,fwi_fs,target,EAS,E.Asia,6.059644989340713
CESM2-WACCM,fwi_fs,target,ARP,Arabian-Peninsula,62.1342356752979
CESM2-WACCM,fwi_fs,target,SAS,S.Asia,37.51984726680065
CESM2-WACCM,fwi_fs,target,SEA,S.E.Asia,7.413402583994718
CESM2-WACCM,fwi_fs,target,NAU,N.Australia,41.23130864449156
CESM2-WACCM,fwi_fs,target,CAU,C.Australia,46.20233451709051
CESM2-WACCM,fwi_fs,target,EAU,E.Australia,14.99054885726258
CESM2-WACCM,fwi_fs,target,SAU,S.Australia,25.94092618609096
CESM2-WACCM,fwi_fs,target,NZ,New-Zealand,1.7115814501775561
CESM2-WACCM,fwi_fs,target,EAN,E.Antarctica,
CESM2-WACCM,fwi_fs,target,WAN,W.Antarctica,
CESM2-WACCM,fwi_fs,ssp245,GIC,Greenland/Iceland,
CESM2-WACCM,fwi_fs,ssp245,NWN,N.W.North-America,2.7207978281399003
CESM2-WACCM,fwi_fs,ssp245,NEN,N.E.North-America,2.6741508139238226
CESM2-WACCM,fwi_fs,ssp245,WNA,W.North-America,27.34677442724785
CESM2-WACCM,fwi_fs,ssp245,CNA,C.North-America,29.60113607051868
CESM2-WACCM,fwi_fs,ssp245,ENA,E.North-America,5.727416286388575
CESM2-WACCM,fwi_fs,ssp245,NCA,N.Central-America,30.022675192661158
CESM2-WACCM,fwi_fs,ssp245,SCA,S.Central-America,13.446191965126603
CESM2-WACCM,fwi_fs,ssp245,CAR,Caribbean,15.275969832540854
CESM2-WACCM,fwi_fs,ssp245,NWS,N.W.South-America,9.464321595058204
CESM2-WACCM,fwi_fs,ssp245,NSA,N.South-America,15.694469633595098
CESM2-WACCM,fwi_fs,ssp245,NES,N.E.South-America,34.82844477216147
CESM2-WACCM,fwi_fs,ssp245,SAM,South-American-Monsoon,32.38259210584658
CESM2-WACCM,fwi_fs,ssp245,SWS,S.W.South-America,24.925847824756033
CESM2-WACCM,fwi_fs,ssp245,SES,S.E.South-America,21.705908560873187
CESM2-WACCM,fwi_fs,ssp245,SSA,S.South-America,12.14815713862223
CESM2-WACCM,fwi_fs,ssp245,NEU,N.Europe,3.0208903359693955
CESM2-WACCM,fwi_fs,ssp245,WCE,West&Central-Europe,16.504723927607074
CESM2-WACCM,fwi_fs,ssp245,EEU,E.Europe,20.81822349578976
CESM2-WACCM,fwi_fs,ssp245,MED,Mediterranean,41.23391219275342
CESM2-WACCM,fwi_fs,ssp245,SAH,Sahara,66.22097500793015
CESM2-WACCM,fwi_fs,ssp245,WAF,Western-Africa,54.93394852345168
CESM2-WACCM,fwi_fs,ssp245,CAF,Central-Africa,29.414238573440436
CESM2-WACCM,fwi_fs,ssp245,NEAF,N.Eastern-Africa,45.65175927942693
CESM2-WACCM,fwi_fs,ssp245,SEAF,S.Eastern-Africa,26.238452778319584
CESM2-WACCM,fwi_fs,ssp245,WSAF,W.Southern-Africa,40.031776810559634
CESM2-WACCM,fwi_fs,ssp245,ESAF,E.Southern-Africa,29.312984331412565
CESM2-WACCM,fwi_fs,ssp245,MDG,Madagascar,18.333672311966723
CESM2-WACCM,fwi_fs,ssp245,RAR,Russian-Arctic,1.241265477221348
CESM2-WACCM,fwi_fs,ssp245,WSB,W.Siberia,18.8386960815566
CESM2-WACCM,fwi_fs,ssp245,ESB,E.Siberia,5.170278750117097
CESM2-WACCM,fwi_fs,ssp245,RFE,Russian-Far-East,1.6816358589773424
CESM2-WACCM,fwi_fs,ssp245,WCA,W.C.Asia,55.87230870797204
CESM2-WACCM,fwi_fs,ssp245,ECA,E.C.Asia,27.62538247422105
CESM2-WACCM,fwi_fs,ssp245,TIB,Tibetan-Plateau,5.684896326389198
CESM2-WACCM,fwi_fs,ssp245,EAS,E.Asia,6.8413941379698295
CESM2-WACCM,fwi_fs,ssp245,ARP,Arabian-Peninsula,63.62534125597165
CESM2-WACCM,fwi_fs,ssp245,SAS,S.Asia,40.34273491781181
CESM2-WACCM,fwi_fs,ssp245,SEA,S.E.Asia,8.509023240200486
CESM2-WACCM,fwi_fs,ssp245,NAU,N.Australia,41.039194907531105
CESM2-WACCM,fwi_fs,ssp245,CAU,C.Australia,45.92286081624499
CESM2-WACCM,fwi_fs,ssp245,EAU,E.Australia,14.437516048501553
CESM2-WACCM,fwi_fs,ssp245,SAU,S.Australia,27.428111783118613
CESM2-WACCM,fwi_fs,ssp245,NZ,New-Zealand,1.9600327589127102
CESM2-WACCM,fwi_fs,ssp245,EAN,E.Antarctica,
CESM2-WACCM,fwi_fs,ssp245,WAN,W.Antarctica,
CESM2-WACCM,fwi_fs,G6-1.5K-SAI,GIC,Greenland/Iceland,
CESM2-WACCM,fwi_fs,G6-1.5K-SAI,NWN,N.W.North-America,2.0958678762258223
CESM2-WACCM,fwi_fs,G6-1.5K-SAI,NEN,N.E.North-America,1.7428730631269997
CESM2-WACCM,fwi_fs,G6-1.5K-SAI,WNA,W.North-America,24.713846581303958
CESM2-WACCM,fwi_fs,G6-1.5K-SAI,CNA,C.North-America,24.867032980576724
CESM2-WACCM,fwi_fs,G6-1.5K-SAI,ENA,E.North-America,4.635086275049188
CESM2-WACCM,fwi_fs,G6-1.5K-SAI,NCA,N.Central-America,26.538043108193317
CESM2-WACCM,fwi_fs,G6-1.5K-SAI,SCA,S.Central-America,12.21473954400624
CESM2-WACCM,fwi_fs,G6-1.5K-SAI,CAR,Caribbean,13.708111211680269
CESM2-WACCM,fwi_fs,G6-1.5K-SAI,NWS,N.W.South-America,8.831542021209692
CESM2-WACCM,fwi_fs,G6-1.5K-SAI,NSA,N.South-America,14.457190191472417
CESM2-WACCM,fwi_fs,G6-1.5K-SAI,NES,N.E.South-America,31.741781606717385
CESM2-WACCM,fwi_fs,G6-1.5K-SAI,SAM,South-American-Monsoon,28.692763406996615
CESM2-WACCM,fwi_fs,G6-1.5K-SAI,SWS,S.W.South-America,23.423331964613013
CESM2-WACCM,fwi_fs,G6-1.5K-SAI,SES,S.E.South-America,19.250913614578828
CESM2-WACCM,fwi_fs,G6-1.5K-SAI,SSA,S.South-America,10.827708588395586
CESM2-WACCM,fwi_fs,G6-1.5K-SAI,NEU,N.Europe,2.5420302977023526
CESM2-WACCM,fwi_fs,G6-1.5K-SAI,WCE,West&Central-Europe,12.196505923345448
CESM2-WACCM,fwi_fs,G6-1.5K-SAI,EEU,E.Europe,17.168529856374587
CESM2-WACCM,fwi_fs,G6-1.5K-SAI,MED,Mediterranean,37.34147176830782
CESM2-WACCM,fwi_fs,G6-1.5K-SAI,SAH,Sahara,64.65409202635624
CESM2-WACCM,fwi_fs,G6-1.5K-SAI,WAF,Western-Africa,54.394280986180455
CESM2-WACCM,fwi_fs,G6-1.5K-SAI,CAF,Central-Africa,29.09466755806185
CESM2-WACCM,fwi_fs,G6-1.5K-SAI,NEAF,N.Eastern-Africa,44.697879984772705
CESM2-WACCM,fwi_fs,G6-1.5K-SAI,SEAF,S.Eastern-Africa,25.487844390785746
CESM2-WACCM,fwi_fs,G6-1.5K-SAI,WSAF,W.Southern-Africa,37.96589296530587
CESM2-WACCM,fwi_fs,G6-1.5K-SAI,ESAF,E.Southern-Africa,26.71982533881528
CESM2-WACCM,fwi_fs,G6-1.5K-SAI,MDG,Madagascar,16.176654012067097
CESM2-WACCM,fwi_fs,G6-1.5K-SAI,RAR,Russian-Arctic,0.9732147107762541
CESM2-WACCM,fwi_fs,G6-1.5K-SAI,WSB,W.Siberia,17.156845843507504
CESM2-WACCM,fwi_fs,G6-1.5K-SAI,ESB,E.Siberia,4.635689153935556
CESM2-WACCM,fwi_fs,G6-1.5K-SAI,RFE,Russian-Far-East,1.4482579487560834
CESM2-WACCM,fwi_fs,G6-1.5K-SAI,WCA,W.C.Asia,53.33513596227187
CESM2-WACCM,fwi_fs,G6-1.5K-SAI,ECA,E.C.Asia,26.461714266417715
CESM2-WACCM,fwi_fs,G6-1.5K-SAI,TIB,Tibetan-Plateau,5.20189213466344
CESM2-WACCM,fwi_fs,G6-1.5K-SAI,EAS,E.Asia,6.160904327924571
CESM2-WACCM,fwi_fs,G6-1.5K-SAI,ARP,Arabian-Peninsula,62.14221754926379
CESM2-WACCM,fwi_fs,G6-1.5K-SAI,SAS,S.Asia,38.57708543956283
CESM2-WACCM,fwi_fs,G6-1.5K-SAI,SEA,S.E.Asia,8.493303231855247
CESM2-WACCM,fwi_fs,G6-1.5K-SAI,NAU,N.Australia,41.85164670999043
CESM2-WACCM,fwi_fs,G6-1.5K-SAI,CAU,C.Australia,46.479038130768345
CESM2-WACCM,fwi_fs,G6-1.5K-SAI,EAU,E.Australia,14.388841866683816
CESM2-WACCM,fwi_fs,G6-1.5K-SAI,SAU,S.Australia,25.35096568829404
CESM2-WACCM,fwi_fs,G6-1.5K-SAI,NZ,New-Zealand,1.658513500705023
CESM2-WACCM,fwi_fs,G6-1.5K-SAI,EAN,E.Antarctica,
CESM2-WACCM,fwi_fs,G6-1.5K-SAI,WAN,W.Antarctica,
CESM2-WACCM,fwi_fs,G6-1.5K-HiLLA,GIC,Greenland/Iceland,
CESM2-WACCM,fwi_fs,G6-1.5K-HiLLA,NWN,N.W.North-America,2.0146540909950374
CESM2-WACCM,fwi_fs,G6-1.5K-HiLLA,NEN,N.E.North-America,1.6795186872291534
CESM2-WACCM,fwi_fs,G6-1.5K-HiLLA,WNA,W.North-America,25.581843858973798
CESM2-WACCM,fwi_fs,G6-1.5K-HiLLA,CNA,C.North-America,25.73929809736544
CESM2-WACCM,fwi_fs,G6-1.5K-HiLLA,ENA,E.North-America,4.862612982710188
CESM2-WACCM,fwi_fs,G6-1.5K-HiLLA,NCA,N.Central-America,28.117938919769266
CESM2-WACCM,fwi_fs,G6-1.5K-HiLLA,SCA,S.Central-America,12.154431578239064
CESM2-WACCM,fwi_fs,G6-1.5K-HiLLA,CAR,Caribbean,14.083336860462074
CESM2-WACCM,fwi_fs,G6-1.5K-HiLLA,NWS,N.W.South-America,8.618933098007016
CESM2-WACCM,fwi_fs,G6-1.5K-HiLLA,NSA,N.South-America,14.279066614030103
CESM2-WACCM,fwi_fs,G6-1.5K-HiLLA,NES,N.E.South-America,32.28652915182138
CESM2-WACCM,fwi_fs,G6-1.5K-HiLLA,SAM,South-American-Monsoon,29.113680659522423
CESM2-WACCM,fwi_fs,G6-1.5K-HiLLA,SWS,S.W.South-America,23.290435350420072
CESM2-WACCM,fwi_fs,G6-1.5K-HiLLA,SES,S.E.South-America,19.474690360356753
CESM2-WACCM,fwi_fs,G6-1.5K-HiLLA,SSA,S.South-America,11.30823843868287
CESM2-WACCM,fwi_fs,G6-1.5K-HiLLA,NEU,N.Europe,2.5644342424174416
CESM2-WACCM,fwi_fs,G6-1.5K-HiLLA,WCE,West&Central-Europe,12.602610216106378
CESM2-WACCM,fwi_fs,G6-1.5K-HiLLA,EEU,E.Europe,16.245676615338247
CESM2-WACCM,fwi_fs,G6-1.5K-HiLLA,MED,Mediterranean,37.75832777747699
CESM2-WACCM,fwi_fs,G6-1.5K-HiLLA,SAH,Sahara,65.15529211897689
CESM2-WACCM,fwi_fs,G6-1.5K-HiLLA,WAF,Western-Africa,54.85995838029116
CESM2-WACCM,fwi_fs,G6-1.5K-HiLLA,CAF,Central-Africa,29.412578449658913
CESM2-WACCM,fwi_fs,G6-1.5K-HiLLA,NEAF,N.Eastern-Africa,46.0006666874047
CESM2-WACCM,fwi_fs,G6-1.5K-HiLLA,SEAF,S.Eastern-Africa,25.088198799040818
CESM2-WACCM,fwi_fs,G6-1.5K-HiLLA,WSAF,W.Southern-Africa,38.155177335510764
CESM2-WACCM,fwi_fs,G6-1.5K-HiLLA,ESAF,E.Southern-Africa,26.331042151657314
CESM2-WACCM,fwi_fs,G6-1.5K-HiLLA,MDG,Madagascar,16.353454419621798
CESM2-WACCM,fwi_fs,G6-1.5K-HiLLA,RAR,Russian-Arctic,0.9110733959258083
CESM2-WACCM,fwi_fs,G6-1.5K-HiLLA,WSB,W.Siberia,15.447236463304653
CESM2-WACCM,fwi_fs,G6-1.5K-HiLLA,ESB,E.Siberia,4.2800810156175
CESM2-WACCM,fwi_fs,G6-1.5K-HiLLA,RFE,Russian-Far-East,1.305665326171737
CESM2-WACCM,fwi_fs,G6-1.5K-HiLLA,WCA,W.C.Asia,53.47471975726872
CESM2-WACCM,fwi_fs,G6-1.5K-HiLLA,ECA,E.C.Asia,26.259958758015266
CESM2-WACCM,fwi_fs,G6-1.5K-HiLLA,TIB,Tibetan-Plateau,5.438013636879478
CESM2-WACCM,fwi_fs,G6-1.5K-HiLLA,EAS,E.Asia,6.150119798153578
CESM2-WACCM,fwi_fs,G6-1.5K-HiLLA,ARP,Arabian-Peninsula,62.5272271824598
CESM2-WACCM,fwi_fs,G6-1.5K-HiLLA,SAS,S.Asia,38.88722155631318
CESM2-WACCM,fwi_fs,G6-1.5K-HiLLA,SEA,S.E.Asia,8.040343031948874
CESM2-WACCM,fwi_fs,G6-1.5K-HiLLA,NAU,N.Australia,39.69515161418819
CESM2-WACCM,fwi_fs,G6-1.5K-HiLLA,CAU,C.Australia,43.12228720957489
CESM2-WACCM,fwi_fs,G6-1.5K-HiLLA,EAU,E.Australia,13.699021813927999
CESM2-WACCM,fwi_fs,G6-1.5K-HiLLA,SAU,S.Australia,24.967783093225897
CESM2-WACCM,fwi_fs,G6-1.5K-HiLLA,NZ,New-Zealand,1.7250944915819195
CESM2-WACCM,fwi_fs,G6-1.5K-HiLLA,EAN,E.Antarctica,
CESM2-WACCM,fwi_fs,G6-1.5K-HiLLA,WAN,W.Antarctica,
CESM2-WACCM,fwi_fs,d_ssp245_minus_target,GIC,Greenland/Iceland,
CESM2-WACCM,fwi_fs,d_ssp245_minus_target,NWN,N.W.North-America,0.6549212552381013
CESM2-WACCM,fwi_fs,d_ssp245_minus_target,NEN,N.E.North-America,0.9579112841308339
CESM2-WACCM,fwi_fs,d_ssp245_minus_target,WNA,W.North-America,-0.40382466456122823
CESM2-WACCM,fwi_fs,d_ssp245_minus_target,CNA,C.North-America,1.2591996320968788
CESM2-WACCM,fwi_fs,d_ssp245_minus_target,ENA,E.North-America,0.5128474233884046
CESM2-WACCM,fwi_fs,d_ssp245_minus_target,NCA,N.Central-America,2.1332205398994932
CESM2-WACCM,fwi_fs,d_ssp245_minus_target,SCA,S.Central-America,2.074604017170633
CESM2-WACCM,fwi_fs,d_ssp245_minus_target,CAR,Caribbean,1.218518631793327
CESM2-WACCM,fwi_fs,d_ssp245_minus_target,NWS,N.W.South-America,-0.01193224904782824
CESM2-WACCM,fwi_fs,d_ssp245_minus_target,NSA,N.South-America,0.9725443625053167
CESM2-WACCM,fwi_fs,d_ssp245_minus_target,NES,N.E.South-America,0.5157879919803673
CESM2-WACCM,fwi_fs,d_ssp245_minus_target,SAM,South-American-Monsoon,1.267760243610811
CESM2-WACCM,fwi_fs,d_ssp245_minus_target,SWS,S.W.South-America,0.6950160413457824
CESM2-WACCM,fwi_fs,d_ssp245_minus_target,SES,S.E.South-America,-0.33256328216730363
CESM2-WACCM,fwi_fs,d_ssp245_minus_target,SSA,S.South-America,-0.327091129549605
CESM2-WACCM,fwi_fs,d_ssp245_minus_target,NEU,N.Europe,0.5267983497784934
CESM2-WACCM,fwi_fs,d_ssp245_minus_target,WCE,West&Central-Europe,3.620007431867936
CESM2-WACCM,fwi_fs,d_ssp245_minus_target,EEU,E.Europe,3.0407416058629164
CESM2-WACCM,fwi_fs,d_ssp245_minus_target,MED,Mediterranean,3.4335334661082193
CESM2-WACCM,fwi_fs,d_ssp245_minus_target,SAH,Sahara,2.8577597051055763
CESM2-WACCM,fwi_fs,d_ssp245_minus_target,WAF,Western-Africa,3.371795948251615
CESM2-WACCM,fwi_fs,d_ssp245_minus_target,CAF,Central-Africa,1.9653593514415328
CESM2-WACCM,fwi_fs,d_ssp245_minus_target,NEAF,N.Eastern-Africa,0.689327596051635
CESM2-WACCM,fwi_fs,d_ssp245_minus_target,SEAF,S.Eastern-Africa,0.6407904442808566
CESM2-WACCM,fwi_fs,d_ssp245_minus_target,WSAF,W.Southern-Africa,2.3494310400099696
CESM2-WACCM,fwi_fs,d_ssp245_minus_target,ESAF,E.Southern-Africa,3.37765316521417
CESM2-WACCM,fwi_fs,d_ssp245_minus_target,MDG,Madagascar,1.0078587390252256
CESM2-WACCM,fwi_fs,d_ssp245_minus_target,RAR,Russian-Arctic,0.3232246522172336
CESM2-WACCM,fwi_fs,d_ssp245_minus_target,WSB,W.Siberia,2.498663776078473
CESM2-WACCM,fwi_fs,d_ssp245_minus_target,ESB,E.Siberia,0.8260538886385221
CESM2-WACCM,fwi_fs,d_ssp245_minus_target,RFE,Russian-Far-East,0.31557465061886203
CESM2-WACCM,fwi_fs,d_ssp245_minus_target,WCA,W.C.Asia,2.2350792587441353
CESM2-WACCM,fwi_fs,d_ssp245_minus_target,ECA,E.C.Asia,1.4694793220768134
CESM2-WACCM,fwi_fs,d_ssp245_minus_target,TIB,Tibetan-Plateau,0.846931966302311
CESM2-WACCM,fwi_fs,d_ssp245_minus_target,EAS,E.Asia,0.7817491486291165
CESM2-WACCM,fwi_fs,d_ssp245_minus_target,ARP,Arabian-Peninsula,1.4911055806737528
CESM2-WACCM,fwi_fs,d_ssp245_minus_target,SAS,S.Asia,2.8228876510111487
CESM2-WACCM,fwi_fs,d_ssp245_minus_target,SEA,S.E.Asia,1.0956206562057693
CESM2-WACCM,fwi_fs,d_ssp245_minus_target,NAU,N.Australia,-0.19211373696046555
CESM2-WACCM,fwi_fs,d_ssp245_minus_target,CAU,C.Australia,-0.2794737008455251
CESM2-WACCM,fwi_fs,d_ssp245_minus_target,EAU,E.Australia,-0.5530328087610282
CESM2-WACCM,fwi_fs,d_ssp245_minus_target,SAU,S.Australia,1.4871855970276593
CESM2-WACCM,fwi_fs,d_ssp245_minus_target,NZ,New-Zealand,0.24845130873515414
CESM2-WACCM,fwi_fs,d_ssp245_minus_target,EAN,E.Antarctica,
CESM2-WACCM,fwi_fs,d_ssp245_minus_target,WAN,W.Antarctica,
CESM2-WACCM,fwi_fs,d_SAI_minus_ssp245,GIC,Greenland/Iceland,
CESM2-WACCM,fwi_fs,d_SAI_minus_ssp245,NWN,N.W.North-America,-0.6249299519140773
CESM2-WACCM,fwi_fs,d_SAI_minus_ssp245,NEN,N.E.North-America,-0.9312777507968234
CESM2-WACCM,fwi_fs,d_SAI_minus_ssp245,WNA,W.North-America,-2.632927845943896
CESM2-WACCM,fwi_fs,d_SAI_minus_ssp245,CNA,C.North-America,-4.734103089941963
CESM2-WACCM,fwi_fs,d_SAI_minus_ssp245,ENA,E.North-America,-1.0923300113393843
CESM2-WACCM,fwi_fs,d_SAI_minus_ssp245,NCA,N.Central-America,-3.484632084467848
CESM2-WACCM,fwi_fs,d_SAI_minus_ssp245,SCA,S.Central-America,-1.2314524211203637
CESM2-WACCM,fwi_fs,d_SAI_minus_ssp245,CAR,Caribbean,-1.567858620860584
CESM2-WACCM,fwi_fs,d_SAI_minus_ssp245,NWS,N.W.South-America,-0.6327795738485142
CESM2-WACCM,fwi_fs,d_SAI_minus_ssp245,NSA,N.South-America,-1.2372794421226765
CESM2-WACCM,fwi_fs,d_SAI_minus_ssp245,NES,N.E.South-America,-3.0866631654440946
CESM2-WACCM,fwi_fs,d_SAI_minus_ssp245,SAM,South-American-Monsoon,-3.6898286988499756
CESM2-WACCM,fwi_fs,d_SAI_minus_ssp245,SWS,S.W.South-America,-1.5025158601430195
CESM2-WACCM,fwi_fs,d_SAI_minus_ssp245,SES,S.E.South-America,-2.4549949462943665
CESM2-WACCM,fwi_fs,d_SAI_minus_ssp245,SSA,S.South-America,-1.3204485502266463
CESM2-WACCM,fwi_fs,d_SAI_minus_ssp245,NEU,N.Europe,-0.47886003826704215
CESM2-WACCM,fwi_fs,d_SAI_minus_ssp245,WCE,West&Central-Europe,-4.308218004261625
CESM2-WACCM,fwi_fs,d_SAI_minus_ssp245,EEU,E.Europe,-3.6496936394151644
CESM2-WACCM,fwi_fs,d_SAI_minus_ssp245,MED,Mediterranean,-3.8924404244455815
CESM2-WACCM,fwi_fs,d_SAI_minus_ssp245,SAH,Sahara,-1.5668829815738954
CESM2-WACCM,fwi_fs,d_SAI_minus_ssp245,WAF,Western-Africa,-0.539667537271217
CESM2-WACCM,fwi_fs,d_SAI_minus_ssp245,CAF,Central-Africa,-0.31957101537858446
CESM2-WACCM,fwi_fs,d_SAI_minus_ssp245,NEAF,N.Eastern-Africa,-0.9538792946542473
CESM2-WACCM,fwi_fs,d_SAI_minus_ssp245,SEAF,S.Eastern-Africa,-0.7506083875338503
CESM2-WACCM,fwi_fs,d_SAI_minus_ssp245,WSAF,W.Southern-Africa,-2.0658838452537545
CESM2-WACCM,fwi_fs,d_SAI_minus_ssp245,ESAF,E.Southern-Africa,-2.593158992597276
CESM2-WACCM,fwi_fs,d_SAI_minus_ssp245,MDG,Madagascar,-2.157018299899629
CESM2-WACCM,fwi_fs,d_SAI_minus_ssp245,RAR,Russian-Arctic,-0.26805076644509435
CESM2-WACCM,fwi_fs,d_SAI_minus_ssp245,WSB,W.Siberia,-1.6818502380490918
CESM2-WACCM,fwi_fs,d_SAI_minus_ssp245,ESB,E.Siberia,-0.5345895961815426
CESM2-WACCM,fwi_fs,d_SAI_minus_ssp245,RFE,Russian-Far-East,-0.23337791022125948
CESM2-WACCM,fwi_fs,d_SAI_minus_ssp245,WCA,W.C.Asia,-2.537172745700171
CESM2-WACCM,fwi_fs,d_SAI_minus_ssp245,ECA,E.C.Asia,-1.1636682078033276
CESM2-WACCM,fwi_fs,d_SAI_minus_ssp245,TIB,Tibetan-Plateau,-0.4830041917257585
CESM2-WACCM,fwi_fs,d_SAI_minus_ssp245,EAS,E.Asia,-0.6804898100452603
CESM2-WACCM,fwi_fs,d_SAI_minus_ssp245,ARP,Arabian-Peninsula,-1.483123706707869
CESM2-WACCM,fwi_fs,d_SAI_minus_ssp245,SAS,S.Asia,-1.765649478248979
CESM2-WACCM,fwi_fs,d_SAI_minus_ssp245,SEA,S.E.Asia,-0.015720008345240774
CESM2-WACCM,fwi_fs,d_SAI_minus_ssp245,NAU,N.Australia,0.8124518024593407
CESM2-WACCM,fwi_fs,d_SAI_minus_ssp245,CAU,C.Australia,0.5561773145233828
CESM2-WACCM,fwi_fs,d_SAI_minus_ssp245,EAU,E.Australia,-0.04867418181773585
CESM2-WACCM,fwi_fs,d_SAI_minus_ssp245,SAU,S.Australia,-2.077146094824586
CESM2-WACCM,fwi_fs,d_SAI_minus_ssp245,NZ,New-Zealand,-0.30151925820768744
CESM2-WACCM,fwi_fs,d_SAI_minus_ssp245,EAN,E.Antarctica,
CESM2-WACCM,fwi_fs,d_SAI_minus_ssp245,WAN,W.Antarctica,
CESM2-WACCM,fwi_fs,d_HiLLA_minus_ssp245,GIC,Greenland/Iceland,
CESM2-WACCM,fwi_fs,d_HiLLA_minus_ssp245,NWN,N.W.North-America,-0.7061437371448623
CESM2-WACCM,fwi_fs,d_HiLLA_minus_ssp245,NEN,N.E.North-America,-0.9946321266946696
CESM2-WACCM,fwi_fs,d_HiLLA_minus_ssp245,WNA,W.North-America,-1.7649305682740635
CESM2-WACCM,fwi_fs,d_HiLLA_minus_ssp245,CNA,C.North-America,-3.861837973153234
CESM2-WACCM,fwi_fs,d_HiLLA_minus_ssp245,ENA,E.North-America,-0.8648033036783821
CESM2-WACCM,fwi_fs,d_HiLLA_minus_ssp245,NCA,N.Central-America,-1.9047362728919
CESM2-WACCM,fwi_fs,d_HiLLA_minus_ssp245,SCA,S.Central-America,-1.2917603868875382
CESM2-WACCM,fwi_fs,d_HiLLA_minus_ssp245,CAR,Caribbean,-1.1926329720787792
CESM2-WACCM,fwi_fs,d_HiLLA_minus_ssp245,NWS,N.W.South-America,-0.8453884970511857
CESM2-WACCM,fwi_fs,d_HiLLA_minus_ssp245,NSA,N.South-America,-1.4154030195649923
CESM2-WACCM,fwi_fs,d_HiLLA_minus_ssp245,NES,N.E.South-America,-2.541915620340111
CESM2-WACCM,fwi_fs,d_HiLLA_minus_ssp245,SAM,South-American-Monsoon,-3.268911446324163
CESM2-WACCM,fwi_fs,d_HiLLA_minus_ssp245,SWS,S.W.South-America,-1.6354124743359642
CESM2-WACCM,fwi_fs,d_HiLLA_minus_ssp245,SES,S.E.South-America,-2.2312182005164414
CESM2-WACCM,fwi_fs,d_HiLLA_minus_ssp245,SSA,S.South-America,-0.839918699939359
CESM2-WACCM,fwi_fs,d_HiLLA_minus_ssp245,NEU,N.Europe,-0.4564560935519547
CESM2-WACCM,fwi_fs,d_HiLLA_minus_ssp245,WCE,West&Central-Europe,-3.902113711500698
CESM2-WACCM,fwi_fs,d_HiLLA_minus_ssp245,EEU,E.Europe,-4.57254688045151
CESM2-WACCM,fwi_fs,d_HiLLA_minus_ssp245,MED,Mediterranean,-3.4755844152764377
CESM2-WACCM,fwi_fs,d_HiLLA_minus_ssp245,SAH,Sahara,-1.06568288895323
CESM2-WACCM,fwi_fs,d_HiLLA_minus_ssp245,WAF,Western-Africa,-0.07399014316052269
CESM2-WACCM,fwi_fs,d_HiLLA_minus_ssp245,CAF,Central-Africa,-0.0016601237815318452
CESM2-WACCM,fwi_fs,d_HiLLA_minus_ssp245,NEAF,N.Eastern-Africa,0.34890740797778486
CESM2-WACCM,fwi_fs,d_HiLLA_minus_ssp245,SEAF,S.Eastern-Africa,-1.150253979278772
CESM2-WACCM,fwi_fs,d_HiLLA_minus_ssp245,WSAF,W.Southern-Africa,-1.8765994750488662
CESM2-WACCM,fwi_fs,d_HiLLA_minus_ssp245,ESAF,E.Southern-Africa,-2.9819421797552548
CESM2-WACCM,fwi_fs,d_HiLLA_minus_ssp245,MDG,Madagascar,-1.9802178923449254
CESM2-WACCM,fwi_fs,d_HiLLA_minus_ssp245,RAR,Russian-Arctic,-0.3301920812955407
CESM2-WACCM,fwi_fs,d_HiLLA_minus_ssp245,WSB,W.Siberia,-3.391459618251946
CESM2-WACCM,fwi_fs,d_HiLLA_minus_ssp245,ESB,E.Siberia,-0.8901977344996004
CESM2-WACCM,fwi_fs,d_HiLLA_minus_ssp245,RFE,Russian-Far-East,-0.3759705328056056
CESM2-WACCM,fwi_fs,d_HiLLA_minus_ssp245,WCA,W.C.Asia,-2.397588950703294
CESM2-WACCM,fwi_fs,d_HiLLA_minus_ssp245,ECA,E.C.Asia,-1.3654237162057954
CESM2-WACCM,fwi_fs,d_HiLLA_minus_ssp245,TIB,Tibetan-Plateau,-0.2468826895097194
CESM2-WACCM,fwi_fs,d_HiLLA_minus_ssp245,EAS,E.Asia,-0.6912743398162573
CESM2-WACCM,fwi_fs,d_HiLLA_minus_ssp245,ARP,Arabian-Peninsula,-1.098114073511827
CESM2-WACCM,fwi_fs,d_HiLLA_minus_ssp245,SAS,S.Asia,-1.455513361498619
CESM2-WACCM,fwi_fs,d_HiLLA_minus_ssp245,SEA,S.E.Asia,-0.46868020825161644
CESM2-WACCM,fwi_fs,d_HiLLA_minus_ssp245,NAU,N.Australia,-1.3440432933429094
CESM2-WACCM,fwi_fs,d_HiLLA_minus_ssp245,CAU,C.Australia,-2.8005736066700826
CESM2-WACCM,fwi_fs,d_HiLLA_minus_ssp245,EAU,E.Australia,-0.7384942345735575
CESM2-WACCM,fwi_fs,d_HiLLA_minus_ssp245,SAU,S.Australia,-2.4603286898927172
CESM2-WACCM,fwi_fs,d_HiLLA_minus_ssp245,NZ,New-Zealand,-0.23493826733079096
CESM2-WACCM,fwi_fs,d_HiLLA_minus_ssp245,EAN,E.Antarctica,
CESM2-WACCM,fwi_fs,d_HiLLA_minus_ssp245,WAN,W.Antarctica,
CESM2-WACCM,fwi_fs,d_HiLLA_minus_SAI,GIC,Greenland/Iceland,
CESM2-WACCM,fwi_fs,d_HiLLA_minus_SAI,NWN,N.W.North-America,-0.0812137852307852
CESM2-WACCM,fwi_fs,d_HiLLA_minus_SAI,NEN,N.E.North-America,-0.0633543758978456
CESM2-WACCM,fwi_fs,d_HiLLA_minus_SAI,WNA,W.North-America,0.867997277669833
CESM2-WACCM,fwi_fs,d_HiLLA_minus_SAI,CNA,C.North-America,0.8722651167887302
CESM2-WACCM,fwi_fs,d_HiLLA_minus_SAI,ENA,E.North-America,0.2275267076610023
CESM2-WACCM,fwi_fs,d_HiLLA_minus_SAI,NCA,N.Central-America,1.5798958115759485
CESM2-WACCM,fwi_fs,d_HiLLA_minus_SAI,SCA,S.Central-America,-0.06030796576717477
CESM2-WACCM,fwi_fs,d_HiLLA_minus_SAI,CAR,Caribbean,0.37522564878180453
CESM2-WACCM,fwi_fs,d_HiLLA_minus_SAI,NWS,N.W.South-America,-0.21260892320267147
CESM2-WACCM,fwi_fs,d_HiLLA_minus_SAI,NSA,N.South-America,-0.17812357744231466
CESM2-WACCM,fwi_fs,d_HiLLA_minus_SAI,NES,N.E.South-America,0.5447475451039838
CESM2-WACCM,fwi_fs,d_HiLLA_minus_SAI,SAM,South-American-Monsoon,0.42091725252581247
CESM2-WACCM,fwi_fs,d_HiLLA_minus_SAI,SWS,S.W.South-America,-0.1328966141929451
CESM2-WACCM,fwi_fs,d_HiLLA_minus_SAI,SES,S.E.South-America,0.2237767457779251
CESM2-WACCM,fwi_fs,d_HiLLA_minus_SAI,SSA,S.South-America,0.48052985028728734
CESM2-WACCM,fwi_fs,d_HiLLA_minus_SAI,NEU,N.Europe,0.02240394471508769
CESM2-WACCM,fwi_fs,d_HiLLA_minus_SAI,WCE,West&Central-Europe,0.40610429276092747
CESM2-WACCM,fwi_fs,d_HiLLA_minus_SAI,EEU,E.Europe,-0.9228532410363409
CESM2-WACCM,fwi_fs,d_HiLLA_minus_SAI,MED,Mediterranean,0.4168560091691438
CESM2-WACCM,fwi_fs,d_HiLLA_minus_SAI,SAH,Sahara,0.5012000926206661
CESM2-WACCM,fwi_fs,d_HiLLA_minus_SAI,WAF,Western-Africa,0.46567739411069436
CESM2-WACCM,fwi_fs,d_HiLLA_minus_SAI,CAF,Central-Africa,0.3179108915970527
CESM2-WACCM,fwi_fs,d_HiLLA_minus_SAI,NEAF,N.Eastern-Africa,1.3027867026320317
CESM2-WACCM,fwi_fs,d_HiLLA_minus_SAI,SEAF,S.Eastern-Africa,-0.3996455917449215
CESM2-WACCM,fwi_fs,d_HiLLA_minus_SAI,WSAF,W.Southern-Africa,0.1892843702048882
CESM2-WACCM,fwi_fs,d_HiLLA_minus_SAI,ESAF,E.Southern-Africa,-0.3887831871579795
CESM2-WACCM,fwi_fs,d_HiLLA_minus_SAI,MDG,Madagascar,0.17680040755470386
CESM2-WACCM,fwi_fs,d_HiLLA_minus_SAI,RAR,Russian-Arctic,-0.06214131485044639
CESM2-WACCM,fwi_fs,d_HiLLA_minus_SAI,WSB,W.Siberia,-1.7096093802028547
CESM2-WACCM,fwi_fs,d_HiLLA_minus_SAI,ESB,E.Siberia,-0.355608138318058
CESM2-WACCM,fwi_fs,d_HiLLA_minus_SAI,RFE,Russian-Far-East,-0.142592622584346
CESM2-WACCM,fwi_fs,d_HiLLA_minus_SAI,WCA,W.C.Asia,0.1395837949968772
CESM2-WACCM,fwi_fs,d_HiLLA_minus_SAI,ECA,E.C.Asia,-0.20175550840246778
CESM2-WACCM,fwi_fs,d_HiLLA_minus_SAI,TIB,Tibetan-Plateau,0.23612150221603884
CESM2-WACCM,fwi_fs,d_HiLLA_minus_SAI,EAS,E.Asia,-0.01078452977099675
CESM2-WACCM,fwi_fs,d_HiLLA_minus_SAI,ARP,Arabian-Peninsula,0.385009633196042
CESM2-WACCM,fwi_fs,d_HiLLA_minus_SAI,SAS,S.Asia,0.3101361167503602
CESM2-WACCM,fwi_fs,d_HiLLA_minus_SAI,SEA,S.E.Asia,-0.45296019990637554
CESM2-WACCM,fwi_fs,d_HiLLA_minus_SAI,NAU,N.Australia,-2.15649509580225
CESM2-WACCM,fwi_fs,d_HiLLA_minus_SAI,CAU,C.Australia,-3.3567509211934645
CESM2-WACCM,fwi_fs,d_HiLLA_minus_SAI,EAU,E.Australia,-0.6898200527558217
CESM2-WACCM,fwi_fs,d_HiLLA_minus_SAI,SAU,S.Australia,-0.3831825950681298
CESM2-WACCM,fwi_fs,d_HiLLA_minus_SAI,NZ,New-Zealand,0.06658099087689648
CESM2-WACCM,fwi_fs,d_HiLLA_minus_SAI,EAN,E.Antarctica,
CESM2-WACCM,fwi_fs,d_HiLLA_minus_SAI,WAN,W.Antarctica,
CESM2-WACCM,fwi_fs,d_SAI_minus_target,GIC,Greenland/Iceland,
CESM2-WACCM,fwi_fs,d_SAI_minus_target,NWN,N.W.North-America,0.0299913033240239
CESM2-WACCM,fwi_fs,d_SAI_minus_target,NEN,N.E.North-America,0.026633533334009626
CESM2-WACCM,fwi_fs,d_SAI_minus_target,WNA,W.North-America,-3.036752510505124
CESM2-WACCM,fwi_fs,d_SAI_minus_target,CNA,C.North-America,-3.4749034578450844
CESM2-WACCM,fwi_fs,d_SAI_minus_target,ENA,E.North-America,-0.57948258795098
CESM2-WACCM,fwi_fs,d_SAI_minus_target,NCA,N.Central-America,-1.3514115445683559
CESM2-WACCM,fwi_fs,d_SAI_minus_target,SCA,S.Central-America,0.8431515960502701
CESM2-WACCM,fwi_fs,d_SAI_minus_target,CAR,Caribbean,-0.34933998906725694
CESM2-WACCM,fwi_fs,d_SAI_minus_target,NWS,N.W.South-America,-0.6447118228963422
CESM2-WACCM,fwi_fs,d_SAI_minus_target,NSA,N.South-America,-0.2647350796173604
CESM2-WACCM,fwi_fs,d_SAI_minus_target,NES,N.E.South-America,-2.570875173463727
CESM2-WACCM,fwi_fs,d_SAI_minus_target,SAM,South-American-Monsoon,-2.422068455239163
CESM2-WACCM,fwi_fs,d_SAI_minus_target,SWS,S.W.South-America,-0.8074998187972369
CESM2-WACCM,fwi_fs,d_SAI_minus_target,SES,S.E.South-America,-2.7875582284616702
CESM2-WACCM,fwi_fs,d_SAI_minus_target,SSA,S.South-America,-1.647539679776251
CESM2-WACCM,fwi_fs,d_SAI_minus_target,NEU,N.Europe,0.047938311511450955
CESM2-WACCM,fwi_fs,d_SAI_minus_target,WCE,West&Central-Europe,-0.6882105723936882
CESM2-WACCM,fwi_fs,d_SAI_minus_target,EEU,E.Europe,-0.6089520335522511
CESM2-WACCM,fwi_fs,d_SAI_minus_target,MED,Mediterranean,-0.4589069583373626
CESM2-WACCM,fwi_fs,d_SAI_minus_target,SAH,Sahara,1.2908767235316805
CESM2-WACCM,fwi_fs,d_SAI_minus_target,WAF,Western-Africa,2.8321284109803972
CESM2-WACCM,fwi_fs,d_SAI_minus_target,CAF,Central-Africa,1.6457883360629484
CESM2-WACCM,fwi_fs,d_SAI_minus_target,NEAF,N.Eastern-Africa,-0.26455169860261235
CESM2-WACCM,fwi_fs,d_SAI_minus_target,SEAF,S.Eastern-Africa,-0.10981794325299393
CESM2-WACCM,fwi_fs,d_SAI_minus_target,WSAF,W.Southern-Africa,0.28354719475621576
CESM2-WACCM,fwi_fs,d_SAI_minus_target,ESAF,E.Southern-Africa,0.7844941726168947
CESM2-WACCM,fwi_fs,d_SAI_minus_target,MDG,Madagascar,-1.1491595608744039
CESM2-WACCM,fwi_fs,d_SAI_minus_target,RAR,Russian-Arctic,0.055173885772139136
CESM2-WACCM,fwi_fs,d_SAI_minus_target,WSB,W.Siberia,0.8168135380293806
CESM2-WACCM,fwi_fs,d_SAI_minus_target,ESB,E.Siberia,0.2914642924569794
CESM2-WACCM,fwi_fs,d_SAI_minus_target,RFE,Russian-Far-East,0.08219674039760243
CESM2-WACCM,fwi_fs,d_SAI_minus_target,WCA,W.C.Asia,-0.30209348695603544
CESM2-WACCM,fwi_fs,d_SAI_minus_target,ECA,E.C.Asia,0.3058111142734861
CESM2-WACCM,fwi_fs,d_SAI_minus_target,TIB,Tibetan-Plateau,0.3639277745765527
CESM2-WACCM,fwi_fs,d_SAI_minus_target,EAS,E.Asia,0.10125933858385607
CESM2-WACCM,fwi_fs,d_SAI_minus_target,ARP,Arabian-Peninsula,0.00798187396588299
CESM2-WACCM,fwi_fs,d_SAI_minus_target,SAS,S.Asia,1.057238172762168
CESM2-WACCM,fwi_fs,d_SAI_minus_target,SEA,S.E.Asia,1.0799006478605284
CESM2-WACCM,fwi_fs,d_SAI_minus_target,NAU,N.Australia,0.6203380654988752
CESM2-WACCM,fwi_fs,d_SAI_minus_target,CAU,C.Australia,0.2767036136778576
CESM2-WACCM,fwi_fs,d_SAI_minus_target,EAU,E.Australia,-0.6017069905787639
CESM2-WACCM,fwi_fs,d_SAI_minus_target,SAU,S.Australia,-0.5899604977969277
CESM2-WACCM,fwi_fs,d_SAI_minus_target,NZ,New-Zealand,-0.05306794947253333
CESM2-WACCM,fwi_fs,d_SAI_minus_target,EAN,E.Antarctica,
CESM2-WACCM,fwi_fs,d_SAI_minus_target,WAN,W.Antarctica,
CESM2-WACCM,fwi_fs,d_HiLLA_minus_target,GIC,Greenland/Iceland,
CESM2-WACCM,fwi_fs,d_HiLLA_minus_target,NWN,N.W.North-America,-0.051222481906761305
CESM2-WACCM,fwi_fs,d_HiLLA_minus_target,NEN,N.E.North-America,-0.03672084256383599
CESM2-WACCM,fwi_fs,d_HiLLA_minus_target,WNA,W.North-America,-2.1687552328352915
CESM2-WACCM,fwi_fs,d_HiLLA_minus_target,CNA,C.North-America,-2.6026383410563545
CESM2-WACCM,fwi_fs,d_HiLLA_minus_target,ENA,E.North-America,-0.35195588028997754
CESM2-WACCM,fwi_fs,d_HiLLA_minus_target,NCA,N.Central-America,0.22848426700759308
CESM2-WACCM,fwi_fs,d_HiLLA_minus_target,SCA,S.Central-America,0.7828436302830952
CESM2-WACCM,fwi_fs,d_HiLLA_minus_target,CAR,Caribbean,0.025885659714547635
CESM2-WACCM,fwi_fs,d_HiLLA_minus_target,NWS,N.W.South-America,-0.8573207460990137
CESM2-WACCM,fwi_fs,d_HiLLA_minus_target,NSA,N.South-America,-0.4428586570596753
CESM2-WACCM,fwi_fs,d_HiLLA_minus_target,NES,N.E.South-America,-2.0261276283597427
CESM2-WACCM,fwi_fs,d_HiLLA_minus_target,SAM,South-American-Monsoon,-2.001151202713351
CESM2-WACCM,fwi_fs,d_HiLLA_minus_target,SWS,S.W.South-America,-0.9403964329901819
CESM2-WACCM,fwi_fs,d_HiLLA_minus_target,SES,S.E.South-America,-2.563781482683744
CESM2-WACCM,fwi_fs,d_HiLLA_minus_target,SSA,S.South-America,-1.1670098294889637
CESM2-WACCM,fwi_fs,d_HiLLA_minus_target,NEU,N.Europe,0.07034225622653867
CESM2-WACCM,fwi_fs,d_HiLLA_minus_target,WCE,West&Central-Europe,-0.2821062796327606
CESM2-WACCM,fwi_fs,d_HiLLA_minus_target,EEU,E.Europe,-1.5318052745885915
CESM2-WACCM,fwi_fs,d_HiLLA_minus_target,MED,Mediterranean,-0.042050949168218756
CESM2-WACCM,fwi_fs,d_HiLLA_minus_target,SAH,Sahara,1.7920768161523464
CESM2-WACCM,fwi_fs,d_HiLLA_minus_target,WAF,Western-Africa,3.297805805091093
CESM2-WACCM,fwi_fs,d_HiLLA_minus_target,CAF,Central-Africa,1.963699227660001
CESM2-WACCM,fwi_fs,d_HiLLA_minus_target,NEAF,N.Eastern-Africa,1.0382350040294197
CESM2-WACCM,fwi_fs,d_HiLLA_minus_target,SEAF,S.Eastern-Africa,-0.5094635349979155
CESM2-WACCM,fwi_fs,d_HiLLA_minus_target,WSAF,W.Southern-Africa,0.47283156496110373
CESM2-WACCM,fwi_fs,d_HiLLA_minus_target,ESAF,E.Southern-Africa,0.39571098545891525
CESM2-WACCM,fwi_fs,d_HiLLA_minus_target,MDG,Madagascar,-0.9723591533197001
CESM2-WACCM,fwi_fs,d_HiLLA_minus_target,RAR,Russian-Arctic,-0.006967429078307205
CESM2-WACCM,fwi_fs,d_HiLLA_minus_target,WSB,W.Siberia,-0.8927958421734733
CESM2-WACCM,fwi_fs,d_HiLLA_minus_target,ESB,E.Siberia,-0.06414384586107844
CESM2-WACCM,fwi_fs,d_HiLLA_minus_target,RFE,Russian-Far-East,-0.060395882186743584
CESM2-WACCM,fwi_fs,d_HiLLA_minus_target,WCA,W.C.Asia,-0.16250969195915768
CESM2-WACCM,fwi_fs,d_HiLLA_minus_target,ECA,E.C.Asia,0.10405560587101839
CESM2-WACCM,fwi_fs,d_HiLLA_minus_target,TIB,Tibetan-Plateau,0.6000492767925916
CESM2-WACCM,fwi_fs,d_HiLLA_minus_target,EAS,E.Asia,0.09047480881285944
CESM2-WACCM,fwi_fs,d_HiLLA_minus_target,ARP,Arabian-Peninsula,0.392991507161925
CESM2-WACCM,fwi_fs,d_HiLLA_minus_target,SAS,S.Asia,1.3673742895125283
CESM2-WACCM,fwi_fs,d_HiLLA_minus_target,SEA,S.E.Asia,0.6269404479541533
CESM2-WACCM,fwi_fs,d_HiLLA_minus_target,NAU,N.Australia,-1.5361570303033754
CESM2-WACCM,fwi_fs,d_HiLLA_minus_target,CAU,C.Australia,-3.080047307515608
CESM2-WACCM,fwi_fs,d_HiLLA_minus_target,EAU,E.Australia,-1.2915270433345856
CESM2-WACCM,fwi_fs,d_HiLLA_minus_target,SAU,S.Australia,-0.9731430928650574
CESM2-WACCM,fwi_fs,d_HiLLA_minus_target,NZ,New-Zealand,0.013513041404363142
CESM2-WACCM,fwi_fs,d_HiLLA_minus_target,EAN,E.Antarctica,
CESM2-WACCM,fwi_fs,d_HiLLA_minus_target,WAN,W.Antarctica,
CESM2-WACCM,spell_max,target,GIC,Greenland/Iceland,
CESM2-WACCM,spell_max,target,NWN,N.W.North-America,7.29225593208269
CESM2-WACCM,spell_max,target,NEN,N.E.North-America,6.359352120883511
CESM2-WACCM,spell_max,target,WNA,W.North-America,7.072196765606362
CESM2-WACCM,spell_max,target,CNA,C.North-America,6.433179992171626
CESM2-WACCM,spell_max,target,ENA,E.North-America,6.093028453752434
CESM2-WACCM,spell_max,target,NCA,N.Central-America,7.432689265145515
CESM2-WACCM,spell_max,target,SCA,S.Central-America,8.032763594655968
CESM2-WACCM,spell_max,target,CAR,Caribbean,5.688919519262118
CESM2-WACCM,spell_max,target,NWS,N.W.South-America,9.949865641776979
CESM2-WACCM,spell_max,target,NSA,N.South-America,10.679124055479155
CESM2-WACCM,spell_max,target,NES,N.E.South-America,7.456028569093424
CESM2-WACCM,spell_max,target,SAM,South-American-Monsoon,8.983271433924376
CESM2-WACCM,spell_max,target,SWS,S.W.South-America,6.242941930230039
CESM2-WACCM,spell_max,target,SES,S.E.South-America,6.465660066597886
CESM2-WACCM,spell_max,target,SSA,S.South-America,5.296051650598609
CESM2-WACCM,spell_max,target,NEU,N.Europe,7.295831235312901
CESM2-WACCM,spell_max,target,WCE,West&Central-Europe,7.342322439920789
CESM2-WACCM,spell_max,target,EEU,E.Europe,6.0413914929430295
CESM2-WACCM,spell_max,target,MED,Mediterranean,6.056642924377317
CESM2-WACCM,spell_max,target,SAH,Sahara,4.820273226897036
CESM2-WACCM,spell_max,target,WAF,Western-Africa,7.758242839366273
CESM2-WACCM,spell_max,target,CAF,Central-Africa,8.710831921028888
CESM2-WACCM,spell_max,target,NEAF,N.Eastern-Africa,7.3975905669058335
CESM2-WACCM,spell_max,target,SEAF,S.Eastern-Africa,7.238433034091821
CESM2-WACCM,spell_max,target,WSAF,W.Southern-Africa,6.4335397803986005
CESM2-WACCM,spell_max,target,ESAF,E.Southern-Africa,7.397050337029073
CESM2-WACCM,spell_max,target,MDG,Madagascar,7.251579961431462
CESM2-WACCM,spell_max,target,RAR,Russian-Arctic,8.31639971266717
CESM2-WACCM,spell_max,target,WSB,W.Siberia,6.109007864247629
CESM2-WACCM,spell_max,target,ESB,E.Siberia,6.372246085081504
CESM2-WACCM,spell_max,target,RFE,Russian-Far-East,7.33008793439706
CESM2-WACCM,spell_max,target,WCA,W.C.Asia,5.9763876611393485
CESM2-WACCM,spell_max,target,ECA,E.C.Asia,6.014001631194123
CESM2-WACCM,spell_max,target,TIB,Tibetan-Plateau,8.566605962730828
CESM2-WACCM,spell_max,target,EAS,E.Asia,7.2398467483414
CESM2-WACCM,spell_max,target,ARP,Arabian-Peninsula,5.397379366424134
CESM2-WACCM,spell_max,target,SAS,S.Asia,8.483031537087717
CESM2-WACCM,spell_max,target,SEA,S.E.Asia,8.639135813681554
CESM2-WACCM,spell_max,target,NAU,N.Australia,5.043057856443426
CESM2-WACCM,spell_max,target,CAU,C.Australia,4.670497005729368
CESM2-WACCM,spell_max,target,EAU,E.Australia,6.217933082988437
CESM2-WACCM,spell_max,target,SAU,S.Australia,5.404650373948426
CESM2-WACCM,spell_max,target,NZ,New-Zealand,5.999780908734639
CESM2-WACCM,spell_max,target,EAN,E.Antarctica,
CESM2-WACCM,spell_max,target,WAN,W.Antarctica,
CESM2-WACCM,spell_max,ssp245,GIC,Greenland/Iceland,
CESM2-WACCM,spell_max,ssp245,NWN,N.W.North-America,10.049318962587202
CESM2-WACCM,spell_max,ssp245,NEN,N.E.North-America,10.487127369990311
CESM2-WACCM,spell_max,ssp245,WNA,W.North-America,7.55348239841949
CESM2-WACCM,spell_max,ssp245,CNA,C.North-America,7.630750551240738
CESM2-WACCM,spell_max,ssp245,ENA,E.North-America,7.1780498803178014
CESM2-WACCM,spell_max,ssp245,NCA,N.Central-America,10.856813832267246
CESM2-WACCM,spell_max,ssp245,SCA,S.Central-America,12.869787258269648
CESM2-WACCM,spell_max,ssp245,CAR,Caribbean,9.002515799498942
CESM2-WACCM,spell_max,ssp245,NWS,N.W.South-America,11.187030669070746
CESM2-WACCM,spell_max,ssp245,NSA,N.South-America,15.182046587944665
CESM2-WACCM,spell_max,ssp245,NES,N.E.South-America,9.254453228229066
CESM2-WACCM,spell_max,ssp245,SAM,South-American-Monsoon,12.823213673859874
CESM2-WACCM,spell_max,ssp245,SWS,S.W.South-America,8.243247091560347
CESM2-WACCM,spell_max,ssp245,SES,S.E.South-America,6.732378007470263
CESM2-WACCM,spell_max,ssp245,SSA,S.South-America,6.190842378672254
CESM2-WACCM,spell_max,ssp245,NEU,N.Europe,9.431426052532014
CESM2-WACCM,spell_max,ssp245,WCE,West&Central-Europe,11.47923641272739
CESM2-WACCM,spell_max,ssp245,EEU,E.Europe,8.6976320107303
CESM2-WACCM,spell_max,ssp245,MED,Mediterranean,9.214553478755318
CESM2-WACCM,spell_max,ssp245,SAH,Sahara,6.253559637965754
CESM2-WACCM,spell_max,ssp245,WAF,Western-Africa,11.568715069776086
CESM2-WACCM,spell_max,ssp245,CAF,Central-Africa,13.24807969456489
CESM2-WACCM,spell_max,ssp245,NEAF,N.Eastern-Africa,8.59582054530674
CESM2-WACCM,spell_max,ssp245,SEAF,S.Eastern-Africa,9.717945135045074
CESM2-WACCM,spell_max,ssp245,WSAF,W.Southern-Africa,8.922930795490645
CESM2-WACCM,spell_max,ssp245,ESAF,E.Southern-Africa,12.542009537822624
CESM2-WACCM,spell_max,ssp245,MDG,Madagascar,9.640720492069399
CESM2-WACCM,spell_max,ssp245,RAR,Russian-Arctic,10.742309585241246
CESM2-WACCM,spell_max,ssp245,WSB,W.Siberia,8.940827562708913
CESM2-WACCM,spell_max,ssp245,ESB,E.Siberia,8.038873688090424
CESM2-WACCM,spell_max,ssp245,RFE,Russian-Far-East,8.891100898865469
CESM2-WACCM,spell_max,ssp245,WCA,W.C.Asia,7.766120937905223
CESM2-WACCM,spell_max,ssp245,ECA,E.C.Asia,7.162747196714991
CESM2-WACCM,spell_max,ssp245,TIB,Tibetan-Plateau,12.147597659970907
CESM2-WACCM,spell_max,ssp245,EAS,E.Asia,9.1237874239515
CESM2-WACCM,spell_max,ssp245,ARP,Arabian-Peninsula,6.61099456497285
CESM2-WACCM,spell_max,ssp245,SAS,S.Asia,11.998583295321286
CESM2-WACCM,spell_max,ssp245,SEA,S.E.Asia,12.445261005880445
CESM2-WACCM,spell_max,ssp245,NAU,N.Australia,4.7324088969761355
CESM2-WACCM,spell_max,ssp245,CAU,C.Australia,5.1641292980506455
CESM2-WACCM,spell_max,ssp245,EAU,E.Australia,6.320813167411344
CESM2-WACCM,spell_max,ssp245,SAU,S.Australia,6.727883094168434
CESM2-WACCM,spell_max,ssp245,NZ,New-Zealand,7.212738917496659
CESM2-WACCM,spell_max,ssp245,EAN,E.Antarctica,
CESM2-WACCM,spell_max,ssp245,WAN,W.Antarctica,
CESM2-WACCM,spell_max,G6-1.5K-SAI,GIC,Greenland/Iceland,
CESM2-WACCM,spell_max,G6-1.5K-SAI,NWN,N.W.North-America,7.951709868772096
CESM2-WACCM,spell_max,G6-1.5K-SAI,NEN,N.E.North-America,6.633725397435397
CESM2-WACCM,spell_max,G6-1.5K-SAI,WNA,W.North-America,5.059840077290156
CESM2-WACCM,spell_max,G6-1.5K-SAI,CNA,C.North-America,4.684909158128214
CESM2-WACCM,spell_max,G6-1.5K-SAI,ENA,E.North-America,5.508305364500499
CESM2-WACCM,spell_max,G6-1.5K-SAI,NCA,N.Central-America,7.67182229762898
CESM2-WACCM,spell_max,G6-1.5K-SAI,SCA,S.Central-America,10.524882043927144
CESM2-WACCM,spell_max,G6-1.5K-SAI,CAR,Caribbean,6.6560121815970685
CESM2-WACCM,spell_max,G6-1.5K-SAI,NWS,N.W.South-America,8.940685617348128
CESM2-WACCM,spell_max,G6-1.5K-SAI,NSA,N.South-America,10.791084721499914
CESM2-WACCM,spell_max,G6-1.5K-SAI,NES,N.E.South-America,4.390187729072303
CESM2-WACCM,spell_max,G6-1.5K-SAI,SAM,South-American-Monsoon,5.680921236976662
CESM2-WACCM,spell_max,G6-1.5K-SAI,SWS,S.W.South-America,6.348841718125505
CESM2-WACCM,spell_max,G6-1.5K-SAI,SES,S.E.South-America,4.442020897913134
CESM2-WACCM,spell_max,G6-1.5K-SAI,SSA,S.South-America,4.585276300064773
CESM2-WACCM,spell_max,G6-1.5K-SAI,NEU,N.Europe,8.14475932942586
CESM2-WACCM,spell_max,G6-1.5K-SAI,WCE,West&Central-Europe,6.386217790114973
CESM2-WACCM,spell_max,G6-1.5K-SAI,EEU,E.Europe,6.025044060523543
CESM2-WACCM,spell_max,G6-1.5K-SAI,MED,Mediterranean,5.469278972315723
CESM2-WACCM,spell_max,G6-1.5K-SAI,SAH,Sahara,5.5977819467773
CESM2-WACCM,spell_max,G6-1.5K-SAI,WAF,Western-Africa,11.122568198455026
CESM2-WACCM,spell_max,G6-1.5K-SAI,CAF,Central-Africa,12.875058209913567
CESM2-WACCM,spell_max,G6-1.5K-SAI,NEAF,N.Eastern-Africa,7.562054638591802
CESM2-WACCM,spell_max,G6-1.5K-SAI,SEAF,S.Eastern-Africa,7.826804201008004
CESM2-WACCM,spell_max,G6-1.5K-SAI,WSAF,W.Southern-Africa,6.736557112447002
CESM2-WACCM,spell_max,G6-1.5K-SAI,ESAF,E.Southern-Africa,8.521224653036478
CESM2-WACCM,spell_max,G6-1.5K-SAI,MDG,Madagascar,5.979394197184753
CESM2-WACCM,spell_max,G6-1.5K-SAI,RAR,Russian-Arctic,9.109020452479095
CESM2-WACCM,spell_max,G6-1.5K-SAI,WSB,W.Siberia,7.210179021753152
CESM2-WACCM,spell_max,G6-1.5K-SAI,ESB,E.Siberia,6.937575637569865
CESM2-WACCM,spell_max,G6-1.5K-SAI,RFE,Russian-Far-East,7.917207421251749
CESM2-WACCM,spell_max,G6-1.5K-SAI,WCA,W.C.Asia,5.3651175821608215
CESM2-WACCM,spell_max,G6-1.5K-SAI,ECA,E.C.Asia,6.103580558299835
CESM2-WACCM,spell_max,G6-1.5K-SAI,TIB,Tibetan-Plateau,10.831729456392841
CESM2-WACCM,spell_max,G6-1.5K-SAI,EAS,E.Asia,7.6000804409836284
CESM2-WACCM,spell_max,G6-1.5K-SAI,ARP,Arabian-Peninsula,5.416012457883421
CESM2-WACCM,spell_max,G6-1.5K-SAI,SAS,S.Asia,10.149023002923151
CESM2-WACCM,spell_max,G6-1.5K-SAI,SEA,S.E.Asia,12.2384849610814
CESM2-WACCM,spell_max,G6-1.5K-SAI,NAU,N.Australia,4.86942682384047
CESM2-WACCM,spell_max,G6-1.5K-SAI,CAU,C.Australia,4.774736983936846
CESM2-WACCM,spell_max,G6-1.5K-SAI,EAU,E.Australia,4.94640522940987
CESM2-WACCM,spell_max,G6-1.5K-SAI,SAU,S.Australia,4.838510341382839
CESM2-WACCM,spell_max,G6-1.5K-SAI,NZ,New-Zealand,5.658328201272905
CESM2-WACCM,spell_max,G6-1.5K-SAI,EAN,E.Antarctica,
CESM2-WACCM,spell_max,G6-1.5K-SAI,WAN,W.Antarctica,
CESM2-WACCM,spell_max,G6-1.5K-HiLLA,GIC,Greenland/Iceland,
CESM2-WACCM,spell_max,G6-1.5K-HiLLA,NWN,N.W.North-America,7.654481257849123
CESM2-WACCM,spell_max,G6-1.5K-HiLLA,NEN,N.E.North-America,5.943721363849784
CESM2-WACCM,spell_max,G6-1.5K-HiLLA,WNA,W.North-America,5.518749309376572
CESM2-WACCM,spell_max,G6-1.5K-HiLLA,CNA,C.North-America,5.560339944009632
CESM2-WACCM,spell_max,G6-1.5K-HiLLA,ENA,E.North-America,5.8183063502019445
CESM2-WACCM,spell_max,G6-1.5K-HiLLA,NCA,N.Central-America,9.034356822998467
CESM2-WACCM,spell_max,G6-1.5K-HiLLA,SCA,S.Central-America,10.159368015931932
CESM2-WACCM,spell_max,G6-1.5K-HiLLA,CAR,Caribbean,6.940741170881664
CESM2-WACCM,spell_max,G6-1.5K-HiLLA,NWS,N.W.South-America,8.582286873668936
CESM2-WACCM,spell_max,G6-1.5K-HiLLA,NSA,N.South-America,10.892804758466129
CESM2-WACCM,spell_max,G6-1.5K-HiLLA,NES,N.E.South-America,5.61557764743566
CESM2-WACCM,spell_max,G6-1.5K-HiLLA,SAM,South-American-Monsoon,6.727417827882295
CESM2-WACCM,spell_max,G6-1.5K-HiLLA,SWS,S.W.South-America,6.079622336439984
CESM2-WACCM,spell_max,G6-1.5K-HiLLA,SES,S.E.South-America,4.8056822218039414
CESM2-WACCM,spell_max,G6-1.5K-HiLLA,SSA,S.South-America,4.740883835074053
CESM2-WACCM,spell_max,G6-1.5K-HiLLA,NEU,N.Europe,7.795320283279244
CESM2-WACCM,spell_max,G6-1.5K-HiLLA,WCE,West&Central-Europe,6.932505802006301
CESM2-WACCM,spell_max,G6-1.5K-HiLLA,EEU,E.Europe,5.350156378984946
CESM2-WACCM,spell_max,G6-1.5K-HiLLA,MED,Mediterranean,5.568882619880449
CESM2-WACCM,spell_max,G6-1.5K-HiLLA,SAH,Sahara,5.584438320484431
CESM2-WACCM,spell_max,G6-1.5K-HiLLA,WAF,Western-Africa,11.67469679582886
CESM2-WACCM,spell_max,G6-1.5K-HiLLA,CAF,Central-Africa,13.367778736714161
CESM2-WACCM,spell_max,G6-1.5K-HiLLA,NEAF,N.Eastern-Africa,9.227765442257928
CESM2-WACCM,spell_max,G6-1.5K-HiLLA,SEAF,S.Eastern-Africa,7.995592754965947
CESM2-WACCM,spell_max,G6-1.5K-HiLLA,WSAF,W.Southern-Africa,6.855092597574364
CESM2-WACCM,spell_max,G6-1.5K-HiLLA,ESAF,E.Southern-Africa,8.275061131897415
CESM2-WACCM,spell_max,G6-1.5K-HiLLA,MDG,Madagascar,6.2262646883282295
CESM2-WACCM,spell_max,G6-1.5K-HiLLA,RAR,Russian-Arctic,8.560143461087607
CESM2-WACCM,spell_max,G6-1.5K-HiLLA,WSB,W.Siberia,5.54476874519685
CESM2-WACCM,spell_max,G6-1.5K-HiLLA,ESB,E.Siberia,6.2810006375324825
CESM2-WACCM,spell_max,G6-1.5K-HiLLA,RFE,Russian-Far-East,7.23065137264926
CESM2-WACCM,spell_max,G6-1.5K-HiLLA,WCA,W.C.Asia,5.824749703242828
CESM2-WACCM,spell_max,G6-1.5K-HiLLA,ECA,E.C.Asia,6.234693796109443
CESM2-WACCM,spell_max,G6-1.5K-HiLLA,TIB,Tibetan-Plateau,11.896408626788226
CESM2-WACCM,spell_max,G6-1.5K-HiLLA,EAS,E.Asia,7.5952177716507405
CESM2-WACCM,spell_max,G6-1.5K-HiLLA,ARP,Arabian-Peninsula,5.702921477776692
CESM2-WACCM,spell_max,G6-1.5K-HiLLA,SAS,S.Asia,10.606335182575984
CESM2-WACCM,spell_max,G6-1.5K-HiLLA,SEA,S.E.Asia,11.501753421713365
CESM2-WACCM,spell_max,G6-1.5K-HiLLA,NAU,N.Australia,4.445801987554233
CESM2-WACCM,spell_max,G6-1.5K-HiLLA,CAU,C.Australia,4.389226190814004
CESM2-WACCM,spell_max,G6-1.5K-HiLLA,EAU,E.Australia,5.282297525567401
CESM2-WACCM,spell_max,G6-1.5K-HiLLA,SAU,S.Australia,5.255879136118283
CESM2-WACCM,spell_max,G6-1.5K-HiLLA,NZ,New-Zealand,6.052198101731846
CESM2-WACCM,spell_max,G6-1.5K-HiLLA,EAN,E.Antarctica,
CESM2-WACCM,spell_max,G6-1.5K-HiLLA,WAN,W.Antarctica,
CESM2-WACCM,spell_max,d_ssp245_minus_target,GIC,Greenland/Iceland,
CESM2-WACCM,spell_max,d_ssp245_minus_target,NWN,N.W.North-America,2.7570630305045047
CESM2-WACCM,spell_max,d_ssp245_minus_target,NEN,N.E.North-America,4.127775249106813
CESM2-WACCM,spell_max,d_ssp245_minus_target,WNA,W.North-America,0.48128563281312603
CESM2-WACCM,spell_max,d_ssp245_minus_target,CNA,C.North-America,1.1975705590691148
CESM2-WACCM,spell_max,d_ssp245_minus_target,ENA,E.North-America,1.085021426565369
CESM2-WACCM,spell_max,d_ssp245_minus_target,NCA,N.Central-America,3.4241245671217335
CESM2-WACCM,spell_max,d_ssp245_minus_target,SCA,S.Central-America,4.837023663613675
CESM2-WACCM,spell_max,d_ssp245_minus_target,CAR,Caribbean,3.313596280236824
CESM2-WACCM,spell_max,d_ssp245_minus_target,NWS,N.W.South-America,1.2371650272937653
CESM2-WACCM,spell_max,d_ssp245_minus_target,NSA,N.South-America,4.502922532465514
CESM2-WACCM,spell_max,d_ssp245_minus_target,NES,N.E.South-America,1.7984246591356434
CESM2-WACCM,spell_max,d_ssp245_minus_target,SAM,South-American-Monsoon,3.8399422399354957
CESM2-WACCM,spell_max,d_ssp245_minus_target,SWS,S.W.South-America,2.000305161330305
CESM2-WACCM,spell_max,d_ssp245_minus_target,SES,S.E.South-America,0.26671794087237793
CESM2-WACCM,spell_max,d_ssp245_minus_target,SSA,S.South-America,0.8947907280736447
CESM2-WACCM,spell_max,d_ssp245_minus_target,NEU,N.Europe,2.135594817219117
CESM2-WACCM,spell_max,d_ssp245_minus_target,WCE,West&Central-Europe,4.136913972806599
CESM2-WACCM,spell_max,d_ssp245_minus_target,EEU,E.Europe,2.6562405177872734
CESM2-WACCM,spell_max,d_ssp245_minus_target,MED,Mediterranean,3.1579105543780015
CESM2-WACCM,spell_max,d_ssp245_minus_target,SAH,Sahara,1.4332864110687185
CESM2-WACCM,spell_max,d_ssp245_minus_target,WAF,Western-Africa,3.810472230409811
CESM2-WACCM,spell_max,d_ssp245_minus_target,CAF,Central-Africa,4.537247773535996
CESM2-WACCM,spell_max,d_ssp245_minus_target,NEAF,N.Eastern-Africa,1.1982299784009076
CESM2-WACCM,spell_max,d_ssp245_minus_target,SEAF,S.Eastern-Africa,2.479512100953258
CESM2-WACCM,spell_max,d_ssp245_minus_target,WSAF,W.Southern-Africa,2.4893910150920417
CESM2-WACCM,spell_max,d_ssp245_minus_target,ESAF,E.Southern-Africa,5.144959200793547
CESM2-WACCM,spell_max,d_ssp245_minus_target,MDG,Madagascar,2.389140530637938
CESM2-WACCM,spell_max,d_ssp245_minus_target,RAR,Russian-Arctic,2.425909872574063
CESM2-WACCM,spell_max,d_ssp245_minus_target,WSB,W.Siberia,2.831819698461285
CESM2-WACCM,spell_max,d_ssp245_minus_target,ESB,E.Siberia,1.6666276030089198
CESM2-WACCM,spell_max,d_ssp245_minus_target,RFE,Russian-Far-East,1.5610129644684116
CESM2-WACCM,spell_max,d_ssp245_minus_target,WCA,W.C.Asia,1.7897332767658791
CESM2-WACCM,spell_max,d_ssp245_minus_target,ECA,E.C.Asia,1.1487455655208676
CESM2-WACCM,spell_max,d_ssp245_minus_target,TIB,Tibetan-Plateau,3.5809916972400764
CESM2-WACCM,spell_max,d_ssp245_minus_target,EAS,E.Asia,1.8839406756101005
CESM2-WACCM,spell_max,d_ssp245_minus_target,ARP,Arabian-Peninsula,1.2136151985487176
CESM2-WACCM,spell_max,d_ssp245_minus_target,SAS,S.Asia,3.5155517582335643
CESM2-WACCM,spell_max,d_ssp245_minus_target,SEA,S.E.Asia,3.8061251921988886
CESM2-WACCM,spell_max,d_ssp245_minus_target,NAU,N.Australia,-0.310648959467291
CESM2-WACCM,spell_max,d_ssp245_minus_target,CAU,C.Australia,0.49363229232127814
CESM2-WACCM,spell_max,d_ssp245_minus_target,EAU,E.Australia,0.10288008442290596
CESM2-WACCM,spell_max,d_ssp245_minus_target,SAU,S.Australia,1.3232327202200087
CESM2-WACCM,spell_max,d_ssp245_minus_target,NZ,New-Zealand,1.2129580087620182
CESM2-WACCM,spell_max,d_ssp245_minus_target,EAN,E.Antarctica,
CESM2-WACCM,spell_max,d_ssp245_minus_target,WAN,W.Antarctica,
CESM2-WACCM,spell_max,d_SAI_minus_ssp245,GIC,Greenland/Iceland,
CESM2-WACCM,spell_max,d_SAI_minus_ssp245,NWN,N.W.North-America,-2.0976090938151057
CESM2-WACCM,spell_max,d_SAI_minus_ssp245,NEN,N.E.North-America,-3.85340197255493
CESM2-WACCM,spell_max,d_SAI_minus_ssp245,WNA,W.North-America,-2.4936423211293324
CESM2-WACCM,spell_max,d_SAI_minus_ssp245,CNA,C.North-America,-2.9458413931125245
CESM2-WACCM,spell_max,d_SAI_minus_ssp245,ENA,E.North-America,-1.6697445158173059
CESM2-WACCM,spell_max,d_SAI_minus_ssp245,NCA,N.Central-America,-3.1849915346382693
CESM2-WACCM,spell_max,d_SAI_minus_ssp245,SCA,S.Central-America,-2.3449052143424995
CESM2-WACCM,spell_max,d_SAI_minus_ssp245,CAR,Caribbean,-2.346503617901874
CESM2-WACCM,spell_max,d_SAI_minus_ssp245,NWS,N.W.South-America,-2.2463450517226207
CESM2-WACCM,spell_max,d_SAI_minus_ssp245,NSA,N.South-America,-4.390961866444748
CESM2-WACCM,spell_max,d_SAI_minus_ssp245,NES,N.E.South-America,-4.864265499156764
CESM2-WACCM,spell_max,d_SAI_minus_ssp245,SAM,South-American-Monsoon,-7.14229243688321
CESM2-WACCM,spell_max,d_SAI_minus_ssp245,SWS,S.W.South-America,-1.8944053734348416
CESM2-WACCM,spell_max,d_SAI_minus_ssp245,SES,S.E.South-America,-2.2903571095571302
CESM2-WACCM,spell_max,d_SAI_minus_ssp245,SSA,S.South-America,-1.6055660786074781
CESM2-WACCM,spell_max,d_SAI_minus_ssp245,NEU,N.Europe,-1.2866667231061582
CESM2-WACCM,spell_max,d_SAI_minus_ssp245,WCE,West&Central-Europe,-5.093018622612412
CESM2-WACCM,spell_max,d_SAI_minus_ssp245,EEU,E.Europe,-2.672587950206757
CESM2-WACCM,spell_max,d_SAI_minus_ssp245,MED,Mediterranean,-3.745274506439592
CESM2-WACCM,spell_max,d_SAI_minus_ssp245,SAH,Sahara,-0.6557776911884551
CESM2-WACCM,spell_max,d_SAI_minus_ssp245,WAF,Western-Africa,-0.4461468713210627
CESM2-WACCM,spell_max,d_SAI_minus_ssp245,CAF,Central-Africa,-0.3730214846513196
CESM2-WACCM,spell_max,d_SAI_minus_ssp245,NEAF,N.Eastern-Africa,-1.0337659067149392
CESM2-WACCM,spell_max,d_SAI_minus_ssp245,SEAF,S.Eastern-Africa,-1.891140934037072
CESM2-WACCM,spell_max,d_SAI_minus_ssp245,WSAF,W.Southern-Africa,-2.186373683043639
CESM2-WACCM,spell_max,d_SAI_minus_ssp245,ESAF,E.Southern-Africa,-4.020784884786139
CESM2-WACCM,spell_max,d_SAI_minus_ssp245,MDG,Madagascar,-3.6613262948846472
CESM2-WACCM,spell_max,d_SAI_minus_ssp245,RAR,Russian-Arctic,-1.633289132762149
CESM2-WACCM,spell_max,d_SAI_minus_ssp245,WSB,W.Siberia,-1.7306485409557633
CESM2-WACCM,spell_max,d_SAI_minus_ssp245,ESB,E.Siberia,-1.1012980505205545
CESM2-WACCM,spell_max,d_SAI_minus_ssp245,RFE,Russian-Far-East,-0.9738934776137207
CESM2-WACCM,spell_max,d_SAI_minus_ssp245,WCA,W.C.Asia,-2.4010033557444035
CESM2-WACCM,spell_max,d_SAI_minus_ssp245,ECA,E.C.Asia,-1.0591666384151526
CESM2-WACCM,spell_max,d_SAI_minus_ssp245,TIB,Tibetan-Plateau,-1.3158682035780673
CESM2-WACCM,spell_max,d_SAI_minus_ssp245,EAS,E.Asia,-1.523706982967868
CESM2-WACCM,spell_max,d_SAI_minus_ssp245,ARP,Arabian-Peninsula,-1.1949821070894284
CESM2-WACCM,spell_max,d_SAI_minus_ssp245,SAS,S.Asia,-1.8495602923981318
CESM2-WACCM,spell_max,d_SAI_minus_ssp245,SEA,S.E.Asia,-0.20677604479904174
CESM2-WACCM,spell_max,d_SAI_minus_ssp245,NAU,N.Australia,0.13701792686433603
CESM2-WACCM,spell_max,d_SAI_minus_ssp245,CAU,C.Australia,-0.3893923141138017
CESM2-WACCM,spell_max,d_SAI_minus_ssp245,EAU,E.Australia,-1.3744079380014729
CESM2-WACCM,spell_max,d_SAI_minus_ssp245,SAU,S.Australia,-1.8893727527855957
CESM2-WACCM,spell_max,d_SAI_minus_ssp245,NZ,New-Zealand,-1.5544107162237533
CESM2-WACCM,spell_max,d_SAI_minus_ssp245,EAN,E.Antarctica,
CESM2-WACCM,spell_max,d_SAI_minus_ssp245,WAN,W.Antarctica,
CESM2-WACCM,spell_max,d_HiLLA_minus_ssp245,GIC,Greenland/Iceland,
CESM2-WACCM,spell_max,d_HiLLA_minus_ssp245,NWN,N.W.North-America,-2.3948377047380762
CESM2-WACCM,spell_max,d_HiLLA_minus_ssp245,NEN,N.E.North-America,-4.543406006140536
CESM2-WACCM,spell_max,d_HiLLA_minus_ssp245,WNA,W.North-America,-2.034733089042918
CESM2-WACCM,spell_max,d_HiLLA_minus_ssp245,CNA,C.North-America,-2.0704106072311066
CESM2-WACCM,spell_max,d_HiLLA_minus_ssp245,ENA,E.North-America,-1.3597435301158558
CESM2-WACCM,spell_max,d_HiLLA_minus_ssp245,NCA,N.Central-America,-1.8224570092687828
CESM2-WACCM,spell_max,d_HiLLA_minus_ssp245,SCA,S.Central-America,-2.7104192423377147
CESM2-WACCM,spell_max,d_HiLLA_minus_ssp245,CAR,Caribbean,-2.0617746286172793
CESM2-WACCM,spell_max,d_HiLLA_minus_ssp245,NWS,N.W.South-America,-2.604743795401811
CESM2-WACCM,spell_max,d_HiLLA_minus_ssp245,NSA,N.South-America,-4.289241829478537
CESM2-WACCM,spell_max,d_HiLLA_minus_ssp245,NES,N.E.South-America,-3.6388755807934086
CESM2-WACCM,spell_max,d_HiLLA_minus_ssp245,SAM,South-American-Monsoon,-6.095795845977576
CESM2-WACCM,spell_max,d_HiLLA_minus_ssp245,SWS,S.W.South-America,-2.1636247551203605
CESM2-WACCM,spell_max,d_HiLLA_minus_ssp245,SES,S.E.South-America,-1.9266957856663236
CESM2-WACCM,spell_max,d_HiLLA_minus_ssp245,SSA,S.South-America,-1.4499585435982012
CESM2-WACCM,spell_max,d_HiLLA_minus_ssp245,NEU,N.Europe,-1.6361057692527705
CESM2-WACCM,spell_max,d_HiLLA_minus_ssp245,WCE,West&Central-Europe,-4.546730610721085
CESM2-WACCM,spell_max,d_HiLLA_minus_ssp245,EEU,E.Europe,-3.3474756317453567
CESM2-WACCM,spell_max,d_HiLLA_minus_ssp245,MED,Mediterranean,-3.645670858874871
CESM2-WACCM,spell_max,d_HiLLA_minus_ssp245,SAH,Sahara,-0.6691213174813222
CESM2-WACCM,spell_max,d_HiLLA_minus_ssp245,WAF,Western-Africa,0.10598172605276868
CESM2-WACCM,spell_max,d_HiLLA_minus_ssp245,CAF,Central-Africa,0.11969904214927116
CESM2-WACCM,spell_max,d_HiLLA_minus_ssp245,NEAF,N.Eastern-Africa,0.6319448969511854
CESM2-WACCM,spell_max,d_HiLLA_minus_ssp245,SEAF,S.Eastern-Africa,-1.7223523800791307
CESM2-WACCM,spell_max,d_HiLLA_minus_ssp245,WSAF,W.Southern-Africa,-2.0678381979162794
CESM2-WACCM,spell_max,d_HiLLA_minus_ssp245,ESAF,E.Southern-Africa,-4.2669484059252065
CESM2-WACCM,spell_max,d_HiLLA_minus_ssp245,MDG,Madagascar,-3.41445580374117
CESM2-WACCM,spell_max,d_HiLLA_minus_ssp245,RAR,Russian-Arctic,-2.182166124153638
CESM2-WACCM,spell_max,d_HiLLA_minus_ssp245,WSB,W.Siberia,-3.396058817512064
CESM2-WACCM,spell_max,d_HiLLA_minus_ssp245,ESB,E.Siberia,-1.7578730505579374
CESM2-WACCM,spell_max,d_HiLLA_minus_ssp245,RFE,Russian-Far-East,-1.6604495262162133
CESM2-WACCM,spell_max,d_HiLLA_minus_ssp245,WCA,W.C.Asia,-1.9413712346623977
CESM2-WACCM,spell_max,d_HiLLA_minus_ssp245,ECA,E.C.Asia,-0.9280534006055442
CESM2-WACCM,spell_max,d_HiLLA_minus_ssp245,TIB,Tibetan-Plateau,-0.2511890331826836
CESM2-WACCM,spell_max,d_HiLLA_minus_ssp245,EAS,E.Asia,-1.5285696523007604
CESM2-WACCM,spell_max,d_HiLLA_minus_ssp245,ARP,Arabian-Peninsula,-0.9080730871961624
CESM2-WACCM,spell_max,d_HiLLA_minus_ssp245,SAS,S.Asia,-1.3922481127452975
CESM2-WACCM,spell_max,d_HiLLA_minus_ssp245,SEA,S.E.Asia,-0.9435075841670816
CESM2-WACCM,spell_max,d_HiLLA_minus_ssp245,NAU,N.Australia,-0.28660690942190115
CESM2-WACCM,spell_max,d_HiLLA_minus_ssp245,CAU,C.Australia,-0.774903107236646
CESM2-WACCM,spell_max,d_HiLLA_minus_ssp245,EAU,E.Australia,-1.0385156418439438
CESM2-WACCM,spell_max,d_HiLLA_minus_ssp245,SAU,S.Australia,-1.4720039580501505
CESM2-WACCM,spell_max,d_HiLLA_minus_ssp245,NZ,New-Zealand,-1.1605408157648107
CESM2-WACCM,spell_max,d_HiLLA_minus_ssp245,EAN,E.Antarctica,
CESM2-WACCM,spell_max,d_HiLLA_minus_ssp245,WAN,W.Antarctica,
CESM2-WACCM,spell_max,d_HiLLA_minus_SAI,GIC,Greenland/Iceland,
CESM2-WACCM,spell_max,d_HiLLA_minus_SAI,NWN,N.W.North-America,-0.29722861092297215
CESM2-WACCM,spell_max,d_HiLLA_minus_SAI,NEN,N.E.North-America,-0.6900040335856097
CESM2-WACCM,spell_max,d_HiLLA_minus_SAI,WNA,W.North-America,0.4589092320864154
CESM2-WACCM,spell_max,d_HiLLA_minus_SAI,CNA,C.North-America,0.8754307858814164
CESM2-WACCM,spell_max,d_HiLLA_minus_SAI,ENA,E.North-America,0.31000098570144996
CESM2-WACCM,spell_max,d_HiLLA_minus_SAI,NCA,N.Central-America,1.3625345253694863
CESM2-WACCM,spell_max,d_HiLLA_minus_SAI,SCA,S.Central-America,-0.36551402799521593
CESM2-WACCM,spell_max,d_HiLLA_minus_SAI,CAR,Caribbean,0.28472898928459517
CESM2-WACCM,spell_max,d_HiLLA_minus_SAI,NWS,N.W.South-America,-0.35839874367919056
CESM2-WACCM,spell_max,d_HiLLA_minus_SAI,NSA,N.South-America,0.1017200369662139
CESM2-WACCM,spell_max,d_HiLLA_minus_SAI,NES,N.E.South-America,1.2253899183633554
CESM2-WACCM,spell_max,d_HiLLA_minus_SAI,SAM,South-American-Monsoon,1.0464965909056319
CESM2-WACCM,spell_max,d_HiLLA_minus_SAI,SWS,S.W.South-America,-0.26921938168551834
CESM2-WACCM,spell_max,d_HiLLA_minus_SAI,SES,S.E.South-America,0.36366132389080674
CESM2-WACCM,spell_max,d_HiLLA_minus_SAI,SSA,S.South-America,0.15560753500927704
CESM2-WACCM,spell_max,d_HiLLA_minus_SAI,NEU,N.Europe,-0.3494390461466124
CESM2-WACCM,spell_max,d_HiLLA_minus_SAI,WCE,West&Central-Europe,0.5462880118913298
CESM2-WACCM,spell_max,d_HiLLA_minus_SAI,EEU,E.Europe,-0.6748876815386003
CESM2-WACCM,spell_max,d_HiLLA_minus_SAI,MED,Mediterranean,0.09960364756472104
CESM2-WACCM,spell_max,d_HiLLA_minus_SAI,SAH,Sahara,-0.013343626292867236
CESM2-WACCM,spell_max,d_HiLLA_minus_SAI,WAF,Western-Africa,0.5521285973738314
CESM2-WACCM,spell_max,d_HiLLA_minus_SAI,CAF,Central-Africa,0.49272052680059053
CESM2-WACCM,spell_max,d_HiLLA_minus_SAI,NEAF,N.Eastern-Africa,1.6657108036661228
CESM2-WACCM,spell_max,d_HiLLA_minus_SAI,SEAF,S.Eastern-Africa,0.16878855395794112
CESM2-WACCM,spell_max,d_HiLLA_minus_SAI,WSAF,W.Southern-Africa,0.11853548512735985
CESM2-WACCM,spell_max,d_HiLLA_minus_SAI,ESAF,E.Southern-Africa,-0.246163521139066
CESM2-WACCM,spell_max,d_HiLLA_minus_SAI,MDG,Madagascar,0.24687049114347698
CESM2-WACCM,spell_max,d_HiLLA_minus_SAI,RAR,Russian-Arctic,-0.5488769913914893
CESM2-WACCM,spell_max,d_HiLLA_minus_SAI,WSB,W.Siberia,-1.665410276556299
CESM2-WACCM,spell_max,d_HiLLA_minus_SAI,ESB,E.Siberia,-0.6565750000373828
CESM2-WACCM,spell_max,d_HiLLA_minus_SAI,RFE,Russian-Far-East,-0.6865560486024931
CESM2-WACCM,spell_max,d_HiLLA_minus_SAI,WCA,W.C.Asia,0.45963212108200635
CESM2-WACCM,spell_max,d_HiLLA_minus_SAI,ECA,E.C.Asia,0.13111323780960907
CESM2-WACCM,spell_max,d_HiLLA_minus_SAI,TIB,Tibetan-Plateau,1.0646791703953833
CESM2-WACCM,spell_max,d_HiLLA_minus_SAI,EAS,E.Asia,-0.00486266933289157
CESM2-WACCM,spell_max,d_HiLLA_minus_SAI,ARP,Arabian-Peninsula,0.2869090198932669
CESM2-WACCM,spell_max,d_HiLLA_minus_SAI,SAS,S.Asia,0.4573121796528343
CESM2-WACCM,spell_max,d_HiLLA_minus_SAI,SEA,S.E.Asia,-0.7367315393680403
CESM2-WACCM,spell_max,d_HiLLA_minus_SAI,NAU,N.Australia,-0.42362483628623715
CESM2-WACCM,spell_max,d_HiLLA_minus_SAI,CAU,C.Australia,-0.385510793122844
CESM2-WACCM,spell_max,d_HiLLA_minus_SAI,EAU,E.Australia,0.33589229615752875
CESM2-WACCM,spell_max,d_HiLLA_minus_SAI,SAU,S.Australia,0.4173687947354449
CESM2-WACCM,spell_max,d_HiLLA_minus_SAI,NZ,New-Zealand,0.3938699004589425
CESM2-WACCM,spell_max,d_HiLLA_minus_SAI,EAN,E.Antarctica,
CESM2-WACCM,spell_max,d_HiLLA_minus_SAI,WAN,W.Antarctica,
CESM2-WACCM,spell_max,d_SAI_minus_target,GIC,Greenland/Iceland,
CESM2-WACCM,spell_max,d_SAI_minus_target,NWN,N.W.North-America,0.6594539366894001
CESM2-WACCM,spell_max,d_SAI_minus_target,NEN,N.E.North-America,0.2743732765518846
CESM2-WACCM,spell_max,d_SAI_minus_target,WNA,W.North-America,-2.012356688316206
CESM2-WACCM,spell_max,d_SAI_minus_target,CNA,C.North-America,-1.7482708340434097
CESM2-WACCM,spell_max,d_SAI_minus_target,ENA,E.North-America,-0.5847230892519365
CESM2-WACCM,spell_max,d_SAI_minus_target,NCA,N.Central-America,0.23913303248346462
CESM2-WACCM,spell_max,d_SAI_minus_target,SCA,S.Central-America,2.4921184492711768
CESM2-WACCM,spell_max,d_SAI_minus_target,CAR,Caribbean,0.9670926623349504
CESM2-WACCM,spell_max,d_SAI_minus_target,NWS,N.W.South-America,-1.0091800244288553
CESM2-WACCM,spell_max,d_SAI_minus_target,NSA,N.South-America,0.11196066602076558
CESM2-WACCM,spell_max,d_SAI_minus_target,NES,N.E.South-America,-3.0658408400211226
CESM2-WACCM,spell_max,d_SAI_minus_target,SAM,South-American-Monsoon,-3.3023501969477134
CESM2-WACCM,spell_max,d_SAI_minus_target,SWS,S.W.South-America,0.1058997878954631
CESM2-WACCM,spell_max,d_SAI_minus_target,SES,S.E.South-America,-2.0236391686847517
CESM2-WACCM,spell_max,d_SAI_minus_target,SSA,S.South-America,-0.7107753505338333
CESM2-WACCM,spell_max,d_SAI_minus_target,NEU,N.Europe,0.8489280941129594
CESM2-WACCM,spell_max,d_SAI_minus_target,WCE,West&Central-Europe,-0.9561046498058162
CESM2-WACCM,spell_max,d_SAI_minus_target,EEU,E.Europe,-0.016347432419482694
CESM2-WACCM,spell_max,d_SAI_minus_target,MED,Mediterranean,-0.5873639520615919
CESM2-WACCM,spell_max,d_SAI_minus_target,SAH,Sahara,0.7775087198802633
CESM2-WACCM,spell_max,d_SAI_minus_target,WAF,Western-Africa,3.364325359088747
CESM2-WACCM,spell_max,d_SAI_minus_target,CAF,Central-Africa,4.164226288884675
CESM2-WACCM,spell_max,d_SAI_minus_target,NEAF,N.Eastern-Africa,0.16446407168596827
CESM2-WACCM,spell_max,d_SAI_minus_target,SEAF,S.Eastern-Africa,0.5883711669161859
CESM2-WACCM,spell_max,d_SAI_minus_target,WSAF,W.Southern-Africa,0.30301733204840187
CESM2-WACCM,spell_max,d_SAI_minus_target,ESAF,E.Southern-Africa,1.1241743160074078
CESM2-WACCM,spell_max,d_SAI_minus_target,MDG,Madagascar,-1.2721857642467094
CESM2-WACCM,spell_max,d_SAI_minus_target,RAR,Russian-Arctic,0.7926207398119148
CESM2-WACCM,spell_max,d_SAI_minus_target,WSB,W.Siberia,1.1011711575055225
CESM2-WACCM,spell_max,d_SAI_minus_target,ESB,E.Siberia,0.565329552488364
CESM2-WACCM,spell_max,d_SAI_minus_target,RFE,Russian-Far-East,0.5871194868546912
CESM2-WACCM,spell_max,d_SAI_minus_target,WCA,W.C.Asia,-0.611270078978525
CESM2-WACCM,spell_max,d_SAI_minus_target,ECA,E.C.Asia,0.08957892710571473
CESM2-WACCM,spell_max,d_SAI_minus_target,TIB,Tibetan-Plateau,2.265123493662009
CESM2-WACCM,spell_max,d_SAI_minus_target,EAS,E.Asia,0.36023369264223243
CESM2-WACCM,spell_max,d_SAI_minus_target,ARP,Arabian-Peninsula,0.018633091459288514
CESM2-WACCM,spell_max,d_SAI_minus_target,SAS,S.Asia,1.665991465835432
CESM2-WACCM,spell_max,d_SAI_minus_target,SEA,S.E.Asia,3.5993491473998462
CESM2-WACCM,spell_max,d_SAI_minus_target,NAU,N.Australia,-0.17363103260295504
CESM2-WACCM,spell_max,d_SAI_minus_target,CAU,C.Australia,0.1042399782074765
CESM2-WACCM,spell_max,d_SAI_minus_target,EAU,E.Australia,-1.2715278535785663
CESM2-WACCM,spell_max,d_SAI_minus_target,SAU,S.Australia,-0.5661400325655862
CESM2-WACCM,spell_max,d_SAI_minus_target,NZ,New-Zealand,-0.3414527074617349
CESM2-WACCM,spell_max,d_SAI_minus_target,EAN,E.Antarctica,
CESM2-WACCM,spell_max,d_SAI_minus_target,WAN,W.Antarctica,
CESM2-WACCM,spell_max,d_HiLLA_minus_target,GIC,Greenland/Iceland,
CESM2-WACCM,spell_max,d_HiLLA_minus_target,NWN,N.W.North-America,0.3622253257664281
CESM2-WACCM,spell_max,d_HiLLA_minus_target,NEN,N.E.North-America,-0.41563075703372493
CESM2-WACCM,spell_max,d_HiLLA_minus_target,WNA,W.North-America,-1.5534474562297917
CESM2-WACCM,spell_max,d_HiLLA_minus_target,CNA,C.North-America,-0.872840048161992
CESM2-WACCM,spell_max,d_HiLLA_minus_target,ENA,E.North-America,-0.2747221035504868
CESM2-WACCM,spell_max,d_HiLLA_minus_target,NCA,N.Central-America,1.6016675578529511
CESM2-WACCM,spell_max,d_HiLLA_minus_target,SCA,S.Central-America,2.126604421275961
CESM2-WACCM,spell_max,d_HiLLA_minus_target,CAR,Caribbean,1.2518216516195453
CESM2-WACCM,spell_max,d_HiLLA_minus_target,NWS,N.W.South-America,-1.3675787681080458
CESM2-WACCM,spell_max,d_HiLLA_minus_target,NSA,N.South-America,0.21368070298697947
CESM2-WACCM,spell_max,d_HiLLA_minus_target,NES,N.E.South-America,-1.8404509216577654
CESM2-WACCM,spell_max,d_HiLLA_minus_target,SAM,South-American-Monsoon,-2.2558536060420815
CESM2-WACCM,spell_max,d_HiLLA_minus_target,SWS,S.W.South-America,-0.16331959379005515
CESM2-WACCM,spell_max,d_HiLLA_minus_target,SES,S.E.South-America,-1.659977844793946
CESM2-WACCM,spell_max,d_HiLLA_minus_target,SSA,S.South-America,-0.5551678155245563
CESM2-WACCM,spell_max,d_HiLLA_minus_target,NEU,N.Europe,0.4994890479663473
CESM2-WACCM,spell_max,d_HiLLA_minus_target,WCE,West&Central-Europe,-0.4098166379144868
CESM2-WACCM,spell_max,d_HiLLA_minus_target,EEU,E.Europe,-0.6912351139580827
CESM2-WACCM,spell_max,d_HiLLA_minus_target,MED,Mediterranean,-0.4877603044968707
CESM2-WACCM,spell_max,d_HiLLA_minus_target,SAH,Sahara,0.7641650935873961
CESM2-WACCM,spell_max,d_HiLLA_minus_target,WAF,Western-Africa,3.916453956462581
CESM2-WACCM,spell_max,d_HiLLA_minus_target,CAF,Central-Africa,4.656946815685269
CESM2-WACCM,spell_max,d_HiLLA_minus_target,NEAF,N.Eastern-Africa,1.8301748753520928
CESM2-WACCM,spell_max,d_HiLLA_minus_target,SEAF,S.Eastern-Africa,0.757159720874127
CESM2-WACCM,spell_max,d_HiLLA_minus_target,WSAF,W.Southern-Africa,0.4215528171757618
CESM2-WACCM,spell_max,d_HiLLA_minus_target,ESAF,E.Southern-Africa,0.878010794868342
CESM2-WACCM,spell_max,d_HiLLA_minus_target,MDG,Madagascar,-1.0253152731032322
CESM2-WACCM,spell_max,d_HiLLA_minus_target,RAR,Russian-Arctic,0.24374374842042548
CESM2-WACCM,spell_max,d_HiLLA_minus_target,WSB,W.Siberia,-0.5642391190507765
CESM2-WACCM,spell_max,d_HiLLA_minus_target,ESB,E.Siberia,-0.09124544754901896
CESM2-WACCM,spell_max,d_HiLLA_minus_target,RFE,Russian-Far-East,-0.09943656174780202
CESM2-WACCM,spell_max,d_HiLLA_minus_target,WCA,W.C.Asia,-0.15163795789651904
CESM2-WACCM,spell_max,d_HiLLA_minus_target,ECA,E.C.Asia,0.22069216491532367
CESM2-WACCM,spell_max,d_HiLLA_minus_target,TIB,Tibetan-Plateau,3.329802664057394
CESM2-WACCM,spell_max,d_HiLLA_minus_target,EAS,E.Asia,0.35537102330934117
CESM2-WACCM,spell_max,d_HiLLA_minus_target,ARP,Arabian-Peninsula,0.3055421113525555
CESM2-WACCM,spell_max,d_HiLLA_minus_target,SAS,S.Asia,2.1233036454882654
CESM2-WACCM,spell_max,d_HiLLA_minus_target,SEA,S.E.Asia,2.8626176080318095
CESM2-WACCM,spell_max,d_HiLLA_minus_target,NAU,N.Australia,-0.5972558688891921
CESM2-WACCM,spell_max,d_HiLLA_minus_target,CAU,C.Australia,-0.2812708149153676
CESM2-WACCM,spell_max,d_HiLLA_minus_target,EAU,E.Australia,-0.9356355574210381
CESM2-WACCM,spell_max,d_HiLLA_minus_target,SAU,S.Australia,-0.14877123783014137
CESM2-WACCM,spell_max,d_HiLLA_minus_target,NZ,New-Zealand,0.05241719299720761
CESM2-WACCM,spell_max,d_HiLLA_minus_target,EAN,E.Antarctica,
CESM2-WACCM,spell_max,d_HiLLA_minus_target,WAN,W.Antarctica,
CESM2-WACCM,days_abs,target,GIC,Greenland/Iceland,
CESM2-WACCM,days_abs,target,NWN,N.W.North-America,0.82342735868371
CESM2-WACCM,days_abs,target,NEN,N.E.North-America,0.41266041172200735
CESM2-WACCM,days_abs,target,WNA,W.North-America,55.891122997414314
CESM2-WACCM,days_abs,target,CNA,C.North-America,52.44995168665969
CESM2-WACCM,days_abs,target,ENA,E.North-America,1.8165169508996115
CESM2-WACCM,days_abs,target,NCA,N.Central-America,71.26812062216716
CESM2-WACCM,days_abs,target,SCA,S.Central-America,8.110891956301915
CESM2-WACCM,days_abs,target,CAR,Caribbean,16.047338251160575
CESM2-WACCM,days_abs,target,NWS,N.W.South-America,4.413299550060342
CESM2-WACCM,days_abs,target,NSA,N.South-America,9.320365402832055
CESM2-WACCM,days_abs,target,NES,N.E.South-America,99.9633898406964
CESM2-WACCM,days_abs,target,SAM,South-American-Monsoon,67.27141646653138
CESM2-WACCM,days_abs,target,SWS,S.W.South-America,72.97135984848941
CESM2-WACCM,days_abs,target,SES,S.E.South-America,49.91997884736473
CESM2-WACCM,days_abs,target,SSA,S.South-America,16.5066123543246
CESM2-WACCM,days_abs,target,NEU,N.Europe,0.03769727691176187
CESM2-WACCM,days_abs,target,WCE,West&Central-Europe,13.490008980349986
CESM2-WACCM,days_abs,target,EEU,E.Europe,38.196304067137596
CESM2-WACCM,days_abs,target,MED,Mediterranean,92.59084148516013
CESM2-WACCM,days_abs,target,SAH,Sahara,297.7562065552497
CESM2-WACCM,days_abs,target,WAF,Western-Africa,141.58723676353145
CESM2-WACCM,days_abs,target,CAF,Central-Africa,61.95558105785553
CESM2-WACCM,days_abs,target,NEAF,N.Eastern-Africa,140.78515918199045
CESM2-WACCM,days_abs,target,SEAF,S.Eastern-Africa,57.3371287171381
CESM2-WACCM,days_abs,target,WSAF,W.Southern-Africa,119.34494877398292
CESM2-WACCM,days_abs,target,ESAF,E.Southern-Africa,52.276674582935634
CESM2-WACCM,days_abs,target,MDG,Madagascar,25.561584241464747
CESM2-WACCM,days_abs,target,RAR,Russian-Arctic,0.0002547870529043651
CESM2-WACCM,days_abs,target,WSB,W.Siberia,35.480964313320726
CESM2-WACCM,days_abs,target,ESB,E.Siberia,2.400913805065651
CESM2-WACCM,days_abs,target,RFE,Russian-Far-East,0.009884344416990576
CESM2-WACCM,days_abs,target,WCA,W.C.Asia,143.1524997828746
CESM2-WACCM,days_abs,target,ECA,E.C.Asia,62.651810989558854
CESM2-WACCM,days_abs,target,TIB,Tibetan-Plateau,6.379005863613525
CESM2-WACCM,days_abs,target,EAS,E.Asia,2.2801168467968136
CESM2-WACCM,days_abs,target,ARP,Arabian-Peninsula,279.1430061973842
CESM2-WACCM,days_abs,target,SAS,S.Asia,121.46453253525695
CESM2-WACCM,days_abs,target,SEA,S.E.Asia,3.0228201453491654
CESM2-WACCM,days_abs,target,NAU,N.Australia,154.43881885768508
CESM2-WACCM,days_abs,target,CAU,C.Australia,184.75056222223031
CESM2-WACCM,days_abs,target,EAU,E.Australia,28.986362149265478
CESM2-WACCM,days_abs,target,SAU,S.Australia,59.563130906370795
CESM2-WACCM,days_abs,target,NZ,New-Zealand,0.0
CESM2-WACCM,days_abs,target,EAN,E.Antarctica,
CESM2-WACCM,days_abs,target,WAN,W.Antarctica,
CESM2-WACCM,days_abs,ssp245,GIC,Greenland/Iceland,
CESM2-WACCM,days_abs,ssp245,NWN,N.W.North-America,1.3106060288174042
CESM2-WACCM,days_abs,ssp245,NEN,N.E.North-America,0.838196282349246
CESM2-WACCM,days_abs,ssp245,WNA,W.North-America,56.213018133894124
CESM2-WACCM,days_abs,ssp245,CNA,C.North-America,56.04952717749628
CESM2-WACCM,days_abs,ssp245,ENA,E.North-America,2.1030231019387595
CESM2-WACCM,days_abs,ssp245,NCA,N.Central-America,85.09218862258847
CESM2-WACCM,days_abs,ssp245,SCA,S.Central-America,12.601021423741484
CESM2-WACCM,days_abs,ssp245,CAR,Caribbean,24.83308717800346
CESM2-WACCM,days_abs,ssp245,NWS,N.W.South-America,4.022368089582052
CESM2-WACCM,days_abs,ssp245,NSA,N.South-America,11.092537550355036
CESM2-WACCM,days_abs,ssp245,NES,N.E.South-America,101.77582360639812
CESM2-WACCM,days_abs,ssp245,SAM,South-American-Monsoon,75.1080663990119
CESM2-WACCM,days_abs,ssp245,SWS,S.W.South-America,79.84471740683492
CESM2-WACCM,days_abs,ssp245,SES,S.E.South-America,49.28118312859141
CESM2-WACCM,days_abs,ssp245,SSA,S.South-America,15.056298118741148
CESM2-WACCM,days_abs,ssp245,NEU,N.Europe,0.04363400581558701
CESM2-WACCM,days_abs,ssp245,WCE,West&Central-Europe,19.46853225879114
CESM2-WACCM,days_abs,ssp245,EEU,E.Europe,44.78324334611069
CESM2-WACCM,days_abs,ssp245,MED,Mediterranean,106.46343101148467
CESM2-WACCM,days_abs,ssp245,SAH,Sahara,307.3343865584383
CESM2-WACCM,days_abs,ssp245,WAF,Western-Africa,152.87110430661727
CESM2-WACCM,days_abs,ssp245,CAF,Central-Africa,67.12518420472053
CESM2-WACCM,days_abs,ssp245,NEAF,N.Eastern-Africa,141.12807988717884
CESM2-WACCM,days_abs,ssp245,SEAF,S.Eastern-Africa,59.49467303120499
CESM2-WACCM,days_abs,ssp245,WSAF,W.Southern-Africa,130.2756600883675
CESM2-WACCM,days_abs,ssp245,ESAF,E.Southern-Africa,66.93388685469242
CESM2-WACCM,days_abs,ssp245,MDG,Madagascar,29.630250351492325
CESM2-WACCM,days_abs,ssp245,RAR,Russian-Arctic,0.0006774208318611571
CESM2-WACCM,days_abs,ssp245,WSB,W.Siberia,41.25035892109694
CESM2-WACCM,days_abs,ssp245,ESB,E.Siberia,3.0968909948161105
CESM2-WACCM,days_abs,ssp245,RFE,Russian-Far-East,0.010619417852059504
CESM2-WACCM,days_abs,ssp245,WCA,W.C.Asia,150.3236535753061
CESM2-WACCM,days_abs,ssp245,ECA,E.C.Asia,68.37427554668214
CESM2-WACCM,days_abs,ssp245,TIB,Tibetan-Plateau,7.905345353445879
CESM2-WACCM,days_abs,ssp245,EAS,E.Asia,3.338090689488356
CESM2-WACCM,days_abs,ssp245,ARP,Arabian-Peninsula,282.92954630271987
CESM2-WACCM,days_abs,ssp245,SAS,S.Asia,131.80325704884268
CESM2-WACCM,days_abs,ssp245,SEA,S.E.Asia,5.661934859877343
CESM2-WACCM,days_abs,ssp245,NAU,N.Australia,155.54432525389916
CESM2-WACCM,days_abs,ssp245,CAU,C.Australia,188.84310661407798
CESM2-WACCM,days_abs,ssp245,EAU,E.Australia,27.61288449305542
CESM2-WACCM,days_abs,ssp245,SAU,S.Australia,68.08723755217727
CESM2-WACCM,days_abs,ssp245,NZ,New-Zealand,0.0020991623404746414
CESM2-WACCM,days_abs,ssp245,EAN,E.Antarctica,
CESM2-WACCM,days_abs,ssp245,WAN,W.Antarctica,
CESM2-WACCM,days_abs,G6-1.5K-SAI,GIC,Greenland/Iceland,
CESM2-WACCM,days_abs,G6-1.5K-SAI,NWN,N.W.North-America,0.7099965633409917
CESM2-WACCM,days_abs,G6-1.5K-SAI,NEN,N.E.North-America,0.37969287082166775
CESM2-WACCM,days_abs,G6-1.5K-SAI,WNA,W.North-America,46.22467904207773
CESM2-WACCM,days_abs,G6-1.5K-SAI,CNA,C.North-America,43.01215636021177
CESM2-WACCM,days_abs,G6-1.5K-SAI,ENA,E.North-America,1.1135968183009124
CESM2-WACCM,days_abs,G6-1.5K-SAI,NCA,N.Central-America,66.6809198791339
CESM2-WACCM,days_abs,G6-1.5K-SAI,SCA,S.Central-America,9.021386856033137
CESM2-WACCM,days_abs,G6-1.5K-SAI,CAR,Caribbean,16.673764243737253
CESM2-WACCM,days_abs,G6-1.5K-SAI,NWS,N.W.South-America,3.301949157313257
CESM2-WACCM,days_abs,G6-1.5K-SAI,NSA,N.South-America,9.097997348710999
CESM2-WACCM,days_abs,G6-1.5K-SAI,NES,N.E.South-America,87.49082057866823
CESM2-WACCM,days_abs,G6-1.5K-SAI,SAM,South-American-Monsoon,60.20302999243182
CESM2-WACCM,days_abs,G6-1.5K-SAI,SWS,S.W.South-America,69.6137988971473
CESM2-WACCM,days_abs,G6-1.5K-SAI,SES,S.E.South-America,39.35309949236286
CESM2-WACCM,days_abs,G6-1.5K-SAI,SSA,S.South-America,11.005077659059681
CESM2-WACCM,days_abs,G6-1.5K-SAI,NEU,N.Europe,0.014773441882080792
CESM2-WACCM,days_abs,G6-1.5K-SAI,WCE,West&Central-Europe,11.608319737847383
CESM2-WACCM,days_abs,G6-1.5K-SAI,EEU,E.Europe,35.55022859305056
CESM2-WACCM,days_abs,G6-1.5K-SAI,MED,Mediterranean,90.24120330985411
CESM2-WACCM,days_abs,G6-1.5K-SAI,SAH,Sahara,299.4106841703736
CESM2-WACCM,days_abs,G6-1.5K-SAI,WAF,Western-Africa,156.26051587398973
CESM2-WACCM,days_abs,G6-1.5K-SAI,CAF,Central-Africa,68.34031651436652
CESM2-WACCM,days_abs,G6-1.5K-SAI,NEAF,N.Eastern-Africa,139.4761087850307
CESM2-WACCM,days_abs,G6-1.5K-SAI,SEAF,S.Eastern-Africa,54.35380266900782
CESM2-WACCM,days_abs,G6-1.5K-SAI,WSAF,W.Southern-Africa,127.99983256991707
CESM2-WACCM,days_abs,G6-1.5K-SAI,ESAF,E.Southern-Africa,58.75457187433001
CESM2-WACCM,days_abs,G6-1.5K-SAI,MDG,Madagascar,19.75035507159717
CESM2-WACCM,days_abs,G6-1.5K-SAI,RAR,Russian-Arctic,0.000176400184273206
CESM2-WACCM,days_abs,G6-1.5K-SAI,WSB,W.Siberia,35.83105132415497
CESM2-WACCM,days_abs,G6-1.5K-SAI,ESB,E.Siberia,2.5955072093227503
CESM2-WACCM,days_abs,G6-1.5K-SAI,RFE,Russian-Far-East,0.002158356704632301
CESM2-WACCM,days_abs,G6-1.5K-SAI,WCA,W.C.Asia,136.9593069338861
CESM2-WACCM,days_abs,G6-1.5K-SAI,ECA,E.C.Asia,62.92025333290934
CESM2-WACCM,days_abs,G6-1.5K-SAI,TIB,Tibetan-Plateau,7.48430660134218
CESM2-WACCM,days_abs,G6-1.5K-SAI,EAS,E.Asia,2.434412392937821
CESM2-WACCM,days_abs,G6-1.5K-SAI,ARP,Arabian-Peninsula,276.75640137226145
CESM2-WACCM,days_abs,G6-1.5K-SAI,SAS,S.Asia,132.84489365371823
CESM2-WACCM,days_abs,G6-1.5K-SAI,SEA,S.E.Asia,4.897647425959795
CESM2-WACCM,days_abs,G6-1.5K-SAI,NAU,N.Australia,163.76706039334425
CESM2-WACCM,days_abs,G6-1.5K-SAI,CAU,C.Australia,188.27736092550307
CESM2-WACCM,days_abs,G6-1.5K-SAI,EAU,E.Australia,27.290756172539723
CESM2-WACCM,days_abs,G6-1.5K-SAI,SAU,S.Australia,57.73758901734227
CESM2-WACCM,days_abs,G6-1.5K-SAI,NZ,New-Zealand,0.0006436729265848891
CESM2-WACCM,days_abs,G6-1.5K-SAI,EAN,E.Antarctica,
CESM2-WACCM,days_abs,G6-1.5K-SAI,WAN,W.Antarctica,
CESM2-WACCM,days_abs,G6-1.5K-HiLLA,GIC,Greenland/Iceland,
CESM2-WACCM,days_abs,G6-1.5K-HiLLA,NWN,N.W.North-America,0.6542829829363911
CESM2-WACCM,days_abs,G6-1.5K-HiLLA,NEN,N.E.North-America,0.34143054250396837
CESM2-WACCM,days_abs,G6-1.5K-HiLLA,WNA,W.North-America,51.00578305129556
CESM2-WACCM,days_abs,G6-1.5K-HiLLA,CNA,C.North-America,46.54945493547742
CESM2-WACCM,days_abs,G6-1.5K-HiLLA,ENA,E.North-America,1.3120270633225053
CESM2-WACCM,days_abs,G6-1.5K-HiLLA,NCA,N.Central-America,76.09115748491531
CESM2-WACCM,days_abs,G6-1.5K-HiLLA,SCA,S.Central-America,9.253667161673311
CESM2-WACCM,days_abs,G6-1.5K-HiLLA,CAR,Caribbean,19.65958903776809
CESM2-WACCM,days_abs,G6-1.5K-HiLLA,NWS,N.W.South-America,3.0940700824523146
CESM2-WACCM,days_abs,G6-1.5K-HiLLA,NSA,N.South-America,9.264051612626286
CESM2-WACCM,days_abs,G6-1.5K-HiLLA,NES,N.E.South-America,93.89921962332814
CESM2-WACCM,days_abs,G6-1.5K-HiLLA,SAM,South-American-Monsoon,63.8973066596585
CESM2-WACCM,days_abs,G6-1.5K-HiLLA,SWS,S.W.South-America,69.52898478312788
CESM2-WACCM,days_abs,G6-1.5K-HiLLA,SES,S.E.South-America,41.701595951527494
CESM2-WACCM,days_abs,G6-1.5K-HiLLA,SSA,S.South-America,12.614060784629187
CESM2-WACCM,days_abs,G6-1.5K-HiLLA,NEU,N.Europe,0.016698627758564014
CESM2-WACCM,days_abs,G6-1.5K-HiLLA,WCE,West&Central-Europe,11.952393006869233
CESM2-WACCM,days_abs,G6-1.5K-HiLLA,EEU,E.Europe,33.47042579410086
CESM2-WACCM,days_abs,G6-1.5K-HiLLA,MED,Mediterranean,93.58727139679478
CESM2-WACCM,days_abs,G6-1.5K-HiLLA,SAH,Sahara,303.91472295449324
CESM2-WACCM,days_abs,G6-1.5K-HiLLA,WAF,Western-Africa,155.31666346774978
CESM2-WACCM,days_abs,G6-1.5K-HiLLA,CAF,Central-Africa,69.05328753802337
CESM2-WACCM,days_abs,G6-1.5K-HiLLA,NEAF,N.Eastern-Africa,146.2494872675932
CESM2-WACCM,days_abs,G6-1.5K-HiLLA,SEAF,S.Eastern-Africa,55.3588288296638
CESM2-WACCM,days_abs,G6-1.5K-HiLLA,WSAF,W.Southern-Africa,131.99745497211455
CESM2-WACCM,days_abs,G6-1.5K-HiLLA,ESAF,E.Southern-Africa,56.887314766609066
CESM2-WACCM,days_abs,G6-1.5K-HiLLA,MDG,Madagascar,21.15705561128779
CESM2-WACCM,days_abs,G6-1.5K-HiLLA,RAR,Russian-Arctic,0.0
CESM2-WACCM,days_abs,G6-1.5K-HiLLA,WSB,W.Siberia,32.45150139160211
CESM2-WACCM,days_abs,G6-1.5K-HiLLA,ESB,E.Siberia,2.163711447633913
CESM2-WACCM,days_abs,G6-1.5K-HiLLA,RFE,Russian-Far-East,0.0033216888889051922
CESM2-WACCM,days_abs,G6-1.5K-HiLLA,WCA,W.C.Asia,145.33029657216846
CESM2-WACCM,days_abs,G6-1.5K-HiLLA,ECA,E.C.Asia,63.09149578636176
CESM2-WACCM,days_abs,G6-1.5K-HiLLA,TIB,Tibetan-Plateau,8.405190334231396
CESM2-WACCM,days_abs,G6-1.5K-HiLLA,EAS,E.Asia,2.417652896717494
CESM2-WACCM,days_abs,G6-1.5K-HiLLA,ARP,Arabian-Peninsula,286.5823549666146
CESM2-WACCM,days_abs,G6-1.5K-HiLLA,SAS,S.Asia,135.6425670679096
CESM2-WACCM,days_abs,G6-1.5K-HiLLA,SEA,S.E.Asia,4.396845515051552
CESM2-WACCM,days_abs,G6-1.5K-HiLLA,NAU,N.Australia,149.2149632933057
CESM2-WACCM,days_abs,G6-1.5K-HiLLA,CAU,C.Australia,172.7346773837609
CESM2-WACCM,days_abs,G6-1.5K-HiLLA,EAU,E.Australia,25.26649795881505
CESM2-WACCM,days_abs,G6-1.5K-HiLLA,SAU,S.Australia,55.11286516941164
CESM2-WACCM,days_abs,G6-1.5K-HiLLA,NZ,New-Zealand,0.0
CESM2-WACCM,days_abs,G6-1.5K-HiLLA,EAN,E.Antarctica,
CESM2-WACCM,days_abs,G6-1.5K-HiLLA,WAN,W.Antarctica,
CESM2-WACCM,days_abs,d_ssp245_minus_target,GIC,Greenland/Iceland,
CESM2-WACCM,days_abs,d_ssp245_minus_target,NWN,N.W.North-America,0.4871786701336936
CESM2-WACCM,days_abs,d_ssp245_minus_target,NEN,N.E.North-America,0.42553587062723913
CESM2-WACCM,days_abs,d_ssp245_minus_target,WNA,W.North-America,0.32189513647982815
CESM2-WACCM,days_abs,d_ssp245_minus_target,CNA,C.North-America,3.599575490836569
CESM2-WACCM,days_abs,d_ssp245_minus_target,ENA,E.North-America,0.28650615103914845
CESM2-WACCM,days_abs,d_ssp245_minus_target,NCA,N.Central-America,13.824068000421287
CESM2-WACCM,days_abs,d_ssp245_minus_target,SCA,S.Central-America,4.490129467439565
CESM2-WACCM,days_abs,d_ssp245_minus_target,CAR,Caribbean,8.785748926842892
CESM2-WACCM,days_abs,d_ssp245_minus_target,NWS,N.W.South-America,-0.3909314604782898
CESM2-WACCM,days_abs,d_ssp245_minus_target,NSA,N.South-America,1.7721721475229817
CESM2-WACCM,days_abs,d_ssp245_minus_target,NES,N.E.South-America,1.8124337657017155
CESM2-WACCM,days_abs,d_ssp245_minus_target,SAM,South-American-Monsoon,7.836649932480478
CESM2-WACCM,days_abs,d_ssp245_minus_target,SWS,S.W.South-America,6.873357558345514
CESM2-WACCM,days_abs,d_ssp245_minus_target,SES,S.E.South-America,-0.638795718773308
CESM2-WACCM,days_abs,d_ssp245_minus_target,SSA,S.South-America,-1.45031423558345
CESM2-WACCM,days_abs,d_ssp245_minus_target,NEU,N.Europe,0.005936728903825149
CESM2-WACCM,days_abs,d_ssp245_minus_target,WCE,West&Central-Europe,5.978523278441164
CESM2-WACCM,days_abs,d_ssp245_minus_target,EEU,E.Europe,6.586939278973087
CESM2-WACCM,days_abs,d_ssp245_minus_target,MED,Mediterranean,13.872589526324564
CESM2-WACCM,days_abs,d_ssp245_minus_target,SAH,Sahara,9.578180003188622
CESM2-WACCM,days_abs,d_ssp245_minus_target,WAF,Western-Africa,11.283867543085744
CESM2-WACCM,days_abs,d_ssp245_minus_target,CAF,Central-Africa,5.169603146864992
CESM2-WACCM,days_abs,d_ssp245_minus_target,NEAF,N.Eastern-Africa,0.34292070518839946
CESM2-WACCM,days_abs,d_ssp245_minus_target,SEAF,S.Eastern-Africa,2.157544314066881
CESM2-WACCM,days_abs,d_ssp245_minus_target,WSAF,W.Southern-Africa,10.930711314384597
CESM2-WACCM,days_abs,d_ssp245_minus_target,ESAF,E.Southern-Africa,14.65721227175678
CESM2-WACCM,days_abs,d_ssp245_minus_target,MDG,Madagascar,4.068666110027575
CESM2-WACCM,days_abs,d_ssp245_minus_target,RAR,Russian-Arctic,0.000422633778956792
CESM2-WACCM,days_abs,d_ssp245_minus_target,WSB,W.Siberia,5.7693946077762055
CESM2-WACCM,days_abs,d_ssp245_minus_target,ESB,E.Siberia,0.6959771897504582
CESM2-WACCM,days_abs,d_ssp245_minus_target,RFE,Russian-Far-East,0.0007350734350689273
CESM2-WACCM,days_abs,d_ssp245_minus_target,WCA,W.C.Asia,7.171153792431522
CESM2-WACCM,days_abs,d_ssp245_minus_target,ECA,E.C.Asia,5.722464557123265
CESM2-WACCM,days_abs,d_ssp245_minus_target,TIB,Tibetan-Plateau,1.5263394898323526
CESM2-WACCM,days_abs,d_ssp245_minus_target,EAS,E.Asia,1.0579738426915406
CESM2-WACCM,days_abs,d_ssp245_minus_target,ARP,Arabian-Peninsula,3.7865401053357948
CESM2-WACCM,days_abs,d_ssp245_minus_target,SAS,S.Asia,10.338724513585671
CESM2-WACCM,days_abs,d_ssp245_minus_target,SEA,S.E.Asia,2.6391147145281804
CESM2-WACCM,days_abs,d_ssp245_minus_target,NAU,N.Australia,1.1055063962140794
CESM2-WACCM,days_abs,d_ssp245_minus_target,CAU,C.Australia,4.092544391847728
CESM2-WACCM,days_abs,d_ssp245_minus_target,EAU,E.Australia,-1.3734776562100541
CESM2-WACCM,days_abs,d_ssp245_minus_target,SAU,S.Australia,8.524106645806464
CESM2-WACCM,days_abs,d_ssp245_minus_target,NZ,New-Zealand,0.0020991623404746414
CESM2-WACCM,days_abs,d_ssp245_minus_target,EAN,E.Antarctica,
CESM2-WACCM,days_abs,d_ssp245_minus_target,WAN,W.Antarctica,
CESM2-WACCM,days_abs,d_SAI_minus_ssp245,GIC,Greenland/Iceland,
CESM2-WACCM,days_abs,d_SAI_minus_ssp245,NWN,N.W.North-America,-0.6006094654764119
CESM2-WACCM,days_abs,d_SAI_minus_ssp245,NEN,N.E.North-America,-0.4585034115275785
CESM2-WACCM,days_abs,d_SAI_minus_ssp245,WNA,W.North-America,-9.988339091816393
CESM2-WACCM,days_abs,d_SAI_minus_ssp245,CNA,C.North-America,-13.037370817284526
CESM2-WACCM,days_abs,d_SAI_minus_ssp245,ENA,E.North-America,-0.9894262836378476
CESM2-WACCM,days_abs,d_SAI_minus_ssp245,NCA,N.Central-America,-18.41126874345455
CESM2-WACCM,days_abs,d_SAI_minus_ssp245,SCA,S.Central-America,-3.5796345677083425
CESM2-WACCM,days_abs,d_SAI_minus_ssp245,CAR,Caribbean,-8.159322934266212
CESM2-WACCM,days_abs,d_SAI_minus_ssp245,NWS,N.W.South-America,-0.7204189322687948
CESM2-WACCM,days_abs,d_SAI_minus_ssp245,NSA,N.South-America,-1.9945402016440386
CESM2-WACCM,days_abs,d_SAI_minus_ssp245,NES,N.E.South-America,-14.285003027729894
CESM2-WACCM,days_abs,d_SAI_minus_ssp245,SAM,South-American-Monsoon,-14.905036406580034
CESM2-WACCM,days_abs,d_SAI_minus_ssp245,SWS,S.W.South-America,-10.23091850968762
CESM2-WACCM,days_abs,d_SAI_minus_ssp245,SES,S.E.South-America,-9.928083636228559
CESM2-WACCM,days_abs,d_SAI_minus_ssp245,SSA,S.South-America,-4.051220459681466
CESM2-WACCM,days_abs,d_SAI_minus_ssp245,NEU,N.Europe,-0.028860563933506236
CESM2-WACCM,days_abs,d_SAI_minus_ssp245,WCE,West&Central-Europe,-7.860212520943758
CESM2-WACCM,days_abs,d_SAI_minus_ssp245,EEU,E.Europe,-9.23301475306012
CESM2-WACCM,days_abs,d_SAI_minus_ssp245,MED,Mediterranean,-16.222227701630583
CESM2-WACCM,days_abs,d_SAI_minus_ssp245,SAH,Sahara,-7.9237023880649105
CESM2-WACCM,days_abs,d_SAI_minus_ssp245,WAF,Western-Africa,3.3894115673724405
CESM2-WACCM,days_abs,d_SAI_minus_ssp245,CAF,Central-Africa,1.2151323096459998
CESM2-WACCM,days_abs,d_SAI_minus_ssp245,NEAF,N.Eastern-Africa,-1.6519711021482064
CESM2-WACCM,days_abs,d_SAI_minus_ssp245,SEAF,S.Eastern-Africa,-5.140870362197168
CESM2-WACCM,days_abs,d_SAI_minus_ssp245,WSAF,W.Southern-Africa,-2.275827518450456
CESM2-WACCM,days_abs,d_SAI_minus_ssp245,ESAF,E.Southern-Africa,-8.1793149803624
CESM2-WACCM,days_abs,d_SAI_minus_ssp245,MDG,Madagascar,-9.879895279895154
CESM2-WACCM,days_abs,d_SAI_minus_ssp245,RAR,Russian-Arctic,-0.0005010206475879512
CESM2-WACCM,days_abs,d_SAI_minus_ssp245,WSB,W.Siberia,-5.419307596941993
CESM2-WACCM,days_abs,d_SAI_minus_ssp245,ESB,E.Siberia,-0.5013837854933576
CESM2-WACCM,days_abs,d_SAI_minus_ssp245,RFE,Russian-Far-East,-0.008461061147427201
CESM2-WACCM,days_abs,d_SAI_minus_ssp245,WCA,W.C.Asia,-13.36434664142001
CESM2-WACCM,days_abs,d_SAI_minus_ssp245,ECA,E.C.Asia,-5.454022213772789
CESM2-WACCM,days_abs,d_SAI_minus_ssp245,TIB,Tibetan-Plateau,-0.42103875210369895
CESM2-WACCM,days_abs,d_SAI_minus_ssp245,EAS,E.Asia,-0.9036782965505344
CESM2-WACCM,days_abs,d_SAI_minus_ssp245,ARP,Arabian-Peninsula,-6.173144930458336
CESM2-WACCM,days_abs,d_SAI_minus_ssp245,SAS,S.Asia,1.041636604875559
CESM2-WACCM,days_abs,d_SAI_minus_ssp245,SEA,S.E.Asia,-0.7642874339175502
CESM2-WACCM,days_abs,d_SAI_minus_ssp245,NAU,N.Australia,8.222735139445058
CESM2-WACCM,days_abs,d_SAI_minus_ssp245,CAU,C.Australia,-0.5657456885749595
CESM2-WACCM,days_abs,d_SAI_minus_ssp245,EAU,E.Australia,-0.3221283205156979
CESM2-WACCM,days_abs,d_SAI_minus_ssp245,SAU,S.Australia,-10.349648534835
CESM2-WACCM,days_abs,d_SAI_minus_ssp245,NZ,New-Zealand,-0.0014554894138897522
CESM2-WACCM,days_abs,d_SAI_minus_ssp245,EAN,E.Antarctica,
CESM2-WACCM,days_abs,d_SAI_minus_ssp245,WAN,W.Antarctica,
CESM2-WACCM,days_abs,d_HiLLA_minus_ssp245,GIC,Greenland/Iceland,
CESM2-WACCM,days_abs,d_HiLLA_minus_ssp245,NWN,N.W.North-America,-0.6563230458810126
CESM2-WACCM,days_abs,d_HiLLA_minus_ssp245,NEN,N.E.North-America,-0.49676573984527805
CESM2-WACCM,days_abs,d_HiLLA_minus_ssp245,WNA,W.North-America,-5.207235082598566
CESM2-WACCM,days_abs,d_HiLLA_minus_ssp245,CNA,C.North-America,-9.50007224201886
CESM2-WACCM,days_abs,d_HiLLA_minus_ssp245,ENA,E.North-America,-0.7909960386162541
CESM2-WACCM,days_abs,d_HiLLA_minus_ssp245,NCA,N.Central-America,-9.001031137673142
CESM2-WACCM,days_abs,d_HiLLA_minus_ssp245,SCA,S.Central-America,-3.347354262068168
CESM2-WACCM,days_abs,d_HiLLA_minus_ssp245,CAR,Caribbean,-5.173498140235374
CESM2-WACCM,days_abs,d_HiLLA_minus_ssp245,NWS,N.W.South-America,-0.928298007129737
CESM2-WACCM,days_abs,d_HiLLA_minus_ssp245,NSA,N.South-America,-1.828485937728752
CESM2-WACCM,days_abs,d_HiLLA_minus_ssp245,NES,N.E.South-America,-7.876603983069961
CESM2-WACCM,days_abs,d_HiLLA_minus_ssp245,SAM,South-American-Monsoon,-11.210759739353392
CESM2-WACCM,days_abs,d_HiLLA_minus_ssp245,SWS,S.W.South-America,-10.315732623707056
CESM2-WACCM,days_abs,d_HiLLA_minus_ssp245,SES,S.E.South-America,-7.579587177063917
CESM2-WACCM,days_abs,d_HiLLA_minus_ssp245,SSA,S.South-America,-2.4422373341119608
CESM2-WACCM,days_abs,d_HiLLA_minus_ssp245,NEU,N.Europe,-0.026935378057023007
CESM2-WACCM,days_abs,d_HiLLA_minus_ssp245,WCE,West&Central-Europe,-7.5161392519219055
CESM2-WACCM,days_abs,d_HiLLA_minus_ssp245,EEU,E.Europe,-11.312817552009804
CESM2-WACCM,days_abs,d_HiLLA_minus_ssp245,MED,Mediterranean,-12.876159614689882
CESM2-WACCM,days_abs,d_HiLLA_minus_ssp245,SAH,Sahara,-3.4196636039453123
CESM2-WACCM,days_abs,d_HiLLA_minus_ssp245,WAF,Western-Africa,2.4455591611324956
CESM2-WACCM,days_abs,d_HiLLA_minus_ssp245,CAF,Central-Africa,1.9281033333028585
CESM2-WACCM,days_abs,d_HiLLA_minus_ssp245,NEAF,N.Eastern-Africa,5.1214073804143165
CESM2-WACCM,days_abs,d_HiLLA_minus_ssp245,SEAF,S.Eastern-Africa,-4.135844201541176
CESM2-WACCM,days_abs,d_HiLLA_minus_ssp245,WSAF,W.Southern-Africa,1.7217948837470753
CESM2-WACCM,days_abs,d_HiLLA_minus_ssp245,ESAF,E.Southern-Africa,-10.046572088083357
CESM2-WACCM,days_abs,d_HiLLA_minus_ssp245,MDG,Madagascar,-8.473194740204534
CESM2-WACCM,days_abs,d_HiLLA_minus_ssp245,RAR,Russian-Arctic,-0.0006774208318611571
CESM2-WACCM,days_abs,d_HiLLA_minus_ssp245,WSB,W.Siberia,-8.798857529494827
CESM2-WACCM,days_abs,d_HiLLA_minus_ssp245,ESB,E.Siberia,-0.9331795471821953
CESM2-WACCM,days_abs,d_HiLLA_minus_ssp245,RFE,Russian-Far-East,-0.00729772896315431
CESM2-WACCM,days_abs,d_HiLLA_minus_ssp245,WCA,W.C.Asia,-4.993357003137657
CESM2-WACCM,days_abs,d_HiLLA_minus_ssp245,ECA,E.C.Asia,-5.282779760320386
CESM2-WACCM,days_abs,d_HiLLA_minus_ssp245,TIB,Tibetan-Plateau,0.4998449807855168
CESM2-WACCM,days_abs,d_HiLLA_minus_ssp245,EAS,E.Asia,-0.920437792770861
CESM2-WACCM,days_abs,d_HiLLA_minus_ssp245,ARP,Arabian-Peninsula,3.6528086638947874
CESM2-WACCM,days_abs,d_HiLLA_minus_ssp245,SAS,S.Asia,3.8393100190669376
CESM2-WACCM,days_abs,d_HiLLA_minus_ssp245,SEA,S.E.Asia,-1.2650893448257925
CESM2-WACCM,days_abs,d_HiLLA_minus_ssp245,NAU,N.Australia,-6.329361960593453
CESM2-WACCM,days_abs,d_HiLLA_minus_ssp245,CAU,C.Australia,-16.108429230317096
CESM2-WACCM,days_abs,d_HiLLA_minus_ssp245,EAU,E.Australia,-2.346386534240371
CESM2-WACCM,days_abs,d_HiLLA_minus_ssp245,SAU,S.Australia,-12.974372382765642
CESM2-WACCM,days_abs,d_HiLLA_minus_ssp245,NZ,New-Zealand,-0.0020991623404746414
CESM2-WACCM,days_abs,d_HiLLA_minus_ssp245,EAN,E.Antarctica,
CESM2-WACCM,days_abs,d_HiLLA_minus_ssp245,WAN,W.Antarctica,
CESM2-WACCM,days_abs,d_HiLLA_minus_SAI,GIC,Greenland/Iceland,
CESM2-WACCM,days_abs,d_HiLLA_minus_SAI,NWN,N.W.North-America,-0.05571358040460069
CESM2-WACCM,days_abs,d_HiLLA_minus_SAI,NEN,N.E.North-America,-0.038262328317699525
CESM2-WACCM,days_abs,d_HiLLA_minus_SAI,WNA,W.North-America,4.7811040092178265
CESM2-WACCM,days_abs,d_HiLLA_minus_SAI,CNA,C.North-America,3.537298575265666
CESM2-WACCM,days_abs,d_HiLLA_minus_SAI,ENA,E.North-America,0.19843024502159312
CESM2-WACCM,days_abs,d_HiLLA_minus_SAI,NCA,N.Central-America,9.41023760578141
CESM2-WACCM,days_abs,d_HiLLA_minus_SAI,SCA,S.Central-America,0.2322803056401745
CESM2-WACCM,days_abs,d_HiLLA_minus_SAI,CAR,Caribbean,2.9858247940308362
CESM2-WACCM,days_abs,d_HiLLA_minus_SAI,NWS,N.W.South-America,-0.20787907486094237
CESM2-WACCM,days_abs,d_HiLLA_minus_SAI,NSA,N.South-America,0.16605426391528655
CESM2-WACCM,days_abs,d_HiLLA_minus_SAI,NES,N.E.South-America,6.408399044659938
CESM2-WACCM,days_abs,d_HiLLA_minus_SAI,SAM,South-American-Monsoon,3.694276667226643
CESM2-WACCM,days_abs,d_HiLLA_minus_SAI,SWS,S.W.South-America,-0.08481411401943567
CESM2-WACCM,days_abs,d_HiLLA_minus_SAI,SES,S.E.South-America,2.3484964591646373
CESM2-WACCM,days_abs,d_HiLLA_minus_SAI,SSA,S.South-America,1.6089831255695046
CESM2-WACCM,days_abs,d_HiLLA_minus_SAI,NEU,N.Europe,0.0019251858764832257
CESM2-WACCM,days_abs,d_HiLLA_minus_SAI,WCE,West&Central-Europe,0.34407326902185004
CESM2-WACCM,days_abs,d_HiLLA_minus_SAI,EEU,E.Europe,-2.0798027989496863
CESM2-WACCM,days_abs,d_HiLLA_minus_SAI,MED,Mediterranean,3.3460680869407042
CESM2-WACCM,days_abs,d_HiLLA_minus_SAI,SAH,Sahara,4.504038784119596
CESM2-WACCM,days_abs,d_HiLLA_minus_SAI,WAF,Western-Africa,-0.9438524062399444
CESM2-WACCM,days_abs,d_HiLLA_minus_SAI,CAF,Central-Africa,0.7129710236568587
CESM2-WACCM,days_abs,d_HiLLA_minus_SAI,NEAF,N.Eastern-Africa,6.773378482562519
CESM2-WACCM,days_abs,d_HiLLA_minus_SAI,SEAF,S.Eastern-Africa,1.0050261606559914
CESM2-WACCM,days_abs,d_HiLLA_minus_SAI,WSAF,W.Southern-Africa,3.997622402197532
CESM2-WACCM,days_abs,d_HiLLA_minus_SAI,ESAF,E.Southern-Africa,-1.8672571077209592
CESM2-WACCM,days_abs,d_HiLLA_minus_SAI,MDG,Madagascar,1.406700539690623
CESM2-WACCM,days_abs,d_HiLLA_minus_SAI,RAR,Russian-Arctic,-0.000176400184273206
CESM2-WACCM,days_abs,d_HiLLA_minus_SAI,WSB,W.Siberia,-3.3795499325528318
CESM2-WACCM,days_abs,d_HiLLA_minus_SAI,ESB,E.Siberia,-0.4317957616888371
CESM2-WACCM,days_abs,d_HiLLA_minus_SAI,RFE,Russian-Far-East,0.0011633321842728914
CESM2-WACCM,days_abs,d_HiLLA_minus_SAI,WCA,W.C.Asia,8.370989638282351
CESM2-WACCM,days_abs,d_HiLLA_minus_SAI,ECA,E.C.Asia,0.17124245345240022
CESM2-WACCM,days_abs,d_HiLLA_minus_SAI,TIB,Tibetan-Plateau,0.9208837328892158
CESM2-WACCM,days_abs,d_HiLLA_minus_SAI,EAS,E.Asia,-0.016759496220326617
CESM2-WACCM,days_abs,d_HiLLA_minus_SAI,ARP,Arabian-Peninsula,9.825953594353125
CESM2-WACCM,days_abs,d_HiLLA_minus_SAI,SAS,S.Asia,2.7976734141913777
CESM2-WACCM,days_abs,d_HiLLA_minus_SAI,SEA,S.E.Asia,-0.5008019109082422
CESM2-WACCM,days_abs,d_HiLLA_minus_SAI,NAU,N.Australia,-14.552097100038512
CESM2-WACCM,days_abs,d_HiLLA_minus_SAI,CAU,C.Australia,-15.542683541742138
CESM2-WACCM,days_abs,d_HiLLA_minus_SAI,EAU,E.Australia,-2.024258213724673
CESM2-WACCM,days_abs,d_HiLLA_minus_SAI,SAU,S.Australia,-2.6247238479306447
CESM2-WACCM,days_abs,d_HiLLA_minus_SAI,NZ,New-Zealand,-0.0006436729265848891
CESM2-WACCM,days_abs,d_HiLLA_minus_SAI,EAN,E.Antarctica,
CESM2-WACCM,days_abs,d_HiLLA_minus_SAI,WAN,W.Antarctica,
CESM2-WACCM,days_abs,d_SAI_minus_target,GIC,Greenland/Iceland,
CESM2-WACCM,days_abs,d_SAI_minus_target,NWN,N.W.North-America,-0.11343079534271834
CESM2-WACCM,days_abs,d_SAI_minus_target,NEN,N.E.North-America,-0.032967540900339445
CESM2-WACCM,days_abs,d_SAI_minus_target,WNA,W.North-America,-9.66644395533656
CESM2-WACCM,days_abs,d_SAI_minus_target,CNA,C.North-America,-9.43779532644795
CESM2-WACCM,days_abs,d_SAI_minus_target,ENA,E.North-America,-0.7029201325986987
CESM2-WACCM,days_abs,d_SAI_minus_target,NCA,N.Central-America,-4.587200743033261
CESM2-WACCM,days_abs,d_SAI_minus_target,SCA,S.Central-America,0.9104948997312226
CESM2-WACCM,days_abs,d_SAI_minus_target,CAR,Caribbean,0.6264259925766799
CESM2-WACCM,days_abs,d_SAI_minus_target,NWS,N.W.South-America,-1.1113503927470845
CESM2-WACCM,days_abs,d_SAI_minus_target,NSA,N.South-America,-0.22236805412105703
CESM2-WACCM,days_abs,d_SAI_minus_target,NES,N.E.South-America,-12.47256926202818
CESM2-WACCM,days_abs,d_SAI_minus_target,SAM,South-American-Monsoon,-7.068386474099555
CESM2-WACCM,days_abs,d_SAI_minus_target,SWS,S.W.South-America,-3.357560951342106
CESM2-WACCM,days_abs,d_SAI_minus_target,SES,S.E.South-America,-10.566879355001861
CESM2-WACCM,days_abs,d_SAI_minus_target,SSA,S.South-America,-5.501534695264917
CESM2-WACCM,days_abs,d_SAI_minus_target,NEU,N.Europe,-0.02292383502968108
CESM2-WACCM,days_abs,d_SAI_minus_target,WCE,West&Central-Europe,-1.8816892425025942
CESM2-WACCM,days_abs,d_SAI_minus_target,EEU,E.Europe,-2.6460754740870334
CESM2-WACCM,days_abs,d_SAI_minus_target,MED,Mediterranean,-2.3496381753060276
CESM2-WACCM,days_abs,d_SAI_minus_target,SAH,Sahara,1.6544776151237144
CESM2-WACCM,days_abs,d_SAI_minus_target,WAF,Western-Africa,14.673279110458182
CESM2-WACCM,days_abs,d_SAI_minus_target,CAF,Central-Africa,6.38473545651099
CESM2-WACCM,days_abs,d_SAI_minus_target,NEAF,N.Eastern-Africa,-1.3090503969598069
CESM2-WACCM,days_abs,d_SAI_minus_target,SEAF,S.Eastern-Africa,-2.983326048130286
CESM2-WACCM,days_abs,d_SAI_minus_target,WSAF,W.Southern-Africa,8.65488379593414
CESM2-WACCM,days_abs,d_SAI_minus_target,ESAF,E.Southern-Africa,6.47789729139438
CESM2-WACCM,days_abs,d_SAI_minus_target,MDG,Madagascar,-5.81122916986758
CESM2-WACCM,days_abs,d_SAI_minus_target,RAR,Russian-Arctic,-7.83868686311591e-05
CESM2-WACCM,days_abs,d_SAI_minus_target,WSB,W.Siberia,0.3500870108342136
CESM2-WACCM,days_abs,d_SAI_minus_target,ESB,E.Siberia,0.1945934042571005
CESM2-WACCM,days_abs,d_SAI_minus_target,RFE,Russian-Far-East,-0.007725987712358273
CESM2-WACCM,days_abs,d_SAI_minus_target,WCA,W.C.Asia,-6.193192848988488
CESM2-WACCM,days_abs,d_SAI_minus_target,ECA,E.C.Asia,0.2684423433504799
CESM2-WACCM,days_abs,d_SAI_minus_target,TIB,Tibetan-Plateau,1.1053007377286537
CESM2-WACCM,days_abs,d_SAI_minus_target,EAS,E.Asia,0.1542955461410064
CESM2-WACCM,days_abs,d_SAI_minus_target,ARP,Arabian-Peninsula,-2.386604825122541
CESM2-WACCM,days_abs,d_SAI_minus_target,SAS,S.Asia,11.380361118461224
CESM2-WACCM,days_abs,d_SAI_minus_target,SEA,S.E.Asia,1.8748272806106305
CESM2-WACCM,days_abs,d_SAI_minus_target,NAU,N.Australia,9.328241535659139
CESM2-WACCM,days_abs,d_SAI_minus_target,CAU,C.Australia,3.5267987032727675
CESM2-WACCM,days_abs,d_SAI_minus_target,EAU,E.Australia,-1.695605976725752
CESM2-WACCM,days_abs,d_SAI_minus_target,SAU,S.Australia,-1.8255418890285349
CESM2-WACCM,days_abs,d_SAI_minus_target,NZ,New-Zealand,0.0006436729265848891
CESM2-WACCM,days_abs,d_SAI_minus_target,EAN,E.Antarctica,
CESM2-WACCM,days_abs,d_SAI_minus_target,WAN,W.Antarctica,
CESM2-WACCM,days_abs,d_HiLLA_minus_target,GIC,Greenland/Iceland,
CESM2-WACCM,days_abs,d_HiLLA_minus_target,NWN,N.W.North-America,-0.16914437574731897
CESM2-WACCM,days_abs,d_HiLLA_minus_target,NEN,N.E.North-America,-0.07122986921803896
CESM2-WACCM,days_abs,d_HiLLA_minus_target,WNA,W.North-America,-4.8853399461187355
CESM2-WACCM,days_abs,d_HiLLA_minus_target,CNA,C.North-America,-5.9004967511822874
CESM2-WACCM,days_abs,d_HiLLA_minus_target,ENA,E.North-America,-0.5044898875771057
CESM2-WACCM,days_abs,d_HiLLA_minus_target,NCA,N.Central-America,4.823036862748146
CESM2-WACCM,days_abs,d_HiLLA_minus_target,SCA,S.Central-America,1.142775205371397
CESM2-WACCM,days_abs,d_HiLLA_minus_target,CAR,Caribbean,3.6122507866075155
CESM2-WACCM,days_abs,d_HiLLA_minus_target,NWS,N.W.South-America,-1.3192294676080267
CESM2-WACCM,days_abs,d_HiLLA_minus_target,NSA,N.South-America,-0.05631379020577049
CESM2-WACCM,days_abs,d_HiLLA_minus_target,NES,N.E.South-America,-6.064170217368241
CESM2-WACCM,days_abs,d_HiLLA_minus_target,SAM,South-American-Monsoon,-3.374109806872913
CESM2-WACCM,days_abs,d_HiLLA_minus_target,SWS,S.W.South-America,-3.442375065361541
CESM2-WACCM,days_abs,d_HiLLA_minus_target,SES,S.E.South-America,-8.218382895837228
CESM2-WACCM,days_abs,d_HiLLA_minus_target,SSA,S.South-America,-3.8925515696954114
CESM2-WACCM,days_abs,d_HiLLA_minus_target,NEU,N.Europe,-0.02099864915319786
CESM2-WACCM,days_abs,d_HiLLA_minus_target,WCE,West&Central-Europe,-1.537615973480744
CESM2-WACCM,days_abs,d_HiLLA_minus_target,EEU,E.Europe,-4.725878273036718
CESM2-WACCM,days_abs,d_HiLLA_minus_target,MED,Mediterranean,0.9964299116346781
CESM2-WACCM,days_abs,d_HiLLA_minus_target,SAH,Sahara,6.158516399243311
CESM2-WACCM,days_abs,d_HiLLA_minus_target,WAF,Western-Africa,13.72942670421824
CESM2-WACCM,days_abs,d_HiLLA_minus_target,CAF,Central-Africa,7.097706480167847
CESM2-WACCM,days_abs,d_HiLLA_minus_target,NEAF,N.Eastern-Africa,5.464328085602714
CESM2-WACCM,days_abs,d_HiLLA_minus_target,SEAF,S.Eastern-Africa,-1.9782998874742945
CESM2-WACCM,days_abs,d_HiLLA_minus_target,WSAF,W.Southern-Africa,12.652506198131665
CESM2-WACCM,days_abs,d_HiLLA_minus_target,ESAF,E.Southern-Africa,4.610640183673419
CESM2-WACCM,days_abs,d_HiLLA_minus_target,MDG,Madagascar,-4.404528630176957
CESM2-WACCM,days_abs,d_HiLLA_minus_target,RAR,Russian-Arctic,-0.0002547870529043651
CESM2-WACCM,days_abs,d_HiLLA_minus_target,WSB,W.Siberia,-3.0294629217186175
CESM2-WACCM,days_abs,d_HiLLA_minus_target,ESB,E.Siberia,-0.23720235743173662
CESM2-WACCM,days_abs,d_HiLLA_minus_target,RFE,Russian-Far-East,-0.006562655528085382
CESM2-WACCM,days_abs,d_HiLLA_minus_target,WCA,W.C.Asia,2.1777967892938666
CESM2-WACCM,days_abs,d_HiLLA_minus_target,ECA,E.C.Asia,0.4396847968028803
CESM2-WACCM,days_abs,d_HiLLA_minus_target,TIB,Tibetan-Plateau,2.0261844706178684
CESM2-WACCM,days_abs,d_HiLLA_minus_target,EAS,E.Asia,0.13753604992067972
CESM2-WACCM,days_abs,d_HiLLA_minus_target,ARP,Arabian-Peninsula,7.439348769230586
CESM2-WACCM,days_abs,d_HiLLA_minus_target,SAS,S.Asia,14.178034532652601
CESM2-WACCM,days_abs,d_HiLLA_minus_target,SEA,S.E.Asia,1.3740253697023883
CESM2-WACCM,days_abs,d_HiLLA_minus_target,NAU,N.Australia,-5.223855564379372
CESM2-WACCM,days_abs,d_HiLLA_minus_target,CAU,C.Australia,-12.01588483846937
CESM2-WACCM,days_abs,d_HiLLA_minus_target,EAU,E.Australia,-3.719864190450425
CESM2-WACCM,days_abs,d_HiLLA_minus_target,SAU,S.Australia,-4.450265736959179
CESM2-WACCM,days_abs,d_HiLLA_minus_target,NZ,New-Zealand,0.0
CESM2-WACCM,days_abs,d_HiLLA_minus_target,EAN,E.Antarctica,
CESM2-WACCM,days_abs,d_HiLLA_minus_target,WAN,W.Antarctica,
MIROC-ES2H,days_p95,target,GIC,Greenland/Iceland,
MIROC-ES2H,days_p95,target,NWN,N.W.North-America,18.266666666666737
MIROC-ES2H,days_p95,target,NEN,N.E.North-America,18.26666666666669
MIROC-ES2H,days_p95,target,WNA,W.North-America,18.26166777582459
MIROC-ES2H,days_p95,target,CNA,C.North-America,18.266552938504667
MIROC-ES2H,days_p95,target,ENA,E.North-America,18.266666666666673
MIROC-ES2H,days_p95,target,NCA,N.Central-America,18.249177439863605
MIROC-ES2H,days_p95,target,SCA,S.Central-America,18.265847341079287
MIROC-ES2H,days_p95,target,CAR,Caribbean,18.266666666666666
MIROC-ES2H,days_p95,target,NWS,N.W.South-America,18.266255795377685
MIROC-ES2H,days_p95,target,NSA,N.South-America,18.259356580320937
MIROC-ES2H,days_p95,target,NES,N.E.South-America,18.136681888568354
MIROC-ES2H,days_p95,target,SAM,South-American-Monsoon,18.2276366898082
MIROC-ES2H,days_p95,target,SWS,S.W.South-America,18.227877735160284
MIROC-ES2H,days_p95,target,SES,S.E.South-America,18.26630289223603
MIROC-ES2H,days_p95,target,SSA,S.South-America,18.26666666666667
MIROC-ES2H,days_p95,target,NEU,N.Europe,18.266666666666648
MIROC-ES2H,days_p95,target,WCE,West&Central-Europe,18.266519222354137
MIROC-ES2H,days_p95,target,EEU,E.Europe,18.266454563544016
MIROC-ES2H,days_p95,target,MED,Mediterranean,18.22286520343772
MIROC-ES2H,days_p95,target,SAH,Sahara,18.014029290085155
MIROC-ES2H,days_p95,target,WAF,Western-Africa,18.18703477177158
MIROC-ES2H,days_p95,target,CAF,Central-Africa,18.2290049712361
MIROC-ES2H,days_p95,target,NEAF,N.Eastern-Africa,18.229800910689963
MIROC-ES2H,days_p95,target,SEAF,S.Eastern-Africa,18.250799549020773
MIROC-ES2H,days_p95,target,WSAF,W.Southern-Africa,18.237746129070274
MIROC-ES2H,days_p95,target,ESAF,E.Southern-Africa,18.228650838233577
MIROC-ES2H,days_p95,target,MDG,Madagascar,18.26666666666667
MIROC-ES2H,days_p95,target,RAR,Russian-Arctic,18.266666666666662
MIROC-ES2H,days_p95,target,WSB,W.Siberia,18.266405075772997
MIROC-ES2H,days_p95,target,ESB,E.Siberia,18.266584488061085
MIROC-ES2H,days_p95,target,RFE,Russian-Far-East,18.266575909596693
MIROC-ES2H,days_p95,target,WCA,W.C.Asia,18.187645779151442
MIROC-ES2H,days_p95,target,ECA,E.C.Asia,18.266564209302707
MIROC-ES2H,days_p95,target,TIB,Tibetan-Plateau,18.266666666666673
MIROC-ES2H,days_p95,target,EAS,E.Asia,18.26652175645655
MIROC-ES2H,days_p95,target,ARP,Arabian-Peninsula,18.13464808400488
MIROC-ES2H,days_p95,target,SAS,S.Asia,18.263853165367276
MIROC-ES2H,days_p95,target,SEA,S.E.Asia,18.26571667675696
MIROC-ES2H,days_p95,target,NAU,N.Australia,18.25059591188842
MIROC-ES2H,days_p95,target,CAU,C.Australia,18.2623528158201
MIROC-ES2H,days_p95,target,EAU,E.Australia,18.26666666666667
MIROC-ES2H,days_p95,target,SAU,S.Australia,18.26543071054162
MIROC-ES2H,days_p95,target,NZ,New-Zealand,18.266666666666662
MIROC-ES2H,days_p95,target,EAN,E.Antarctica,
MIROC-ES2H,days_p95,target,WAN,W.Antarctica,
MIROC-ES2H,days_p95,ssp245,GIC,Greenland/Iceland,
MIROC-ES2H,days_p95,ssp245,NWN,N.W.North-America,22.82172892081639
MIROC-ES2H,days_p95,ssp245,NEN,N.E.North-America,21.73329330369338
MIROC-ES2H,days_p95,ssp245,WNA,W.North-America,21.700387142791065
MIROC-ES2H,days_p95,ssp245,CNA,C.North-America,25.134752983888855
MIROC-ES2H,days_p95,ssp245,ENA,E.North-America,20.611832484941946
MIROC-ES2H,days_p95,ssp245,NCA,N.Central-America,20.619142822903235
MIROC-ES2H,days_p95,ssp245,SCA,S.Central-America,23.226489507816652
MIROC-ES2H,days_p95,ssp245,CAR,Caribbean,21.599799392144753
MIROC-ES2H,days_p95,ssp245,NWS,N.W.South-America,18.844942378068858
MIROC-ES2H,days_p95,ssp245,NSA,N.South-America,19.282706429057203
MIROC-ES2H,days_p95,ssp245,NES,N.E.South-America,19.713726858004453
MIROC-ES2H,days_p95,ssp245,SAM,South-American-Monsoon,18.925000462697657
MIROC-ES2H,days_p95,ssp245,SWS,S.W.South-America,23.392206676197105
MIROC-ES2H,days_p95,ssp245,SES,S.E.South-America,21.208677904884393
MIROC-ES2H,days_p95,ssp245,SSA,S.South-America,24.92272499393512
MIROC-ES2H,days_p95,ssp245,NEU,N.Europe,21.712309942510995
MIROC-ES2H,days_p95,ssp245,WCE,West&Central-Europe,24.83563402208795
MIROC-ES2H,days_p95,ssp245,EEU,E.Europe,26.63581410500587
MIROC-ES2H,days_p95,ssp245,MED,Mediterranean,24.369941692830057
MIROC-ES2H,days_p95,ssp245,SAH,Sahara,18.09708369093484
MIROC-ES2H,days_p95,ssp245,WAF,Western-Africa,20.537746765229983
MIROC-ES2H,days_p95,ssp245,CAF,Central-Africa,20.69924257058833
MIROC-ES2H,days_p95,ssp245,NEAF,N.Eastern-Africa,18.52091437027994
MIROC-ES2H,days_p95,ssp245,SEAF,S.Eastern-Africa,19.50789964384361
MIROC-ES2H,days_p95,ssp245,WSAF,W.Southern-Africa,20.731404471102298
MIROC-ES2H,days_p95,ssp245,ESAF,E.Southern-Africa,23.11842487852173
MIROC-ES2H,days_p95,ssp245,MDG,Madagascar,24.95489760514314
MIROC-ES2H,days_p95,ssp245,RAR,Russian-Arctic,25.085145587449546
MIROC-ES2H,days_p95,ssp245,WSB,W.Siberia,21.370949347338637
MIROC-ES2H,days_p95,ssp245,ESB,E.Siberia,20.520358748932424
MIROC-ES2H,days_p95,ssp245,RFE,Russian-Far-East,19.38719938255816
MIROC-ES2H,days_p95,ssp245,WCA,W.C.Asia,20.09920959079442
MIROC-ES2H,days_p95,ssp245,ECA,E.C.Asia,16.36091432646779
MIROC-ES2H,days_p95,ssp245,TIB,Tibetan-Plateau,24.43634606955008
MIROC-ES2H,days_p95,ssp245,EAS,E.Asia,21.065317109787603
MIROC-ES2H,days_p95,ssp245,ARP,Arabian-Peninsula,17.886517677165088
MIROC-ES2H,days_p95,ssp245,SAS,S.Asia,17.250565914559445
MIROC-ES2H,days_p95,ssp245,SEA,S.E.Asia,17.119715357045827
MIROC-ES2H,days_p95,ssp245,NAU,N.Australia,17.926151895403542
MIROC-ES2H,days_p95,ssp245,CAU,C.Australia,19.26356595913441
MIROC-ES2H,days_p95,ssp245,EAU,E.Australia,18.378393984429177
MIROC-ES2H,days_p95,ssp245,SAU,S.Australia,18.586921938905416
MIROC-ES2H,days_p95,ssp245,NZ,New-Zealand,22.185591664134336
MIROC-ES2H,days_p95,ssp245,EAN,E.Antarctica,
MIROC-ES2H,days_p95,ssp245,WAN,W.Antarctica,
MIROC-ES2H,days_p95,G6-1.5K-SAI,GIC,Greenland/Iceland,
MIROC-ES2H,days_p95,G6-1.5K-SAI,NWN,N.W.North-America,18.17422113867375
MIROC-ES2H,days_p95,G6-1.5K-SAI,NEN,N.E.North-America,17.690692340126876
MIROC-ES2H,days_p95,G6-1.5K-SAI,WNA,W.North-America,19.77829823793455
MIROC-ES2H,days_p95,G6-1.5K-SAI,CNA,C.North-America,21.013806592775428
MIROC-ES2H,days_p95,G6-1.5K-SAI,ENA,E.North-America,18.191409578782885
MIROC-ES2H,days_p95,G6-1.5K-SAI,NCA,N.Central-America,17.694780164909478
MIROC-ES2H,days_p95,G6-1.5K-SAI,SCA,S.Central-America,16.774536639343452
MIROC-ES2H,days_p95,G6-1.5K-SAI,CAR,Caribbean,16.059942532973498
MIROC-ES2H,days_p95,G6-1.5K-SAI,NWS,N.W.South-America,18.109258250740538
MIROC-ES2H,days_p95,G6-1.5K-SAI,NSA,N.South-America,18.780357440502222
MIROC-ES2H,days_p95,G6-1.5K-SAI,NES,N.E.South-America,17.141496438646964
MIROC-ES2H,days_p95,G6-1.5K-SAI,SAM,South-American-Monsoon,16.282538969589353
MIROC-ES2H,days_p95,G6-1.5K-SAI,SWS,S.W.South-America,17.59736388729958
MIROC-ES2H,days_p95,G6-1.5K-SAI,SES,S.E.South-America,15.353066336622854
MIROC-ES2H,days_p95,G6-1.5K-SAI,SSA,S.South-America,19.18712506481905
MIROC-ES2H,days_p95,G6-1.5K-SAI,NEU,N.Europe,17.4582918884834
MIROC-ES2H,days_p95,G6-1.5K-SAI,WCE,West&Central-Europe,19.530424866434394
MIROC-ES2H,days_p95,G6-1.5K-SAI,EEU,E.Europe,20.085299422497457
MIROC-ES2H,days_p95,G6-1.5K-SAI,MED,Mediterranean,18.928037043791182
MIROC-ES2H,days_p95,G6-1.5K-SAI,SAH,Sahara,18.02934455854468
MIROC-ES2H,days_p95,G6-1.5K-SAI,WAF,Western-Africa,19.18789969218052
MIROC-ES2H,days_p95,G6-1.5K-SAI,CAF,Central-Africa,19.51521307883936
MIROC-ES2H,days_p95,G6-1.5K-SAI,NEAF,N.Eastern-Africa,18.54438211976
MIROC-ES2H,days_p95,G6-1.5K-SAI,SEAF,S.Eastern-Africa,18.440643493357683
MIROC-ES2H,days_p95,G6-1.5K-SAI,WSAF,W.Southern-Africa,18.246434962329605
MIROC-ES2H,days_p95,G6-1.5K-SAI,ESAF,E.Southern-Africa,18.596522972744104
MIROC-ES2H,days_p95,G6-1.5K-SAI,MDG,Madagascar,19.04272942525597
MIROC-ES2H,days_p95,G6-1.5K-SAI,RAR,Russian-Arctic,19.538639958013707
MIROC-ES2H,days_p95,G6-1.5K-SAI,WSB,W.Siberia,19.065717904000746
MIROC-ES2H,days_p95,G6-1.5K-SAI,ESB,E.Siberia,18.846832816690416
MIROC-ES2H,days_p95,G6-1.5K-SAI,RFE,Russian-Far-East,18.282548698810256
MIROC-ES2H,days_p95,G6-1.5K-SAI,WCA,W.C.Asia,17.769559583167812
MIROC-ES2H,days_p95,G6-1.5K-SAI,ECA,E.C.Asia,15.708283457292005
MIROC-ES2H,days_p95,G6-1.5K-SAI,TIB,Tibetan-Plateau,19.724197416336224
MIROC-ES2H,days_p95,G6-1.5K-SAI,EAS,E.Asia,15.957835593617975
MIROC-ES2H,days_p95,G6-1.5K-SAI,ARP,Arabian-Peninsula,18.13617792106691
MIROC-ES2H,days_p95,G6-1.5K-SAI,SAS,S.Asia,17.888464504532134
MIROC-ES2H,days_p95,G6-1.5K-SAI,SEA,S.E.Asia,18.419794803556
MIROC-ES2H,days_p95,G6-1.5K-SAI,NAU,N.Australia,16.264741400070537
MIROC-ES2H,days_p95,G6-1.5K-SAI,CAU,C.Australia,18.014123769959127
MIROC-ES2H,days_p95,G6-1.5K-SAI,EAU,E.Australia,16.41270747546092
MIROC-ES2H,days_p95,G6-1.5K-SAI,SAU,S.Australia,16.073776630832207
MIROC-ES2H,days_p95,G6-1.5K-SAI,NZ,New-Zealand,18.182495623526965
MIROC-ES2H,days_p95,G6-1.5K-SAI,EAN,E.Antarctica,
MIROC-ES2H,days_p95,G6-1.5K-SAI,WAN,W.Antarctica,
MIROC-ES2H,days_p95,G6-1.5K-HiLLA,GIC,Greenland/Iceland,
MIROC-ES2H,days_p95,G6-1.5K-HiLLA,NWN,N.W.North-America,18.461565673563
MIROC-ES2H,days_p95,G6-1.5K-HiLLA,NEN,N.E.North-America,17.29312879261328
MIROC-ES2H,days_p95,G6-1.5K-HiLLA,WNA,W.North-America,17.544918594051705
MIROC-ES2H,days_p95,G6-1.5K-HiLLA,CNA,C.North-America,17.661832705857403
MIROC-ES2H,days_p95,G6-1.5K-HiLLA,ENA,E.North-America,16.710199210528796
MIROC-ES2H,days_p95,G6-1.5K-HiLLA,NCA,N.Central-America,15.977439404894984
MIROC-ES2H,days_p95,G6-1.5K-HiLLA,SCA,S.Central-America,17.360186112005998
MIROC-ES2H,days_p95,G6-1.5K-HiLLA,CAR,Caribbean,18.482341516737478
MIROC-ES2H,days_p95,G6-1.5K-HiLLA,NWS,N.W.South-America,19.030846446182533
MIROC-ES2H,days_p95,G6-1.5K-HiLLA,NSA,N.South-America,21.057247079778044
MIROC-ES2H,days_p95,G6-1.5K-HiLLA,NES,N.E.South-America,18.391113180521423
MIROC-ES2H,days_p95,G6-1.5K-HiLLA,SAM,South-American-Monsoon,16.292858523847098
MIROC-ES2H,days_p95,G6-1.5K-HiLLA,SWS,S.W.South-America,18.847031945433162
MIROC-ES2H,days_p95,G6-1.5K-HiLLA,SES,S.E.South-America,16.10179706895132
MIROC-ES2H,days_p95,G6-1.5K-HiLLA,SSA,S.South-America,17.84041808875099
MIROC-ES2H,days_p95,G6-1.5K-HiLLA,NEU,N.Europe,17.699279526163803
MIROC-ES2H,days_p95,G6-1.5K-HiLLA,WCE,West&Central-Europe,17.93114024378166
MIROC-ES2H,days_p95,G6-1.5K-HiLLA,EEU,E.Europe,22.35223948238656
MIROC-ES2H,days_p95,G6-1.5K-HiLLA,MED,Mediterranean,18.98521754577351
MIROC-ES2H,days_p95,G6-1.5K-HiLLA,SAH,Sahara,17.916683985696377
MIROC-ES2H,days_p95,G6-1.5K-HiLLA,WAF,Western-Africa,17.77151614107407
MIROC-ES2H,days_p95,G6-1.5K-HiLLA,CAF,Central-Africa,17.341512965772246
MIROC-ES2H,days_p95,G6-1.5K-HiLLA,NEAF,N.Eastern-Africa,16.72419112024494
MIROC-ES2H,days_p95,G6-1.5K-HiLLA,SEAF,S.Eastern-Africa,17.57904245130321
MIROC-ES2H,days_p95,G6-1.5K-HiLLA,WSAF,W.Southern-Africa,18.995647681571025
MIROC-ES2H,days_p95,G6-1.5K-HiLLA,ESAF,E.Southern-Africa,18.23275814031307
MIROC-ES2H,days_p95,G6-1.5K-HiLLA,MDG,Madagascar,21.198801658688303
MIROC-ES2H,days_p95,G6-1.5K-HiLLA,RAR,Russian-Arctic,18.359813921985868
MIROC-ES2H,days_p95,G6-1.5K-HiLLA,WSB,W.Siberia,17.396736595495238
MIROC-ES2H,days_p95,G6-1.5K-HiLLA,ESB,E.Siberia,17.777942529315794
MIROC-ES2H,days_p95,G6-1.5K-HiLLA,RFE,Russian-Far-East,17.7662920675217
MIROC-ES2H,days_p95,G6-1.5K-HiLLA,WCA,W.C.Asia,17.25793678295131
MIROC-ES2H,days_p95,G6-1.5K-HiLLA,ECA,E.C.Asia,15.407024524372623
MIROC-ES2H,days_p95,G6-1.5K-HiLLA,TIB,Tibetan-Plateau,22.01921934980759
MIROC-ES2H,days_p95,G6-1.5K-HiLLA,EAS,E.Asia,17.723460698762644
MIROC-ES2H,days_p95,G6-1.5K-HiLLA,ARP,Arabian-Peninsula,17.843977545733328
MIROC-ES2H,days_p95,G6-1.5K-HiLLA,SAS,S.Asia,16.752298652490246
MIROC-ES2H,days_p95,G6-1.5K-HiLLA,SEA,S.E.Asia,19.312922633182676
MIROC-ES2H,days_p95,G6-1.5K-HiLLA,NAU,N.Australia,17.640204578733307
MIROC-ES2H,days_p95,G6-1.5K-HiLLA,CAU,C.Australia,20.314307650551942
MIROC-ES2H,days_p95,G6-1.5K-HiLLA,EAU,E.Australia,19.75320059702138
MIROC-ES2H,days_p95,G6-1.5K-HiLLA,SAU,S.Australia,18.679651256792962
MIROC-ES2H,days_p95,G6-1.5K-HiLLA,NZ,New-Zealand,19.326046350207974
MIROC-ES2H,days_p95,G6-1.5K-HiLLA,EAN,E.Antarctica,
MIROC-ES2H,days_p95,G6-1.5K-HiLLA,WAN,W.Antarctica,
MIROC-ES2H,days_p95,d_ssp245_minus_target,GIC,Greenland/Iceland,
MIROC-ES2H,days_p95,d_ssp245_minus_target,NWN,N.W.North-America,4.555062254149678
MIROC-ES2H,days_p95,d_ssp245_minus_target,NEN,N.E.North-America,3.4666266370266845
MIROC-ES2H,days_p95,d_ssp245_minus_target,WNA,W.North-America,3.4387193669664686
MIROC-ES2H,days_p95,d_ssp245_minus_target,CNA,C.North-America,6.868200045384181
MIROC-ES2H,days_p95,d_ssp245_minus_target,ENA,E.North-America,2.345165818275279
MIROC-ES2H,days_p95,d_ssp245_minus_target,NCA,N.Central-America,2.369965383039628
MIROC-ES2H,days_p95,d_ssp245_minus_target,SCA,S.Central-America,4.9606421667373635
MIROC-ES2H,days_p95,d_ssp245_minus_target,CAR,Caribbean,3.333132725478088
MIROC-ES2H,days_p95,d_ssp245_minus_target,NWS,N.W.South-America,0.5786865826911711
MIROC-ES2H,days_p95,d_ssp245_minus_target,NSA,N.South-America,1.0233498487362707
MIROC-ES2H,days_p95,d_ssp245_minus_target,NES,N.E.South-America,1.5770449694360975
MIROC-ES2H,days_p95,d_ssp245_minus_target,SAM,South-American-Monsoon,0.6973637728894486
MIROC-ES2H,days_p95,d_ssp245_minus_target,SWS,S.W.South-America,5.1643289410368185
MIROC-ES2H,days_p95,d_ssp245_minus_target,SES,S.E.South-America,2.942375012648363
MIROC-ES2H,days_p95,d_ssp245_minus_target,SSA,S.South-America,6.656058327268456
MIROC-ES2H,days_p95,d_ssp245_minus_target,NEU,N.Europe,3.4456432758443465
MIROC-ES2H,days_p95,d_ssp245_minus_target,WCE,West&Central-Europe,6.569114799733788
MIROC-ES2H,days_p95,d_ssp245_minus_target,EEU,E.Europe,8.36935954146185
MIROC-ES2H,days_p95,d_ssp245_minus_target,MED,Mediterranean,6.147076489392349
MIROC-ES2H,days_p95,d_ssp245_minus_target,SAH,Sahara,0.08305440084968792
MIROC-ES2H,days_p95,d_ssp245_minus_target,WAF,Western-Africa,2.3507119934584053
MIROC-ES2H,days_p95,d_ssp245_minus_target,CAF,Central-Africa,2.470237599352226
MIROC-ES2H,days_p95,d_ssp245_minus_target,NEAF,N.Eastern-Africa,0.2911134595899781
MIROC-ES2H,days_p95,d_ssp245_minus_target,SEAF,S.Eastern-Africa,1.2571000948228384
MIROC-ES2H,days_p95,d_ssp245_minus_target,WSAF,W.Southern-Africa,2.4936583420320297
MIROC-ES2H,days_p95,d_ssp245_minus_target,ESAF,E.Southern-Africa,4.889774040288139
MIROC-ES2H,days_p95,d_ssp245_minus_target,MDG,Madagascar,6.688230938476472
MIROC-ES2H,days_p95,d_ssp245_minus_target,RAR,Russian-Arctic,6.818478920782913
MIROC-ES2H,days_p95,d_ssp245_minus_target,WSB,W.Siberia,3.1045442715656235
MIROC-ES2H,days_p95,d_ssp245_minus_target,ESB,E.Siberia,2.2537742608713
MIROC-ES2H,days_p95,d_ssp245_minus_target,RFE,Russian-Far-East,1.1206234729614517
MIROC-ES2H,days_p95,d_ssp245_minus_target,WCA,W.C.Asia,1.9115638116430034
MIROC-ES2H,days_p95,d_ssp245_minus_target,ECA,E.C.Asia,-1.9056498828349313
MIROC-ES2H,days_p95,d_ssp245_minus_target,TIB,Tibetan-Plateau,6.169679402883411
MIROC-ES2H,days_p95,d_ssp245_minus_target,EAS,E.Asia,2.7987953533310654
MIROC-ES2H,days_p95,d_ssp245_minus_target,ARP,Arabian-Peninsula,-0.24813040683979265
MIROC-ES2H,days_p95,d_ssp245_minus_target,SAS,S.Asia,-1.0132872508078061
MIROC-ES2H,days_p95,d_ssp245_minus_target,SEA,S.E.Asia,-1.1460013197111372
MIROC-ES2H,days_p95,d_ssp245_minus_target,NAU,N.Australia,-0.32444401648487375
MIROC-ES2H,days_p95,d_ssp245_minus_target,CAU,C.Australia,1.0012131433143079
MIROC-ES2H,days_p95,d_ssp245_minus_target,EAU,E.Australia,0.1117273177625079
MIROC-ES2H,days_p95,d_ssp245_minus_target,SAU,S.Australia,0.32149122836380467
MIROC-ES2H,days_p95,d_ssp245_minus_target,NZ,New-Zealand,3.9189249974676725
MIROC-ES2H,days_p95,d_ssp245_minus_target,EAN,E.Antarctica,
MIROC-ES2H,days_p95,d_ssp245_minus_target,WAN,W.Antarctica,
MIROC-ES2H,days_p95,d_SAI_minus_ssp245,GIC,Greenland/Iceland,
MIROC-ES2H,days_p95,d_SAI_minus_ssp245,NWN,N.W.North-America,-4.6475077821426565
MIROC-ES2H,days_p95,d_SAI_minus_ssp245,NEN,N.E.North-America,-4.042600963566515
MIROC-ES2H,days_p95,d_SAI_minus_ssp245,WNA,W.North-America,-1.9220889048565102
MIROC-ES2H,days_p95,d_SAI_minus_ssp245,CNA,C.North-America,-4.120946391113415
MIROC-ES2H,days_p95,d_SAI_minus_ssp245,ENA,E.North-America,-2.420422906159063
MIROC-ES2H,days_p95,d_SAI_minus_ssp245,NCA,N.Central-America,-2.924362657993755
MIROC-ES2H,days_p95,d_SAI_minus_ssp245,SCA,S.Central-America,-6.451952868473194
MIROC-ES2H,days_p95,d_SAI_minus_ssp245,CAR,Caribbean,-5.539856859171255
MIROC-ES2H,days_p95,d_SAI_minus_ssp245,NWS,N.W.South-America,-0.735684127328319
MIROC-ES2H,days_p95,d_SAI_minus_ssp245,NSA,N.South-America,-0.5023489885549886
MIROC-ES2H,days_p95,d_SAI_minus_ssp245,NES,N.E.South-America,-2.572230419357489
MIROC-ES2H,days_p95,d_SAI_minus_ssp245,SAM,South-American-Monsoon,-2.6424614931083013
MIROC-ES2H,days_p95,d_SAI_minus_ssp245,SWS,S.W.South-America,-5.794842788897527
MIROC-ES2H,days_p95,d_SAI_minus_ssp245,SES,S.E.South-America,-5.855611568261531
MIROC-ES2H,days_p95,d_SAI_minus_ssp245,SSA,S.South-America,-5.735599929116072
MIROC-ES2H,days_p95,d_SAI_minus_ssp245,NEU,N.Europe,-4.25401805402759
MIROC-ES2H,days_p95,d_SAI_minus_ssp245,WCE,West&Central-Europe,-5.30520915565356
MIROC-ES2H,days_p95,d_SAI_minus_ssp245,EEU,E.Europe,-6.550514682508419
MIROC-ES2H,days_p95,d_SAI_minus_ssp245,MED,Mediterranean,-5.441904649038876
MIROC-ES2H,days_p95,d_SAI_minus_ssp245,SAH,Sahara,-0.06773913239015546
MIROC-ES2H,days_p95,d_SAI_minus_ssp245,WAF,Western-Africa,-1.3498470730494612
MIROC-ES2H,days_p95,d_SAI_minus_ssp245,CAF,Central-Africa,-1.1840294917489695
MIROC-ES2H,days_p95,d_SAI_minus_ssp245,NEAF,N.Eastern-Africa,0.023467749480067905
MIROC-ES2H,days_p95,d_SAI_minus_ssp245,SEAF,S.Eastern-Africa,-1.0672561504859255
MIROC-ES2H,days_p95,d_SAI_minus_ssp245,WSAF,W.Southern-Africa,-2.4849695087726977
MIROC-ES2H,days_p95,d_SAI_minus_ssp245,ESAF,E.Southern-Africa,-4.521901905777615
MIROC-ES2H,days_p95,d_SAI_minus_ssp245,MDG,Madagascar,-5.912168179887168
MIROC-ES2H,days_p95,d_SAI_minus_ssp245,RAR,Russian-Arctic,-5.546505629435849
MIROC-ES2H,days_p95,d_SAI_minus_ssp245,WSB,W.Siberia,-2.305231443337909
MIROC-ES2H,days_p95,d_SAI_minus_ssp245,ESB,E.Siberia,-1.673525932242005
MIROC-ES2H,days_p95,d_SAI_minus_ssp245,RFE,Russian-Far-East,-1.1046506837479046
MIROC-ES2H,days_p95,d_SAI_minus_ssp245,WCA,W.C.Asia,-2.329650007626614
MIROC-ES2H,days_p95,d_SAI_minus_ssp245,ECA,E.C.Asia,-0.6526308691757852
MIROC-ES2H,days_p95,d_SAI_minus_ssp245,TIB,Tibetan-Plateau,-4.712148653213854
MIROC-ES2H,days_p95,d_SAI_minus_ssp245,EAS,E.Asia,-5.107481516169629
MIROC-ES2H,days_p95,d_SAI_minus_ssp245,ARP,Arabian-Peninsula,0.24966024390181693
MIROC-ES2H,days_p95,d_SAI_minus_ssp245,SAS,S.Asia,0.6378985899726763
MIROC-ES2H,days_p95,d_SAI_minus_ssp245,SEA,S.E.Asia,1.3000794465101808
MIROC-ES2H,days_p95,d_SAI_minus_ssp245,NAU,N.Australia,-1.6614104953330047
MIROC-ES2H,days_p95,d_SAI_minus_ssp245,CAU,C.Australia,-1.249442189175285
MIROC-ES2H,days_p95,d_SAI_minus_ssp245,EAU,E.Australia,-1.9656865089682567
MIROC-ES2H,days_p95,d_SAI_minus_ssp245,SAU,S.Australia,-2.513145308073205
MIROC-ES2H,days_p95,d_SAI_minus_ssp245,NZ,New-Zealand,-4.003096040607369
MIROC-ES2H,days_p95,d_SAI_minus_ssp245,EAN,E.Antarctica,
MIROC-ES2H,days_p95,d_SAI_minus_ssp245,WAN,W.Antarctica,
MIROC-ES2H,days_p95,d_HiLLA_minus_ssp245,GIC,Greenland/Iceland,
MIROC-ES2H,days_p95,d_HiLLA_minus_ssp245,NWN,N.W.North-America,-4.360163247253396
MIROC-ES2H,days_p95,d_HiLLA_minus_ssp245,NEN,N.E.North-America,-4.440164511080094
MIROC-ES2H,days_p95,d_HiLLA_minus_ssp245,WNA,W.North-America,-4.155468548739354
MIROC-ES2H,days_p95,d_HiLLA_minus_ssp245,CNA,C.North-America,-7.472920278031443
MIROC-ES2H,days_p95,d_HiLLA_minus_ssp245,ENA,E.North-America,-3.9016332744131526
MIROC-ES2H,days_p95,d_HiLLA_minus_ssp245,NCA,N.Central-America,-4.641703418008258
MIROC-ES2H,days_p95,d_HiLLA_minus_ssp245,SCA,S.Central-America,-5.866303395810649
MIROC-ES2H,days_p95,d_HiLLA_minus_ssp245,CAR,Caribbean,-3.1174578754072795
MIROC-ES2H,days_p95,d_HiLLA_minus_ssp245,NWS,N.W.South-America,0.1859040681136719
MIROC-ES2H,days_p95,d_HiLLA_minus_ssp245,NSA,N.South-America,1.7745406507208434
MIROC-ES2H,days_p95,d_HiLLA_minus_ssp245,NES,N.E.South-America,-1.3226136774830277
MIROC-ES2H,days_p95,d_HiLLA_minus_ssp245,SAM,South-American-Monsoon,-2.6321419388505563
MIROC-ES2H,days_p95,d_HiLLA_minus_ssp245,SWS,S.W.South-America,-4.545174730763935
MIROC-ES2H,days_p95,d_HiLLA_minus_ssp245,SES,S.E.South-America,-5.106880835933066
MIROC-ES2H,days_p95,d_HiLLA_minus_ssp245,SSA,S.South-America,-7.082306905184133
MIROC-ES2H,days_p95,d_HiLLA_minus_ssp245,NEU,N.Europe,-4.0130304163471875
MIROC-ES2H,days_p95,d_HiLLA_minus_ssp245,WCE,West&Central-Europe,-6.9044937783062945
MIROC-ES2H,days_p95,d_HiLLA_minus_ssp245,EEU,E.Europe,-4.283574622619317
MIROC-ES2H,days_p95,d_HiLLA_minus_ssp245,MED,Mediterranean,-5.384724147056549
MIROC-ES2H,days_p95,d_HiLLA_minus_ssp245,SAH,Sahara,-0.18039970523847434
MIROC-ES2H,days_p95,d_HiLLA_minus_ssp245,WAF,Western-Africa,-2.766230624155911
MIROC-ES2H,days_p95,d_HiLLA_minus_ssp245,CAF,Central-Africa,-3.3577296048160816
MIROC-ES2H,days_p95,d_HiLLA_minus_ssp245,NEAF,N.Eastern-Africa,-1.7967232500350023
MIROC-ES2H,days_p95,d_HiLLA_minus_ssp245,SEAF,S.Eastern-Africa,-1.9288571925403977
MIROC-ES2H,days_p95,d_HiLLA_minus_ssp245,WSAF,W.Southern-Africa,-1.7357567895312864
MIROC-ES2H,days_p95,d_HiLLA_minus_ssp245,ESAF,E.Southern-Africa,-4.885666738208644
MIROC-ES2H,days_p95,d_HiLLA_minus_ssp245,MDG,Madagascar,-3.7560959464548382
MIROC-ES2H,days_p95,d_HiLLA_minus_ssp245,RAR,Russian-Arctic,-6.725331665463686
MIROC-ES2H,days_p95,d_HiLLA_minus_ssp245,WSB,W.Siberia,-3.9742127518434116
MIROC-ES2H,days_p95,d_HiLLA_minus_ssp245,ESB,E.Siberia,-2.7424162196166253
MIROC-ES2H,days_p95,d_HiLLA_minus_ssp245,RFE,Russian-Far-East,-1.6209073150364548
MIROC-ES2H,days_p95,d_HiLLA_minus_ssp245,WCA,W.C.Asia,-2.841272807843123
MIROC-ES2H,days_p95,d_HiLLA_minus_ssp245,ECA,E.C.Asia,-0.95388980209517
MIROC-ES2H,days_p95,d_HiLLA_minus_ssp245,TIB,Tibetan-Plateau,-2.4171267197424946
MIROC-ES2H,days_p95,d_HiLLA_minus_ssp245,EAS,E.Asia,-3.3418564110249567
MIROC-ES2H,days_p95,d_HiLLA_minus_ssp245,ARP,Arabian-Peninsula,-0.04254013143175972
MIROC-ES2H,days_p95,d_HiLLA_minus_ssp245,SAS,S.Asia,-0.49826726206919986
MIROC-ES2H,days_p95,d_HiLLA_minus_ssp245,SEA,S.E.Asia,2.1932072761368464
MIROC-ES2H,days_p95,d_HiLLA_minus_ssp245,NAU,N.Australia,-0.28594731667023704
MIROC-ES2H,days_p95,d_HiLLA_minus_ssp245,CAU,C.Australia,1.0507416914175356
MIROC-ES2H,days_p95,d_HiLLA_minus_ssp245,EAU,E.Australia,1.3748066125922067
MIROC-ES2H,days_p95,d_HiLLA_minus_ssp245,SAU,S.Australia,0.09272931788754739
MIROC-ES2H,days_p95,d_HiLLA_minus_ssp245,NZ,New-Zealand,-2.859545313926359
MIROC-ES2H,days_p95,d_HiLLA_minus_ssp245,EAN,E.Antarctica,
MIROC-ES2H,days_p95,d_HiLLA_minus_ssp245,WAN,W.Antarctica,
MIROC-ES2H,days_p95,d_HiLLA_minus_SAI,GIC,Greenland/Iceland,
MIROC-ES2H,days_p95,d_HiLLA_minus_SAI,NWN,N.W.North-America,0.28734453488926
MIROC-ES2H,days_p95,d_HiLLA_minus_SAI,NEN,N.E.North-America,-0.39756354751357875
MIROC-ES2H,days_p95,d_HiLLA_minus_SAI,WNA,W.North-America,-2.2333796438828446
MIROC-ES2H,days_p95,d_HiLLA_minus_SAI,CNA,C.North-America,-3.3519738869180293
MIROC-ES2H,days_p95,d_HiLLA_minus_SAI,ENA,E.North-America,-1.4812103682540891
MIROC-ES2H,days_p95,d_HiLLA_minus_SAI,NCA,N.Central-America,-1.717340760014502
MIROC-ES2H,days_p95,d_HiLLA_minus_SAI,SCA,S.Central-America,0.5856494726625446
MIROC-ES2H,days_p95,d_HiLLA_minus_SAI,CAR,Caribbean,2.422398983763976
MIROC-ES2H,days_p95,d_HiLLA_minus_SAI,NWS,N.W.South-America,0.921588195441991
MIROC-ES2H,days_p95,d_HiLLA_minus_SAI,NSA,N.South-America,2.276889639275832
MIROC-ES2H,days_p95,d_HiLLA_minus_SAI,NES,N.E.South-America,1.2496167418744604
MIROC-ES2H,days_p95,d_HiLLA_minus_SAI,SAM,South-American-Monsoon,0.010319554257743994
MIROC-ES2H,days_p95,d_HiLLA_minus_SAI,SWS,S.W.South-America,1.2496680581335924
MIROC-ES2H,days_p95,d_HiLLA_minus_SAI,SES,S.E.South-America,0.7487307323284647
MIROC-ES2H,days_p95,d_HiLLA_minus_SAI,SSA,S.South-America,-1.3467069760680621
MIROC-ES2H,days_p95,d_HiLLA_minus_SAI,NEU,N.Europe,0.240987637680403
MIROC-ES2H,days_p95,d_HiLLA_minus_SAI,WCE,West&Central-Europe,-1.5992846226527366
MIROC-ES2H,days_p95,d_HiLLA_minus_SAI,EEU,E.Europe,2.2669400598891016
MIROC-ES2H,days_p95,d_HiLLA_minus_SAI,MED,Mediterranean,0.0571805019823265
MIROC-ES2H,days_p95,d_HiLLA_minus_SAI,SAH,Sahara,-0.11266057284831879
MIROC-ES2H,days_p95,d_HiLLA_minus_SAI,WAF,Western-Africa,-1.416383551106451
MIROC-ES2H,days_p95,d_HiLLA_minus_SAI,CAF,Central-Africa,-2.1737001130671127
MIROC-ES2H,days_p95,d_HiLLA_minus_SAI,NEAF,N.Eastern-Africa,-1.8201909995150698
MIROC-ES2H,days_p95,d_HiLLA_minus_SAI,SEAF,S.Eastern-Africa,-0.861601042054472
MIROC-ES2H,days_p95,d_HiLLA_minus_SAI,WSAF,W.Southern-Africa,0.7492127192414119
MIROC-ES2H,days_p95,d_HiLLA_minus_SAI,ESAF,E.Southern-Africa,-0.3637648324310307
MIROC-ES2H,days_p95,d_HiLLA_minus_SAI,MDG,Madagascar,2.15607223343233
MIROC-ES2H,days_p95,d_HiLLA_minus_SAI,RAR,Russian-Arctic,-1.178826036027839
MIROC-ES2H,days_p95,d_HiLLA_minus_SAI,WSB,W.Siberia,-1.6689813085055039
MIROC-ES2H,days_p95,d_HiLLA_minus_SAI,ESB,E.Siberia,-1.0688902873746204
MIROC-ES2H,days_p95,d_HiLLA_minus_SAI,RFE,Russian-Far-East,-0.5162566312885501
MIROC-ES2H,days_p95,d_HiLLA_minus_SAI,WCA,W.C.Asia,-0.5116228002165082
MIROC-ES2H,days_p95,d_HiLLA_minus_SAI,ECA,E.C.Asia,-0.301258932919385
MIROC-ES2H,days_p95,d_HiLLA_minus_SAI,TIB,Tibetan-Plateau,2.295021933471359
MIROC-ES2H,days_p95,d_HiLLA_minus_SAI,EAS,E.Asia,1.7656251051446714
MIROC-ES2H,days_p95,d_HiLLA_minus_SAI,ARP,Arabian-Peninsula,-0.2922003753335765
MIROC-ES2H,days_p95,d_HiLLA_minus_SAI,SAS,S.Asia,-1.1361658520418767
MIROC-ES2H,days_p95,d_HiLLA_minus_SAI,SEA,S.E.Asia,0.8931278296266656
MIROC-ES2H,days_p95,d_HiLLA_minus_SAI,NAU,N.Australia,1.3754631786627673
MIROC-ES2H,days_p95,d_HiLLA_minus_SAI,CAU,C.Australia,2.30018388059282
MIROC-ES2H,days_p95,d_HiLLA_minus_SAI,EAU,E.Australia,3.340493121560464
MIROC-ES2H,days_p95,d_HiLLA_minus_SAI,SAU,S.Australia,2.605874625960752
MIROC-ES2H,days_p95,d_HiLLA_minus_SAI,NZ,New-Zealand,1.1435507266810092
MIROC-ES2H,days_p95,d_HiLLA_minus_SAI,EAN,E.Antarctica,
MIROC-ES2H,days_p95,d_HiLLA_minus_SAI,WAN,W.Antarctica,
MIROC-ES2H,days_p95,d_SAI_minus_target,GIC,Greenland/Iceland,
MIROC-ES2H,days_p95,d_SAI_minus_target,NWN,N.W.North-America,-0.09244552799297961
MIROC-ES2H,days_p95,d_SAI_minus_target,NEN,N.E.North-America,-0.5759743265398286
MIROC-ES2H,days_p95,d_SAI_minus_target,WNA,W.North-America,1.5166304621099578
MIROC-ES2H,days_p95,d_SAI_minus_target,CNA,C.North-America,2.747253654270766
MIROC-ES2H,days_p95,d_SAI_minus_target,ENA,E.North-America,-0.0752570878837848
MIROC-ES2H,days_p95,d_SAI_minus_target,NCA,N.Central-America,-0.5543972749541273
MIROC-ES2H,days_p95,d_SAI_minus_target,SCA,S.Central-America,-1.4913107017358311
MIROC-ES2H,days_p95,d_SAI_minus_target,CAR,Caribbean,-2.206724133693168
MIROC-ES2H,days_p95,d_SAI_minus_target,NWS,N.W.South-America,-0.1569975446371479
MIROC-ES2H,days_p95,d_SAI_minus_target,NSA,N.South-America,0.5210008601812819
MIROC-ES2H,days_p95,d_SAI_minus_target,NES,N.E.South-America,-0.9951854499213904
MIROC-ES2H,days_p95,d_SAI_minus_target,SAM,South-American-Monsoon,-1.945097720218852
MIROC-ES2H,days_p95,d_SAI_minus_target,SWS,S.W.South-America,-0.6305138478607087
MIROC-ES2H,days_p95,d_SAI_minus_target,SES,S.E.South-America,-2.913236555613166
MIROC-ES2H,days_p95,d_SAI_minus_target,SSA,S.South-America,0.9204583981523836
MIROC-ES2H,days_p95,d_SAI_minus_target,NEU,N.Europe,-0.808374778183245
MIROC-ES2H,days_p95,d_SAI_minus_target,WCE,West&Central-Europe,1.2639056440802303
MIROC-ES2H,days_p95,d_SAI_minus_target,EEU,E.Europe,1.8188448589534316
MIROC-ES2H,days_p95,d_SAI_minus_target,MED,Mediterranean,0.7051718403534724
MIROC-ES2H,days_p95,d_SAI_minus_target,SAH,Sahara,0.015315268459532658
MIROC-ES2H,days_p95,d_SAI_minus_target,WAF,Western-Africa,1.0008649204089435
MIROC-ES2H,days_p95,d_SAI_minus_target,CAF,Central-Africa,1.2862081076032574
MIROC-ES2H,days_p95,d_SAI_minus_target,NEAF,N.Eastern-Africa,0.31458120907004583
MIROC-ES2H,days_p95,d_SAI_minus_target,SEAF,S.Eastern-Africa,0.189843944336913
MIROC-ES2H,days_p95,d_SAI_minus_target,WSAF,W.Southern-Africa,0.008688833259330954
MIROC-ES2H,days_p95,d_SAI_minus_target,ESAF,E.Southern-Africa,0.36787213451052475
MIROC-ES2H,days_p95,d_SAI_minus_target,MDG,Madagascar,0.7760627585893052
MIROC-ES2H,days_p95,d_SAI_minus_target,RAR,Russian-Arctic,1.271973291347062
MIROC-ES2H,days_p95,d_SAI_minus_target,WSB,W.Siberia,0.7993128282277144
MIROC-ES2H,days_p95,d_SAI_minus_target,ESB,E.Siberia,0.5802483286292937
MIROC-ES2H,days_p95,d_SAI_minus_target,RFE,Russian-Far-East,0.015972789213547237
MIROC-ES2H,days_p95,d_SAI_minus_target,WCA,W.C.Asia,-0.4180861959836105
MIROC-ES2H,days_p95,d_SAI_minus_target,ECA,E.C.Asia,-2.5582807520107167
MIROC-ES2H,days_p95,d_SAI_minus_target,TIB,Tibetan-Plateau,1.457530749669558
MIROC-ES2H,days_p95,d_SAI_minus_target,EAS,E.Asia,-2.308686162838565
MIROC-ES2H,days_p95,d_SAI_minus_target,ARP,Arabian-Peninsula,0.0015298370620241944
MIROC-ES2H,days_p95,d_SAI_minus_target,SAS,S.Asia,-0.37538866083512906
MIROC-ES2H,days_p95,d_SAI_minus_target,SEA,S.E.Asia,0.15407812679904376
MIROC-ES2H,days_p95,d_SAI_minus_target,NAU,N.Australia,-1.985854511817879
MIROC-ES2H,days_p95,d_SAI_minus_target,CAU,C.Australia,-0.24822904586097674
MIROC-ES2H,days_p95,d_SAI_minus_target,EAU,E.Australia,-1.8539591912057494
MIROC-ES2H,days_p95,d_SAI_minus_target,SAU,S.Australia,-2.1916540797094
MIROC-ES2H,days_p95,d_SAI_minus_target,NZ,New-Zealand,-0.08417104313969619
MIROC-ES2H,days_p95,d_SAI_minus_target,EAN,E.Antarctica,
MIROC-ES2H,days_p95,d_SAI_minus_target,WAN,W.Antarctica,
MIROC-ES2H,days_p95,d_HiLLA_minus_target,GIC,Greenland/Iceland,
MIROC-ES2H,days_p95,d_HiLLA_minus_target,NWN,N.W.North-America,0.1948990068962811
MIROC-ES2H,days_p95,d_HiLLA_minus_target,NEN,N.E.North-America,-0.9735378740534083
MIROC-ES2H,days_p95,d_HiLLA_minus_target,WNA,W.North-America,-0.7167491817728865
MIROC-ES2H,days_p95,d_HiLLA_minus_target,CNA,C.North-America,-0.6047202326472632
MIROC-ES2H,days_p95,d_HiLLA_minus_target,ENA,E.North-America,-1.5564674561378744
MIROC-ES2H,days_p95,d_HiLLA_minus_target,NCA,N.Central-America,-2.2717380349686294
MIROC-ES2H,days_p95,d_HiLLA_minus_target,SCA,S.Central-America,-0.9056612290732865
MIROC-ES2H,days_p95,d_HiLLA_minus_target,CAR,Caribbean,0.2156748500708084
MIROC-ES2H,days_p95,d_HiLLA_minus_target,NWS,N.W.South-America,0.7645906508048435
MIROC-ES2H,days_p95,d_HiLLA_minus_target,NSA,N.South-America,2.7978904994571145
MIROC-ES2H,days_p95,d_HiLLA_minus_target,NES,N.E.South-America,0.25443129195306996
MIROC-ES2H,days_p95,d_HiLLA_minus_target,SAM,South-American-Monsoon,-1.9347781659611079
MIROC-ES2H,days_p95,d_HiLLA_minus_target,SWS,S.W.South-America,0.6191542102728838
MIROC-ES2H,days_p95,d_HiLLA_minus_target,SES,S.E.South-America,-2.1645058232847005
MIROC-ES2H,days_p95,d_HiLLA_minus_target,SSA,S.South-America,-0.4262485779156788
MIROC-ES2H,days_p95,d_HiLLA_minus_target,NEU,N.Europe,-0.5673871405028418
MIROC-ES2H,days_p95,d_HiLLA_minus_target,WCE,West&Central-Europe,-0.33537897857250704
MIROC-ES2H,days_p95,d_HiLLA_minus_target,EEU,E.Europe,4.085784918842534
MIROC-ES2H,days_p95,d_HiLLA_minus_target,MED,Mediterranean,0.7623523423357987
MIROC-ES2H,days_p95,d_HiLLA_minus_target,SAH,Sahara,-0.09734530438878614
MIROC-ES2H,days_p95,d_HiLLA_minus_target,WAF,Western-Africa,-0.41551863069750744
MIROC-ES2H,days_p95,d_HiLLA_minus_target,CAF,Central-Africa,-0.8874920054638555
MIROC-ES2H,days_p95,d_HiLLA_minus_target,NEAF,N.Eastern-Africa,-1.5056097904450245
MIROC-ES2H,days_p95,d_HiLLA_minus_target,SEAF,S.Eastern-Africa,-0.6717570977175589
MIROC-ES2H,days_p95,d_HiLLA_minus_target,WSAF,W.Southern-Africa,0.7579015525007426
MIROC-ES2H,days_p95,d_HiLLA_minus_target,ESAF,E.Southern-Africa,0.004107302079494178
MIROC-ES2H,days_p95,d_HiLLA_minus_target,MDG,Madagascar,2.9321349920216346
MIROC-ES2H,days_p95,d_HiLLA_minus_target,RAR,Russian-Arctic,0.09314725531922155
MIROC-ES2H,days_p95,d_HiLLA_minus_target,WSB,W.Siberia,-0.8696684802777894
MIROC-ES2H,days_p95,d_HiLLA_minus_target,ESB,E.Siberia,-0.48864195874532657
MIROC-ES2H,days_p95,d_HiLLA_minus_target,RFE,Russian-Far-East,-0.5002838420750032
MIROC-ES2H,days_p95,d_HiLLA_minus_target,WCA,W.C.Asia,-0.9297089962001184
MIROC-ES2H,days_p95,d_HiLLA_minus_target,ECA,E.C.Asia,-2.8595396849301014
MIROC-ES2H,days_p95,d_HiLLA_minus_target,TIB,Tibetan-Plateau,3.7525526831409177
MIROC-ES2H,days_p95,d_HiLLA_minus_target,EAS,E.Asia,-0.5430610576938929
MIROC-ES2H,days_p95,d_HiLLA_minus_target,ARP,Arabian-Peninsula,-0.2906705382715523
MIROC-ES2H,days_p95,d_HiLLA_minus_target,SAS,S.Asia,-1.5115545128770052
MIROC-ES2H,days_p95,d_HiLLA_minus_target,SEA,S.E.Asia,1.0472059564257092
MIROC-ES2H,days_p95,d_HiLLA_minus_target,NAU,N.Australia,-0.6103913331551108
MIROC-ES2H,days_p95,d_HiLLA_minus_target,CAU,C.Australia,2.0519548347318444
MIROC-ES2H,days_p95,d_HiLLA_minus_target,EAU,E.Australia,1.4865339303547147
MIROC-ES2H,days_p95,d_HiLLA_minus_target,SAU,S.Australia,0.4142205462513522
MIROC-ES2H,days_p95,d_HiLLA_minus_target,NZ,New-Zealand,1.059379683541313
MIROC-ES2H,days_p95,d_HiLLA_minus_target,EAN,E.Antarctica,
MIROC-ES2H,days_p95,d_HiLLA_minus_target,WAN,W.Antarctica,
MIROC-ES2H,fwi_fs,target,GIC,Greenland/Iceland,
MIROC-ES2H,fwi_fs,target,NWN,N.W.North-America,29.027922845510922
MIROC-ES2H,fwi_fs,target,NEN,N.E.North-America,30.974166834064093
MIROC-ES2H,fwi_fs,target,WNA,W.North-America,58.16247254832254
MIROC-ES2H,fwi_fs,target,CNA,C.North-America,58.20685434606503
MIROC-ES2H,fwi_fs,target,ENA,E.North-America,31.689200613107275
MIROC-ES2H,fwi_fs,target,NCA,N.Central-America,72.40808213484978
MIROC-ES2H,fwi_fs,target,SCA,S.Central-America,50.13598531410245
MIROC-ES2H,fwi_fs,target,CAR,Caribbean,55.29708247407502
MIROC-ES2H,fwi_fs,target,NWS,N.W.South-America,31.761304545080687
MIROC-ES2H,fwi_fs,target,NSA,N.South-America,45.69747435006447
MIROC-ES2H,fwi_fs,target,NES,N.E.South-America,82.50438970789122
MIROC-ES2H,fwi_fs,target,SAM,South-American-Monsoon,57.60663713501923
MIROC-ES2H,fwi_fs,target,SWS,S.W.South-America,61.025870410624115
MIROC-ES2H,fwi_fs,target,SES,S.E.South-America,58.466233301204575
MIROC-ES2H,fwi_fs,target,SSA,S.South-America,44.29244610993682
MIROC-ES2H,fwi_fs,target,NEU,N.Europe,30.44729678251624
MIROC-ES2H,fwi_fs,target,WCE,West&Central-Europe,45.18309001694536
MIROC-ES2H,fwi_fs,target,EEU,E.Europe,54.373695446436244
MIROC-ES2H,fwi_fs,target,MED,Mediterranean,73.27374519119942
MIROC-ES2H,fwi_fs,target,SAH,Sahara,92.00768439638696
MIROC-ES2H,fwi_fs,target,WAF,Western-Africa,73.37739305765234
MIROC-ES2H,fwi_fs,target,CAF,Central-Africa,57.36119940778131
MIROC-ES2H,fwi_fs,target,NEAF,N.Eastern-Africa,87.4079293792162
MIROC-ES2H,fwi_fs,target,SEAF,S.Eastern-Africa,76.2651631512892
MIROC-ES2H,fwi_fs,target,WSAF,W.Southern-Africa,78.59830524169512
MIROC-ES2H,fwi_fs,target,ESAF,E.Southern-Africa,72.83234743699063
MIROC-ES2H,fwi_fs,target,MDG,Madagascar,60.64579169427523
MIROC-ES2H,fwi_fs,target,RAR,Russian-Arctic,24.83030532699329
MIROC-ES2H,fwi_fs,target,WSB,W.Siberia,51.49678087794672
MIROC-ES2H,fwi_fs,target,ESB,E.Siberia,32.023857100511584
MIROC-ES2H,fwi_fs,target,RFE,Russian-Far-East,21.024891601416115
MIROC-ES2H,fwi_fs,target,WCA,W.C.Asia,75.81625564063059
MIROC-ES2H,fwi_fs,target,ECA,E.C.Asia,55.832334673114225
MIROC-ES2H,fwi_fs,target,TIB,Tibetan-Plateau,22.56683434155842
MIROC-ES2H,fwi_fs,target,EAS,E.Asia,33.94559001461051
MIROC-ES2H,fwi_fs,target,ARP,Arabian-Peninsula,85.49325255760718
MIROC-ES2H,fwi_fs,target,SAS,S.Asia,70.85343978318268
MIROC-ES2H,fwi_fs,target,SEA,S.E.Asia,34.68827698677994
MIROC-ES2H,fwi_fs,target,NAU,N.Australia,85.04470186809158
MIROC-ES2H,fwi_fs,target,CAU,C.Australia,82.83138538213775
MIROC-ES2H,fwi_fs,target,EAU,E.Australia,59.789447376780316
MIROC-ES2H,fwi_fs,target,SAU,S.Australia,81.7885611139094
MIROC-ES2H,fwi_fs,target,NZ,New-Zealand,27.51295910623634
MIROC-ES2H,fwi_fs,target,EAN,E.Antarctica,
MIROC-ES2H,fwi_fs,target,WAN,W.Antarctica,
MIROC-ES2H,fwi_fs,ssp245,GIC,Greenland/Iceland,
MIROC-ES2H,fwi_fs,ssp245,NWN,N.W.North-America,31.03404939802102
MIROC-ES2H,fwi_fs,ssp245,NEN,N.E.North-America,32.72992096517713
MIROC-ES2H,fwi_fs,ssp245,WNA,W.North-America,58.8586863103767
MIROC-ES2H,fwi_fs,ssp245,CNA,C.North-America,60.953839628359766
MIROC-ES2H,fwi_fs,ssp245,ENA,E.North-America,32.599359267672114
MIROC-ES2H,fwi_fs,ssp245,NCA,N.Central-America,73.32066771454377
MIROC-ES2H,fwi_fs,ssp245,SCA,S.Central-America,51.26582297576006
MIROC-ES2H,fwi_fs,ssp245,CAR,Caribbean,56.71135767862134
MIROC-ES2H,fwi_fs,ssp245,NWS,N.W.South-America,31.723178180301257
MIROC-ES2H,fwi_fs,ssp245,NSA,N.South-America,45.62362244563407
MIROC-ES2H,fwi_fs,ssp245,NES,N.E.South-America,82.52535503993383
MIROC-ES2H,fwi_fs,ssp245,SAM,South-American-Monsoon,57.78946432069855
MIROC-ES2H,fwi_fs,ssp245,SWS,S.W.South-America,62.5199372993517
MIROC-ES2H,fwi_fs,ssp245,SES,S.E.South-America,58.94814636590594
MIROC-ES2H,fwi_fs,ssp245,SSA,S.South-America,47.04677544961678
MIROC-ES2H,fwi_fs,ssp245,NEU,N.Europe,31.774639508475236
MIROC-ES2H,fwi_fs,ssp245,WCE,West&Central-Europe,47.73954998427394
MIROC-ES2H,fwi_fs,ssp245,EEU,E.Europe,56.846238018699424
MIROC-ES2H,fwi_fs,ssp245,MED,Mediterranean,75.1304881619972
MIROC-ES2H,fwi_fs,ssp245,SAH,Sahara,91.94837312706187
MIROC-ES2H,fwi_fs,ssp245,WAF,Western-Africa,74.00359694395492
MIROC-ES2H,fwi_fs,ssp245,CAF,Central-Africa,57.95715473344575
MIROC-ES2H,fwi_fs,ssp245,NEAF,N.Eastern-Africa,87.5890964540674
MIROC-ES2H,fwi_fs,ssp245,SEAF,S.Eastern-Africa,76.23600932570614
MIROC-ES2H,fwi_fs,ssp245,WSAF,W.Southern-Africa,79.06174660401966
MIROC-ES2H,fwi_fs,ssp245,ESAF,E.Southern-Africa,74.42406479471352
MIROC-ES2H,fwi_fs,ssp245,MDG,Madagascar,62.84146948527948
MIROC-ES2H,fwi_fs,ssp245,RAR,Russian-Arctic,27.67695600861261
MIROC-ES2H,fwi_fs,ssp245,WSB,W.Siberia,52.77131423922527
MIROC-ES2H,fwi_fs,ssp245,ESB,E.Siberia,33.31513540448935
MIROC-ES2H,fwi_fs,ssp245,RFE,Russian-Far-East,21.64678963687983
MIROC-ES2H,fwi_fs,ssp245,WCA,W.C.Asia,76.23341738538991
MIROC-ES2H,fwi_fs,ssp245,ECA,E.C.Asia,55.07881001917546
MIROC-ES2H,fwi_fs,ssp245,TIB,Tibetan-Plateau,23.696283334676952
MIROC-ES2H,fwi_fs,ssp245,EAS,E.Asia,33.704076048381395
MIROC-ES2H,fwi_fs,ssp245,ARP,Arabian-Peninsula,85.48331058501829
MIROC-ES2H,fwi_fs,ssp245,SAS,S.Asia,70.0681136205412
MIROC-ES2H,fwi_fs,ssp245,SEA,S.E.Asia,33.506206091822456
MIROC-ES2H,fwi_fs,ssp245,NAU,N.Australia,84.6115425142424
MIROC-ES2H,fwi_fs,ssp245,CAU,C.Australia,82.11851518365377
MIROC-ES2H,fwi_fs,ssp245,EAU,E.Australia,58.87824191886826
MIROC-ES2H,fwi_fs,ssp245,SAU,S.Australia,81.77193221741206
MIROC-ES2H,fwi_fs,ssp245,NZ,New-Zealand,28.634885372818015
MIROC-ES2H,fwi_fs,ssp245,EAN,E.Antarctica,
MIROC-ES2H,fwi_fs,ssp245,WAN,W.Antarctica,
MIROC-ES2H,fwi_fs,G6-1.5K-SAI,GIC,Greenland/Iceland,
MIROC-ES2H,fwi_fs,G6-1.5K-SAI,NWN,N.W.North-America,29.189013392234745
MIROC-ES2H,fwi_fs,G6-1.5K-SAI,NEN,N.E.North-America,30.88503711294619
MIROC-ES2H,fwi_fs,G6-1.5K-SAI,WNA,W.North-America,58.36880457930911
MIROC-ES2H,fwi_fs,G6-1.5K-SAI,CNA,C.North-America,59.03356553364509
MIROC-ES2H,fwi_fs,G6-1.5K-SAI,ENA,E.North-America,31.666805869168385
MIROC-ES2H,fwi_fs,G6-1.5K-SAI,NCA,N.Central-America,71.74289054266201
MIROC-ES2H,fwi_fs,G6-1.5K-SAI,SCA,S.Central-America,49.25637459385968
MIROC-ES2H,fwi_fs,G6-1.5K-SAI,CAR,Caribbean,54.27274297023018
MIROC-ES2H,fwi_fs,G6-1.5K-SAI,NWS,N.W.South-America,31.5076430438632
MIROC-ES2H,fwi_fs,G6-1.5K-SAI,NSA,N.South-America,45.72227114720557
MIROC-ES2H,fwi_fs,G6-1.5K-SAI,NES,N.E.South-America,82.08775559669212
MIROC-ES2H,fwi_fs,G6-1.5K-SAI,SAM,South-American-Monsoon,57.002922729855946
MIROC-ES2H,fwi_fs,G6-1.5K-SAI,SWS,S.W.South-America,60.690213825824706
MIROC-ES2H,fwi_fs,G6-1.5K-SAI,SES,S.E.South-America,56.781893208494594
MIROC-ES2H,fwi_fs,G6-1.5K-SAI,SSA,S.South-America,44.68884386748936
MIROC-ES2H,fwi_fs,G6-1.5K-SAI,NEU,N.Europe,29.87707603272153
MIROC-ES2H,fwi_fs,G6-1.5K-SAI,WCE,West&Central-Europe,45.36277063159293
MIROC-ES2H,fwi_fs,G6-1.5K-SAI,EEU,E.Europe,54.775835421329305
MIROC-ES2H,fwi_fs,G6-1.5K-SAI,MED,Mediterranean,73.52740838594123
MIROC-ES2H,fwi_fs,G6-1.5K-SAI,SAH,Sahara,91.94865297220394
MIROC-ES2H,fwi_fs,G6-1.5K-SAI,WAF,Western-Africa,73.71350659314628
MIROC-ES2H,fwi_fs,G6-1.5K-SAI,CAF,Central-Africa,57.82170051613844
MIROC-ES2H,fwi_fs,G6-1.5K-SAI,NEAF,N.Eastern-Africa,87.56618854059924
MIROC-ES2H,fwi_fs,G6-1.5K-SAI,SEAF,S.Eastern-Africa,76.08061952534756
MIROC-ES2H,fwi_fs,G6-1.5K-SAI,WSAF,W.Southern-Africa,78.57489579236774
MIROC-ES2H,fwi_fs,G6-1.5K-SAI,ESAF,E.Southern-Africa,72.62211384227129
MIROC-ES2H,fwi_fs,G6-1.5K-SAI,MDG,Madagascar,60.61751767927077
MIROC-ES2H,fwi_fs,G6-1.5K-SAI,RAR,Russian-Arctic,24.93436263954959
MIROC-ES2H,fwi_fs,G6-1.5K-SAI,WSB,W.Siberia,51.6676943417311
MIROC-ES2H,fwi_fs,G6-1.5K-SAI,ESB,E.Siberia,31.871027897189546
MIROC-ES2H,fwi_fs,G6-1.5K-SAI,RFE,Russian-Far-East,20.91940854449198
MIROC-ES2H,fwi_fs,G6-1.5K-SAI,WCA,W.C.Asia,75.65930407181607
MIROC-ES2H,fwi_fs,G6-1.5K-SAI,ECA,E.C.Asia,54.81313271387503
MIROC-ES2H,fwi_fs,G6-1.5K-SAI,TIB,Tibetan-Plateau,22.646286749086784
MIROC-ES2H,fwi_fs,G6-1.5K-SAI,EAS,E.Asia,32.53903313882413
MIROC-ES2H,fwi_fs,G6-1.5K-SAI,ARP,Arabian-Peninsula,85.47698779160736
MIROC-ES2H,fwi_fs,G6-1.5K-SAI,SAS,S.Asia,69.98976895619329
MIROC-ES2H,fwi_fs,G6-1.5K-SAI,SEA,S.E.Asia,33.761045318988906
MIROC-ES2H,fwi_fs,G6-1.5K-SAI,NAU,N.Australia,83.74099875584125
MIROC-ES2H,fwi_fs,G6-1.5K-SAI,CAU,C.Australia,82.01041980859891
MIROC-ES2H,fwi_fs,G6-1.5K-SAI,EAU,E.Australia,56.779514178461454
MIROC-ES2H,fwi_fs,G6-1.5K-SAI,SAU,S.Australia,80.42874426763787
MIROC-ES2H,fwi_fs,G6-1.5K-SAI,NZ,New-Zealand,27.181492059568306
MIROC-ES2H,fwi_fs,G6-1.5K-SAI,EAN,E.Antarctica,
MIROC-ES2H,fwi_fs,G6-1.5K-SAI,WAN,W.Antarctica,
MIROC-ES2H,fwi_fs,G6-1.5K-HiLLA,GIC,Greenland/Iceland,
MIROC-ES2H,fwi_fs,G6-1.5K-HiLLA,NWN,N.W.North-America,28.940526699627565
MIROC-ES2H,fwi_fs,G6-1.5K-HiLLA,NEN,N.E.North-America,30.56111285043545
MIROC-ES2H,fwi_fs,G6-1.5K-HiLLA,WNA,W.North-America,57.423315963535806
MIROC-ES2H,fwi_fs,G6-1.5K-HiLLA,CNA,C.North-America,57.52171213718183
MIROC-ES2H,fwi_fs,G6-1.5K-HiLLA,ENA,E.North-America,31.254377523684354
MIROC-ES2H,fwi_fs,G6-1.5K-HiLLA,NCA,N.Central-America,70.94208358883506
MIROC-ES2H,fwi_fs,G6-1.5K-HiLLA,SCA,S.Central-America,49.6350253124977
MIROC-ES2H,fwi_fs,G6-1.5K-HiLLA,CAR,Caribbean,55.44024101923258
MIROC-ES2H,fwi_fs,G6-1.5K-HiLLA,NWS,N.W.South-America,32.080984334296176
MIROC-ES2H,fwi_fs,G6-1.5K-HiLLA,NSA,N.South-America,46.46871379263013
MIROC-ES2H,fwi_fs,G6-1.5K-HiLLA,NES,N.E.South-America,82.46293718405185
MIROC-ES2H,fwi_fs,G6-1.5K-HiLLA,SAM,South-American-Monsoon,57.01389943336329
MIROC-ES2H,fwi_fs,G6-1.5K-HiLLA,SWS,S.W.South-America,60.865994928259234
MIROC-ES2H,fwi_fs,G6-1.5K-HiLLA,SES,S.E.South-America,57.627280306311505
MIROC-ES2H,fwi_fs,G6-1.5K-HiLLA,SSA,S.South-America,44.376827552466814
MIROC-ES2H,fwi_fs,G6-1.5K-HiLLA,NEU,N.Europe,29.78392705291557
MIROC-ES2H,fwi_fs,G6-1.5K-HiLLA,WCE,West&Central-Europe,44.81723566880088
MIROC-ES2H,fwi_fs,G6-1.5K-HiLLA,EEU,E.Europe,55.34268156259656
MIROC-ES2H,fwi_fs,G6-1.5K-HiLLA,MED,Mediterranean,73.63160766196908
MIROC-ES2H,fwi_fs,G6-1.5K-HiLLA,SAH,Sahara,91.8954689472276
MIROC-ES2H,fwi_fs,G6-1.5K-HiLLA,WAF,Western-Africa,72.91742084721206
MIROC-ES2H,fwi_fs,G6-1.5K-HiLLA,CAF,Central-Africa,56.96941352218559
MIROC-ES2H,fwi_fs,G6-1.5K-HiLLA,NEAF,N.Eastern-Africa,87.06742958147258
MIROC-ES2H,fwi_fs,G6-1.5K-HiLLA,SEAF,S.Eastern-Africa,75.70145603685945
MIROC-ES2H,fwi_fs,G6-1.5K-HiLLA,WSAF,W.Southern-Africa,78.5101661460432
MIROC-ES2H,fwi_fs,G6-1.5K-HiLLA,ESAF,E.Southern-Africa,72.60196280762796
MIROC-ES2H,fwi_fs,G6-1.5K-HiLLA,MDG,Madagascar,61.967512153634004
MIROC-ES2H,fwi_fs,G6-1.5K-HiLLA,RAR,Russian-Arctic,24.658537761236403
MIROC-ES2H,fwi_fs,G6-1.5K-HiLLA,WSB,W.Siberia,50.765636569053314
MIROC-ES2H,fwi_fs,G6-1.5K-HiLLA,ESB,E.Siberia,31.779780104472263
MIROC-ES2H,fwi_fs,G6-1.5K-HiLLA,RFE,Russian-Far-East,20.697028200683775
MIROC-ES2H,fwi_fs,G6-1.5K-HiLLA,WCA,W.C.Asia,75.54286804243877
MIROC-ES2H,fwi_fs,G6-1.5K-HiLLA,ECA,E.C.Asia,54.97160925798716
MIROC-ES2H,fwi_fs,G6-1.5K-HiLLA,TIB,Tibetan-Plateau,23.33315552440937
MIROC-ES2H,fwi_fs,G6-1.5K-HiLLA,EAS,E.Asia,33.373078147786
MIROC-ES2H,fwi_fs,G6-1.5K-HiLLA,ARP,Arabian-Peninsula,85.45877338533906
MIROC-ES2H,fwi_fs,G6-1.5K-HiLLA,SAS,S.Asia,69.6792027339243
MIROC-ES2H,fwi_fs,G6-1.5K-HiLLA,SEA,S.E.Asia,34.80362434441453
MIROC-ES2H,fwi_fs,G6-1.5K-HiLLA,NAU,N.Australia,84.51779145729006
MIROC-ES2H,fwi_fs,G6-1.5K-HiLLA,CAU,C.Australia,82.79068704205974
MIROC-ES2H,fwi_fs,G6-1.5K-HiLLA,EAU,E.Australia,59.07510202026243
MIROC-ES2H,fwi_fs,G6-1.5K-HiLLA,SAU,S.Australia,81.97288231695735
MIROC-ES2H,fwi_fs,G6-1.5K-HiLLA,NZ,New-Zealand,27.497406261016174
MIROC-ES2H,fwi_fs,G6-1.5K-HiLLA,EAN,E.Antarctica,
MIROC-ES2H,fwi_fs,G6-1.5K-HiLLA,WAN,W.Antarctica,
MIROC-ES2H,fwi_fs,d_ssp245_minus_target,GIC,Greenland/Iceland,
MIROC-ES2H,fwi_fs,d_ssp245_minus_target,NWN,N.W.North-America,2.006126552510083
MIROC-ES2H,fwi_fs,d_ssp245_minus_target,NEN,N.E.North-America,1.7557541311130545
MIROC-ES2H,fwi_fs,d_ssp245_minus_target,WNA,W.North-America,0.696213762054166
MIROC-ES2H,fwi_fs,d_ssp245_minus_target,CNA,C.North-America,2.74698528229473
MIROC-ES2H,fwi_fs,d_ssp245_minus_target,ENA,E.North-America,0.9101586545648391
MIROC-ES2H,fwi_fs,d_ssp245_minus_target,NCA,N.Central-America,0.9125855796939589
MIROC-ES2H,fwi_fs,d_ssp245_minus_target,SCA,S.Central-America,1.1298376616576153
MIROC-ES2H,fwi_fs,d_ssp245_minus_target,CAR,Caribbean,1.4142752045463152
MIROC-ES2H,fwi_fs,d_ssp245_minus_target,NWS,N.W.South-America,-0.03812636477942582
MIROC-ES2H,fwi_fs,d_ssp245_minus_target,NSA,N.South-America,-0.07385190443039058
MIROC-ES2H,fwi_fs,d_ssp245_minus_target,NES,N.E.South-America,0.02096533204261531
MIROC-ES2H,fwi_fs,d_ssp245_minus_target,SAM,South-American-Monsoon,0.18282718567932355
MIROC-ES2H,fwi_fs,d_ssp245_minus_target,SWS,S.W.South-America,1.4940668887275872
MIROC-ES2H,fwi_fs,d_ssp245_minus_target,SES,S.E.South-America,0.4819130647013649
MIROC-ES2H,fwi_fs,d_ssp245_minus_target,SSA,S.South-America,2.7543293396799617
MIROC-ES2H,fwi_fs,d_ssp245_minus_target,NEU,N.Europe,1.3273427259589823
MIROC-ES2H,fwi_fs,d_ssp245_minus_target,WCE,West&Central-Europe,2.5564599673285517
MIROC-ES2H,fwi_fs,d_ssp245_minus_target,EEU,E.Europe,2.4725425722631855
MIROC-ES2H,fwi_fs,d_ssp245_minus_target,MED,Mediterranean,1.8567429707977652
MIROC-ES2H,fwi_fs,d_ssp245_minus_target,SAH,Sahara,-0.05931126932507494
MIROC-ES2H,fwi_fs,d_ssp245_minus_target,WAF,Western-Africa,0.6262038863025964
MIROC-ES2H,fwi_fs,d_ssp245_minus_target,CAF,Central-Africa,0.5959553256644377
MIROC-ES2H,fwi_fs,d_ssp245_minus_target,NEAF,N.Eastern-Africa,0.1811670748511968
MIROC-ES2H,fwi_fs,d_ssp245_minus_target,SEAF,S.Eastern-Africa,-0.029153825583085352
MIROC-ES2H,fwi_fs,d_ssp245_minus_target,WSAF,W.Southern-Africa,0.46344136232457084
MIROC-ES2H,fwi_fs,d_ssp245_minus_target,ESAF,E.Southern-Africa,1.5917173577228758
MIROC-ES2H,fwi_fs,d_ssp245_minus_target,MDG,Madagascar,2.195677791004244
MIROC-ES2H,fwi_fs,d_ssp245_minus_target,RAR,Russian-Arctic,2.846650681619318
MIROC-ES2H,fwi_fs,d_ssp245_minus_target,WSB,W.Siberia,1.274533361278547
MIROC-ES2H,fwi_fs,d_ssp245_minus_target,ESB,E.Siberia,1.2912783039777813
MIROC-ES2H,fwi_fs,d_ssp245_minus_target,RFE,Russian-Far-East,0.6218980354637142
MIROC-ES2H,fwi_fs,d_ssp245_minus_target,WCA,W.C.Asia,0.41716174475933215
MIROC-ES2H,fwi_fs,d_ssp245_minus_target,ECA,E.C.Asia,-0.7535246539387641
MIROC-ES2H,fwi_fs,d_ssp245_minus_target,TIB,Tibetan-Plateau,1.1294489931185312
MIROC-ES2H,fwi_fs,d_ssp245_minus_target,EAS,E.Asia,-0.24151396622910912
MIROC-ES2H,fwi_fs,d_ssp245_minus_target,ARP,Arabian-Peninsula,-0.009941972588909184
MIROC-ES2H,fwi_fs,d_ssp245_minus_target,SAS,S.Asia,-0.7853261626414791
MIROC-ES2H,fwi_fs,d_ssp245_minus_target,SEA,S.E.Asia,-1.1820708949574703
MIROC-ES2H,fwi_fs,d_ssp245_minus_target,NAU,N.Australia,-0.43315935384919285
MIROC-ES2H,fwi_fs,d_ssp245_minus_target,CAU,C.Australia,-0.7128701984839566
MIROC-ES2H,fwi_fs,d_ssp245_minus_target,EAU,E.Australia,-0.9112054579120428
MIROC-ES2H,fwi_fs,d_ssp245_minus_target,SAU,S.Australia,-0.016628896497309073
MIROC-ES2H,fwi_fs,d_ssp245_minus_target,NZ,New-Zealand,1.121926266581672
MIROC-ES2H,fwi_fs,d_ssp245_minus_target,EAN,E.Antarctica,
MIROC-ES2H,fwi_fs,d_ssp245_minus_target,WAN,W.Antarctica,
MIROC-ES2H,fwi_fs,d_SAI_minus_ssp245,GIC,Greenland/Iceland,
MIROC-ES2H,fwi_fs,d_SAI_minus_ssp245,NWN,N.W.North-America,-1.8450360057862698
MIROC-ES2H,fwi_fs,d_SAI_minus_ssp245,NEN,N.E.North-America,-1.8448838522309348
MIROC-ES2H,fwi_fs,d_SAI_minus_ssp245,WNA,W.North-America,-0.48988173106757243
MIROC-ES2H,fwi_fs,d_SAI_minus_ssp245,CNA,C.North-America,-1.9202740947146784
MIROC-ES2H,fwi_fs,d_SAI_minus_ssp245,ENA,E.North-America,-0.9325533985037198
MIROC-ES2H,fwi_fs,d_SAI_minus_ssp245,NCA,N.Central-America,-1.5777771718817568
MIROC-ES2H,fwi_fs,d_SAI_minus_ssp245,SCA,S.Central-America,-2.0094483819003877
MIROC-ES2H,fwi_fs,d_SAI_minus_ssp245,CAR,Caribbean,-2.4386147083911567
MIROC-ES2H,fwi_fs,d_SAI_minus_ssp245,NWS,N.W.South-America,-0.21553513643805985
MIROC-ES2H,fwi_fs,d_SAI_minus_ssp245,NSA,N.South-America,0.098648701571477
MIROC-ES2H,fwi_fs,d_SAI_minus_ssp245,NES,N.E.South-America,-0.4375994432417108
MIROC-ES2H,fwi_fs,d_SAI_minus_ssp245,SAM,South-American-Monsoon,-0.7865415908425921
MIROC-ES2H,fwi_fs,d_SAI_minus_ssp245,SWS,S.W.South-America,-1.8297234735269865
MIROC-ES2H,fwi_fs,d_SAI_minus_ssp245,SES,S.E.South-America,-2.1662531574113513
MIROC-ES2H,fwi_fs,d_SAI_minus_ssp245,SSA,S.South-America,-2.357931582127418
MIROC-ES2H,fwi_fs,d_SAI_minus_ssp245,NEU,N.Europe,-1.8975634757536872
MIROC-ES2H,fwi_fs,d_SAI_minus_ssp245,WCE,West&Central-Europe,-2.3767793526809733
MIROC-ES2H,fwi_fs,d_SAI_minus_ssp245,EEU,E.Europe,-2.0704025973701614
MIROC-ES2H,fwi_fs,d_SAI_minus_ssp245,MED,Mediterranean,-1.603079776055988
MIROC-ES2H,fwi_fs,d_SAI_minus_ssp245,SAH,Sahara,0.000279845142022659
MIROC-ES2H,fwi_fs,d_SAI_minus_ssp245,WAF,Western-Africa,-0.29009035080864914
MIROC-ES2H,fwi_fs,d_SAI_minus_ssp245,CAF,Central-Africa,-0.13545421730730745
MIROC-ES2H,fwi_fs,d_SAI_minus_ssp245,NEAF,N.Eastern-Africa,-0.02290791346815173
MIROC-ES2H,fwi_fs,d_SAI_minus_ssp245,SEAF,S.Eastern-Africa,-0.15538980035856195
MIROC-ES2H,fwi_fs,d_SAI_minus_ssp245,WSAF,W.Southern-Africa,-0.4868508116519111
MIROC-ES2H,fwi_fs,d_SAI_minus_ssp245,ESAF,E.Southern-Africa,-1.8019509524422146
MIROC-ES2H,fwi_fs,d_SAI_minus_ssp245,MDG,Madagascar,-2.2239518060087007
MIROC-ES2H,fwi_fs,d_SAI_minus_ssp245,RAR,Russian-Arctic,-2.742593369063023
MIROC-ES2H,fwi_fs,d_SAI_minus_ssp245,WSB,W.Siberia,-1.1036198974941798
MIROC-ES2H,fwi_fs,d_SAI_minus_ssp245,ESB,E.Siberia,-1.4441075072998315
MIROC-ES2H,fwi_fs,d_SAI_minus_ssp245,RFE,Russian-Far-East,-0.7273810923878464
MIROC-ES2H,fwi_fs,d_SAI_minus_ssp245,WCA,W.C.Asia,-0.574113313573849
MIROC-ES2H,fwi_fs,d_SAI_minus_ssp245,ECA,E.C.Asia,-0.26567730530044875
MIROC-ES2H,fwi_fs,d_SAI_minus_ssp245,TIB,Tibetan-Plateau,-1.0499965855901616
MIROC-ES2H,fwi_fs,d_SAI_minus_ssp245,EAS,E.Asia,-1.1650429095572723
MIROC-ES2H,fwi_fs,d_SAI_minus_ssp245,ARP,Arabian-Peninsula,-0.0063227934109259115
MIROC-ES2H,fwi_fs,d_SAI_minus_ssp245,SAS,S.Asia,-0.07834466434793085
MIROC-ES2H,fwi_fs,d_SAI_minus_ssp245,SEA,S.E.Asia,0.25483922716643587
MIROC-ES2H,fwi_fs,d_SAI_minus_ssp245,NAU,N.Australia,-0.8705437584011699
MIROC-ES2H,fwi_fs,d_SAI_minus_ssp245,CAU,C.Australia,-0.10809537505487678
MIROC-ES2H,fwi_fs,d_SAI_minus_ssp245,EAU,E.Australia,-2.0987277404068103
MIROC-ES2H,fwi_fs,d_SAI_minus_ssp245,SAU,S.Australia,-1.3431879497741723
MIROC-ES2H,fwi_fs,d_SAI_minus_ssp245,NZ,New-Zealand,-1.4533933132497068
MIROC-ES2H,fwi_fs,d_SAI_minus_ssp245,EAN,E.Antarctica,
MIROC-ES2H,fwi_fs,d_SAI_minus_ssp245,WAN,W.Antarctica,
MIROC-ES2H,fwi_fs,d_HiLLA_minus_ssp245,GIC,Greenland/Iceland,
MIROC-ES2H,fwi_fs,d_HiLLA_minus_ssp245,NWN,N.W.North-America,-2.0935226983934356
MIROC-ES2H,fwi_fs,d_HiLLA_minus_ssp245,NEN,N.E.North-America,-2.1688081147416964
MIROC-ES2H,fwi_fs,d_HiLLA_minus_ssp245,WNA,W.North-America,-1.4353703468409025
MIROC-ES2H,fwi_fs,d_HiLLA_minus_ssp245,CNA,C.North-America,-3.432127491177947
MIROC-ES2H,fwi_fs,d_HiLLA_minus_ssp245,ENA,E.North-America,-1.3449817439877567
MIROC-ES2H,fwi_fs,d_HiLLA_minus_ssp245,NCA,N.Central-America,-2.378584125708686
MIROC-ES2H,fwi_fs,d_HiLLA_minus_ssp245,SCA,S.Central-America,-1.6307976632623615
MIROC-ES2H,fwi_fs,d_HiLLA_minus_ssp245,CAR,Caribbean,-1.2711166593887637
MIROC-ES2H,fwi_fs,d_HiLLA_minus_ssp245,NWS,N.W.South-America,0.3578061539949177
MIROC-ES2H,fwi_fs,d_HiLLA_minus_ssp245,NSA,N.South-America,0.845091346996041
MIROC-ES2H,fwi_fs,d_HiLLA_minus_ssp245,NES,N.E.South-America,-0.06241785588197103
MIROC-ES2H,fwi_fs,d_HiLLA_minus_ssp245,SAM,South-American-Monsoon,-0.7755648873352678
MIROC-ES2H,fwi_fs,d_HiLLA_minus_ssp245,SWS,S.W.South-America,-1.653942371092463
MIROC-ES2H,fwi_fs,d_HiLLA_minus_ssp245,SES,S.E.South-America,-1.3208660595944202
MIROC-ES2H,fwi_fs,d_HiLLA_minus_ssp245,SSA,S.South-America,-2.6699478971499677
MIROC-ES2H,fwi_fs,d_HiLLA_minus_ssp245,NEU,N.Europe,-1.9907124555596656
MIROC-ES2H,fwi_fs,d_HiLLA_minus_ssp245,WCE,West&Central-Europe,-2.922314315473032
MIROC-ES2H,fwi_fs,d_HiLLA_minus_ssp245,EEU,E.Europe,-1.5035564561028993
MIROC-ES2H,fwi_fs,d_HiLLA_minus_ssp245,MED,Mediterranean,-1.4988805000281153
MIROC-ES2H,fwi_fs,d_HiLLA_minus_ssp245,SAH,Sahara,-0.0529041798342833
MIROC-ES2H,fwi_fs,d_HiLLA_minus_ssp245,WAF,Western-Africa,-1.0861760967428786
MIROC-ES2H,fwi_fs,d_HiLLA_minus_ssp245,CAF,Central-Africa,-0.9877412112601632
MIROC-ES2H,fwi_fs,d_HiLLA_minus_ssp245,NEAF,N.Eastern-Africa,-0.5216668725948268
MIROC-ES2H,fwi_fs,d_HiLLA_minus_ssp245,SEAF,S.Eastern-Africa,-0.5345532888467003
MIROC-ES2H,fwi_fs,d_HiLLA_minus_ssp245,WSAF,W.Southern-Africa,-0.5515804579764613
MIROC-ES2H,fwi_fs,d_HiLLA_minus_ssp245,ESAF,E.Southern-Africa,-1.8221019870855648
MIROC-ES2H,fwi_fs,d_HiLLA_minus_ssp245,MDG,Madagascar,-0.8739573316454691
MIROC-ES2H,fwi_fs,d_HiLLA_minus_ssp245,RAR,Russian-Arctic,-3.018418247376201
MIROC-ES2H,fwi_fs,d_HiLLA_minus_ssp245,WSB,W.Siberia,-2.0056776701719463
MIROC-ES2H,fwi_fs,d_HiLLA_minus_ssp245,ESB,E.Siberia,-1.5353553000170987
MIROC-ES2H,fwi_fs,d_HiLLA_minus_ssp245,RFE,Russian-Far-East,-0.9497614361960477
MIROC-ES2H,fwi_fs,d_HiLLA_minus_ssp245,WCA,W.C.Asia,-0.6905493429511362
MIROC-ES2H,fwi_fs,d_HiLLA_minus_ssp245,ECA,E.C.Asia,-0.10720076118830678
MIROC-ES2H,fwi_fs,d_HiLLA_minus_ssp245,TIB,Tibetan-Plateau,-0.36312781026758506
MIROC-ES2H,fwi_fs,d_HiLLA_minus_ssp245,EAS,E.Asia,-0.33099790059539724
MIROC-ES2H,fwi_fs,d_HiLLA_minus_ssp245,ARP,Arabian-Peninsula,-0.0245371996792654
MIROC-ES2H,fwi_fs,d_HiLLA_minus_ssp245,SAS,S.Asia,-0.38891088661691114
MIROC-ES2H,fwi_fs,d_HiLLA_minus_ssp245,SEA,S.E.Asia,1.2974182525920679
MIROC-ES2H,fwi_fs,d_HiLLA_minus_ssp245,NAU,N.Australia,-0.09375105695234734
MIROC-ES2H,fwi_fs,d_HiLLA_minus_ssp245,CAU,C.Australia,0.6721718584059724
MIROC-ES2H,fwi_fs,d_HiLLA_minus_ssp245,EAU,E.Australia,0.19686010139417032
MIROC-ES2H,fwi_fs,d_HiLLA_minus_ssp245,SAU,S.Australia,0.20095009954525866
MIROC-ES2H,fwi_fs,d_HiLLA_minus_ssp245,NZ,New-Zealand,-1.1374791118018417
MIROC-ES2H,fwi_fs,d_HiLLA_minus_ssp245,EAN,E.Antarctica,
MIROC-ES2H,fwi_fs,d_HiLLA_minus_ssp245,WAN,W.Antarctica,
MIROC-ES2H,fwi_fs,d_HiLLA_minus_SAI,GIC,Greenland/Iceland,
MIROC-ES2H,fwi_fs,d_HiLLA_minus_SAI,NWN,N.W.North-America,-0.24848669260716622
MIROC-ES2H,fwi_fs,d_HiLLA_minus_SAI,NEN,N.E.North-America,-0.32392426251076195
MIROC-ES2H,fwi_fs,d_HiLLA_minus_SAI,WNA,W.North-America,-0.9454886157733295
MIROC-ES2H,fwi_fs,d_HiLLA_minus_SAI,CNA,C.North-America,-1.511853396463268
MIROC-ES2H,fwi_fs,d_HiLLA_minus_SAI,ENA,E.North-America,-0.4124283454840371
MIROC-ES2H,fwi_fs,d_HiLLA_minus_SAI,NCA,N.Central-America,-0.8008069538269292
MIROC-ES2H,fwi_fs,d_HiLLA_minus_SAI,SCA,S.Central-America,0.37865071863802635
MIROC-ES2H,fwi_fs,d_HiLLA_minus_SAI,CAR,Caribbean,1.1674980490023936
MIROC-ES2H,fwi_fs,d_HiLLA_minus_SAI,NWS,N.W.South-America,0.5733412904329774
MIROC-ES2H,fwi_fs,d_HiLLA_minus_SAI,NSA,N.South-America,0.7464426454245638
MIROC-ES2H,fwi_fs,d_HiLLA_minus_SAI,NES,N.E.South-America,0.3751815873597399
MIROC-ES2H,fwi_fs,d_HiLLA_minus_SAI,SAM,South-American-Monsoon,0.010976703507324532
MIROC-ES2H,fwi_fs,d_HiLLA_minus_SAI,SWS,S.W.South-America,0.17578110243452377
MIROC-ES2H,fwi_fs,d_HiLLA_minus_SAI,SES,S.E.South-America,0.8453870978169298
MIROC-ES2H,fwi_fs,d_HiLLA_minus_SAI,SSA,S.South-America,-0.3120163150225492
MIROC-ES2H,fwi_fs,d_HiLLA_minus_SAI,NEU,N.Europe,-0.09314897980597875
MIROC-ES2H,fwi_fs,d_HiLLA_minus_SAI,WCE,West&Central-Europe,-0.5455349627920578
MIROC-ES2H,fwi_fs,d_HiLLA_minus_SAI,EEU,E.Europe,0.5668461412672615
MIROC-ES2H,fwi_fs,d_HiLLA_minus_SAI,MED,Mediterranean,0.10419927602787281
MIROC-ES2H,fwi_fs,d_HiLLA_minus_SAI,SAH,Sahara,-0.05318402497630594
MIROC-ES2H,fwi_fs,d_HiLLA_minus_SAI,WAF,Western-Africa,-0.7960857459342299
MIROC-ES2H,fwi_fs,d_HiLLA_minus_SAI,CAF,Central-Africa,-0.8522869939528559
MIROC-ES2H,fwi_fs,d_HiLLA_minus_SAI,NEAF,N.Eastern-Africa,-0.4987589591266751
MIROC-ES2H,fwi_fs,d_HiLLA_minus_SAI,SEAF,S.Eastern-Africa,-0.37916348848813836
MIROC-ES2H,fwi_fs,d_HiLLA_minus_SAI,WSAF,W.Southern-Africa,-0.06472964632455017
MIROC-ES2H,fwi_fs,d_HiLLA_minus_SAI,ESAF,E.Southern-Africa,-0.020151034643349598
MIROC-ES2H,fwi_fs,d_HiLLA_minus_SAI,MDG,Madagascar,1.349994474363232
MIROC-ES2H,fwi_fs,d_HiLLA_minus_SAI,RAR,Russian-Arctic,-0.2758248783131788
MIROC-ES2H,fwi_fs,d_HiLLA_minus_SAI,WSB,W.Siberia,-0.9020577726777653
MIROC-ES2H,fwi_fs,d_HiLLA_minus_SAI,ESB,E.Siberia,-0.09124779271726793
MIROC-ES2H,fwi_fs,d_HiLLA_minus_SAI,RFE,Russian-Far-East,-0.22238034380820126
MIROC-ES2H,fwi_fs,d_HiLLA_minus_SAI,WCA,W.C.Asia,-0.11643602937728742
MIROC-ES2H,fwi_fs,d_HiLLA_minus_SAI,ECA,E.C.Asia,0.158476544112142
MIROC-ES2H,fwi_fs,d_HiLLA_minus_SAI,TIB,Tibetan-Plateau,0.6868687753225766
MIROC-ES2H,fwi_fs,d_HiLLA_minus_SAI,EAS,E.Asia,0.8340450089618754
MIROC-ES2H,fwi_fs,d_HiLLA_minus_SAI,ARP,Arabian-Peninsula,-0.018214406268339495
MIROC-ES2H,fwi_fs,d_HiLLA_minus_SAI,SAS,S.Asia,-0.31056622226898045
MIROC-ES2H,fwi_fs,d_HiLLA_minus_SAI,SEA,S.E.Asia,1.0425790254256317
MIROC-ES2H,fwi_fs,d_HiLLA_minus_SAI,NAU,N.Australia,0.7767927014488226
MIROC-ES2H,fwi_fs,d_HiLLA_minus_SAI,CAU,C.Australia,0.780267233460849
MIROC-ES2H,fwi_fs,d_HiLLA_minus_SAI,EAU,E.Australia,2.2955878418009803
MIROC-ES2H,fwi_fs,d_HiLLA_minus_SAI,SAU,S.Australia,1.5441380493194308
MIROC-ES2H,fwi_fs,d_HiLLA_minus_SAI,NZ,New-Zealand,0.3159142014478651
MIROC-ES2H,fwi_fs,d_HiLLA_minus_SAI,EAN,E.Antarctica,
MIROC-ES2H,fwi_fs,d_HiLLA_minus_SAI,WAN,W.Antarctica,
MIROC-ES2H,fwi_fs,d_SAI_minus_target,GIC,Greenland/Iceland,
MIROC-ES2H,fwi_fs,d_SAI_minus_target,NWN,N.W.North-America,0.16109054672381326
MIROC-ES2H,fwi_fs,d_SAI_minus_target,NEN,N.E.North-America,-0.08912972111788114
MIROC-ES2H,fwi_fs,d_SAI_minus_target,WNA,W.North-America,0.2063320309865935
MIROC-ES2H,fwi_fs,d_SAI_minus_target,CNA,C.North-America,0.8267111875800521
MIROC-ES2H,fwi_fs,d_SAI_minus_target,ENA,E.North-America,-0.022394743938880628
MIROC-ES2H,fwi_fs,d_SAI_minus_target,NCA,N.Central-America,-0.6651915921877981
MIROC-ES2H,fwi_fs,d_SAI_minus_target,SCA,S.Central-America,-0.8796107202427724
MIROC-ES2H,fwi_fs,d_SAI_minus_target,CAR,Caribbean,-1.024339503844842
MIROC-ES2H,fwi_fs,d_SAI_minus_target,NWS,N.W.South-America,-0.25366150121748565
MIROC-ES2H,fwi_fs,d_SAI_minus_target,NSA,N.South-America,0.024796797141086402
MIROC-ES2H,fwi_fs,d_SAI_minus_target,NES,N.E.South-America,-0.41663411119909555
MIROC-ES2H,fwi_fs,d_SAI_minus_target,SAM,South-American-Monsoon,-0.6037144051632687
MIROC-ES2H,fwi_fs,d_SAI_minus_target,SWS,S.W.South-America,-0.33565658479939975
MIROC-ES2H,fwi_fs,d_SAI_minus_target,SES,S.E.South-America,-1.6843400927099852
MIROC-ES2H,fwi_fs,d_SAI_minus_target,SSA,S.South-America,0.3963977575525438
MIROC-ES2H,fwi_fs,d_SAI_minus_target,NEU,N.Europe,-0.5702207497947043
MIROC-ES2H,fwi_fs,d_SAI_minus_target,WCE,West&Central-Europe,0.17968061464757792
MIROC-ES2H,fwi_fs,d_SAI_minus_target,EEU,E.Europe,0.40213997489302433
MIROC-ES2H,fwi_fs,d_SAI_minus_target,MED,Mediterranean,0.2536631947417768
MIROC-ES2H,fwi_fs,d_SAI_minus_target,SAH,Sahara,-0.059031424183052315
MIROC-ES2H,fwi_fs,d_SAI_minus_target,WAF,Western-Africa,0.3361135354939469
MIROC-ES2H,fwi_fs,d_SAI_minus_target,CAF,Central-Africa,0.4605011083571302
MIROC-ES2H,fwi_fs,d_SAI_minus_target,NEAF,N.Eastern-Africa,0.15825916138304513
MIROC-ES2H,fwi_fs,d_SAI_minus_target,SEAF,S.Eastern-Africa,-0.18454362594164728
MIROC-ES2H,fwi_fs,d_SAI_minus_target,WSAF,W.Southern-Africa,-0.02340944932734015
MIROC-ES2H,fwi_fs,d_SAI_minus_target,ESAF,E.Southern-Africa,-0.21023359471933914
MIROC-ES2H,fwi_fs,d_SAI_minus_target,MDG,Madagascar,-0.028274015004456674
MIROC-ES2H,fwi_fs,d_SAI_minus_target,RAR,Russian-Arctic,0.10405731255629212
MIROC-ES2H,fwi_fs,d_SAI_minus_target,WSB,W.Siberia,0.17091346378436698
MIROC-ES2H,fwi_fs,d_SAI_minus_target,ESB,E.Siberia,-0.15282920332204988
MIROC-ES2H,fwi_fs,d_SAI_minus_target,RFE,Russian-Far-East,-0.10548305692413239
MIROC-ES2H,fwi_fs,d_SAI_minus_target,WCA,W.C.Asia,-0.15695156881451694
MIROC-ES2H,fwi_fs,d_SAI_minus_target,ECA,E.C.Asia,-1.0192019592392128
MIROC-ES2H,fwi_fs,d_SAI_minus_target,TIB,Tibetan-Plateau,0.07945240752836961
MIROC-ES2H,fwi_fs,d_SAI_minus_target,EAS,E.Asia,-1.4065568757863822
MIROC-ES2H,fwi_fs,d_SAI_minus_target,ARP,Arabian-Peninsula,-0.016264765999835094
MIROC-ES2H,fwi_fs,d_SAI_minus_target,SAS,S.Asia,-0.8636708269894099
MIROC-ES2H,fwi_fs,d_SAI_minus_target,SEA,S.E.Asia,-0.9272316677910348
MIROC-ES2H,fwi_fs,d_SAI_minus_target,NAU,N.Australia,-1.303703112250363
MIROC-ES2H,fwi_fs,d_SAI_minus_target,CAU,C.Australia,-0.8209655735388331
MIROC-ES2H,fwi_fs,d_SAI_minus_target,EAU,E.Australia,-3.009933198318853
MIROC-ES2H,fwi_fs,d_SAI_minus_target,SAU,S.Australia,-1.3598168462714812
MIROC-ES2H,fwi_fs,d_SAI_minus_target,NZ,New-Zealand,-0.33146704666803456
MIROC-ES2H,fwi_fs,d_SAI_minus_target,EAN,E.Antarctica,
MIROC-ES2H,fwi_fs,d_SAI_minus_target,WAN,W.Antarctica,
MIROC-ES2H,fwi_fs,d_HiLLA_minus_target,GIC,Greenland/Iceland,
MIROC-ES2H,fwi_fs,d_HiLLA_minus_target,NWN,N.W.North-America,-0.08739614588335272
MIROC-ES2H,fwi_fs,d_HiLLA_minus_target,NEN,N.E.North-America,-0.4130539836286435
MIROC-ES2H,fwi_fs,d_HiLLA_minus_target,WNA,W.North-America,-0.7391565847867364
MIROC-ES2H,fwi_fs,d_HiLLA_minus_target,CNA,C.North-America,-0.6851422088832161
MIROC-ES2H,fwi_fs,d_HiLLA_minus_target,ENA,E.North-America,-0.43482308942291764
MIROC-ES2H,fwi_fs,d_HiLLA_minus_target,NCA,N.Central-America,-1.465998546014727
MIROC-ES2H,fwi_fs,d_HiLLA_minus_target,SCA,S.Central-America,-0.500960001604746
MIROC-ES2H,fwi_fs,d_HiLLA_minus_target,CAR,Caribbean,0.14315854515755155
MIROC-ES2H,fwi_fs,d_HiLLA_minus_target,NWS,N.W.South-America,0.3196797892154918
MIROC-ES2H,fwi_fs,d_HiLLA_minus_target,NSA,N.South-America,0.7712394425656506
MIROC-ES2H,fwi_fs,d_HiLLA_minus_target,NES,N.E.South-America,-0.04145252383935572
MIROC-ES2H,fwi_fs,d_HiLLA_minus_target,SAM,South-American-Monsoon,-0.5927377016559442
MIROC-ES2H,fwi_fs,d_HiLLA_minus_target,SWS,S.W.South-America,-0.15987548236487598
MIROC-ES2H,fwi_fs,d_HiLLA_minus_target,SES,S.E.South-America,-0.8389529948930555
MIROC-ES2H,fwi_fs,d_HiLLA_minus_target,SSA,S.South-America,0.08438144252999465
MIROC-ES2H,fwi_fs,d_HiLLA_minus_target,NEU,N.Europe,-0.6633697296006832
MIROC-ES2H,fwi_fs,d_HiLLA_minus_target,WCE,West&Central-Europe,-0.36585434814448003
MIROC-ES2H,fwi_fs,d_HiLLA_minus_target,EEU,E.Europe,0.9689861161602855
MIROC-ES2H,fwi_fs,d_HiLLA_minus_target,MED,Mediterranean,0.3578624707696496
MIROC-ES2H,fwi_fs,d_HiLLA_minus_target,SAH,Sahara,-0.1122154491593582
MIROC-ES2H,fwi_fs,d_HiLLA_minus_target,WAF,Western-Africa,-0.45997221044028264
MIROC-ES2H,fwi_fs,d_HiLLA_minus_target,CAF,Central-Africa,-0.3917858855957255
MIROC-ES2H,fwi_fs,d_HiLLA_minus_target,NEAF,N.Eastern-Africa,-0.3404997977436302
MIROC-ES2H,fwi_fs,d_HiLLA_minus_target,SEAF,S.Eastern-Africa,-0.5637071144297856
MIROC-ES2H,fwi_fs,d_HiLLA_minus_target,WSAF,W.Southern-Africa,-0.08813909565189029
MIROC-ES2H,fwi_fs,d_HiLLA_minus_target,ESAF,E.Southern-Africa,-0.23038462936268872
MIROC-ES2H,fwi_fs,d_HiLLA_minus_target,MDG,Madagascar,1.321720459358775
MIROC-ES2H,fwi_fs,d_HiLLA_minus_target,RAR,Russian-Arctic,-0.17176756575688654
MIROC-ES2H,fwi_fs,d_HiLLA_minus_target,WSB,W.Siberia,-0.7311443088933985
MIROC-ES2H,fwi_fs,d_HiLLA_minus_target,ESB,E.Siberia,-0.24407699603931754
MIROC-ES2H,fwi_fs,d_HiLLA_minus_target,RFE,Russian-Far-East,-0.3278634007323336
MIROC-ES2H,fwi_fs,d_HiLLA_minus_target,WCA,W.C.Asia,-0.27338759819180436
MIROC-ES2H,fwi_fs,d_HiLLA_minus_target,ECA,E.C.Asia,-0.8607254151270706
MIROC-ES2H,fwi_fs,d_HiLLA_minus_target,TIB,Tibetan-Plateau,0.766321182850946
MIROC-ES2H,fwi_fs,d_HiLLA_minus_target,EAS,E.Asia,-0.5725118668245062
MIROC-ES2H,fwi_fs,d_HiLLA_minus_target,ARP,Arabian-Peninsula,-0.034479172268174596
MIROC-ES2H,fwi_fs,d_HiLLA_minus_target,SAS,S.Asia,-1.1742370492583902
MIROC-ES2H,fwi_fs,d_HiLLA_minus_target,SEA,S.E.Asia,0.11534735763459775
MIROC-ES2H,fwi_fs,d_HiLLA_minus_target,NAU,N.Australia,-0.5269104108015403
MIROC-ES2H,fwi_fs,d_HiLLA_minus_target,CAU,C.Australia,-0.04069834007798445
MIROC-ES2H,fwi_fs,d_HiLLA_minus_target,EAU,E.Australia,-0.7143453565178727
MIROC-ES2H,fwi_fs,d_HiLLA_minus_target,SAU,S.Australia,0.18432120304794955
MIROC-ES2H,fwi_fs,d_HiLLA_minus_target,NZ,New-Zealand,-0.015552845220169557
MIROC-ES2H,fwi_fs,d_HiLLA_minus_target,EAN,E.Antarctica,
MIROC-ES2H,fwi_fs,d_HiLLA_minus_target,WAN,W.Antarctica,
MIROC-ES2H,spell_max,target,GIC,Greenland/Iceland,
MIROC-ES2H,spell_max,target,NWN,N.W.North-America,7.087055950803375
MIROC-ES2H,spell_max,target,NEN,N.E.North-America,6.952281130756198
MIROC-ES2H,spell_max,target,WNA,W.North-America,11.065032625377835
MIROC-ES2H,spell_max,target,CNA,C.North-America,8.119644802664174
MIROC-ES2H,spell_max,target,ENA,E.North-America,6.397134331232891
MIROC-ES2H,spell_max,target,NCA,N.Central-America,12.892113345768264
MIROC-ES2H,spell_max,target,SCA,S.Central-America,10.833996354007406
MIROC-ES2H,spell_max,target,CAR,Caribbean,9.718289881362104
MIROC-ES2H,spell_max,target,NWS,N.W.South-America,9.713709827070057
MIROC-ES2H,spell_max,target,NSA,N.South-America,10.932007951602438
MIROC-ES2H,spell_max,target,NES,N.E.South-America,14.413022959497212
MIROC-ES2H,spell_max,target,SAM,South-American-Monsoon,14.62894752836702
MIROC-ES2H,spell_max,target,SWS,S.W.South-America,12.676417204879813
MIROC-ES2H,spell_max,target,SES,S.E.South-America,9.893797187252797
MIROC-ES2H,spell_max,target,SSA,S.South-America,6.443654178308205
MIROC-ES2H,spell_max,target,NEU,N.Europe,8.042048556453134
MIROC-ES2H,spell_max,target,WCE,West&Central-Europe,8.28149789616516
MIROC-ES2H,spell_max,target,EEU,E.Europe,8.103381840796995
MIROC-ES2H,spell_max,target,MED,Mediterranean,11.611879006311124
MIROC-ES2H,spell_max,target,SAH,Sahara,12.853477010062637
MIROC-ES2H,spell_max,target,WAF,Western-Africa,11.978755282555422
MIROC-ES2H,spell_max,target,CAF,Central-Africa,13.111283225362836
MIROC-ES2H,spell_max,target,NEAF,N.Eastern-Africa,13.434756412953575
MIROC-ES2H,spell_max,target,SEAF,S.Eastern-Africa,14.214389887736601
MIROC-ES2H,spell_max,target,WSAF,W.Southern-Africa,13.820668419067554
MIROC-ES2H,spell_max,target,ESAF,E.Southern-Africa,12.64898347939603
MIROC-ES2H,spell_max,target,MDG,Madagascar,10.826887386537718
MIROC-ES2H,spell_max,target,RAR,Russian-Arctic,7.481264957197778
MIROC-ES2H,spell_max,target,WSB,W.Siberia,7.617884994425946
MIROC-ES2H,spell_max,target,ESB,E.Siberia,6.367539163930837
MIROC-ES2H,spell_max,target,RFE,Russian-Far-East,6.7657949346558555
MIROC-ES2H,spell_max,target,WCA,W.C.Asia,13.11038207556464
MIROC-ES2H,spell_max,target,ECA,E.C.Asia,8.667415914915727
MIROC-ES2H,spell_max,target,TIB,Tibetan-Plateau,8.324721186672072
MIROC-ES2H,spell_max,target,EAS,E.Asia,8.880933918116185
MIROC-ES2H,spell_max,target,ARP,Arabian-Peninsula,14.812040283712772
MIROC-ES2H,spell_max,target,SAS,S.Asia,12.885865923190089
MIROC-ES2H,spell_max,target,SEA,S.E.Asia,10.31715948900229
MIROC-ES2H,spell_max,target,NAU,N.Australia,14.05945584548975
MIROC-ES2H,spell_max,target,CAU,C.Australia,12.115976497167177
MIROC-ES2H,spell_max,target,EAU,E.Australia,9.039585814085763
MIROC-ES2H,spell_max,target,SAU,S.Australia,10.82207168329866
MIROC-ES2H,spell_max,target,NZ,New-Zealand,6.460313700622217
MIROC-ES2H,spell_max,target,EAN,E.Antarctica,
MIROC-ES2H,spell_max,target,WAN,W.Antarctica,
MIROC-ES2H,spell_max,ssp245,GIC,Greenland/Iceland,
MIROC-ES2H,spell_max,ssp245,NWN,N.W.North-America,8.06266813557343
MIROC-ES2H,spell_max,ssp245,NEN,N.E.North-America,7.708886572879396
MIROC-ES2H,spell_max,ssp245,WNA,W.North-America,12.411179713413501
MIROC-ES2H,spell_max,ssp245,CNA,C.North-America,9.936135740647304
MIROC-ES2H,spell_max,ssp245,ENA,E.North-America,6.894033570131886
MIROC-ES2H,spell_max,ssp245,NCA,N.Central-America,14.265701399878752
MIROC-ES2H,spell_max,ssp245,SCA,S.Central-America,12.39983008039228
MIROC-ES2H,spell_max,ssp245,CAR,Caribbean,11.206238891729333
MIROC-ES2H,spell_max,ssp245,NWS,N.W.South-America,9.741058005836466
MIROC-ES2H,spell_max,ssp245,NSA,N.South-America,11.222965936124067
MIROC-ES2H,spell_max,ssp245,NES,N.E.South-America,15.573759882121486
MIROC-ES2H,spell_max,ssp245,SAM,South-American-Monsoon,14.860133249825815
MIROC-ES2H,spell_max,ssp245,SWS,S.W.South-America,15.376383747949125
MIROC-ES2H,spell_max,ssp245,SES,S.E.South-America,11.145174170827751
MIROC-ES2H,spell_max,ssp245,SSA,S.South-America,8.08636016162345
MIROC-ES2H,spell_max,ssp245,NEU,N.Europe,8.789042978185428
MIROC-ES2H,spell_max,ssp245,WCE,West&Central-Europe,9.891436952171437
MIROC-ES2H,spell_max,ssp245,EEU,E.Europe,10.166785582348567
MIROC-ES2H,spell_max,ssp245,MED,Mediterranean,13.904685526163615
MIROC-ES2H,spell_max,ssp245,SAH,Sahara,12.797490337149688
MIROC-ES2H,spell_max,ssp245,WAF,Western-Africa,13.115934803742224
MIROC-ES2H,spell_max,ssp245,CAF,Central-Africa,14.7383441919548
MIROC-ES2H,spell_max,ssp245,NEAF,N.Eastern-Africa,13.366018003892327
MIROC-ES2H,spell_max,ssp245,SEAF,S.Eastern-Africa,15.130642764155482
MIROC-ES2H,spell_max,ssp245,WSAF,W.Southern-Africa,15.07473053774108
MIROC-ES2H,spell_max,ssp245,ESAF,E.Southern-Africa,15.31641110237254
MIROC-ES2H,spell_max,ssp245,MDG,Madagascar,14.060954235968257
MIROC-ES2H,spell_max,ssp245,RAR,Russian-Arctic,9.082766444484546
MIROC-ES2H,spell_max,ssp245,WSB,W.Siberia,8.39914001917372
MIROC-ES2H,spell_max,ssp245,ESB,E.Siberia,6.89943642692346
MIROC-ES2H,spell_max,ssp245,RFE,Russian-Far-East,6.955693610543368
MIROC-ES2H,spell_max,ssp245,WCA,W.C.Asia,13.803567630258494
MIROC-ES2H,spell_max,ssp245,ECA,E.C.Asia,7.789818457112076
MIROC-ES2H,spell_max,ssp245,TIB,Tibetan-Plateau,9.972277083644869
MIROC-ES2H,spell_max,ssp245,EAS,E.Asia,9.693687641319276
MIROC-ES2H,spell_max,ssp245,ARP,Arabian-Peninsula,14.583497887079243
MIROC-ES2H,spell_max,ssp245,SAS,S.Asia,12.41599928401585
MIROC-ES2H,spell_max,ssp245,SEA,S.E.Asia,9.767049665464898
MIROC-ES2H,spell_max,ssp245,NAU,N.Australia,13.677755076780418
MIROC-ES2H,spell_max,ssp245,CAU,C.Australia,12.735383332690505
MIROC-ES2H,spell_max,ssp245,EAU,E.Australia,9.28435812003848
MIROC-ES2H,spell_max,ssp245,SAU,S.Australia,11.412478434787822
MIROC-ES2H,spell_max,ssp245,NZ,New-Zealand,7.144363211868716
MIROC-ES2H,spell_max,ssp245,EAN,E.Antarctica,
MIROC-ES2H,spell_max,ssp245,WAN,W.Antarctica,
MIROC-ES2H,spell_max,G6-1.5K-SAI,GIC,Greenland/Iceland,
MIROC-ES2H,spell_max,G6-1.5K-SAI,NWN,N.W.North-America,7.086450099435593
MIROC-ES2H,spell_max,G6-1.5K-SAI,NEN,N.E.North-America,7.019995948519329
MIROC-ES2H,spell_max,G6-1.5K-SAI,WNA,W.North-America,11.523284584666438
MIROC-ES2H,spell_max,G6-1.5K-SAI,CNA,C.North-America,8.780061254689036
MIROC-ES2H,spell_max,G6-1.5K-SAI,ENA,E.North-America,6.464148253152922
MIROC-ES2H,spell_max,G6-1.5K-SAI,NCA,N.Central-America,12.573342763880717
MIROC-ES2H,spell_max,G6-1.5K-SAI,SCA,S.Central-America,10.145668295453008
MIROC-ES2H,spell_max,G6-1.5K-SAI,CAR,Caribbean,8.839123935999497
MIROC-ES2H,spell_max,G6-1.5K-SAI,NWS,N.W.South-America,9.583840881864967
MIROC-ES2H,spell_max,G6-1.5K-SAI,NSA,N.South-America,11.008894026239464
MIROC-ES2H,spell_max,G6-1.5K-SAI,NES,N.E.South-America,13.619186415884652
MIROC-ES2H,spell_max,G6-1.5K-SAI,SAM,South-American-Monsoon,13.430021253017195
MIROC-ES2H,spell_max,G6-1.5K-SAI,SWS,S.W.South-America,12.649903299221156
MIROC-ES2H,spell_max,G6-1.5K-SAI,SES,S.E.South-America,8.616756169175618
MIROC-ES2H,spell_max,G6-1.5K-SAI,SSA,S.South-America,6.549577053766622
MIROC-ES2H,spell_max,G6-1.5K-SAI,NEU,N.Europe,7.598021420662055
MIROC-ES2H,spell_max,G6-1.5K-SAI,WCE,West&Central-Europe,8.63399681374274
MIROC-ES2H,spell_max,G6-1.5K-SAI,EEU,E.Europe,8.186408293067013
MIROC-ES2H,spell_max,G6-1.5K-SAI,MED,Mediterranean,12.007779121604218
MIROC-ES2H,spell_max,G6-1.5K-SAI,SAH,Sahara,12.82585361369365
MIROC-ES2H,spell_max,G6-1.5K-SAI,WAF,Western-Africa,12.629468185269465
MIROC-ES2H,spell_max,G6-1.5K-SAI,CAF,Central-Africa,14.044372734546455
MIROC-ES2H,spell_max,G6-1.5K-SAI,NEAF,N.Eastern-Africa,13.391626351715427
MIROC-ES2H,spell_max,G6-1.5K-SAI,SEAF,S.Eastern-Africa,14.294103652716993
MIROC-ES2H,spell_max,G6-1.5K-SAI,WSAF,W.Southern-Africa,13.614380835763686
MIROC-ES2H,spell_max,G6-1.5K-SAI,ESAF,E.Southern-Africa,13.36062873642837
MIROC-ES2H,spell_max,G6-1.5K-SAI,MDG,Madagascar,11.636977326301793
MIROC-ES2H,spell_max,G6-1.5K-SAI,RAR,Russian-Arctic,7.79678895663083
MIROC-ES2H,spell_max,G6-1.5K-SAI,WSB,W.Siberia,7.7144755012833075
MIROC-ES2H,spell_max,G6-1.5K-SAI,ESB,E.Siberia,6.690576946111652
MIROC-ES2H,spell_max,G6-1.5K-SAI,RFE,Russian-Far-East,7.022527388248575
MIROC-ES2H,spell_max,G6-1.5K-SAI,WCA,W.C.Asia,12.939786808813789
MIROC-ES2H,spell_max,G6-1.5K-SAI,ECA,E.C.Asia,7.726582400800516
MIROC-ES2H,spell_max,G6-1.5K-SAI,TIB,Tibetan-Plateau,8.368201059009841
MIROC-ES2H,spell_max,G6-1.5K-SAI,EAS,E.Asia,7.777285789800818
MIROC-ES2H,spell_max,G6-1.5K-SAI,ARP,Arabian-Peninsula,14.818175328584823
MIROC-ES2H,spell_max,G6-1.5K-SAI,SAS,S.Asia,12.630878379714241
MIROC-ES2H,spell_max,G6-1.5K-SAI,SEA,S.E.Asia,10.225397468794341
MIROC-ES2H,spell_max,G6-1.5K-SAI,NAU,N.Australia,12.544688362588133
MIROC-ES2H,spell_max,G6-1.5K-SAI,CAU,C.Australia,11.608400132704327
MIROC-ES2H,spell_max,G6-1.5K-SAI,EAU,E.Australia,8.503545172606277
MIROC-ES2H,spell_max,G6-1.5K-SAI,SAU,S.Australia,9.969003631631018
MIROC-ES2H,spell_max,G6-1.5K-SAI,NZ,New-Zealand,6.420333599622014
MIROC-ES2H,spell_max,G6-1.5K-SAI,EAN,E.Antarctica,
MIROC-ES2H,spell_max,G6-1.5K-SAI,WAN,W.Antarctica,
MIROC-ES2H,spell_max,G6-1.5K-HiLLA,GIC,Greenland/Iceland,
MIROC-ES2H,spell_max,G6-1.5K-HiLLA,NWN,N.W.North-America,7.1136214709477485
MIROC-ES2H,spell_max,G6-1.5K-HiLLA,NEN,N.E.North-America,6.7224295165462005
MIROC-ES2H,spell_max,G6-1.5K-HiLLA,WNA,W.North-America,10.810335824007112
MIROC-ES2H,spell_max,G6-1.5K-HiLLA,CNA,C.North-America,7.587774475033815
MIROC-ES2H,spell_max,G6-1.5K-HiLLA,ENA,E.North-America,6.018096274412346
MIROC-ES2H,spell_max,G6-1.5K-HiLLA,NCA,N.Central-America,11.386422102598653
MIROC-ES2H,spell_max,G6-1.5K-HiLLA,SCA,S.Central-America,10.316902257773835
MIROC-ES2H,spell_max,G6-1.5K-HiLLA,CAR,Caribbean,10.247289811140746
MIROC-ES2H,spell_max,G6-1.5K-HiLLA,NWS,N.W.South-America,9.998207330967036
MIROC-ES2H,spell_max,G6-1.5K-HiLLA,NSA,N.South-America,12.453880456006958
MIROC-ES2H,spell_max,G6-1.5K-HiLLA,NES,N.E.South-America,14.54680647245303
MIROC-ES2H,spell_max,G6-1.5K-HiLLA,SAM,South-American-Monsoon,13.342548615813765
MIROC-ES2H,spell_max,G6-1.5K-HiLLA,SWS,S.W.South-America,13.439488542309558
MIROC-ES2H,spell_max,G6-1.5K-HiLLA,SES,S.E.South-America,8.933850399131932
MIROC-ES2H,spell_max,G6-1.5K-HiLLA,SSA,S.South-America,6.645404358812152
MIROC-ES2H,spell_max,G6-1.5K-HiLLA,NEU,N.Europe,7.821948252674707
MIROC-ES2H,spell_max,G6-1.5K-HiLLA,WCE,West&Central-Europe,7.96643916831612
MIROC-ES2H,spell_max,G6-1.5K-HiLLA,EEU,E.Europe,8.910393857182694
MIROC-ES2H,spell_max,G6-1.5K-HiLLA,MED,Mediterranean,11.92404417493625
MIROC-ES2H,spell_max,G6-1.5K-HiLLA,SAH,Sahara,12.761001524533329
MIROC-ES2H,spell_max,G6-1.5K-HiLLA,WAF,Western-Africa,11.733911696403455
MIROC-ES2H,spell_max,G6-1.5K-HiLLA,CAF,Central-Africa,12.75718335972312
MIROC-ES2H,spell_max,G6-1.5K-HiLLA,NEAF,N.Eastern-Africa,12.32592155514444
MIROC-ES2H,spell_max,G6-1.5K-HiLLA,SEAF,S.Eastern-Africa,13.805281832994206
MIROC-ES2H,spell_max,G6-1.5K-HiLLA,WSAF,W.Southern-Africa,13.890675510338678
MIROC-ES2H,spell_max,G6-1.5K-HiLLA,ESAF,E.Southern-Africa,12.918004919948686
MIROC-ES2H,spell_max,G6-1.5K-HiLLA,MDG,Madagascar,12.523770197777866
MIROC-ES2H,spell_max,G6-1.5K-HiLLA,RAR,Russian-Arctic,7.438107045282545
MIROC-ES2H,spell_max,G6-1.5K-HiLLA,WSB,W.Siberia,7.223847411963398
MIROC-ES2H,spell_max,G6-1.5K-HiLLA,ESB,E.Siberia,6.30324258146996
MIROC-ES2H,spell_max,G6-1.5K-HiLLA,RFE,Russian-Far-East,6.517074996697153
MIROC-ES2H,spell_max,G6-1.5K-HiLLA,WCA,W.C.Asia,12.479332189972043
MIROC-ES2H,spell_max,G6-1.5K-HiLLA,ECA,E.C.Asia,7.757156480234772
MIROC-ES2H,spell_max,G6-1.5K-HiLLA,TIB,Tibetan-Plateau,8.85020661371442
MIROC-ES2H,spell_max,G6-1.5K-HiLLA,EAS,E.Asia,8.645250682472131
MIROC-ES2H,spell_max,G6-1.5K-HiLLA,ARP,Arabian-Peninsula,14.549441259914976
MIROC-ES2H,spell_max,G6-1.5K-HiLLA,SAS,S.Asia,11.891279622059347
MIROC-ES2H,spell_max,G6-1.5K-HiLLA,SEA,S.E.Asia,10.879267934067316
MIROC-ES2H,spell_max,G6-1.5K-HiLLA,NAU,N.Australia,13.380687523894174
MIROC-ES2H,spell_max,G6-1.5K-HiLLA,CAU,C.Australia,13.300267864530355
MIROC-ES2H,spell_max,G6-1.5K-HiLLA,EAU,E.Australia,9.402837214323155
MIROC-ES2H,spell_max,G6-1.5K-HiLLA,SAU,S.Australia,11.16786609216178
MIROC-ES2H,spell_max,G6-1.5K-HiLLA,NZ,New-Zealand,6.610237589022809
MIROC-ES2H,spell_max,G6-1.5K-HiLLA,EAN,E.Antarctica,
MIROC-ES2H,spell_max,G6-1.5K-HiLLA,WAN,W.Antarctica,
MIROC-ES2H,spell_max,d_ssp245_minus_target,GIC,Greenland/Iceland,
MIROC-ES2H,spell_max,d_ssp245_minus_target,NWN,N.W.North-America,0.9756121847700541
MIROC-ES2H,spell_max,d_ssp245_minus_target,NEN,N.E.North-America,0.7566054421232007
MIROC-ES2H,spell_max,d_ssp245_minus_target,WNA,W.North-America,1.346147088035668
MIROC-ES2H,spell_max,d_ssp245_minus_target,CNA,C.North-America,1.8164909379831273
MIROC-ES2H,spell_max,d_ssp245_minus_target,ENA,E.North-America,0.4968992388989949
MIROC-ES2H,spell_max,d_ssp245_minus_target,NCA,N.Central-America,1.3735880541104906
MIROC-ES2H,spell_max,d_ssp245_minus_target,SCA,S.Central-America,1.5658337263848734
MIROC-ES2H,spell_max,d_ssp245_minus_target,CAR,Caribbean,1.487949010367229
MIROC-ES2H,spell_max,d_ssp245_minus_target,NWS,N.W.South-America,0.027348178766408104
MIROC-ES2H,spell_max,d_ssp245_minus_target,NSA,N.South-America,0.2909579845216313
MIROC-ES2H,spell_max,d_ssp245_minus_target,NES,N.E.South-America,1.1607369226242754
MIROC-ES2H,spell_max,d_ssp245_minus_target,SAM,South-American-Monsoon,0.2311857214587913
MIROC-ES2H,spell_max,d_ssp245_minus_target,SWS,S.W.South-America,2.6999665430693107
MIROC-ES2H,spell_max,d_ssp245_minus_target,SES,S.E.South-America,1.2513769835749546
MIROC-ES2H,spell_max,d_ssp245_minus_target,SSA,S.South-America,1.6427059833152446
MIROC-ES2H,spell_max,d_ssp245_minus_target,NEU,N.Europe,0.7469944217322916
MIROC-ES2H,spell_max,d_ssp245_minus_target,WCE,West&Central-Europe,1.609939056006274
MIROC-ES2H,spell_max,d_ssp245_minus_target,EEU,E.Europe,2.06340374155157
MIROC-ES2H,spell_max,d_ssp245_minus_target,MED,Mediterranean,2.2928065198524847
MIROC-ES2H,spell_max,d_ssp245_minus_target,SAH,Sahara,-0.0559866729129522
MIROC-ES2H,spell_max,d_ssp245_minus_target,WAF,Western-Africa,1.1371795211867983
MIROC-ES2H,spell_max,d_ssp245_minus_target,CAF,Central-Africa,1.627060966591961
MIROC-ES2H,spell_max,d_ssp245_minus_target,NEAF,N.Eastern-Africa,-0.06873840906124687
MIROC-ES2H,spell_max,d_ssp245_minus_target,SEAF,S.Eastern-Africa,0.9162528764188773
MIROC-ES2H,spell_max,d_ssp245_minus_target,WSAF,W.Southern-Africa,1.2540621186735268
MIROC-ES2H,spell_max,d_ssp245_minus_target,ESAF,E.Southern-Africa,2.6674276229765135
MIROC-ES2H,spell_max,d_ssp245_minus_target,MDG,Madagascar,3.234066849430538
MIROC-ES2H,spell_max,d_ssp245_minus_target,RAR,Russian-Arctic,1.6015014872867614
MIROC-ES2H,spell_max,d_ssp245_minus_target,WSB,W.Siberia,0.7812550247477731
MIROC-ES2H,spell_max,d_ssp245_minus_target,ESB,E.Siberia,0.5318972629926211
MIROC-ES2H,spell_max,d_ssp245_minus_target,RFE,Russian-Far-East,0.18989867588751044
MIROC-ES2H,spell_max,d_ssp245_minus_target,WCA,W.C.Asia,0.6931855546938449
MIROC-ES2H,spell_max,d_ssp245_minus_target,ECA,E.C.Asia,-0.8775974578036555
MIROC-ES2H,spell_max,d_ssp245_minus_target,TIB,Tibetan-Plateau,1.6475558969727975
MIROC-ES2H,spell_max,d_ssp245_minus_target,EAS,E.Asia,0.8127537232030895
MIROC-ES2H,spell_max,d_ssp245_minus_target,ARP,Arabian-Peninsula,-0.22854239663352685
MIROC-ES2H,spell_max,d_ssp245_minus_target,SAS,S.Asia,-0.4698666391742386
MIROC-ES2H,spell_max,d_ssp245_minus_target,SEA,S.E.Asia,-0.5501098235373904
MIROC-ES2H,spell_max,d_ssp245_minus_target,NAU,N.Australia,-0.3817007687093317
MIROC-ES2H,spell_max,d_ssp245_minus_target,CAU,C.Australia,0.6194068355233284
MIROC-ES2H,spell_max,d_ssp245_minus_target,EAU,E.Australia,0.24477230595271618
MIROC-ES2H,spell_max,d_ssp245_minus_target,SAU,S.Australia,0.5904067514891643
MIROC-ES2H,spell_max,d_ssp245_minus_target,NZ,New-Zealand,0.6840495112464984
MIROC-ES2H,spell_max,d_ssp245_minus_target,EAN,E.Antarctica,
MIROC-ES2H,spell_max,d_ssp245_minus_target,WAN,W.Antarctica,
MIROC-ES2H,spell_max,d_SAI_minus_ssp245,GIC,Greenland/Iceland,
MIROC-ES2H,spell_max,d_SAI_minus_ssp245,NWN,N.W.North-America,-0.9762180361378373
MIROC-ES2H,spell_max,d_SAI_minus_ssp245,NEN,N.E.North-America,-0.6888906243600702
MIROC-ES2H,spell_max,d_SAI_minus_ssp245,WNA,W.North-America,-0.8878951287470682
MIROC-ES2H,spell_max,d_SAI_minus_ssp245,CNA,C.North-America,-1.1560744859582632
MIROC-ES2H,spell_max,d_SAI_minus_ssp245,ENA,E.North-America,-0.42988531697896387
MIROC-ES2H,spell_max,d_SAI_minus_ssp245,NCA,N.Central-America,-1.692358635998035
MIROC-ES2H,spell_max,d_SAI_minus_ssp245,SCA,S.Central-America,-2.2541617849392717
MIROC-ES2H,spell_max,d_SAI_minus_ssp245,CAR,Caribbean,-2.367114955729834
MIROC-ES2H,spell_max,d_SAI_minus_ssp245,NWS,N.W.South-America,-0.15721712397149884
MIROC-ES2H,spell_max,d_SAI_minus_ssp245,NSA,N.South-America,-0.21407190988460467
MIROC-ES2H,spell_max,d_SAI_minus_ssp245,NES,N.E.South-America,-1.9545734662368357
MIROC-ES2H,spell_max,d_SAI_minus_ssp245,SAM,South-American-Monsoon,-1.4301119968086147
MIROC-ES2H,spell_max,d_SAI_minus_ssp245,SWS,S.W.South-America,-2.7264804487279712
MIROC-ES2H,spell_max,d_SAI_minus_ssp245,SES,S.E.South-America,-2.5284180016521343
MIROC-ES2H,spell_max,d_SAI_minus_ssp245,SSA,S.South-America,-1.536783107856828
MIROC-ES2H,spell_max,d_SAI_minus_ssp245,NEU,N.Europe,-1.1910215575233754
MIROC-ES2H,spell_max,d_SAI_minus_ssp245,WCE,West&Central-Europe,-1.2574401384286957
MIROC-ES2H,spell_max,d_SAI_minus_ssp245,EEU,E.Europe,-1.9803772892815494
MIROC-ES2H,spell_max,d_SAI_minus_ssp245,MED,Mediterranean,-1.896906404559395
MIROC-ES2H,spell_max,d_SAI_minus_ssp245,SAH,Sahara,0.02836327654396873
MIROC-ES2H,spell_max,d_SAI_minus_ssp245,WAF,Western-Africa,-0.4864666184727588
MIROC-ES2H,spell_max,d_SAI_minus_ssp245,CAF,Central-Africa,-0.6939714574083415
MIROC-ES2H,spell_max,d_SAI_minus_ssp245,NEAF,N.Eastern-Africa,0.025608347823094495
MIROC-ES2H,spell_max,d_SAI_minus_ssp245,SEAF,S.Eastern-Africa,-0.8365391114384884
MIROC-ES2H,spell_max,d_SAI_minus_ssp245,WSAF,W.Southern-Africa,-1.4603497019773866
MIROC-ES2H,spell_max,d_SAI_minus_ssp245,ESAF,E.Southern-Africa,-1.9557823659441713
MIROC-ES2H,spell_max,d_SAI_minus_ssp245,MDG,Madagascar,-2.4239769096664636
MIROC-ES2H,spell_max,d_SAI_minus_ssp245,RAR,Russian-Arctic,-1.2859774878537098
MIROC-ES2H,spell_max,d_SAI_minus_ssp245,WSB,W.Siberia,-0.6846645178904134
MIROC-ES2H,spell_max,d_SAI_minus_ssp245,ESB,E.Siberia,-0.2088594808118097
MIROC-ES2H,spell_max,d_SAI_minus_ssp245,RFE,Russian-Far-East,0.06683377770520663
MIROC-ES2H,spell_max,d_SAI_minus_ssp245,WCA,W.C.Asia,-0.8637808214447005
MIROC-ES2H,spell_max,d_SAI_minus_ssp245,ECA,E.C.Asia,-0.06323605631155504
MIROC-ES2H,spell_max,d_SAI_minus_ssp245,TIB,Tibetan-Plateau,-1.6040760246350259
MIROC-ES2H,spell_max,d_SAI_minus_ssp245,EAS,E.Asia,-1.916401851518454
MIROC-ES2H,spell_max,d_SAI_minus_ssp245,ARP,Arabian-Peninsula,0.23467744150557984
MIROC-ES2H,spell_max,d_SAI_minus_ssp245,SAS,S.Asia,0.214879095698392
MIROC-ES2H,spell_max,d_SAI_minus_ssp245,SEA,S.E.Asia,0.45834780332944103
MIROC-ES2H,spell_max,d_SAI_minus_ssp245,NAU,N.Australia,-1.1330667141922837
MIROC-ES2H,spell_max,d_SAI_minus_ssp245,CAU,C.Australia,-1.126983199986176
MIROC-ES2H,spell_max,d_SAI_minus_ssp245,EAU,E.Australia,-0.780812947432202
MIROC-ES2H,spell_max,d_SAI_minus_ssp245,SAU,S.Australia,-1.443474803156805
MIROC-ES2H,spell_max,d_SAI_minus_ssp245,NZ,New-Zealand,-0.7240296122467018
MIROC-ES2H,spell_max,d_SAI_minus_ssp245,EAN,E.Antarctica,
MIROC-ES2H,spell_max,d_SAI_minus_ssp245,WAN,W.Antarctica,
MIROC-ES2H,spell_max,d_HiLLA_minus_ssp245,GIC,Greenland/Iceland,
MIROC-ES2H,spell_max,d_HiLLA_minus_ssp245,NWN,N.W.North-America,-0.9490466646256805
MIROC-ES2H,spell_max,d_HiLLA_minus_ssp245,NEN,N.E.North-America,-0.9864570563331962
MIROC-ES2H,spell_max,d_HiLLA_minus_ssp245,WNA,W.North-America,-1.6008438894063899
MIROC-ES2H,spell_max,d_HiLLA_minus_ssp245,CNA,C.North-America,-2.3483612656134847
MIROC-ES2H,spell_max,d_HiLLA_minus_ssp245,ENA,E.North-America,-0.8759372957195393
MIROC-ES2H,spell_max,d_HiLLA_minus_ssp245,NCA,N.Central-America,-2.879279297280099
MIROC-ES2H,spell_max,d_HiLLA_minus_ssp245,SCA,S.Central-America,-2.0829278226184464
MIROC-ES2H,spell_max,d_HiLLA_minus_ssp245,CAR,Caribbean,-0.9589490805885869
MIROC-ES2H,spell_max,d_HiLLA_minus_ssp245,NWS,N.W.South-America,0.2571493251305716
MIROC-ES2H,spell_max,d_HiLLA_minus_ssp245,NSA,N.South-America,1.2309145198828937
MIROC-ES2H,spell_max,d_HiLLA_minus_ssp245,NES,N.E.South-America,-1.026953409668459
MIROC-ES2H,spell_max,d_HiLLA_minus_ssp245,SAM,South-American-Monsoon,-1.5175846340120456
MIROC-ES2H,spell_max,d_HiLLA_minus_ssp245,SWS,S.W.South-America,-1.9368952056395676
MIROC-ES2H,spell_max,d_HiLLA_minus_ssp245,SES,S.E.South-America,-2.2113237716958167
MIROC-ES2H,spell_max,d_HiLLA_minus_ssp245,SSA,S.South-America,-1.440955802811299
MIROC-ES2H,spell_max,d_HiLLA_minus_ssp245,NEU,N.Europe,-0.9670947255107207
MIROC-ES2H,spell_max,d_HiLLA_minus_ssp245,WCE,West&Central-Europe,-1.9249977838553132
MIROC-ES2H,spell_max,d_HiLLA_minus_ssp245,EEU,E.Europe,-1.2563917251658705
MIROC-ES2H,spell_max,d_HiLLA_minus_ssp245,MED,Mediterranean,-1.9806413512273615
MIROC-ES2H,spell_max,d_HiLLA_minus_ssp245,SAH,Sahara,-0.03648881261636377
MIROC-ES2H,spell_max,d_HiLLA_minus_ssp245,WAF,Western-Africa,-1.382023107338765
MIROC-ES2H,spell_max,d_HiLLA_minus_ssp245,CAF,Central-Africa,-1.9811608322316792
MIROC-ES2H,spell_max,d_HiLLA_minus_ssp245,NEAF,N.Eastern-Africa,-1.0400964487478888
MIROC-ES2H,spell_max,d_HiLLA_minus_ssp245,SEAF,S.Eastern-Africa,-1.3253609311612722
MIROC-ES2H,spell_max,d_HiLLA_minus_ssp245,WSAF,W.Southern-Africa,-1.1840550274023989
MIROC-ES2H,spell_max,d_HiLLA_minus_ssp245,ESAF,E.Southern-Africa,-2.3984061824238565
MIROC-ES2H,spell_max,d_HiLLA_minus_ssp245,MDG,Madagascar,-1.5371840381903898
MIROC-ES2H,spell_max,d_HiLLA_minus_ssp245,RAR,Russian-Arctic,-1.6446593992020009
MIROC-ES2H,spell_max,d_HiLLA_minus_ssp245,WSB,W.Siberia,-1.1752926072103218
MIROC-ES2H,spell_max,d_HiLLA_minus_ssp245,ESB,E.Siberia,-0.5961938454534966
MIROC-ES2H,spell_max,d_HiLLA_minus_ssp245,RFE,Russian-Far-East,-0.4386186138462137
MIROC-ES2H,spell_max,d_HiLLA_minus_ssp245,WCA,W.C.Asia,-1.324235440286445
MIROC-ES2H,spell_max,d_HiLLA_minus_ssp245,ECA,E.C.Asia,-0.032661976877302275
MIROC-ES2H,spell_max,d_HiLLA_minus_ssp245,TIB,Tibetan-Plateau,-1.1220704699304485
MIROC-ES2H,spell_max,d_HiLLA_minus_ssp245,EAS,E.Asia,-1.048436958847141
MIROC-ES2H,spell_max,d_HiLLA_minus_ssp245,ARP,Arabian-Peninsula,-0.03405662716426888
MIROC-ES2H,spell_max,d_HiLLA_minus_ssp245,SAS,S.Asia,-0.5247196619565015
MIROC-ES2H,spell_max,d_HiLLA_minus_ssp245,SEA,S.E.Asia,1.112218268602423
MIROC-ES2H,spell_max,d_HiLLA_minus_ssp245,NAU,N.Australia,-0.2970675528862414
MIROC-ES2H,spell_max,d_HiLLA_minus_ssp245,CAU,C.Australia,0.5648845318398485
MIROC-ES2H,spell_max,d_HiLLA_minus_ssp245,EAU,E.Australia,0.11847909428467437
MIROC-ES2H,spell_max,d_HiLLA_minus_ssp245,SAU,S.Australia,-0.24461234262604256
MIROC-ES2H,spell_max,d_HiLLA_minus_ssp245,NZ,New-Zealand,-0.5341256228459064
MIROC-ES2H,spell_max,d_HiLLA_minus_ssp245,EAN,E.Antarctica,
MIROC-ES2H,spell_max,d_HiLLA_minus_ssp245,WAN,W.Antarctica,
MIROC-ES2H,spell_max,d_HiLLA_minus_SAI,GIC,Greenland/Iceland,
MIROC-ES2H,spell_max,d_HiLLA_minus_SAI,NWN,N.W.North-America,0.0271713715121572
MIROC-ES2H,spell_max,d_HiLLA_minus_SAI,NEN,N.E.North-America,-0.29756643197312616
MIROC-ES2H,spell_max,d_HiLLA_minus_SAI,WNA,W.North-America,-0.7129487606593214
MIROC-ES2H,spell_max,d_HiLLA_minus_SAI,CNA,C.North-America,-1.1922867796552215
MIROC-ES2H,spell_max,d_HiLLA_minus_SAI,ENA,E.North-America,-0.4460519787405753
MIROC-ES2H,spell_max,d_HiLLA_minus_SAI,NCA,N.Central-America,-1.1869206612820649
MIROC-ES2H,spell_max,d_HiLLA_minus_SAI,SCA,S.Central-America,0.17123396232082544
MIROC-ES2H,spell_max,d_HiLLA_minus_SAI,CAR,Caribbean,1.4081658751412474
MIROC-ES2H,spell_max,d_HiLLA_minus_SAI,NWS,N.W.South-America,0.4143664491020704
MIROC-ES2H,spell_max,d_HiLLA_minus_SAI,NSA,N.South-America,1.4449864297674984
MIROC-ES2H,spell_max,d_HiLLA_minus_SAI,NES,N.E.South-America,0.9276200565683769
MIROC-ES2H,spell_max,d_HiLLA_minus_SAI,SAM,South-American-Monsoon,-0.08747263720343139
MIROC-ES2H,spell_max,d_HiLLA_minus_SAI,SWS,S.W.South-America,0.789585243088404
MIROC-ES2H,spell_max,d_HiLLA_minus_SAI,SES,S.E.South-America,0.31709422995631653
MIROC-ES2H,spell_max,d_HiLLA_minus_SAI,SSA,S.South-America,0.09582730504552879
MIROC-ES2H,spell_max,d_HiLLA_minus_SAI,NEU,N.Europe,0.2239268320126543
MIROC-ES2H,spell_max,d_HiLLA_minus_SAI,WCE,West&Central-Europe,-0.6675576454266178
MIROC-ES2H,spell_max,d_HiLLA_minus_SAI,EEU,E.Europe,0.7239855641156793
MIROC-ES2H,spell_max,d_HiLLA_minus_SAI,MED,Mediterranean,-0.08373494666796653
MIROC-ES2H,spell_max,d_HiLLA_minus_SAI,SAH,Sahara,-0.06485208916033253
MIROC-ES2H,spell_max,d_HiLLA_minus_SAI,WAF,Western-Africa,-0.8955564888660064
MIROC-ES2H,spell_max,d_HiLLA_minus_SAI,CAF,Central-Africa,-1.2871893748233374
MIROC-ES2H,spell_max,d_HiLLA_minus_SAI,NEAF,N.Eastern-Africa,-1.0657047965709836
MIROC-ES2H,spell_max,d_HiLLA_minus_SAI,SEAF,S.Eastern-Africa,-0.48882181972278416
MIROC-ES2H,spell_max,d_HiLLA_minus_SAI,WSAF,W.Southern-Africa,0.27629467457498746
MIROC-ES2H,spell_max,d_HiLLA_minus_SAI,ESAF,E.Southern-Africa,-0.4426238164796852
MIROC-ES2H,spell_max,d_HiLLA_minus_SAI,MDG,Madagascar,0.8867928714760743
MIROC-ES2H,spell_max,d_HiLLA_minus_SAI,RAR,Russian-Arctic,-0.3586819113482913
MIROC-ES2H,spell_max,d_HiLLA_minus_SAI,WSB,W.Siberia,-0.4906280893199085
MIROC-ES2H,spell_max,d_HiLLA_minus_SAI,ESB,E.Siberia,-0.3873343646416871
MIROC-ES2H,spell_max,d_HiLLA_minus_SAI,RFE,Russian-Far-East,-0.5054523915514204
MIROC-ES2H,spell_max,d_HiLLA_minus_SAI,WCA,W.C.Asia,-0.46045461884174455
MIROC-ES2H,spell_max,d_HiLLA_minus_SAI,ECA,E.C.Asia,0.030574079434252728
MIROC-ES2H,spell_max,d_HiLLA_minus_SAI,TIB,Tibetan-Plateau,0.48200555470457734
MIROC-ES2H,spell_max,d_HiLLA_minus_SAI,EAS,E.Asia,0.8679648926713136
MIROC-ES2H,spell_max,d_HiLLA_minus_SAI,ARP,Arabian-Peninsula,-0.2687340686698488
MIROC-ES2H,spell_max,d_HiLLA_minus_SAI,SAS,S.Asia,-0.7395987576548934
MIROC-ES2H,spell_max,d_HiLLA_minus_SAI,SEA,S.E.Asia,0.6538704652729818
MIROC-ES2H,spell_max,d_HiLLA_minus_SAI,NAU,N.Australia,0.8359991613060422
MIROC-ES2H,spell_max,d_HiLLA_minus_SAI,CAU,C.Australia,1.691867731826024
MIROC-ES2H,spell_max,d_HiLLA_minus_SAI,EAU,E.Australia,0.8992920417168763
MIROC-ES2H,spell_max,d_HiLLA_minus_SAI,SAU,S.Australia,1.1988624605307625
MIROC-ES2H,spell_max,d_HiLLA_minus_SAI,NZ,New-Zealand,0.18990398940079556
MIROC-ES2H,spell_max,d_HiLLA_minus_SAI,EAN,E.Antarctica,
MIROC-ES2H,spell_max,d_HiLLA_minus_SAI,WAN,W.Antarctica,
MIROC-ES2H,spell_max,d_SAI_minus_target,GIC,Greenland/Iceland,
MIROC-ES2H,spell_max,d_SAI_minus_target,NWN,N.W.North-America,-0.0006058513677838784
MIROC-ES2H,spell_max,d_SAI_minus_target,NEN,N.E.North-America,0.06771481776313037
MIROC-ES2H,spell_max,d_SAI_minus_target,WNA,W.North-America,0.4582519592885994
MIROC-ES2H,spell_max,d_SAI_minus_target,CNA,C.North-America,0.660416452024863
MIROC-ES2H,spell_max,d_SAI_minus_target,ENA,E.North-America,0.0670139219200311
MIROC-ES2H,spell_max,d_SAI_minus_target,NCA,N.Central-America,-0.3187705818875442
MIROC-ES2H,spell_max,d_SAI_minus_target,SCA,S.Central-America,-0.6883280585543982
MIROC-ES2H,spell_max,d_SAI_minus_target,CAR,Caribbean,-0.8791659453626055
MIROC-ES2H,spell_max,d_SAI_minus_target,NWS,N.W.South-America,-0.12986894520509087
MIROC-ES2H,spell_max,d_SAI_minus_target,NSA,N.South-America,0.07688607463702643
MIROC-ES2H,spell_max,d_SAI_minus_target,NES,N.E.South-America,-0.7938365436125597
MIROC-ES2H,spell_max,d_SAI_minus_target,SAM,South-American-Monsoon,-1.198926275349823
MIROC-ES2H,spell_max,d_SAI_minus_target,SWS,S.W.South-America,-0.026513905658660124
MIROC-ES2H,spell_max,d_SAI_minus_target,SES,S.E.South-America,-1.2770410180771783
MIROC-ES2H,spell_max,d_SAI_minus_target,SSA,S.South-America,0.10592287545841678
MIROC-ES2H,spell_max,d_SAI_minus_target,NEU,N.Europe,-0.4440271357910835
MIROC-ES2H,spell_max,d_SAI_minus_target,WCE,West&Central-Europe,0.3524989175775793
MIROC-ES2H,spell_max,d_SAI_minus_target,EEU,E.Europe,0.08302645227002096
MIROC-ES2H,spell_max,d_SAI_minus_target,MED,Mediterranean,0.395900115293089
MIROC-ES2H,spell_max,d_SAI_minus_target,SAH,Sahara,-0.02762339636898341
MIROC-ES2H,spell_max,d_SAI_minus_target,WAF,Western-Africa,0.6507129027140394
MIROC-ES2H,spell_max,d_SAI_minus_target,CAF,Central-Africa,0.9330895091836184
MIROC-ES2H,spell_max,d_SAI_minus_target,NEAF,N.Eastern-Africa,-0.04313006123815224
MIROC-ES2H,spell_max,d_SAI_minus_target,SEAF,S.Eastern-Africa,0.07971376498038914
MIROC-ES2H,spell_max,d_SAI_minus_target,WSAF,W.Southern-Africa,-0.20628758330386013
MIROC-ES2H,spell_max,d_SAI_minus_target,ESAF,E.Southern-Africa,0.7116452570323415
MIROC-ES2H,spell_max,d_SAI_minus_target,MDG,Madagascar,0.8100899397640744
MIROC-ES2H,spell_max,d_SAI_minus_target,RAR,Russian-Arctic,0.3155239994330527
MIROC-ES2H,spell_max,d_SAI_minus_target,WSB,W.Siberia,0.09659050685735958
MIROC-ES2H,spell_max,d_SAI_minus_target,ESB,E.Siberia,0.3230377821808116
MIROC-ES2H,spell_max,d_SAI_minus_target,RFE,Russian-Far-East,0.2567324535927172
MIROC-ES2H,spell_max,d_SAI_minus_target,WCA,W.C.Asia,-0.1705952667508553
MIROC-ES2H,spell_max,d_SAI_minus_target,ECA,E.C.Asia,-0.9408335141152105
MIROC-ES2H,spell_max,d_SAI_minus_target,TIB,Tibetan-Plateau,0.04347987233777215
MIROC-ES2H,spell_max,d_SAI_minus_target,EAS,E.Asia,-1.1036481283153654
MIROC-ES2H,spell_max,d_SAI_minus_target,ARP,Arabian-Peninsula,0.006135044872053035
MIROC-ES2H,spell_max,d_SAI_minus_target,SAS,S.Asia,-0.25498754347584657
MIROC-ES2H,spell_max,d_SAI_minus_target,SEA,S.E.Asia,-0.09176202020794905
MIROC-ES2H,spell_max,d_SAI_minus_target,NAU,N.Australia,-1.5147674829016151
MIROC-ES2H,spell_max,d_SAI_minus_target,CAU,C.Australia,-0.5075763644628473
MIROC-ES2H,spell_max,d_SAI_minus_target,EAU,E.Australia,-0.5360406414794857
MIROC-ES2H,spell_max,d_SAI_minus_target,SAU,S.Australia,-0.8530680516676409
MIROC-ES2H,spell_max,d_SAI_minus_target,NZ,New-Zealand,-0.03998010100020351
MIROC-ES2H,spell_max,d_SAI_minus_target,EAN,E.Antarctica,
MIROC-ES2H,spell_max,d_SAI_minus_target,WAN,W.Antarctica,
MIROC-ES2H,spell_max,d_HiLLA_minus_target,GIC,Greenland/Iceland,
MIROC-ES2H,spell_max,d_HiLLA_minus_target,NWN,N.W.North-America,0.026565520144373734
MIROC-ES2H,spell_max,d_HiLLA_minus_target,NEN,N.E.North-America,-0.2298516142099956
MIROC-ES2H,spell_max,d_HiLLA_minus_target,WNA,W.North-America,-0.254696801370722
MIROC-ES2H,spell_max,d_HiLLA_minus_target,CNA,C.North-America,-0.5318703276303586
MIROC-ES2H,spell_max,d_HiLLA_minus_target,ENA,E.North-America,-0.379038056820544
MIROC-ES2H,spell_max,d_HiLLA_minus_target,NCA,N.Central-America,-1.5056912431696086
MIROC-ES2H,spell_max,d_HiLLA_minus_target,SCA,S.Central-America,-0.5170940962335726
MIROC-ES2H,spell_max,d_HiLLA_minus_target,CAR,Caribbean,0.5289999297786419
MIROC-ES2H,spell_max,d_HiLLA_minus_target,NWS,N.W.South-America,0.28449750389697964
MIROC-ES2H,spell_max,d_HiLLA_minus_target,NSA,N.South-America,1.5218725044045252
MIROC-ES2H,spell_max,d_HiLLA_minus_target,NES,N.E.South-America,0.13378351295581695
MIROC-ES2H,spell_max,d_HiLLA_minus_target,SAM,South-American-Monsoon,-1.2863989125532544
MIROC-ES2H,spell_max,d_HiLLA_minus_target,SWS,S.W.South-America,0.7630713374297436
MIROC-ES2H,spell_max,d_HiLLA_minus_target,SES,S.E.South-America,-0.9599467881208619
MIROC-ES2H,spell_max,d_HiLLA_minus_target,SSA,S.South-America,0.20175018050394558
MIROC-ES2H,spell_max,d_HiLLA_minus_target,NEU,N.Europe,-0.2201003037784293
MIROC-ES2H,spell_max,d_HiLLA_minus_target,WCE,West&Central-Europe,-0.3150587278490387
MIROC-ES2H,spell_max,d_HiLLA_minus_target,EEU,E.Europe,0.8070120163857003
MIROC-ES2H,spell_max,d_HiLLA_minus_target,MED,Mediterranean,0.3121651686251224
MIROC-ES2H,spell_max,d_HiLLA_minus_target,SAH,Sahara,-0.09247548552931595
MIROC-ES2H,spell_max,d_HiLLA_minus_target,WAF,Western-Africa,-0.2448435861519667
MIROC-ES2H,spell_max,d_HiLLA_minus_target,CAF,Central-Africa,-0.35409986563971857
MIROC-ES2H,spell_max,d_HiLLA_minus_target,NEAF,N.Eastern-Africa,-1.108834857809136
MIROC-ES2H,spell_max,d_HiLLA_minus_target,SEAF,S.Eastern-Africa,-0.40910805474239503
MIROC-ES2H,spell_max,d_HiLLA_minus_target,WSAF,W.Southern-Africa,0.07000709127112739
MIROC-ES2H,spell_max,d_HiLLA_minus_target,ESAF,E.Southern-Africa,0.26902144055265637
MIROC-ES2H,spell_max,d_HiLLA_minus_target,MDG,Madagascar,1.6968828112401486
MIROC-ES2H,spell_max,d_HiLLA_minus_target,RAR,Russian-Arctic,-0.043157911915238815
MIROC-ES2H,spell_max,d_HiLLA_minus_target,WSB,W.Siberia,-0.39403758246254894
MIROC-ES2H,spell_max,d_HiLLA_minus_target,ESB,E.Siberia,-0.06429658246087554
MIROC-ES2H,spell_max,d_HiLLA_minus_target,RFE,Russian-Far-East,-0.2487199379587033
MIROC-ES2H,spell_max,d_HiLLA_minus_target,WCA,W.C.Asia,-0.6310498855925994
MIROC-ES2H,spell_max,d_HiLLA_minus_target,ECA,E.C.Asia,-0.9102594346809576
MIROC-ES2H,spell_max,d_HiLLA_minus_target,TIB,Tibetan-Plateau,0.5254854270423495
MIROC-ES2H,spell_max,d_HiLLA_minus_target,EAS,E.Asia,-0.2356832356440511
MIROC-ES2H,spell_max,d_HiLLA_minus_target,ARP,Arabian-Peninsula,-0.2625990237977957
MIROC-ES2H,spell_max,d_HiLLA_minus_target,SAS,S.Asia,-0.9945863011307402
MIROC-ES2H,spell_max,d_HiLLA_minus_target,SEA,S.E.Asia,0.5621084450650327
MIROC-ES2H,spell_max,d_HiLLA_minus_target,NAU,N.Australia,-0.678768321595573
MIROC-ES2H,spell_max,d_HiLLA_minus_target,CAU,C.Australia,1.184291367363177
MIROC-ES2H,spell_max,d_HiLLA_minus_target,EAU,E.Australia,0.36325140023739055
MIROC-ES2H,spell_max,d_HiLLA_minus_target,SAU,S.Australia,0.3457944088631217
MIROC-ES2H,spell_max,d_HiLLA_minus_target,NZ,New-Zealand,0.14992388840059204
MIROC-ES2H,spell_max,d_HiLLA_minus_target,EAN,E.Antarctica,
MIROC-ES2H,spell_max,d_HiLLA_minus_target,WAN,W.Antarctica,
MIROC-ES2H,days_abs,target,GIC,Greenland/Iceland,
MIROC-ES2H,days_abs,target,NWN,N.W.North-America,70.73923335173677
MIROC-ES2H,days_abs,target,NEN,N.E.North-America,70.77670766220574
MIROC-ES2H,days_abs,target,WNA,W.North-America,174.78010965748402
MIROC-ES2H,days_abs,target,CNA,C.North-America,219.39594239326377
MIROC-ES2H,days_abs,target,ENA,E.North-America,109.43156813748479
MIROC-ES2H,days_abs,target,NCA,N.Central-America,285.3417538077544
MIROC-ES2H,days_abs,target,SCA,S.Central-America,184.39534503875322
MIROC-ES2H,days_abs,target,CAR,Caribbean,255.19879797428123
MIROC-ES2H,days_abs,target,NWS,N.W.South-America,102.08496843834328
MIROC-ES2H,days_abs,target,NSA,N.South-America,137.32068144958407
MIROC-ES2H,days_abs,target,NES,N.E.South-America,240.70620705963225
MIROC-ES2H,days_abs,target,SAM,South-American-Monsoon,178.94890974529844
MIROC-ES2H,days_abs,target,SWS,S.W.South-America,228.58294018323883
MIROC-ES2H,days_abs,target,SES,S.E.South-America,256.3203735090739
MIROC-ES2H,days_abs,target,SSA,S.South-America,142.29560192248348
MIROC-ES2H,days_abs,target,NEU,N.Europe,81.5305700269392
MIROC-ES2H,days_abs,target,WCE,West&Central-Europe,139.08942420301543
MIROC-ES2H,days_abs,target,EEU,E.Europe,153.05237034490156
MIROC-ES2H,days_abs,target,MED,Mediterranean,270.27527199992056
MIROC-ES2H,days_abs,target,SAH,Sahara,363.6826638894645
MIROC-ES2H,days_abs,target,WAF,Western-Africa,249.44775221513902
MIROC-ES2H,days_abs,target,CAF,Central-Africa,162.3243741991367
MIROC-ES2H,days_abs,target,NEAF,N.Eastern-Africa,271.6734034299138
MIROC-ES2H,days_abs,target,SEAF,S.Eastern-Africa,228.00684424362944
MIROC-ES2H,days_abs,target,WSAF,W.Southern-Africa,289.83100428234155
MIROC-ES2H,days_abs,target,ESAF,E.Southern-Africa,260.46806205055543
MIROC-ES2H,days_abs,target,MDG,Madagascar,214.9191985787965
MIROC-ES2H,days_abs,target,RAR,Russian-Arctic,51.520155539033105
MIROC-ES2H,days_abs,target,WSB,W.Siberia,144.21756960305495
MIROC-ES2H,days_abs,target,ESB,E.Siberia,96.9654168545709
MIROC-ES2H,days_abs,target,RFE,Russian-Far-East,44.5179773064371
MIROC-ES2H,days_abs,target,WCA,W.C.Asia,278.9640505013059
MIROC-ES2H,days_abs,target,ECA,E.C.Asia,253.05584943409184
MIROC-ES2H,days_abs,target,TIB,Tibetan-Plateau,66.98652924055615
MIROC-ES2H,days_abs,target,EAS,E.Asia,155.37147906422533
MIROC-ES2H,days_abs,target,ARP,Arabian-Peninsula,360.2459013157543
MIROC-ES2H,days_abs,target,SAS,S.Asia,272.04166955036254
MIROC-ES2H,days_abs,target,SEA,S.E.Asia,112.2262834174463
MIROC-ES2H,days_abs,target,NAU,N.Australia,301.7510946590208
MIROC-ES2H,days_abs,target,CAU,C.Australia,341.44637060193014
MIROC-ES2H,days_abs,target,EAU,E.Australia,283.5074562797193
MIROC-ES2H,days_abs,target,SAU,S.Australia,298.16791289717685
MIROC-ES2H,days_abs,target,NZ,New-Zealand,94.32827373283996
MIROC-ES2H,days_abs,target,EAN,E.Antarctica,
MIROC-ES2H,days_abs,target,WAN,W.Antarctica,
MIROC-ES2H,days_abs,ssp245,GIC,Greenland/Iceland,
MIROC-ES2H,days_abs,ssp245,NWN,N.W.North-America,76.2536532728222
MIROC-ES2H,days_abs,ssp245,NEN,N.E.North-America,76.88833220683155
MIROC-ES2H,days_abs,ssp245,WNA,W.North-America,186.33548369435684
MIROC-ES2H,days_abs,ssp245,CNA,C.North-America,237.03054750156215
MIROC-ES2H,days_abs,ssp245,ENA,E.North-America,117.66145042592098
MIROC-ES2H,days_abs,ssp245,NCA,N.Central-America,292.5460984812206
MIROC-ES2H,days_abs,ssp245,SCA,S.Central-America,192.20753818446195
MIROC-ES2H,days_abs,ssp245,CAR,Caribbean,262.2370467404528
MIROC-ES2H,days_abs,ssp245,NWS,N.W.South-America,103.22088288773355
MIROC-ES2H,days_abs,ssp245,NSA,N.South-America,142.4374658088828
MIROC-ES2H,days_abs,ssp245,NES,N.E.South-America,245.9564849772745
MIROC-ES2H,days_abs,ssp245,SAM,South-American-Monsoon,183.73994151631692
MIROC-ES2H,days_abs,ssp245,SWS,S.W.South-America,237.18341480293364
MIROC-ES2H,days_abs,ssp245,SES,S.E.South-America,258.568431453465
MIROC-ES2H,days_abs,ssp245,SSA,S.South-America,150.33709189899915
MIROC-ES2H,days_abs,ssp245,NEU,N.Europe,87.62626059625691
MIROC-ES2H,days_abs,ssp245,WCE,West&Central-Europe,149.35313123834047
MIROC-ES2H,days_abs,ssp245,EEU,E.Europe,168.16409906470813
MIROC-ES2H,days_abs,ssp245,MED,Mediterranean,280.2663907108815
MIROC-ES2H,days_abs,ssp245,SAH,Sahara,363.6018807186626
MIROC-ES2H,days_abs,ssp245,WAF,Western-Africa,255.44785871795713
MIROC-ES2H,days_abs,ssp245,CAF,Central-Africa,166.237866417324
MIROC-ES2H,days_abs,ssp245,NEAF,N.Eastern-Africa,274.8226355518716
MIROC-ES2H,days_abs,ssp245,SEAF,S.Eastern-Africa,228.3053144071413
MIROC-ES2H,days_abs,ssp245,WSAF,W.Southern-Africa,294.7229027972462
MIROC-ES2H,days_abs,ssp245,ESAF,E.Southern-Africa,267.01115939662424
MIROC-ES2H,days_abs,ssp245,MDG,Madagascar,229.44663039400703
MIROC-ES2H,days_abs,ssp245,RAR,Russian-Arctic,62.002092412215276
MIROC-ES2H,days_abs,ssp245,WSB,W.Siberia,151.10403368886077
MIROC-ES2H,days_abs,ssp245,ESB,E.Siberia,101.34899206470709
MIROC-ES2H,days_abs,ssp245,RFE,Russian-Far-East,47.68055088957016
MIROC-ES2H,days_abs,ssp245,WCA,W.C.Asia,286.8884533809983
MIROC-ES2H,days_abs,ssp245,ECA,E.C.Asia,250.36031005228313
MIROC-ES2H,days_abs,ssp245,TIB,Tibetan-Plateau,74.08689065767264
MIROC-ES2H,days_abs,ssp245,EAS,E.Asia,159.58461109794357
MIROC-ES2H,days_abs,ssp245,ARP,Arabian-Peninsula,360.1808909377636
MIROC-ES2H,days_abs,ssp245,SAS,S.Asia,269.6987782866387
MIROC-ES2H,days_abs,ssp245,SEA,S.E.Asia,107.13689664261264
MIROC-ES2H,days_abs,ssp245,NAU,N.Australia,303.74348366913966
MIROC-ES2H,days_abs,ssp245,CAU,C.Australia,339.17794336576964
MIROC-ES2H,days_abs,ssp245,EAU,E.Australia,280.6390533284182
MIROC-ES2H,days_abs,ssp245,SAU,S.Australia,300.54569439501853
MIROC-ES2H,days_abs,ssp245,NZ,New-Zealand,102.6387922894254
MIROC-ES2H,days_abs,ssp245,EAN,E.Antarctica,
MIROC-ES2H,days_abs,ssp245,WAN,W.Antarctica,
MIROC-ES2H,days_abs,G6-1.5K-SAI,GIC,Greenland/Iceland,
MIROC-ES2H,days_abs,G6-1.5K-SAI,NWN,N.W.North-America,69.74069634724098
MIROC-ES2H,days_abs,G6-1.5K-SAI,NEN,N.E.North-America,69.81685630416737
MIROC-ES2H,days_abs,G6-1.5K-SAI,WNA,W.North-America,176.445557887938
MIROC-ES2H,days_abs,G6-1.5K-SAI,CNA,C.North-America,226.38887171192576
MIROC-ES2H,days_abs,G6-1.5K-SAI,ENA,E.North-America,109.44150918355591
MIROC-ES2H,days_abs,G6-1.5K-SAI,NCA,N.Central-America,286.3460374937674
MIROC-ES2H,days_abs,G6-1.5K-SAI,SCA,S.Central-America,179.9762864274434
MIROC-ES2H,days_abs,G6-1.5K-SAI,CAR,Caribbean,253.165587389931
MIROC-ES2H,days_abs,G6-1.5K-SAI,NWS,N.W.South-America,101.41090713266043
MIROC-ES2H,days_abs,G6-1.5K-SAI,NSA,N.South-America,138.41196520354453
MIROC-ES2H,days_abs,G6-1.5K-SAI,NES,N.E.South-America,238.87008114787892
MIROC-ES2H,days_abs,G6-1.5K-SAI,SAM,South-American-Monsoon,177.64881070879724
MIROC-ES2H,days_abs,G6-1.5K-SAI,SWS,S.W.South-America,228.55143629087632
MIROC-ES2H,days_abs,G6-1.5K-SAI,SES,S.E.South-America,253.75588831446433
MIROC-ES2H,days_abs,G6-1.5K-SAI,SSA,S.South-America,140.60250972720402
MIROC-ES2H,days_abs,G6-1.5K-SAI,NEU,N.Europe,82.12427278708495
MIROC-ES2H,days_abs,G6-1.5K-SAI,WCE,West&Central-Europe,141.86655396567917
MIROC-ES2H,days_abs,G6-1.5K-SAI,EEU,E.Europe,159.36905469295445
MIROC-ES2H,days_abs,G6-1.5K-SAI,MED,Mediterranean,270.9996685217267
MIROC-ES2H,days_abs,G6-1.5K-SAI,SAH,Sahara,363.63120063935685
MIROC-ES2H,days_abs,G6-1.5K-SAI,WAF,Western-Africa,249.35068516289985
MIROC-ES2H,days_abs,G6-1.5K-SAI,CAF,Central-Africa,162.25626994560983
MIROC-ES2H,days_abs,G6-1.5K-SAI,NEAF,N.Eastern-Africa,271.2989741162679
MIROC-ES2H,days_abs,G6-1.5K-SAI,SEAF,S.Eastern-Africa,226.6155407467394
MIROC-ES2H,days_abs,G6-1.5K-SAI,WSAF,W.Southern-Africa,291.2726523399914
MIROC-ES2H,days_abs,G6-1.5K-SAI,ESAF,E.Southern-Africa,260.62702570121127
MIROC-ES2H,days_abs,G6-1.5K-SAI,MDG,Madagascar,219.23496533995979
MIROC-ES2H,days_abs,G6-1.5K-SAI,RAR,Russian-Arctic,53.071473988038036
MIROC-ES2H,days_abs,G6-1.5K-SAI,WSB,W.Siberia,144.98911169881552
MIROC-ES2H,days_abs,G6-1.5K-SAI,ESB,E.Siberia,98.98784892266136
MIROC-ES2H,days_abs,G6-1.5K-SAI,RFE,Russian-Far-East,45.021372102937974
MIROC-ES2H,days_abs,G6-1.5K-SAI,WCA,W.C.Asia,276.3365809089889
MIROC-ES2H,days_abs,G6-1.5K-SAI,ECA,E.C.Asia,248.2803657909343
MIROC-ES2H,days_abs,G6-1.5K-SAI,TIB,Tibetan-Plateau,68.0887619940071
MIROC-ES2H,days_abs,G6-1.5K-SAI,EAS,E.Asia,148.21071877131416
MIROC-ES2H,days_abs,G6-1.5K-SAI,ARP,Arabian-Peninsula,360.2474184830285
MIROC-ES2H,days_abs,G6-1.5K-SAI,SAS,S.Asia,270.71825324194606
MIROC-ES2H,days_abs,G6-1.5K-SAI,SEA,S.E.Asia,108.86880086148733
MIROC-ES2H,days_abs,G6-1.5K-SAI,NAU,N.Australia,301.287391335765
MIROC-ES2H,days_abs,G6-1.5K-SAI,CAU,C.Australia,339.5749067647517
MIROC-ES2H,days_abs,G6-1.5K-SAI,EAU,E.Australia,271.3842418883086
MIROC-ES2H,days_abs,G6-1.5K-SAI,SAU,S.Australia,294.4421706709198
MIROC-ES2H,days_abs,G6-1.5K-SAI,NZ,New-Zealand,93.74012188119691
MIROC-ES2H,days_abs,G6-1.5K-SAI,EAN,E.Antarctica,
MIROC-ES2H,days_abs,G6-1.5K-SAI,WAN,W.Antarctica,
MIROC-ES2H,days_abs,G6-1.5K-HiLLA,GIC,Greenland/Iceland,
MIROC-ES2H,days_abs,G6-1.5K-HiLLA,NWN,N.W.North-America,70.41020654584837
MIROC-ES2H,days_abs,G6-1.5K-HiLLA,NEN,N.E.North-America,70.33507105995689
MIROC-ES2H,days_abs,G6-1.5K-HiLLA,WNA,W.North-America,174.29419217112047
MIROC-ES2H,days_abs,G6-1.5K-HiLLA,CNA,C.North-America,223.71821788654012
MIROC-ES2H,days_abs,G6-1.5K-HiLLA,ENA,E.North-America,108.4442485104373
MIROC-ES2H,days_abs,G6-1.5K-HiLLA,NCA,N.Central-America,283.26689295012693
MIROC-ES2H,days_abs,G6-1.5K-HiLLA,SCA,S.Central-America,181.6976582154306
MIROC-ES2H,days_abs,G6-1.5K-HiLLA,CAR,Caribbean,257.24912741135955
MIROC-ES2H,days_abs,G6-1.5K-HiLLA,NWS,N.W.South-America,103.1944679858931
MIROC-ES2H,days_abs,G6-1.5K-HiLLA,NSA,N.South-America,142.40117415489
MIROC-ES2H,days_abs,G6-1.5K-HiLLA,NES,N.E.South-America,240.3340050582276
MIROC-ES2H,days_abs,G6-1.5K-HiLLA,SAM,South-American-Monsoon,178.43301157591264
MIROC-ES2H,days_abs,G6-1.5K-HiLLA,SWS,S.W.South-America,230.21627220653411
MIROC-ES2H,days_abs,G6-1.5K-HiLLA,SES,S.E.South-America,254.18700000749672
MIROC-ES2H,days_abs,G6-1.5K-HiLLA,SSA,S.South-America,140.36613572850118
MIROC-ES2H,days_abs,G6-1.5K-HiLLA,NEU,N.Europe,82.08690619620452
MIROC-ES2H,days_abs,G6-1.5K-HiLLA,WCE,West&Central-Europe,140.33590184852633
MIROC-ES2H,days_abs,G6-1.5K-HiLLA,EEU,E.Europe,161.82854627866746
MIROC-ES2H,days_abs,G6-1.5K-HiLLA,MED,Mediterranean,271.1257467218493
MIROC-ES2H,days_abs,G6-1.5K-HiLLA,SAH,Sahara,363.591186482261
MIROC-ES2H,days_abs,G6-1.5K-HiLLA,WAF,Western-Africa,248.76905587018913
MIROC-ES2H,days_abs,G6-1.5K-HiLLA,CAF,Central-Africa,160.37878098144915
MIROC-ES2H,days_abs,G6-1.5K-HiLLA,NEAF,N.Eastern-Africa,271.4506515561544
MIROC-ES2H,days_abs,G6-1.5K-HiLLA,SEAF,S.Eastern-Africa,225.57517127703602
MIROC-ES2H,days_abs,G6-1.5K-HiLLA,WSAF,W.Southern-Africa,293.2855545313638
MIROC-ES2H,days_abs,G6-1.5K-HiLLA,ESAF,E.Southern-Africa,260.18765754750257
MIROC-ES2H,days_abs,G6-1.5K-HiLLA,MDG,Madagascar,220.85754835983766
MIROC-ES2H,days_abs,G6-1.5K-HiLLA,RAR,Russian-Arctic,51.02816236244179
MIROC-ES2H,days_abs,G6-1.5K-HiLLA,WSB,W.Siberia,144.35130150627467
MIROC-ES2H,days_abs,G6-1.5K-HiLLA,ESB,E.Siberia,96.9961388408588
MIROC-ES2H,days_abs,G6-1.5K-HiLLA,RFE,Russian-Far-East,44.61917255842637
MIROC-ES2H,days_abs,G6-1.5K-HiLLA,WCA,W.C.Asia,275.91425099060757
MIROC-ES2H,days_abs,G6-1.5K-HiLLA,ECA,E.C.Asia,249.08328466062548
MIROC-ES2H,days_abs,G6-1.5K-HiLLA,TIB,Tibetan-Plateau,71.9459059202946
MIROC-ES2H,days_abs,G6-1.5K-HiLLA,EAS,E.Asia,152.1122229086595
MIROC-ES2H,days_abs,G6-1.5K-HiLLA,ARP,Arabian-Peninsula,360.24985338886756
MIROC-ES2H,days_abs,G6-1.5K-HiLLA,SAS,S.Asia,270.20764695971536
MIROC-ES2H,days_abs,G6-1.5K-HiLLA,SEA,S.E.Asia,111.98651611562869
MIROC-ES2H,days_abs,G6-1.5K-HiLLA,NAU,N.Australia,304.29053777998746
MIROC-ES2H,days_abs,G6-1.5K-HiLLA,CAU,C.Australia,340.0652957274356
MIROC-ES2H,days_abs,G6-1.5K-HiLLA,EAU,E.Australia,277.3633917280285
MIROC-ES2H,days_abs,G6-1.5K-HiLLA,SAU,S.Australia,296.5505306274687
MIROC-ES2H,days_abs,G6-1.5K-HiLLA,NZ,New-Zealand,95.05960667616621
MIROC-ES2H,days_abs,G6-1.5K-HiLLA,EAN,E.Antarctica,
MIROC-ES2H,days_abs,G6-1.5K-HiLLA,WAN,W.Antarctica,
MIROC-ES2H,days_abs,d_ssp245_minus_target,GIC,Greenland/Iceland,
MIROC-ES2H,days_abs,d_ssp245_minus_target,NWN,N.W.North-America,5.514419921085452
MIROC-ES2H,days_abs,d_ssp245_minus_target,NEN,N.E.North-America,6.111624544625827
MIROC-ES2H,days_abs,d_ssp245_minus_target,WNA,W.North-America,11.555374036872811
MIROC-ES2H,days_abs,d_ssp245_minus_target,CNA,C.North-America,17.634605108298334
MIROC-ES2H,days_abs,d_ssp245_minus_target,ENA,E.North-America,8.229882288436226
MIROC-ES2H,days_abs,d_ssp245_minus_target,NCA,N.Central-America,7.204344673466308
MIROC-ES2H,days_abs,d_ssp245_minus_target,SCA,S.Central-America,7.8121931457087355
MIROC-ES2H,days_abs,d_ssp245_minus_target,CAR,Caribbean,7.038248766171589
MIROC-ES2H,days_abs,d_ssp245_minus_target,NWS,N.W.South-America,1.1359144493902842
MIROC-ES2H,days_abs,d_ssp245_minus_target,NSA,N.South-America,5.116784359298656
MIROC-ES2H,days_abs,d_ssp245_minus_target,NES,N.E.South-America,5.250277917642249
MIROC-ES2H,days_abs,d_ssp245_minus_target,SAM,South-American-Monsoon,4.791031771018555
MIROC-ES2H,days_abs,d_ssp245_minus_target,SWS,S.W.South-America,8.600474619694728
MIROC-ES2H,days_abs,d_ssp245_minus_target,SES,S.E.South-America,2.248057944391005
MIROC-ES2H,days_abs,d_ssp245_minus_target,SSA,S.South-America,8.041489976515683
MIROC-ES2H,days_abs,d_ssp245_minus_target,NEU,N.Europe,6.095690569317703
MIROC-ES2H,days_abs,d_ssp245_minus_target,WCE,West&Central-Europe,10.263707035325027
MIROC-ES2H,days_abs,d_ssp245_minus_target,EEU,E.Europe,15.11172871980667
MIROC-ES2H,days_abs,d_ssp245_minus_target,MED,Mediterranean,9.9911187109609
MIROC-ES2H,days_abs,d_ssp245_minus_target,SAH,Sahara,-0.08078317080180067
MIROC-ES2H,days_abs,d_ssp245_minus_target,WAF,Western-Africa,6.000106502818082
MIROC-ES2H,days_abs,d_ssp245_minus_target,CAF,Central-Africa,3.913492218187335
MIROC-ES2H,days_abs,d_ssp245_minus_target,NEAF,N.Eastern-Africa,3.149232121957748
MIROC-ES2H,days_abs,d_ssp245_minus_target,SEAF,S.Eastern-Africa,0.29847016351182054
MIROC-ES2H,days_abs,d_ssp245_minus_target,WSAF,W.Southern-Africa,4.891898514904741
MIROC-ES2H,days_abs,d_ssp245_minus_target,ESAF,E.Southern-Africa,6.543097346068781
MIROC-ES2H,days_abs,d_ssp245_minus_target,MDG,Madagascar,14.52743181521047
MIROC-ES2H,days_abs,d_ssp245_minus_target,RAR,Russian-Arctic,10.481936873182132
MIROC-ES2H,days_abs,d_ssp245_minus_target,WSB,W.Siberia,6.886464085805718
MIROC-ES2H,days_abs,d_ssp245_minus_target,ESB,E.Siberia,4.383575210136145
MIROC-ES2H,days_abs,d_ssp245_minus_target,RFE,Russian-Far-East,3.1625735831330424
MIROC-ES2H,days_abs,d_ssp245_minus_target,WCA,W.C.Asia,7.924402879692437
MIROC-ES2H,days_abs,d_ssp245_minus_target,ECA,E.C.Asia,-2.695539381808725
MIROC-ES2H,days_abs,d_ssp245_minus_target,TIB,Tibetan-Plateau,7.100361417116498
MIROC-ES2H,days_abs,d_ssp245_minus_target,EAS,E.Asia,4.213132033718203
MIROC-ES2H,days_abs,d_ssp245_minus_target,ARP,Arabian-Peninsula,-0.06501037799064395
MIROC-ES2H,days_abs,d_ssp245_minus_target,SAS,S.Asia,-2.342891263723822
MIROC-ES2H,days_abs,d_ssp245_minus_target,SEA,S.E.Asia,-5.089386774833634
MIROC-ES2H,days_abs,d_ssp245_minus_target,NAU,N.Australia,1.9923890101187713
MIROC-ES2H,days_abs,d_ssp245_minus_target,CAU,C.Australia,-2.2684272361603335
MIROC-ES2H,days_abs,d_ssp245_minus_target,EAU,E.Australia,-2.8684029513011358
MIROC-ES2H,days_abs,d_ssp245_minus_target,SAU,S.Australia,2.3777814978415392
MIROC-ES2H,days_abs,d_ssp245_minus_target,NZ,New-Zealand,8.310518556585425
MIROC-ES2H,days_abs,d_ssp245_minus_target,EAN,E.Antarctica,
MIROC-ES2H,days_abs,d_ssp245_minus_target,WAN,W.Antarctica,
MIROC-ES2H,days_abs,d_SAI_minus_ssp245,GIC,Greenland/Iceland,
MIROC-ES2H,days_abs,d_SAI_minus_ssp245,NWN,N.W.North-America,-6.512956925581218
MIROC-ES2H,days_abs,d_SAI_minus_ssp245,NEN,N.E.North-America,-7.07147590266415
MIROC-ES2H,days_abs,d_SAI_minus_ssp245,WNA,W.North-America,-9.889925806418784
MIROC-ES2H,days_abs,d_SAI_minus_ssp245,CNA,C.North-America,-10.641675789636267
MIROC-ES2H,days_abs,d_SAI_minus_ssp245,ENA,E.North-America,-8.21994124236508
MIROC-ES2H,days_abs,d_SAI_minus_ssp245,NCA,N.Central-America,-6.200060987453278
MIROC-ES2H,days_abs,d_SAI_minus_ssp245,SCA,S.Central-America,-12.231251757018532
MIROC-ES2H,days_abs,d_SAI_minus_ssp245,CAR,Caribbean,-9.071459350521824
MIROC-ES2H,days_abs,d_SAI_minus_ssp245,NWS,N.W.South-America,-1.809975755073137
MIROC-ES2H,days_abs,d_SAI_minus_ssp245,NSA,N.South-America,-4.02550060533828
MIROC-ES2H,days_abs,d_SAI_minus_ssp245,NES,N.E.South-America,-7.086403829395514
MIROC-ES2H,days_abs,d_SAI_minus_ssp245,SAM,South-American-Monsoon,-6.091130807519801
MIROC-ES2H,days_abs,d_SAI_minus_ssp245,SWS,S.W.South-America,-8.631978512057263
MIROC-ES2H,days_abs,d_SAI_minus_ssp245,SES,S.E.South-America,-4.812543139000633
MIROC-ES2H,days_abs,d_SAI_minus_ssp245,SSA,S.South-America,-9.734582171795108
MIROC-ES2H,days_abs,d_SAI_minus_ssp245,NEU,N.Europe,-5.501987809171954
MIROC-ES2H,days_abs,d_SAI_minus_ssp245,WCE,West&Central-Europe,-7.486577272661179
MIROC-ES2H,days_abs,d_SAI_minus_ssp245,EEU,E.Europe,-8.79504437175375
MIROC-ES2H,days_abs,d_SAI_minus_ssp245,MED,Mediterranean,-9.266722189155054
MIROC-ES2H,days_abs,d_SAI_minus_ssp245,SAH,Sahara,0.02931992069412601
MIROC-ES2H,days_abs,d_SAI_minus_ssp245,WAF,Western-Africa,-6.097173555057215
MIROC-ES2H,days_abs,d_SAI_minus_ssp245,CAF,Central-Africa,-3.9815964717141745
MIROC-ES2H,days_abs,d_SAI_minus_ssp245,NEAF,N.Eastern-Africa,-3.5236614356036675
MIROC-ES2H,days_abs,d_SAI_minus_ssp245,SEAF,S.Eastern-Africa,-1.6897736604018725
MIROC-ES2H,days_abs,d_SAI_minus_ssp245,WSAF,W.Southern-Africa,-3.45025045725486
MIROC-ES2H,days_abs,d_SAI_minus_ssp245,ESAF,E.Southern-Africa,-6.384133695412964
MIROC-ES2H,days_abs,d_SAI_minus_ssp245,MDG,Madagascar,-10.211665054047229
MIROC-ES2H,days_abs,d_SAI_minus_ssp245,RAR,Russian-Arctic,-8.930618424177208
MIROC-ES2H,days_abs,d_SAI_minus_ssp245,WSB,W.Siberia,-6.114921990045111
MIROC-ES2H,days_abs,d_SAI_minus_ssp245,ESB,E.Siberia,-2.361143142045728
MIROC-ES2H,days_abs,d_SAI_minus_ssp245,RFE,Russian-Far-East,-2.6591787866321828
MIROC-ES2H,days_abs,d_SAI_minus_ssp245,WCA,W.C.Asia,-10.55187247200951
MIROC-ES2H,days_abs,d_SAI_minus_ssp245,ECA,E.C.Asia,-2.0799442613488766
MIROC-ES2H,days_abs,d_SAI_minus_ssp245,TIB,Tibetan-Plateau,-5.998128663665542
MIROC-ES2H,days_abs,d_SAI_minus_ssp245,EAS,E.Asia,-11.373892326629408
MIROC-ES2H,days_abs,d_SAI_minus_ssp245,ARP,Arabian-Peninsula,0.0665275452649587
MIROC-ES2H,days_abs,d_SAI_minus_ssp245,SAS,S.Asia,1.0194749553073785
MIROC-ES2H,days_abs,d_SAI_minus_ssp245,SEA,S.E.Asia,1.7319042188746545
MIROC-ES2H,days_abs,d_SAI_minus_ssp245,NAU,N.Australia,-2.4560923333746647
MIROC-ES2H,days_abs,d_SAI_minus_ssp245,CAU,C.Australia,0.3969633989820808
MIROC-ES2H,days_abs,d_SAI_minus_ssp245,EAU,E.Australia,-9.254811440109584
MIROC-ES2H,days_abs,d_SAI_minus_ssp245,SAU,S.Australia,-6.103523724098731
MIROC-ES2H,days_abs,d_SAI_minus_ssp245,NZ,New-Zealand,-8.89867040822851
MIROC-ES2H,days_abs,d_SAI_minus_ssp245,EAN,E.Antarctica,
MIROC-ES2H,days_abs,d_SAI_minus_ssp245,WAN,W.Antarctica,
MIROC-ES2H,days_abs,d_HiLLA_minus_ssp245,GIC,Greenland/Iceland,
MIROC-ES2H,days_abs,d_HiLLA_minus_ssp245,NWN,N.W.North-America,-5.843446726973848
MIROC-ES2H,days_abs,d_HiLLA_minus_ssp245,NEN,N.E.North-America,-6.5532611468746715
MIROC-ES2H,days_abs,d_HiLLA_minus_ssp245,WNA,W.North-America,-12.041291523236433
MIROC-ES2H,days_abs,d_HiLLA_minus_ssp245,CNA,C.North-America,-13.312329615022046
MIROC-ES2H,days_abs,d_HiLLA_minus_ssp245,ENA,E.North-America,-9.2172019154837
MIROC-ES2H,days_abs,d_HiLLA_minus_ssp245,NCA,N.Central-America,-9.279205531093698
MIROC-ES2H,days_abs,d_HiLLA_minus_ssp245,SCA,S.Central-America,-10.509879969031303
MIROC-ES2H,days_abs,d_HiLLA_minus_ssp245,CAR,Caribbean,-4.987919329093241
MIROC-ES2H,days_abs,d_HiLLA_minus_ssp245,NWS,N.W.South-America,-0.02641490184043665
MIROC-ES2H,days_abs,d_HiLLA_minus_ssp245,NSA,N.South-America,-0.03629165399276835
MIROC-ES2H,days_abs,d_HiLLA_minus_ssp245,NES,N.E.South-America,-5.622479919046849
MIROC-ES2H,days_abs,d_HiLLA_minus_ssp245,SAM,South-American-Monsoon,-5.306929940404317
MIROC-ES2H,days_abs,d_HiLLA_minus_ssp245,SWS,S.W.South-America,-6.967142596399491
MIROC-ES2H,days_abs,d_HiLLA_minus_ssp245,SES,S.E.South-America,-4.381431445968294
MIROC-ES2H,days_abs,d_HiLLA_minus_ssp245,SSA,S.South-America,-9.970956170497985
MIROC-ES2H,days_abs,d_HiLLA_minus_ssp245,NEU,N.Europe,-5.539354400052363
MIROC-ES2H,days_abs,d_HiLLA_minus_ssp245,WCE,West&Central-Europe,-9.017229389814094
MIROC-ES2H,days_abs,d_HiLLA_minus_ssp245,EEU,E.Europe,-6.3355527860408065
MIROC-ES2H,days_abs,d_HiLLA_minus_ssp245,MED,Mediterranean,-9.140643989032242
MIROC-ES2H,days_abs,d_HiLLA_minus_ssp245,SAH,Sahara,-0.010694236401445938
MIROC-ES2H,days_abs,d_HiLLA_minus_ssp245,WAF,Western-Africa,-6.678802847767956
MIROC-ES2H,days_abs,d_HiLLA_minus_ssp245,CAF,Central-Africa,-5.859085435874838
MIROC-ES2H,days_abs,d_HiLLA_minus_ssp245,NEAF,N.Eastern-Africa,-3.3719839957172155
MIROC-ES2H,days_abs,d_HiLLA_minus_ssp245,SEAF,S.Eastern-Africa,-2.7301431301052865
MIROC-ES2H,days_abs,d_HiLLA_minus_ssp245,WSAF,W.Southern-Africa,-1.4373482658824381
MIROC-ES2H,days_abs,d_HiLLA_minus_ssp245,ESAF,E.Southern-Africa,-6.8235018491216355
MIROC-ES2H,days_abs,d_HiLLA_minus_ssp245,MDG,Madagascar,-8.58908203416939
MIROC-ES2H,days_abs,d_HiLLA_minus_ssp245,RAR,Russian-Arctic,-10.973930049773436
MIROC-ES2H,days_abs,d_HiLLA_minus_ssp245,WSB,W.Siberia,-6.75273218258598
MIROC-ES2H,days_abs,d_HiLLA_minus_ssp245,ESB,E.Siberia,-4.3528532238483075
MIROC-ES2H,days_abs,d_HiLLA_minus_ssp245,RFE,Russian-Far-East,-3.061378331143786
MIROC-ES2H,days_abs,d_HiLLA_minus_ssp245,WCA,W.C.Asia,-10.974202390390776
MIROC-ES2H,days_abs,d_HiLLA_minus_ssp245,ECA,E.C.Asia,-1.2770253916576648
MIROC-ES2H,days_abs,d_HiLLA_minus_ssp245,TIB,Tibetan-Plateau,-2.14098473737804
MIROC-ES2H,days_abs,d_HiLLA_minus_ssp245,EAS,E.Asia,-7.472388189284054
MIROC-ES2H,days_abs,d_HiLLA_minus_ssp245,ARP,Arabian-Peninsula,0.06896245110391269
MIROC-ES2H,days_abs,d_HiLLA_minus_ssp245,SAS,S.Asia,0.5088686730766804
MIROC-ES2H,days_abs,d_HiLLA_minus_ssp245,SEA,S.E.Asia,4.8496194730160145
MIROC-ES2H,days_abs,d_HiLLA_minus_ssp245,NAU,N.Australia,0.547054110847752
MIROC-ES2H,days_abs,d_HiLLA_minus_ssp245,CAU,C.Australia,0.8873523616659054
MIROC-ES2H,days_abs,d_HiLLA_minus_ssp245,EAU,E.Australia,-3.2756616003897707
MIROC-ES2H,days_abs,d_HiLLA_minus_ssp245,SAU,S.Australia,-3.9951637675497174
MIROC-ES2H,days_abs,d_HiLLA_minus_ssp245,NZ,New-Zealand,-7.579185613259183
MIROC-ES2H,days_abs,d_HiLLA_minus_ssp245,EAN,E.Antarctica,
MIROC-ES2H,days_abs,d_HiLLA_minus_ssp245,WAN,W.Antarctica,
MIROC-ES2H,days_abs,d_HiLLA_minus_SAI,GIC,Greenland/Iceland,
MIROC-ES2H,days_abs,d_HiLLA_minus_SAI,NWN,N.W.North-America,0.669510198607366
MIROC-ES2H,days_abs,d_HiLLA_minus_SAI,NEN,N.E.North-America,0.5182147557894824
MIROC-ES2H,days_abs,d_HiLLA_minus_SAI,WNA,W.North-America,-2.1513657168176445
MIROC-ES2H,days_abs,d_HiLLA_minus_SAI,CNA,C.North-America,-2.6706538253857786
MIROC-ES2H,days_abs,d_HiLLA_minus_SAI,ENA,E.North-America,-0.99726067311862
MIROC-ES2H,days_abs,d_HiLLA_minus_SAI,NCA,N.Central-America,-3.0791445436404214
MIROC-ES2H,days_abs,d_HiLLA_minus_SAI,SCA,S.Central-America,1.7213717879872328
MIROC-ES2H,days_abs,d_HiLLA_minus_SAI,CAR,Caribbean,4.0835400214285835
MIROC-ES2H,days_abs,d_HiLLA_minus_SAI,NWS,N.W.South-America,1.7835608532327003
MIROC-ES2H,days_abs,d_HiLLA_minus_SAI,NSA,N.South-America,3.989208951345511
MIROC-ES2H,days_abs,d_HiLLA_minus_SAI,NES,N.E.South-America,1.4639239103486672
MIROC-ES2H,days_abs,d_HiLLA_minus_SAI,SAM,South-American-Monsoon,0.7842008671154841
MIROC-ES2H,days_abs,d_HiLLA_minus_SAI,SWS,S.W.South-America,1.6648359156577737
MIROC-ES2H,days_abs,d_HiLLA_minus_SAI,SES,S.E.South-America,0.4311116930323407
MIROC-ES2H,days_abs,d_HiLLA_minus_SAI,SSA,S.South-America,-0.23637399870287554
MIROC-ES2H,days_abs,d_HiLLA_minus_SAI,NEU,N.Europe,-0.037366590880407786
MIROC-ES2H,days_abs,d_HiLLA_minus_SAI,WCE,West&Central-Europe,-1.5306521171529162
MIROC-ES2H,days_abs,d_HiLLA_minus_SAI,EEU,E.Europe,2.4594915857129456
MIROC-ES2H,days_abs,d_HiLLA_minus_SAI,MED,Mediterranean,0.1260782001228134
MIROC-ES2H,days_abs,d_HiLLA_minus_SAI,SAH,Sahara,-0.04001415709557204
MIROC-ES2H,days_abs,d_HiLLA_minus_SAI,WAF,Western-Africa,-0.5816292927107408
MIROC-ES2H,days_abs,d_HiLLA_minus_SAI,CAF,Central-Africa,-1.8774889641606638
MIROC-ES2H,days_abs,d_HiLLA_minus_SAI,NEAF,N.Eastern-Africa,0.15167743988645213
MIROC-ES2H,days_abs,d_HiLLA_minus_SAI,SEAF,S.Eastern-Africa,-1.0403694697034143
MIROC-ES2H,days_abs,d_HiLLA_minus_SAI,WSAF,W.Southern-Africa,2.012902191372421
MIROC-ES2H,days_abs,d_HiLLA_minus_SAI,ESAF,E.Southern-Africa,-0.4393681537086695
MIROC-ES2H,days_abs,d_HiLLA_minus_SAI,MDG,Madagascar,1.622583019877837
MIROC-ES2H,days_abs,d_HiLLA_minus_SAI,RAR,Russian-Arctic,-2.0433116255962234
MIROC-ES2H,days_abs,d_HiLLA_minus_SAI,WSB,W.Siberia,-0.6378101925408671
MIROC-ES2H,days_abs,d_HiLLA_minus_SAI,ESB,E.Siberia,-1.9917100818025777
MIROC-ES2H,days_abs,d_HiLLA_minus_SAI,RFE,Russian-Far-East,-0.40219954451160267
MIROC-ES2H,days_abs,d_HiLLA_minus_SAI,WCA,W.C.Asia,-0.422329918381266
MIROC-ES2H,days_abs,d_HiLLA_minus_SAI,ECA,E.C.Asia,0.8029188696912126
MIROC-ES2H,days_abs,d_HiLLA_minus_SAI,TIB,Tibetan-Plateau,3.8571439262875016
MIROC-ES2H,days_abs,d_HiLLA_minus_SAI,EAS,E.Asia,3.901504137345349
MIROC-ES2H,days_abs,d_HiLLA_minus_SAI,ARP,Arabian-Peninsula,0.002434905838953868
MIROC-ES2H,days_abs,d_HiLLA_minus_SAI,SAS,S.Asia,-0.5106062822306976
MIROC-ES2H,days_abs,d_HiLLA_minus_SAI,SEA,S.E.Asia,3.117715254141359
MIROC-ES2H,days_abs,d_HiLLA_minus_SAI,NAU,N.Australia,3.0031464442224167
MIROC-ES2H,days_abs,d_HiLLA_minus_SAI,CAU,C.Australia,0.49038896268382465
MIROC-ES2H,days_abs,d_HiLLA_minus_SAI,EAU,E.Australia,5.979149839719814
MIROC-ES2H,days_abs,d_HiLLA_minus_SAI,SAU,S.Australia,2.1083599565490134
MIROC-ES2H,days_abs,d_HiLLA_minus_SAI,NZ,New-Zealand,1.319484794969329
MIROC-ES2H,days_abs,d_HiLLA_minus_SAI,EAN,E.Antarctica,
MIROC-ES2H,days_abs,d_HiLLA_minus_SAI,WAN,W.Antarctica,
MIROC-ES2H,days_abs,d_SAI_minus_target,GIC,Greenland/Iceland,
MIROC-ES2H,days_abs,d_SAI_minus_target,NWN,N.W.North-America,-0.998537004495767
MIROC-ES2H,days_abs,d_SAI_minus_target,NEN,N.E.North-America,-0.9598513580383219
MIROC-ES2H,days_abs,d_SAI_minus_target,WNA,W.North-America,1.665448230454028
MIROC-ES2H,days_abs,d_SAI_minus_target,CNA,C.North-America,6.992929318662065
MIROC-ES2H,days_abs,d_SAI_minus_target,ENA,E.North-America,0.009941046071145996
MIROC-ES2H,days_abs,d_SAI_minus_target,NCA,N.Central-America,1.0042836860130315
MIROC-ES2H,days_abs,d_SAI_minus_target,SCA,S.Central-America,-4.419058611309797
MIROC-ES2H,days_abs,d_SAI_minus_target,CAR,Caribbean,-2.033210584350236
MIROC-ES2H,days_abs,d_SAI_minus_target,NWS,N.W.South-America,-0.6740613056828528
MIROC-ES2H,days_abs,d_SAI_minus_target,NSA,N.South-America,1.0912837539603755
MIROC-ES2H,days_abs,d_SAI_minus_target,NES,N.E.South-America,-1.8361259117532653
MIROC-ES2H,days_abs,d_SAI_minus_target,SAM,South-American-Monsoon,-1.3000990365012464
MIROC-ES2H,days_abs,d_SAI_minus_target,SWS,S.W.South-America,-0.031503892362536375
MIROC-ES2H,days_abs,d_SAI_minus_target,SES,S.E.South-America,-2.5644851946096274
MIROC-ES2H,days_abs,d_SAI_minus_target,SSA,S.South-America,-1.6930921952794276
MIROC-ES2H,days_abs,d_SAI_minus_target,NEU,N.Europe,0.5937027601457464
MIROC-ES2H,days_abs,d_SAI_minus_target,WCE,West&Central-Europe,2.7771297626638485
MIROC-ES2H,days_abs,d_SAI_minus_target,EEU,E.Europe,6.316684348052923
MIROC-ES2H,days_abs,d_SAI_minus_target,MED,Mediterranean,0.7243965218058444
MIROC-ES2H,days_abs,d_SAI_minus_target,SAH,Sahara,-0.05146325010767472
MIROC-ES2H,days_abs,d_SAI_minus_target,WAF,Western-Africa,-0.09706705223913513
MIROC-ES2H,days_abs,d_SAI_minus_target,CAF,Central-Africa,-0.06810425352683917
MIROC-ES2H,days_abs,d_SAI_minus_target,NEAF,N.Eastern-Africa,-0.37442931364591925
MIROC-ES2H,days_abs,d_SAI_minus_target,SEAF,S.Eastern-Africa,-1.3913034968900515
MIROC-ES2H,days_abs,d_SAI_minus_target,WSAF,W.Southern-Africa,1.4416480576498818
MIROC-ES2H,days_abs,d_SAI_minus_target,ESAF,E.Southern-Africa,0.15896365065581747
MIROC-ES2H,days_abs,d_SAI_minus_target,MDG,Madagascar,4.315766761163241
MIROC-ES2H,days_abs,d_SAI_minus_target,RAR,Russian-Arctic,1.551318449004915
MIROC-ES2H,days_abs,d_SAI_minus_target,WSB,W.Siberia,0.7715420957606066
MIROC-ES2H,days_abs,d_SAI_minus_target,ESB,E.Siberia,2.0224320680904184
MIROC-ES2H,days_abs,d_SAI_minus_target,RFE,Russian-Far-East,0.5033947965008598
MIROC-ES2H,days_abs,d_SAI_minus_target,WCA,W.C.Asia,-2.6274695923170714
MIROC-ES2H,days_abs,d_SAI_minus_target,ECA,E.C.Asia,-4.7754836431576
MIROC-ES2H,days_abs,d_SAI_minus_target,TIB,Tibetan-Plateau,1.102232753450958
MIROC-ES2H,days_abs,d_SAI_minus_target,EAS,E.Asia,-7.160760292911202
MIROC-ES2H,days_abs,d_SAI_minus_target,ARP,Arabian-Peninsula,0.0015171672743149757
MIROC-ES2H,days_abs,d_SAI_minus_target,SAS,S.Asia,-1.3234163084164448
MIROC-ES2H,days_abs,d_SAI_minus_target,SEA,S.E.Asia,-3.3574825559589807
MIROC-ES2H,days_abs,d_SAI_minus_target,NAU,N.Australia,-0.4637033232558933
MIROC-ES2H,days_abs,d_SAI_minus_target,CAU,C.Australia,-1.871463837178253
MIROC-ES2H,days_abs,d_SAI_minus_target,EAU,E.Australia,-12.12321439141072
MIROC-ES2H,days_abs,d_SAI_minus_target,SAU,S.Australia,-3.7257422262571924
MIROC-ES2H,days_abs,d_SAI_minus_target,NZ,New-Zealand,-0.5881518516430866
MIROC-ES2H,days_abs,d_SAI_minus_target,EAN,E.Antarctica,
MIROC-ES2H,days_abs,d_SAI_minus_target,WAN,W.Antarctica,
MIROC-ES2H,days_abs,d_HiLLA_minus_target,GIC,Greenland/Iceland,
MIROC-ES2H,days_abs,d_HiLLA_minus_target,NWN,N.W.North-America,-0.3290268058884007
MIROC-ES2H,days_abs,d_HiLLA_minus_target,NEN,N.E.North-America,-0.4416366022488387
MIROC-ES2H,days_abs,d_HiLLA_minus_target,WNA,W.North-America,-0.48591748636361676
MIROC-ES2H,days_abs,d_HiLLA_minus_target,CNA,C.North-America,4.322275493276289
MIROC-ES2H,days_abs,d_HiLLA_minus_target,ENA,E.North-America,-0.9873196270474731
MIROC-ES2H,days_abs,d_HiLLA_minus_target,NCA,N.Central-America,-2.07486085762739
MIROC-ES2H,days_abs,d_HiLLA_minus_target,SCA,S.Central-America,-2.697686823322565
MIROC-ES2H,days_abs,d_HiLLA_minus_target,CAR,Caribbean,2.050329437078347
MIROC-ES2H,days_abs,d_HiLLA_minus_target,NWS,N.W.South-America,1.1094995475498473
MIROC-ES2H,days_abs,d_HiLLA_minus_target,NSA,N.South-America,5.080492705305884
MIROC-ES2H,days_abs,d_HiLLA_minus_target,NES,N.E.South-America,-0.3722020014045985
MIROC-ES2H,days_abs,d_HiLLA_minus_target,SAM,South-American-Monsoon,-0.5158981693857626
MIROC-ES2H,days_abs,d_HiLLA_minus_target,SWS,S.W.South-America,1.633332023295238
MIROC-ES2H,days_abs,d_HiLLA_minus_target,SES,S.E.South-America,-2.1333735015772883
MIROC-ES2H,days_abs,d_HiLLA_minus_target,SSA,S.South-America,-1.9294661939823026
MIROC-ES2H,days_abs,d_HiLLA_minus_target,NEU,N.Europe,0.5563361692653385
MIROC-ES2H,days_abs,d_HiLLA_minus_target,WCE,West&Central-Europe,1.2464776455109332
MIROC-ES2H,days_abs,d_HiLLA_minus_target,EEU,E.Europe,8.776175933765865
MIROC-ES2H,days_abs,d_HiLLA_minus_target,MED,Mediterranean,0.8504747219286579
MIROC-ES2H,days_abs,d_HiLLA_minus_target,SAH,Sahara,-0.09147740720324675
MIROC-ES2H,days_abs,d_HiLLA_minus_target,WAF,Western-Africa,-0.678696344949876
MIROC-ES2H,days_abs,d_HiLLA_minus_target,CAF,Central-Africa,-1.9455932176875037
MIROC-ES2H,days_abs,d_HiLLA_minus_target,NEAF,N.Eastern-Africa,-0.22275187375946762
MIROC-ES2H,days_abs,d_HiLLA_minus_target,SEAF,S.Eastern-Africa,-2.4316729665934655
MIROC-ES2H,days_abs,d_HiLLA_minus_target,WSAF,W.Southern-Africa,3.454550249022304
MIROC-ES2H,days_abs,d_HiLLA_minus_target,ESAF,E.Southern-Africa,-0.28040450305285197
MIROC-ES2H,days_abs,d_HiLLA_minus_target,MDG,Madagascar,5.9383497810410795
MIROC-ES2H,days_abs,d_HiLLA_minus_target,RAR,Russian-Arctic,-0.4919931765913073
MIROC-ES2H,days_abs,d_HiLLA_minus_target,WSB,W.Siberia,0.13373190321973946
MIROC-ES2H,days_abs,d_HiLLA_minus_target,ESB,E.Siberia,0.030721986287839044
MIROC-ES2H,days_abs,d_HiLLA_minus_target,RFE,Russian-Far-East,0.10119525198925708
MIROC-ES2H,days_abs,d_HiLLA_minus_target,WCA,W.C.Asia,-3.0497995106983358
MIROC-ES2H,days_abs,d_HiLLA_minus_target,ECA,E.C.Asia,-3.9725647734663907
MIROC-ES2H,days_abs,d_HiLLA_minus_target,TIB,Tibetan-Plateau,4.95937667973846
MIROC-ES2H,days_abs,d_HiLLA_minus_target,EAS,E.Asia,-3.2592561555658506
MIROC-ES2H,days_abs,d_HiLLA_minus_target,ARP,Arabian-Peninsula,0.003952073113268858
MIROC-ES2H,days_abs,d_HiLLA_minus_target,SAS,S.Asia,-1.8340225906471426
MIROC-ES2H,days_abs,d_HiLLA_minus_target,SEA,S.E.Asia,-0.23976730181762027
MIROC-ES2H,days_abs,d_HiLLA_minus_target,NAU,N.Australia,2.5394431209665234
MIROC-ES2H,days_abs,d_HiLLA_minus_target,CAU,C.Australia,-1.3810748744944283
MIROC-ES2H,days_abs,d_HiLLA_minus_target,EAU,E.Australia,-6.144064551690906
MIROC-ES2H,days_abs,d_HiLLA_minus_target,SAU,S.Australia,-1.617382269708179
MIROC-ES2H,days_abs,d_HiLLA_minus_target,NZ,New-Zealand,0.7313329433262423
MIROC-ES2H,days_abs,d_HiLLA_minus_target,EAN,E.Antarctica,
MIROC-ES2H,days_abs,d_HiLLA_minus_target,WAN,W.Antarctica,
