model,quantity,region,region_name,value
CESM2-WACCM,vpd_fs_target,GIC,Greenland/Iceland,
CESM2-WACCM,vpd_fs_target,NWN,N.W.North-America,0.36504391060443886
CESM2-WACCM,vpd_fs_target,NEN,N.E.North-America,0.3088275477455699
CESM2-WACCM,vpd_fs_target,WNA,W.North-America,1.854972758772347
CESM2-WACCM,vpd_fs_target,CNA,C.North-America,2.2545293468495906
CESM2-WACCM,vpd_fs_target,ENA,E.North-America,0.9375605142754103
CESM2-WACCM,vpd_fs_target,NCA,N.Central-America,2.087021844328767
CESM2-WACCM,vpd_fs_target,SCA,S.Central-America,1.0114543387542227
CESM2-WACCM,vpd_fs_target,CAR,Caribbean,1.1863180009684688
CESM2-WACCM,vpd_fs_target,NWS,N.W.South-America,0.9172850176595579
CESM2-WACCM,vpd_fs_target,NSA,N.South-America,1.3376531195093473
CESM2-WACCM,vpd_fs_target,NES,N.E.South-America,1.827533160184029
CESM2-WACCM,vpd_fs_target,SAM,South-American-Monsoon,2.131466977953746
CESM2-WACCM,vpd_fs_target,SWS,S.W.South-America,1.001943516181786
CESM2-WACCM,vpd_fs_target,SES,S.E.South-America,1.3683105457583746
CESM2-WACCM,vpd_fs_target,SSA,S.South-America,0.6940680552007713
CESM2-WACCM,vpd_fs_target,NEU,N.Europe,0.4518254559505705
CESM2-WACCM,vpd_fs_target,WCE,West&Central-Europe,1.1018903037356722
CESM2-WACCM,vpd_fs_target,EEU,E.Europe,1.3111983709325545
CESM2-WACCM,vpd_fs_target,MED,Mediterranean,2.3541449032339967
CESM2-WACCM,vpd_fs_target,SAH,Sahara,3.89379690385153
CESM2-WACCM,vpd_fs_target,WAF,Western-Africa,2.7130749948483066
CESM2-WACCM,vpd_fs_target,CAF,Central-Africa,1.7156160516348975
CESM2-WACCM,vpd_fs_target,NEAF,N.Eastern-Africa,2.318330313430757
CESM2-WACCM,vpd_fs_target,SEAF,S.Eastern-Africa,1.2881022160025637
CESM2-WACCM,vpd_fs_target,WSAF,W.Southern-Africa,1.9740546833201345
CESM2-WACCM,vpd_fs_target,ESAF,E.Southern-Africa,1.5417058699424386
CESM2-WACCM,vpd_fs_target,MDG,Madagascar,1.106852677950169
CESM2-WACCM,vpd_fs_target,RAR,Russian-Arctic,0.20591908075540027
CESM2-WACCM,vpd_fs_target,WSB,W.Siberia,1.1569228977507169
CESM2-WACCM,vpd_fs_target,ESB,E.Siberia,0.5879604919032695
CESM2-WACCM,vpd_fs_target,RFE,Russian-Far-East,0.3680994955475719
CESM2-WACCM,vpd_fs_target,WCA,W.C.Asia,3.141839681441747
CESM2-WACCM,vpd_fs_target,ECA,E.C.Asia,1.6911476529365164
CESM2-WACCM,vpd_fs_target,TIB,Tibetan-Plateau,0.44474989848846797
CESM2-WACCM,vpd_fs_target,EAS,E.Asia,0.8791130912878188
CESM2-WACCM,vpd_fs_target,ARP,Arabian-Peninsula,4.566247640955
CESM2-WACCM,vpd_fs_target,SAS,S.Asia,2.899106818109809
CESM2-WACCM,vpd_fs_target,SEA,S.E.Asia,0.8444503998102232
CESM2-WACCM,vpd_fs_target,NAU,N.Australia,2.2647391884726873
CESM2-WACCM,vpd_fs_target,CAU,C.Australia,2.920580234430065
CESM2-WACCM,vpd_fs_target,EAU,E.Australia,1.3403645271387599
CESM2-WACCM,vpd_fs_target,SAU,S.Australia,1.5680902125656389
CESM2-WACCM,vpd_fs_target,NZ,New-Zealand,0.4453835447437162
CESM2-WACCM,vpd_fs_target,EAN,E.Antarctica,
CESM2-WACCM,vpd_fs_target,WAN,W.Antarctica,
CESM2-WACCM,pr_fs_target,GIC,Greenland/Iceland,
CESM2-WACCM,pr_fs_target,NWN,N.W.North-America,2.201030619205285
CESM2-WACCM,pr_fs_target,NEN,N.E.North-America,2.1860185012150803
CESM2-WACCM,pr_fs_target,WNA,W.North-America,0.8034922712266336
CESM2-WACCM,pr_fs_target,CNA,C.North-America,1.4587438612840276
CESM2-WACCM,pr_fs_target,ENA,E.North-America,2.818403667949425
CESM2-WACCM,pr_fs_target,NCA,N.Central-America,1.0745370903483003
CESM2-WACCM,pr_fs_target,SCA,S.Central-America,1.3666969175505177
CESM2-WACCM,pr_fs_target,CAR,Caribbean,1.3474568025074882
CESM2-WACCM,pr_fs_target,NWS,N.W.South-America,1.5400760471079047
CESM2-WACCM,pr_fs_target,NSA,N.South-America,1.1294275627252697
CESM2-WACCM,pr_fs_target,NES,N.E.South-America,0.3689729650691654
CESM2-WACCM,pr_fs_target,SAM,South-American-Monsoon,0.31393168596198023
CESM2-WACCM,pr_fs_target,SWS,S.W.South-America,0.6837671887782795
CESM2-WACCM,pr_fs_target,SES,S.E.South-America,1.413002305034765
CESM2-WACCM,pr_fs_target,SSA,S.South-America,2.6193717634630134
CESM2-WACCM,pr_fs_target,NEU,N.Europe,2.2399540114517156
CESM2-WACCM,pr_fs_target,WCE,West&Central-Europe,1.437329453838875
CESM2-WACCM,pr_fs_target,EEU,E.Europe,1.4411464968939474
CESM2-WACCM,pr_fs_target,MED,Mediterranean,0.2736665493718631
CESM2-WACCM,pr_fs_target,SAH,Sahara,0.11706126966563647
CESM2-WACCM,pr_fs_target,WAF,Western-Africa,0.2594026339275106
CESM2-WACCM,pr_fs_target,CAF,Central-Africa,0.9857179981692528
CESM2-WACCM,pr_fs_target,NEAF,N.Eastern-Africa,0.5685967329831578
CESM2-WACCM,pr_fs_target,SEAF,S.Eastern-Africa,0.6232408637395653
CESM2-WACCM,pr_fs_target,WSAF,W.Southern-Africa,0.35066870037369613
CESM2-WACCM,pr_fs_target,ESAF,E.Southern-Africa,0.855183378627047
CESM2-WACCM,pr_fs_target,MDG,Madagascar,1.3924762906729917
CESM2-WACCM,pr_fs_target,RAR,Russian-Arctic,1.7781384637525917
CESM2-WACCM,pr_fs_target,WSB,W.Siberia,1.3506868909877712
CESM2-WACCM,pr_fs_target,ESB,E.Siberia,2.403344503432874
CESM2-WACCM,pr_fs_target,RFE,Russian-Far-East,3.03404355957424
CESM2-WACCM,pr_fs_target,WCA,W.C.Asia,0.2325555226805715
CESM2-WACCM,pr_fs_target,ECA,E.C.Asia,1.1081367107171307
CESM2-WACCM,pr_fs_target,TIB,Tibetan-Plateau,1.4078764481839108
CESM2-WACCM,pr_fs_target,EAS,E.Asia,3.4295484473427633
CESM2-WACCM,pr_fs_target,ARP,Arabian-Peninsula,0.08985151917419491
CESM2-WACCM,pr_fs_target,SAS,S.Asia,0.9901592960074478
CESM2-WACCM,pr_fs_target,SEA,S.E.Asia,4.364633915757446
CESM2-WACCM,pr_fs_target,NAU,N.Australia,0.35175380799119765
CESM2-WACCM,pr_fs_target,CAU,C.Australia,1.028651223394595
CESM2-WACCM,pr_fs_target,EAU,E.Australia,2.2707603582090887
CESM2-WACCM,pr_fs_target,SAU,S.Australia,1.3884222949749665
CESM2-WACCM,pr_fs_target,NZ,New-Zealand,4.077635807705916
CESM2-WACCM,pr_fs_target,EAN,E.Antarctica,
CESM2-WACCM,pr_fs_target,WAN,W.Antarctica,
CESM2-WACCM,vpd_days_p95_target,GIC,Greenland/Iceland,
CESM2-WACCM,vpd_days_p95_target,NWN,N.W.North-America,18.249985673179452
CESM2-WACCM,vpd_days_p95_target,NEN,N.E.North-America,18.249968070089235
CESM2-WACCM,vpd_days_p95_target,WNA,W.North-America,18.24999999999999
CESM2-WACCM,vpd_days_p95_target,CNA,C.North-America,18.249999999999982
CESM2-WACCM,vpd_days_p95_target,ENA,E.North-America,18.25
CESM2-WACCM,vpd_days_p95_target,NCA,N.Central-America,18.250000000000007
CESM2-WACCM,vpd_days_p95_target,SCA,S.Central-America,18.249772223795247
CESM2-WACCM,vpd_days_p95_target,CAR,Caribbean,18.25
CESM2-WACCM,vpd_days_p95_target,NWS,N.W.South-America,18.25
CESM2-WACCM,vpd_days_p95_target,NSA,N.South-America,18.250000000000004
CESM2-WACCM,vpd_days_p95_target,NES,N.E.South-America,18.250000000000007
CESM2-WACCM,vpd_days_p95_target,SAM,South-American-Monsoon,18.24992523833558
CESM2-WACCM,vpd_days_p95_target,SWS,S.W.South-America,18.249999999999996
CESM2-WACCM,vpd_days_p95_target,SES,S.E.South-America,18.250000000000014
CESM2-WACCM,vpd_days_p95_target,SSA,S.South-America,18.250000000000004
CESM2-WACCM,vpd_days_p95_target,NEU,N.Europe,18.249999999999996
CESM2-WACCM,vpd_days_p95_target,WCE,West&Central-Europe,18.250000000000014
CESM2-WACCM,vpd_days_p95_target,EEU,E.Europe,18.24999999999997
CESM2-WACCM,vpd_days_p95_target,MED,Mediterranean,18.24999999999994
CESM2-WACCM,vpd_days_p95_target,SAH,Sahara,18.25000000000003
CESM2-WACCM,vpd_days_p95_target,WAF,Western-Africa,18.24992799986999
CESM2-WACCM,vpd_days_p95_target,CAF,Central-Africa,18.250000000000014
CESM2-WACCM,vpd_days_p95_target,NEAF,N.Eastern-Africa,18.249999999999993
CESM2-WACCM,vpd_days_p95_target,SEAF,S.Eastern-Africa,18.249883432640384
CESM2-WACCM,vpd_days_p95_target,WSAF,W.Southern-Africa,18.24999999999999
CESM2-WACCM,vpd_days_p95_target,ESAF,E.Southern-Africa,18.250000000000014
CESM2-WACCM,vpd_days_p95_target,MDG,Madagascar,18.249999999999993
CESM2-WACCM,vpd_days_p95_target,RAR,Russian-Arctic,18.249999999999957
CESM2-WACCM,vpd_days_p95_target,WSB,W.Siberia,18.25000000000004
CESM2-WACCM,vpd_days_p95_target,ESB,E.Siberia,18.25000000000004
CESM2-WACCM,vpd_days_p95_target,RFE,Russian-Far-East,18.249943156461406
CESM2-WACCM,vpd_days_p95_target,WCA,W.C.Asia,18.249999999999947
CESM2-WACCM,vpd_days_p95_target,ECA,E.C.Asia,18.249999999999947
CESM2-WACCM,vpd_days_p95_target,TIB,Tibetan-Plateau,18.249999999999947
CESM2-WACCM,vpd_days_p95_target,EAS,E.Asia,18.249999999999975
CESM2-WACCM,vpd_days_p95_target,ARP,Arabian-Peninsula,18.249999999999975
CESM2-WACCM,vpd_days_p95_target,SAS,S.Asia,18.249999999999982
CESM2-WACCM,vpd_days_p95_target,SEA,S.E.Asia,18.250000000000018
CESM2-WACCM,vpd_days_p95_target,NAU,N.Australia,18.25000000000001
CESM2-WACCM,vpd_days_p95_target,CAU,C.Australia,18.249938983482213
CESM2-WACCM,vpd_days_p95_target,EAU,E.Australia,18.24999999999999
CESM2-WACCM,vpd_days_p95_target,SAU,S.Australia,18.25
CESM2-WACCM,vpd_days_p95_target,NZ,New-Zealand,18.25
CESM2-WACCM,vpd_days_p95_target,EAN,E.Antarctica,
CESM2-WACCM,vpd_days_p95_target,WAN,W.Antarctica,
CESM2-WACCM,vpd_fs_ssp245,GIC,Greenland/Iceland,
CESM2-WACCM,vpd_fs_ssp245,NWN,N.W.North-America,0.4493961357733985
CESM2-WACCM,vpd_fs_ssp245,NEN,N.E.North-America,0.4185678113170805
CESM2-WACCM,vpd_fs_ssp245,WNA,W.North-America,1.9968192613056974
CESM2-WACCM,vpd_fs_ssp245,CNA,C.North-America,2.478520616639577
CESM2-WACCM,vpd_fs_ssp245,ENA,E.North-America,1.052228188325568
CESM2-WACCM,vpd_fs_ssp245,NCA,N.Central-America,2.2726718817321965
CESM2-WACCM,vpd_fs_ssp245,SCA,S.Central-America,1.1701352489017705
CESM2-WACCM,vpd_fs_ssp245,CAR,Caribbean,1.2675952245162134
CESM2-WACCM,vpd_fs_ssp245,NWS,N.W.South-America,1.0007641409447172
CESM2-WACCM,vpd_fs_ssp245,NSA,N.South-America,1.497249809292892
CESM2-WACCM,vpd_fs_ssp245,NES,N.E.South-America,1.9921886017002368
CESM2-WACCM,vpd_fs_ssp245,SAM,South-American-Monsoon,2.3839145292610753
CESM2-WACCM,vpd_fs_ssp245,SWS,S.W.South-America,1.093648335653934
CESM2-WACCM,vpd_fs_ssp245,SES,S.E.South-America,1.4516594877900193
CESM2-WACCM,vpd_fs_ssp245,SSA,S.South-America,0.7361726433199328
CESM2-WACCM,vpd_fs_ssp245,NEU,N.Europe,0.5024779982952081
CESM2-WACCM,vpd_fs_ssp245,WCE,West&Central-Europe,1.3236482861850025
CESM2-WACCM,vpd_fs_ssp245,EEU,E.Europe,1.5516947283255593
CESM2-WACCM,vpd_fs_ssp245,MED,Mediterranean,2.6802579266674695
CESM2-WACCM,vpd_fs_ssp245,SAH,Sahara,4.3078417807466085
CESM2-WACCM,vpd_fs_ssp245,WAF,Western-Africa,3.0184217122185166
CESM2-WACCM,vpd_fs_ssp245,CAF,Central-Africa,1.9387104596925255
CESM2-WACCM,vpd_fs_ssp245,NEAF,N.Eastern-Africa,2.5062411291307787
CESM2-WACCM,vpd_fs_ssp245,SEAF,S.Eastern-Africa,1.4273504104798183
CESM2-WACCM,vpd_fs_ssp245,WSAF,W.Southern-Africa,2.22512562326223
CESM2-WACCM,vpd_fs_ssp245,ESAF,E.Southern-Africa,1.7963901082392093
CESM2-WACCM,vpd_fs_ssp245,MDG,Madagascar,1.2374876996919224
CESM2-WACCM,vpd_fs_ssp245,RAR,Russian-Arctic,0.2547980151704568
CESM2-WACCM,vpd_fs_ssp245,WSB,W.Siberia,1.3948993791708595
CESM2-WACCM,vpd_fs_ssp245,ESB,E.Siberia,0.6854072887509776
CESM2-WACCM,vpd_fs_ssp245,RFE,Russian-Far-East,0.43128654709896863
CESM2-WACCM,vpd_fs_ssp245,WCA,W.C.Asia,3.4958856516689436
CESM2-WACCM,vpd_fs_ssp245,ECA,E.C.Asia,1.8879990579704578
CESM2-WACCM,vpd_fs_ssp245,TIB,Tibetan-Plateau,0.5023757706395742
CESM2-WACCM,vpd_fs_ssp245,EAS,E.Asia,0.990315713096941
CESM2-WACCM,vpd_fs_ssp245,ARP,Arabian-Peninsula,4.9922776070731265
CESM2-WACCM,vpd_fs_ssp245,SAS,S.Asia,3.250818447588148
CESM2-WACCM,vpd_fs_ssp245,SEA,S.E.Asia,0.9655638617414999
CESM2-WACCM,vpd_fs_ssp245,NAU,N.Australia,2.4135192512582258
CESM2-WACCM,vpd_fs_ssp245,CAU,C.Australia,3.1844007673840884
CESM2-WACCM,vpd_fs_ssp245,EAU,E.Australia,1.392287825311182
CESM2-WACCM,vpd_fs_ssp245,SAU,S.Australia,1.734285762223368
CESM2-WACCM,vpd_fs_ssp245,NZ,New-Zealand,0.47795577989546795
CESM2-WACCM,vpd_fs_ssp245,EAN,E.Antarctica,
CESM2-WACCM,vpd_fs_ssp245,WAN,W.Antarctica,
CESM2-WACCM,pr_fs_ssp245,GIC,Greenland/Iceland,
CESM2-WACCM,pr_fs_ssp245,NWN,N.W.North-America,2.264650565418759
CESM2-WACCM,pr_fs_ssp245,NEN,N.E.North-America,2.200643747182634
CESM2-WACCM,pr_fs_ssp245,WNA,W.North-America,0.8907011273894027
CESM2-WACCM,pr_fs_ssp245,CNA,C.North-America,1.539426798735345
CESM2-WACCM,pr_fs_ssp245,ENA,E.North-America,2.913732167596711
CESM2-WACCM,pr_fs_ssp245,NCA,N.Central-America,0.954701827572786
CESM2-WACCM,pr_fs_ssp245,SCA,S.Central-America,1.1477180461698844
CESM2-WACCM,pr_fs_ssp245,CAR,Caribbean,1.3456121500052345
CESM2-WACCM,pr_fs_ssp245,NWS,N.W.South-America,1.6562688955444196
CESM2-WACCM,pr_fs_ssp245,NSA,N.South-America,1.063044391856409
CESM2-WACCM,pr_fs_ssp245,NES,N.E.South-America,0.39476407680690956
CESM2-WACCM,pr_fs_ssp245,SAM,South-American-Monsoon,0.33206519791772776
CESM2-WACCM,pr_fs_ssp245,SWS,S.W.South-America,0.6180762311685796
CESM2-WACCM,pr_fs_ssp245,SES,S.E.South-America,1.5785640863482715
CESM2-WACCM,pr_fs_ssp245,SSA,S.South-America,2.493030141817807
CESM2-WACCM,pr_fs_ssp245,NEU,N.Europe,2.197215744551729
CESM2-WACCM,pr_fs_ssp245,WCE,West&Central-Europe,1.2647579606367425
CESM2-WACCM,pr_fs_ssp245,EEU,E.Europe,1.3707043181775111
CESM2-WACCM,pr_fs_ssp245,MED,Mediterranean,0.20585697604431005
CESM2-WACCM,pr_fs_ssp245,SAH,Sahara,0.10702621646883663
CESM2-WACCM,pr_fs_ssp245,WAF,Western-Africa,0.19783460514166273
CESM2-WACCM,pr_fs_ssp245,CAF,Central-Africa,1.002644176767671
CESM2-WACCM,pr_fs_ssp245,NEAF,N.Eastern-Africa,0.6645941170929557
CESM2-WACCM,pr_fs_ssp245,SEAF,S.Eastern-Africa,0.6527256882858745
CESM2-WACCM,pr_fs_ssp245,WSAF,W.Southern-Africa,0.33068977657203363
CESM2-WACCM,pr_fs_ssp245,ESAF,E.Southern-Africa,0.7875795779286224
CESM2-WACCM,pr_fs_ssp245,MDG,Madagascar,1.200671359240642
CESM2-WACCM,pr_fs_ssp245,RAR,Russian-Arctic,1.8878749093338816
CESM2-WACCM,pr_fs_ssp245,WSB,W.Siberia,1.306824425162016
CESM2-WACCM,pr_fs_ssp245,ESB,E.Siberia,2.4045954022918594
CESM2-WACCM,pr_fs_ssp245,RFE,Russian-Far-East,3.233563976296696
CESM2-WACCM,pr_fs_ssp245,WCA,W.C.Asia,0.21791605430304492
CESM2-WACCM,pr_fs_ssp245,ECA,E.C.Asia,1.1460383297849368
CESM2-WACCM,pr_fs_ssp245,TIB,Tibetan-Plateau,1.4238370112759766
CESM2-WACCM,pr_fs_ssp245,EAS,E.Asia,3.6268425055868776
CESM2-WACCM,pr_fs_ssp245,ARP,Arabian-Peninsula,0.10490538593760554
CESM2-WACCM,pr_fs_ssp245,SAS,S.Asia,0.892444942525871
CESM2-WACCM,pr_fs_ssp245,SEA,S.E.Asia,4.540402788056244
CESM2-WACCM,pr_fs_ssp245,NAU,N.Australia,0.4420418655631445
CESM2-WACCM,pr_fs_ssp245,CAU,C.Australia,1.1774300961731599
CESM2-WACCM,pr_fs_ssp245,EAU,E.Australia,2.515594784170651
CESM2-WACCM,pr_fs_ssp245,SAU,S.Australia,1.4614501420502826
CESM2-WACCM,pr_fs_ssp245,NZ,New-Zealand,4.181348850478283
CESM2-WACCM,pr_fs_ssp245,EAN,E.Antarctica,
CESM2-WACCM,pr_fs_ssp245,WAN,W.Antarctica,
CESM2-WACCM,vpd_days_p95_ssp245,GIC,Greenland/Iceland,
CESM2-WACCM,vpd_days_p95_ssp245,NWN,N.W.North-America,32.236913563960144
CESM2-WACCM,vpd_days_p95_ssp245,NEN,N.E.North-America,40.18167513807572
CESM2-WACCM,vpd_days_p95_ssp245,WNA,W.North-America,26.791843721259355
CESM2-WACCM,vpd_days_p95_ssp245,CNA,C.North-America,27.715749265816278
CESM2-WACCM,vpd_days_p95_ssp245,ENA,E.North-America,30.509371765580365
CESM2-WACCM,vpd_days_p95_ssp245,NCA,N.Central-America,33.68364478082001
CESM2-WACCM,vpd_days_p95_ssp245,SCA,S.Central-America,47.37730447871263
CESM2-WACCM,vpd_days_p95_ssp245,CAR,Caribbean,42.74723754797076
CESM2-WACCM,vpd_days_p95_ssp245,NWS,N.W.South-America,35.969320034153135
CESM2-WACCM,vpd_days_p95_ssp245,NSA,N.South-America,40.34081012322886
CESM2-WACCM,vpd_days_p95_ssp245,NES,N.E.South-America,35.76854121763035
CESM2-WACCM,vpd_days_p95_ssp245,SAM,South-American-Monsoon,34.30839008087937
CESM2-WACCM,vpd_days_p95_ssp245,SWS,S.W.South-America,34.71349933661253
CESM2-WACCM,vpd_days_p95_ssp245,SES,S.E.South-America,24.64448011009622
CESM2-WACCM,vpd_days_p95_ssp245,SSA,S.South-America,25.794630157109307
CESM2-WACCM,vpd_days_p95_ssp245,NEU,N.Europe,26.459542359710888
CESM2-WACCM,vpd_days_p95_ssp245,WCE,West&Central-Europe,31.576914948049424
CESM2-WACCM,vpd_days_p95_ssp245,EEU,E.Europe,32.44809329047451
CESM2-WACCM,vpd_days_p95_ssp245,MED,Mediterranean,32.710781113140946
CESM2-WACCM,vpd_days_p95_ssp245,SAH,Sahara,44.93842564827489
CESM2-WACCM,vpd_days_p95_ssp245,WAF,Western-Africa,42.61803284884355
CESM2-WACCM,vpd_days_p95_ssp245,CAF,Central-Africa,42.873935402733395
CESM2-WACCM,vpd_days_p95_ssp245,NEAF,N.Eastern-Africa,35.44236087496105
CESM2-WACCM,vpd_days_p95_ssp245,SEAF,S.Eastern-Africa,37.94799741399508
CESM2-WACCM,vpd_days_p95_ssp245,WSAF,W.Southern-Africa,36.15534457004663
CESM2-WACCM,vpd_days_p95_ssp245,ESAF,E.Southern-Africa,38.96939415706859
CESM2-WACCM,vpd_days_p95_ssp245,MDG,Madagascar,35.937812354312165
CESM2-WACCM,vpd_days_p95_ssp245,RAR,Russian-Arctic,28.381581956235287
CESM2-WACCM,vpd_days_p95_ssp245,WSB,W.Siberia,34.52069934224876
CESM2-WACCM,vpd_days_p95_ssp245,ESB,E.Siberia,29.979609646674717
CESM2-WACCM,vpd_days_p95_ssp245,RFE,Russian-Far-East,28.33391436629778
CESM2-WACCM,vpd_days_p95_ssp245,WCA,W.C.Asia,34.277056859459954
CESM2-WACCM,vpd_days_p95_ssp245,ECA,E.C.Asia,33.01801672502059
CESM2-WACCM,vpd_days_p95_ssp245,TIB,Tibetan-Plateau,31.808760661677873
CESM2-WACCM,vpd_days_p95_ssp245,EAS,E.Asia,30.953296909708545
CESM2-WACCM,vpd_days_p95_ssp245,ARP,Arabian-Peninsula,43.427024480955154
CESM2-WACCM,vpd_days_p95_ssp245,SAS,S.Asia,33.28604352837747
CESM2-WACCM,vpd_days_p95_ssp245,SEA,S.E.Asia,37.75610111792358
CESM2-WACCM,vpd_days_p95_ssp245,NAU,N.Australia,28.331605075611726
CESM2-WACCM,vpd_days_p95_ssp245,CAU,C.Australia,30.591845315861015
CESM2-WACCM,vpd_days_p95_ssp245,EAU,E.Australia,22.14667401717632
CESM2-WACCM,vpd_days_p95_ssp245,SAU,S.Australia,26.167377694204795
CESM2-WACCM,vpd_days_p95_ssp245,NZ,New-Zealand,28.032396614487773
CESM2-WACCM,vpd_days_p95_ssp245,EAN,E.Antarctica,
CESM2-WACCM,vpd_days_p95_ssp245,WAN,W.Antarctica,
CESM2-WACCM,vpd_fs_G6-1.5K-SAI,GIC,Greenland/Iceland,
CESM2-WACCM,vpd_fs_G6-1.5K-SAI,NWN,N.W.North-America,0.3802209173180963
CESM2-WACCM,vpd_fs_G6-1.5K-SAI,NEN,N.E.North-America,0.31324326951535253
CESM2-WACCM,vpd_fs_G6-1.5K-SAI,WNA,W.North-America,1.6996518070496058
CESM2-WACCM,vpd_fs_G6-1.5K-SAI,CNA,C.North-America,2.0820265551418613
CESM2-WACCM,vpd_fs_G6-1.5K-SAI,ENA,E.North-America,0.8975792081347623
CESM2-WACCM,vpd_fs_G6-1.5K-SAI,NCA,N.Central-America,2.0038572307506897
CESM2-WACCM,vpd_fs_G6-1.5K-SAI,SCA,S.Central-America,1.0644342446090198
CESM2-WACCM,vpd_fs_G6-1.5K-SAI,CAR,Caribbean,1.174800051774788
CESM2-WACCM,vpd_fs_G6-1.5K-SAI,NWS,N.W.South-America,0.907373117605512
CESM2-WACCM,vpd_fs_G6-1.5K-SAI,NSA,N.South-America,1.3499783780817547
CESM2-WACCM,vpd_fs_G6-1.5K-SAI,NES,N.E.South-America,1.7886284405662363
CESM2-WACCM,vpd_fs_G6-1.5K-SAI,SAM,South-American-Monsoon,2.0585782635513956
CESM2-WACCM,vpd_fs_G6-1.5K-SAI,SWS,S.W.South-America,0.9939537956365108
CESM2-WACCM,vpd_fs_G6-1.5K-SAI,SES,S.E.South-America,1.2883653723606001
CESM2-WACCM,vpd_fs_G6-1.5K-SAI,SSA,S.South-America,0.6613249518913544
CESM2-WACCM,vpd_fs_G6-1.5K-SAI,NEU,N.Europe,0.44356770876535306
CESM2-WACCM,vpd_fs_G6-1.5K-SAI,WCE,West&Central-Europe,1.0424724414577373
CESM2-WACCM,vpd_fs_G6-1.5K-SAI,EEU,E.Europe,1.2843244037017663
CESM2-WACCM,vpd_fs_G6-1.5K-SAI,MED,Mediterranean,2.2798692976361883
CESM2-WACCM,vpd_fs_G6-1.5K-SAI,SAH,Sahara,3.88143300013953
CESM2-WACCM,vpd_fs_G6-1.5K-SAI,WAF,Western-Africa,2.807042698591909
CESM2-WACCM,vpd_fs_G6-1.5K-SAI,CAF,Central-Africa,1.811366528027116
CESM2-WACCM,vpd_fs_G6-1.5K-SAI,NEAF,N.Eastern-Africa,2.3369119627189208
CESM2-WACCM,vpd_fs_G6-1.5K-SAI,SEAF,S.Eastern-Africa,1.3330477014949047
CESM2-WACCM,vpd_fs_G6-1.5K-SAI,WSAF,W.Southern-Africa,2.0342198840771313
CESM2-WACCM,vpd_fs_G6-1.5K-SAI,ESAF,E.Southern-Africa,1.6298248378366686
CESM2-WACCM,vpd_fs_G6-1.5K-SAI,MDG,Madagascar,1.115235158786728
CESM2-WACCM,vpd_fs_G6-1.5K-SAI,RAR,Russian-Arctic,0.21293429646809606
CESM2-WACCM,vpd_fs_G6-1.5K-SAI,WSB,W.Siberia,1.196231320189955
CESM2-WACCM,vpd_fs_G6-1.5K-SAI,ESB,E.Siberia,0.5996304738572994
CESM2-WACCM,vpd_fs_G6-1.5K-SAI,RFE,Russian-Far-East,0.3813116843348635
CESM2-WACCM,vpd_fs_G6-1.5K-SAI,WCA,W.C.Asia,3.083778141157052
CESM2-WACCM,vpd_fs_G6-1.5K-SAI,ECA,E.C.Asia,1.6601786285114495
CESM2-WACCM,vpd_fs_G6-1.5K-SAI,TIB,Tibetan-Plateau,0.44599086342323907
CESM2-WACCM,vpd_fs_G6-1.5K-SAI,EAS,E.Asia,0.8855249624834006
CESM2-WACCM,vpd_fs_G6-1.5K-SAI,ARP,Arabian-Peninsula,4.567435057073336
CESM2-WACCM,vpd_fs_G6-1.5K-SAI,SAS,S.Asia,3.004043208606083
CESM2-WACCM,vpd_fs_G6-1.5K-SAI,SEA,S.E.Asia,0.9227691564860665
CESM2-WACCM,vpd_fs_G6-1.5K-SAI,NAU,N.Australia,2.2996188855525155
CESM2-WACCM,vpd_fs_G6-1.5K-SAI,CAU,C.Australia,2.9581455775236347
CESM2-WACCM,vpd_fs_G6-1.5K-SAI,EAU,E.Australia,1.3182491266297345
CESM2-WACCM,vpd_fs_G6-1.5K-SAI,SAU,S.Australia,1.5587688991580568
CESM2-WACCM,vpd_fs_G6-1.5K-SAI,NZ,New-Zealand,0.44939722660110026
CESM2-WACCM,vpd_fs_G6-1.5K-SAI,EAN,E.Antarctica,
CESM2-WACCM,vpd_fs_G6-1.5K-SAI,WAN,W.Antarctica,
CESM2-WACCM,pr_fs_G6-1.5K-SAI,GIC,Greenland/Iceland,
CESM2-WACCM,pr_fs_G6-1.5K-SAI,NWN,N.W.North-America,2.177003923156436
CESM2-WACCM,pr_fs_G6-1.5K-SAI,NEN,N.E.North-America,2.1214442745168265
CESM2-WACCM,pr_fs_G6-1.5K-SAI,WNA,W.North-America,0.8862119751030774
CESM2-WACCM,pr_fs_G6-1.5K-SAI,CNA,C.North-America,1.5447603051937184
CESM2-WACCM,pr_fs_G6-1.5K-SAI,ENA,E.North-America,2.868612807580451
CESM2-WACCM,pr_fs_G6-1.5K-SAI,NCA,N.Central-America,1.0286069861709015
CESM2-WACCM,pr_fs_G6-1.5K-SAI,SCA,S.Central-America,1.244148118833957
CESM2-WACCM,pr_fs_G6-1.5K-SAI,CAR,Caribbean,1.4495054563393825
CESM2-WACCM,pr_fs_G6-1.5K-SAI,NWS,N.W.South-America,1.6514070429675056
CESM2-WACCM,pr_fs_G6-1.5K-SAI,NSA,N.South-America,1.117418840149861
CESM2-WACCM,pr_fs_G6-1.5K-SAI,NES,N.E.South-America,0.512520090178222
CESM2-WACCM,pr_fs_G6-1.5K-SAI,SAM,South-American-Monsoon,0.45938592893886365
CESM2-WACCM,pr_fs_G6-1.5K-SAI,SWS,S.W.South-America,0.6861329840455991
CESM2-WACCM,pr_fs_G6-1.5K-SAI,SES,S.E.South-America,1.6430110746474902
CESM2-WACCM,pr_fs_G6-1.5K-SAI,SSA,S.South-America,2.58241854968621
CESM2-WACCM,pr_fs_G6-1.5K-SAI,NEU,N.Europe,2.208520820635863
CESM2-WACCM,pr_fs_G6-1.5K-SAI,WCE,West&Central-Europe,1.4542206584430004
CESM2-WACCM,pr_fs_G6-1.5K-SAI,EEU,E.Europe,1.4837940955375268
CESM2-WACCM,pr_fs_G6-1.5K-SAI,MED,Mediterranean,0.26198767483906327
CESM2-WACCM,pr_fs_G6-1.5K-SAI,SAH,Sahara,0.10133333890780988
CESM2-WACCM,pr_fs_G6-1.5K-SAI,WAF,Western-Africa,0.20244594316039713
CESM2-WACCM,pr_fs_G6-1.5K-SAI,CAF,Central-Africa,0.920942427827498
CESM2-WACCM,pr_fs_G6-1.5K-SAI,NEAF,N.Eastern-Africa,0.6036949477257149
CESM2-WACCM,pr_fs_G6-1.5K-SAI,SEAF,S.Eastern-Africa,0.6206963552860385
CESM2-WACCM,pr_fs_G6-1.5K-SAI,WSAF,W.Southern-Africa,0.3654028478284299
CESM2-WACCM,pr_fs_G6-1.5K-SAI,ESAF,E.Southern-Africa,0.9250884496675952
CESM2-WACCM,pr_fs_G6-1.5K-SAI,MDG,Madagascar,1.4002060796125908
CESM2-WACCM,pr_fs_G6-1.5K-SAI,RAR,Russian-Arctic,1.7565840924124247
CESM2-WACCM,pr_fs_G6-1.5K-SAI,WSB,W.Siberia,1.278312234228447
CESM2-WACCM,pr_fs_G6-1.5K-SAI,ESB,E.Siberia,2.2538314529913217
CESM2-WACCM,pr_fs_G6-1.5K-SAI,RFE,Russian-Far-East,2.930110979786038
CESM2-WACCM,pr_fs_G6-1.5K-SAI,WCA,W.C.Asia,0.2129718026208615
CESM2-WACCM,pr_fs_G6-1.5K-SAI,ECA,E.C.Asia,1.0453572543238545
CESM2-WACCM,pr_fs_G6-1.5K-SAI,TIB,Tibetan-Plateau,1.2653302262851815
CESM2-WACCM,pr_fs_G6-1.5K-SAI,EAS,E.Asia,3.4498343374079465
CESM2-WACCM,pr_fs_G6-1.5K-SAI,ARP,Arabian-Peninsula,0.07887293072767239
CESM2-WACCM,pr_fs_G6-1.5K-SAI,SAS,S.Asia,0.8506160656963186
CESM2-WACCM,pr_fs_G6-1.5K-SAI,SEA,S.E.Asia,3.814923097409245
CESM2-WACCM,pr_fs_G6-1.5K-SAI,NAU,N.Australia,0.263289746767608
CESM2-WACCM,pr_fs_G6-1.5K-SAI,CAU,C.Australia,0.9581465954118734
CESM2-WACCM,pr_fs_G6-1.5K-SAI,EAU,E.Australia,2.226851036645624
CESM2-WACCM,pr_fs_G6-1.5K-SAI,SAU,S.Australia,1.3883576646313593
CESM2-WACCM,pr_fs_G6-1.5K-SAI,NZ,New-Zealand,4.144395651611952
CESM2-WACCM,pr_fs_G6-1.5K-SAI,EAN,E.Antarctica,
CESM2-WACCM,pr_fs_G6-1.5K-SAI,WAN,W.Antarctica,
CESM2-WACCM,vpd_days_p95_G6-1.5K-SAI,GIC,Greenland/Iceland,
CESM2-WACCM,vpd_days_p95_G6-1.5K-SAI,NWN,N.W.North-America,20.871434453739475
CESM2-WACCM,vpd_days_p95_G6-1.5K-SAI,NEN,N.E.North-America,19.195584455562063
CESM2-WACCM,vpd_days_p95_G6-1.5K-SAI,WNA,W.North-America,12.16751668476006
CESM2-WACCM,vpd_days_p95_G6-1.5K-SAI,CNA,C.North-America,12.835416295006176
CESM2-WACCM,vpd_days_p95_G6-1.5K-SAI,ENA,E.North-America,15.840991765078778
CESM2-WACCM,vpd_days_p95_G6-1.5K-SAI,NCA,N.Central-America,17.909472893862215
CESM2-WACCM,vpd_days_p95_G6-1.5K-SAI,SCA,S.Central-America,27.55569251790818
CESM2-WACCM,vpd_days_p95_G6-1.5K-SAI,CAR,Caribbean,20.10871922964242
CESM2-WACCM,vpd_days_p95_G6-1.5K-SAI,NWS,N.W.South-America,21.13950376345977
CESM2-WACCM,vpd_days_p95_G6-1.5K-SAI,NSA,N.South-America,20.901154767966766
CESM2-WACCM,vpd_days_p95_G6-1.5K-SAI,NES,N.E.South-America,15.379425607640334
CESM2-WACCM,vpd_days_p95_G6-1.5K-SAI,SAM,South-American-Monsoon,12.916402536967144
CESM2-WACCM,vpd_days_p95_G6-1.5K-SAI,SWS,S.W.South-America,20.175887302072265
CESM2-WACCM,vpd_days_p95_G6-1.5K-SAI,SES,S.E.South-America,13.90484603863489
CESM2-WACCM,vpd_days_p95_G6-1.5K-SAI,SSA,S.South-America,17.402050184667917
CESM2-WACCM,vpd_days_p95_G6-1.5K-SAI,NEU,N.Europe,16.970588539073752
CESM2-WACCM,vpd_days_p95_G6-1.5K-SAI,WCE,West&Central-Europe,14.733018679286168
CESM2-WACCM,vpd_days_p95_G6-1.5K-SAI,EEU,E.Europe,16.95890542241969
CESM2-WACCM,vpd_days_p95_G6-1.5K-SAI,MED,Mediterranean,15.04840660068245
CESM2-WACCM,vpd_days_p95_G6-1.5K-SAI,SAH,Sahara,21.602885759179408
CESM2-WACCM,vpd_days_p95_G6-1.5K-SAI,WAF,Western-Africa,29.56607579121101
CESM2-WACCM,vpd_days_p95_G6-1.5K-SAI,CAF,Central-Africa,30.499906005915378
CESM2-WACCM,vpd_days_p95_G6-1.5K-SAI,NEAF,N.Eastern-Africa,21.27234572162037
CESM2-WACCM,vpd_days_p95_G6-1.5K-SAI,SEAF,S.Eastern-Africa,23.35243202071136
CESM2-WACCM,vpd_days_p95_G6-1.5K-SAI,WSAF,W.Southern-Africa,23.7066243077191
CESM2-WACCM,vpd_days_p95_G6-1.5K-SAI,ESAF,E.Southern-Africa,23.82998021865788
CESM2-WACCM,vpd_days_p95_G6-1.5K-SAI,MDG,Madagascar,19.509757642938034
CESM2-WACCM,vpd_days_p95_G6-1.5K-SAI,RAR,Russian-Arctic,19.55165377672089
CESM2-WACCM,vpd_days_p95_G6-1.5K-SAI,WSB,W.Siberia,20.853931164178462
CESM2-WACCM,vpd_days_p95_G6-1.5K-SAI,ESB,E.Siberia,18.866512788635664
CESM2-WACCM,vpd_days_p95_G6-1.5K-SAI,RFE,Russian-Far-East,19.62768307897875
CESM2-WACCM,vpd_days_p95_G6-1.5K-SAI,WCA,W.C.Asia,15.268981835011893
CESM2-WACCM,vpd_days_p95_G6-1.5K-SAI,ECA,E.C.Asia,16.59080743220817
CESM2-WACCM,vpd_days_p95_G6-1.5K-SAI,TIB,Tibetan-Plateau,21.395236090570897
CESM2-WACCM,vpd_days_p95_G6-1.5K-SAI,EAS,E.Asia,20.244454883670375
CESM2-WACCM,vpd_days_p95_G6-1.5K-SAI,ARP,Arabian-Peninsula,17.62385847551302
CESM2-WACCM,vpd_days_p95_G6-1.5K-SAI,SAS,S.Asia,23.956943487313563
CESM2-WACCM,vpd_days_p95_G6-1.5K-SAI,SEA,S.E.Asia,28.34122323440308
CESM2-WACCM,vpd_days_p95_G6-1.5K-SAI,NAU,N.Australia,21.236394124666116
CESM2-WACCM,vpd_days_p95_G6-1.5K-SAI,CAU,C.Australia,20.461865608232383
CESM2-WACCM,vpd_days_p95_G6-1.5K-SAI,EAU,E.Australia,16.49423204335593
CESM2-WACCM,vpd_days_p95_G6-1.5K-SAI,SAU,S.Australia,17.187935396233907
CESM2-WACCM,vpd_days_p95_G6-1.5K-SAI,NZ,New-Zealand,18.993122285127892
CESM2-WACCM,vpd_days_p95_G6-1.5K-SAI,EAN,E.Antarctica,
CESM2-WACCM,vpd_days_p95_G6-1.5K-SAI,WAN,W.Antarctica,
CESM2-WACCM,vpd_fs_G6-1.5K-HiLLA,GIC,Greenland/Iceland,
CESM2-WACCM,vpd_fs_G6-1.5K-HiLLA,NWN,N.W.North-America,0.36312876590964066
CESM2-WACCM,vpd_fs_G6-1.5K-HiLLA,NEN,N.E.North-America,0.30049891403440276
CESM2-WACCM,vpd_fs_G6-1.5K-HiLLA,WNA,W.North-America,1.694679766782864
CESM2-WACCM,vpd_fs_G6-1.5K-HiLLA,CNA,C.North-America,2.100790876545916
CESM2-WACCM,vpd_fs_G6-1.5K-HiLLA,ENA,E.North-America,0.9041198318279198
CESM2-WACCM,vpd_fs_G6-1.5K-HiLLA,NCA,N.Central-America,2.0799195750435384
CESM2-WACCM,vpd_fs_G6-1.5K-HiLLA,SCA,S.Central-America,1.0776504741484312
CESM2-WACCM,vpd_fs_G6-1.5K-HiLLA,CAR,Caribbean,1.1869140780631813
CESM2-WACCM,vpd_fs_G6-1.5K-HiLLA,NWS,N.W.South-America,0.900042260406636
CESM2-WACCM,vpd_fs_G6-1.5K-HiLLA,NSA,N.South-America,1.348866955647373
CESM2-WACCM,vpd_fs_G6-1.5K-HiLLA,NES,N.E.South-America,1.8400021293803817
CESM2-WACCM,vpd_fs_G6-1.5K-HiLLA,SAM,South-American-Monsoon,2.1166469856576007
CESM2-WACCM,vpd_fs_G6-1.5K-HiLLA,SWS,S.W.South-America,0.9929816210558874
CESM2-WACCM,vpd_fs_G6-1.5K-HiLLA,SES,S.E.South-America,1.3075364264807288
CESM2-WACCM,vpd_fs_G6-1.5K-HiLLA,SSA,S.South-America,0.6619533207337671
CESM2-WACCM,vpd_fs_G6-1.5K-HiLLA,NEU,N.Europe,0.4353897837723788
CESM2-WACCM,vpd_fs_G6-1.5K-HiLLA,WCE,West&Central-Europe,1.032627516333117
CESM2-WACCM,vpd_fs_G6-1.5K-HiLLA,EEU,E.Europe,1.1977747418108444
CESM2-WACCM,vpd_fs_G6-1.5K-HiLLA,MED,Mediterranean,2.2755464296890073
CESM2-WACCM,vpd_fs_G6-1.5K-HiLLA,SAH,Sahara,3.9411172926922524
CESM2-WACCM,vpd_fs_G6-1.5K-HiLLA,WAF,Western-Africa,2.8492431147300215
CESM2-WACCM,vpd_fs_G6-1.5K-HiLLA,CAF,Central-Africa,1.837945744853065
CESM2-WACCM,vpd_fs_G6-1.5K-HiLLA,NEAF,N.Eastern-Africa,2.402268865256609
CESM2-WACCM,vpd_fs_G6-1.5K-HiLLA,SEAF,S.Eastern-Africa,1.336314169548568
CESM2-WACCM,vpd_fs_G6-1.5K-HiLLA,WSAF,W.Southern-Africa,2.0587352949081503
CESM2-WACCM,vpd_fs_G6-1.5K-HiLLA,ESAF,E.Southern-Africa,1.6337144166162079
CESM2-WACCM,vpd_fs_G6-1.5K-HiLLA,MDG,Madagascar,1.1300282252034652
CESM2-WACCM,vpd_fs_G6-1.5K-HiLLA,RAR,Russian-Arctic,0.1960856327718326
CESM2-WACCM,vpd_fs_G6-1.5K-HiLLA,WSB,W.Siberia,1.081631764137696
CESM2-WACCM,vpd_fs_G6-1.5K-HiLLA,ESB,E.Siberia,0.5657470361857272
CESM2-WACCM,vpd_fs_G6-1.5K-HiLLA,RFE,Russian-Far-East,0.35869622520022326
CESM2-WACCM,vpd_fs_G6-1.5K-HiLLA,WCA,W.C.Asia,3.054984697302317
CESM2-WACCM,vpd_fs_G6-1.5K-HiLLA,ECA,E.C.Asia,1.6331895163642667
CESM2-WACCM,vpd_fs_G6-1.5K-HiLLA,TIB,Tibetan-Plateau,0.46262624269722374
CESM2-WACCM,vpd_fs_G6-1.5K-HiLLA,EAS,E.Asia,0.8888598536386649
CESM2-WACCM,vpd_fs_G6-1.5K-HiLLA,ARP,Arabian-Peninsula,4.592754262792352
CESM2-WACCM,vpd_fs_G6-1.5K-HiLLA,SAS,S.Asia,3.04032716718522
CESM2-WACCM,vpd_fs_G6-1.5K-HiLLA,SEA,S.E.Asia,0.9015770657535488
CESM2-WACCM,vpd_fs_G6-1.5K-HiLLA,NAU,N.Australia,2.2745456837087734
CESM2-WACCM,vpd_fs_G6-1.5K-HiLLA,CAU,C.Australia,2.915421439522166
CESM2-WACCM,vpd_fs_G6-1.5K-HiLLA,EAU,E.Australia,1.3015578898712434
CESM2-WACCM,vpd_fs_G6-1.5K-HiLLA,SAU,S.Australia,1.5721435935422383
CESM2-WACCM,vpd_fs_G6-1.5K-HiLLA,NZ,New-Zealand,0.4447451636404837
CESM2-WACCM,vpd_fs_G6-1.5K-HiLLA,EAN,E.Antarctica,
CESM2-WACCM,vpd_fs_G6-1.5K-HiLLA,WAN,W.Antarctica,
CESM2-WACCM,pr_fs_G6-1.5K-HiLLA,GIC,Greenland/Iceland,
CESM2-WACCM,pr_fs_G6-1.5K-HiLLA,NWN,N.W.North-America,2.157857254676743
CESM2-WACCM,pr_fs_G6-1.5K-HiLLA,NEN,N.E.North-America,2.11304314181536
CESM2-WACCM,pr_fs_G6-1.5K-HiLLA,WNA,W.North-America,0.8423336575740275
CESM2-WACCM,pr_fs_G6-1.5K-HiLLA,CNA,C.North-America,1.5732831304768262
CESM2-WACCM,pr_fs_G6-1.5K-HiLLA,ENA,E.North-America,2.8763693387158207
CESM2-WACCM,pr_fs_G6-1.5K-HiLLA,NCA,N.Central-America,1.0345115960282132
CESM2-WACCM,pr_fs_G6-1.5K-HiLLA,SCA,S.Central-America,1.275378685241313
CESM2-WACCM,pr_fs_G6-1.5K-HiLLA,CAR,Caribbean,1.4992625823492953
CESM2-WACCM,pr_fs_G6-1.5K-HiLLA,NWS,N.W.South-America,1.7925950247339477
CESM2-WACCM,pr_fs_G6-1.5K-HiLLA,NSA,N.South-America,1.2231604850767943
CESM2-WACCM,pr_fs_G6-1.5K-HiLLA,NES,N.E.South-America,0.5585886875097247
CESM2-WACCM,pr_fs_G6-1.5K-HiLLA,SAM,South-American-Monsoon,0.5322222616568566
CESM2-WACCM,pr_fs_G6-1.5K-HiLLA,SWS,S.W.South-America,0.6856896423334006
CESM2-WACCM,pr_fs_G6-1.5K-HiLLA,SES,S.E.South-America,1.6828012494379796
CESM2-WACCM,pr_fs_G6-1.5K-HiLLA,SSA,S.South-America,2.5099678464583333
CESM2-WACCM,pr_fs_G6-1.5K-HiLLA,NEU,N.Europe,2.122927745173445
CESM2-WACCM,pr_fs_G6-1.5K-HiLLA,WCE,West&Central-Europe,1.3770284076533759
CESM2-WACCM,pr_fs_G6-1.5K-HiLLA,EEU,E.Europe,1.4629681603650249
CESM2-WACCM,pr_fs_G6-1.5K-HiLLA,MED,Mediterranean,0.25036956639416447
CESM2-WACCM,pr_fs_G6-1.5K-HiLLA,SAH,Sahara,0.0957150566302102
CESM2-WACCM,pr_fs_G6-1.5K-HiLLA,WAF,Western-Africa,0.19970972139409052
CESM2-WACCM,pr_fs_G6-1.5K-HiLLA,CAF,Central-Africa,0.9366267615267395
CESM2-WACCM,pr_fs_G6-1.5K-HiLLA,NEAF,N.Eastern-Africa,0.5645910758797466
CESM2-WACCM,pr_fs_G6-1.5K-HiLLA,SEAF,S.Eastern-Africa,0.6932913426505639
CESM2-WACCM,pr_fs_G6-1.5K-HiLLA,WSAF,W.Southern-Africa,0.39781327608582634
CESM2-WACCM,pr_fs_G6-1.5K-HiLLA,ESAF,E.Southern-Africa,1.02716036338924
CESM2-WACCM,pr_fs_G6-1.5K-HiLLA,MDG,Madagascar,1.479691974255965
CESM2-WACCM,pr_fs_G6-1.5K-HiLLA,RAR,Russian-Arctic,1.6623892894048227
CESM2-WACCM,pr_fs_G6-1.5K-HiLLA,WSB,W.Siberia,1.3279715471001134
CESM2-WACCM,pr_fs_G6-1.5K-HiLLA,ESB,E.Siberia,2.2513761706688458
CESM2-WACCM,pr_fs_G6-1.5K-HiLLA,RFE,Russian-Far-East,2.934430121348179
CESM2-WACCM,pr_fs_G6-1.5K-HiLLA,WCA,W.C.Asia,0.211157869515808
CESM2-WACCM,pr_fs_G6-1.5K-HiLLA,ECA,E.C.Asia,1.0647804969593575
CESM2-WACCM,pr_fs_G6-1.5K-HiLLA,TIB,Tibetan-Plateau,1.309871785276608
CESM2-WACCM,pr_fs_G6-1.5K-HiLLA,EAS,E.Asia,3.604941785821917
CESM2-WACCM,pr_fs_G6-1.5K-HiLLA,ARP,Arabian-Peninsula,0.0837368281910312
CESM2-WACCM,pr_fs_G6-1.5K-HiLLA,SAS,S.Asia,0.9552594835505377
CESM2-WACCM,pr_fs_G6-1.5K-HiLLA,SEA,S.E.Asia,4.323645250096924
CESM2-WACCM,pr_fs_G6-1.5K-HiLLA,NAU,N.Australia,0.4433475170457488
CESM2-WACCM,pr_fs_G6-1.5K-HiLLA,CAU,C.Australia,1.229894492032973
CESM2-WACCM,pr_fs_G6-1.5K-HiLLA,EAU,E.Australia,2.488174456048329
CESM2-WACCM,pr_fs_G6-1.5K-HiLLA,SAU,S.Australia,1.5091425080185883
CESM2-WACCM,pr_fs_G6-1.5K-HiLLA,NZ,New-Zealand,4.106893103957181
CESM2-WACCM,pr_fs_G6-1.5K-HiLLA,EAN,E.Antarctica,
CESM2-WACCM,pr_fs_G6-1.5K-HiLLA,WAN,W.Antarctica,
CESM2-WACCM,vpd_days_p95_G6-1.5K-HiLLA,GIC,Greenland/Iceland,
CESM2-WACCM,vpd_days_p95_G6-1.5K-HiLLA,NWN,N.W.North-America,18.25439442412462
CESM2-WACCM,vpd_days_p95_G6-1.5K-HiLLA,NEN,N.E.North-America,15.344693133396772
CESM2-WACCM,vpd_days_p95_G6-1.5K-HiLLA,WNA,W.North-America,11.543010279762258
CESM2-WACCM,vpd_days_p95_G6-1.5K-HiLLA,CNA,C.North-America,14.106004643837805
CESM2-WACCM,vpd_days_p95_G6-1.5K-HiLLA,ENA,E.North-America,16.22735030926955
CESM2-WACCM,vpd_days_p95_G6-1.5K-HiLLA,NCA,N.Central-America,21.07671203406923
CESM2-WACCM,vpd_days_p95_G6-1.5K-HiLLA,SCA,S.Central-America,28.712179765232005
CESM2-WACCM,vpd_days_p95_G6-1.5K-HiLLA,CAR,Caribbean,22.37477069385673
CESM2-WACCM,vpd_days_p95_G6-1.5K-HiLLA,NWS,N.W.South-America,21.330481795189954
CESM2-WACCM,vpd_days_p95_G6-1.5K-HiLLA,NSA,N.South-America,23.041251378513433
CESM2-WACCM,vpd_days_p95_G6-1.5K-HiLLA,NES,N.E.South-America,20.05596509970741
CESM2-WACCM,vpd_days_p95_G6-1.5K-HiLLA,SAM,South-American-Monsoon,16.170694316248525
CESM2-WACCM,vpd_days_p95_G6-1.5K-HiLLA,SWS,S.W.South-America,20.65626997145563
CESM2-WACCM,vpd_days_p95_G6-1.5K-HiLLA,SES,S.E.South-America,15.289361555400562
CESM2-WACCM,vpd_days_p95_G6-1.5K-HiLLA,SSA,S.South-America,16.330844041402088
CESM2-WACCM,vpd_days_p95_G6-1.5K-HiLLA,NEU,N.Europe,15.605411061413234
CESM2-WACCM,vpd_days_p95_G6-1.5K-HiLLA,WCE,West&Central-Europe,14.73096730483531
CESM2-WACCM,vpd_days_p95_G6-1.5K-HiLLA,EEU,E.Europe,12.990860459421237
CESM2-WACCM,vpd_days_p95_G6-1.5K-HiLLA,MED,Mediterranean,15.171181245812324
CESM2-WACCM,vpd_days_p95_G6-1.5K-HiLLA,SAH,Sahara,24.684806195437808
CESM2-WACCM,vpd_days_p95_G6-1.5K-HiLLA,WAF,Western-Africa,31.120600155758897
CESM2-WACCM,vpd_days_p95_G6-1.5K-HiLLA,CAF,Central-Africa,33.198180103677245
CESM2-WACCM,vpd_days_p95_G6-1.5K-HiLLA,NEAF,N.Eastern-Africa,25.901142399332436
CESM2-WACCM,vpd_days_p95_G6-1.5K-HiLLA,SEAF,S.Eastern-Africa,26.035670037613887
CESM2-WACCM,vpd_days_p95_G6-1.5K-HiLLA,WSAF,W.Southern-Africa,23.571360966809216
CESM2-WACCM,vpd_days_p95_G6-1.5K-HiLLA,ESAF,E.Southern-Africa,22.95624026769686
CESM2-WACCM,vpd_days_p95_G6-1.5K-HiLLA,MDG,Madagascar,20.128551043516303
CESM2-WACCM,vpd_days_p95_G6-1.5K-HiLLA,RAR,Russian-Arctic,15.762129265029577
CESM2-WACCM,vpd_days_p95_G6-1.5K-HiLLA,WSB,W.Siberia,13.95010646190598
CESM2-WACCM,vpd_days_p95_G6-1.5K-HiLLA,ESB,E.Siberia,14.325200828219346
CESM2-WACCM,vpd_days_p95_G6-1.5K-HiLLA,RFE,Russian-Far-East,15.941302186496264
CESM2-WACCM,vpd_days_p95_G6-1.5K-HiLLA,WCA,W.C.Asia,15.947944503298611
CESM2-WACCM,vpd_days_p95_G6-1.5K-HiLLA,ECA,E.C.Asia,14.532846394845091
CESM2-WACCM,vpd_days_p95_G6-1.5K-HiLLA,TIB,Tibetan-Plateau,24.679397427471972
CESM2-WACCM,vpd_days_p95_G6-1.5K-HiLLA,EAS,E.Asia,20.470476582072823
CESM2-WACCM,vpd_days_p95_G6-1.5K-HiLLA,ARP,Arabian-Peninsula,20.016927713591762
CESM2-WACCM,vpd_days_p95_G6-1.5K-HiLLA,SAS,S.Asia,25.622872918389234
CESM2-WACCM,vpd_days_p95_G6-1.5K-HiLLA,SEA,S.E.Asia,28.327193694202556
CESM2-WACCM,vpd_days_p95_G6-1.5K-HiLLA,NAU,N.Australia,19.198300814693372
CESM2-WACCM,vpd_days_p95_G6-1.5K-HiLLA,CAU,C.Australia,20.110461832780768
CESM2-WACCM,vpd_days_p95_G6-1.5K-HiLLA,EAU,E.Australia,15.660874586512243
CESM2-WACCM,vpd_days_p95_G6-1.5K-HiLLA,SAU,S.Australia,18.51893630854778
CESM2-WACCM,vpd_days_p95_G6-1.5K-HiLLA,NZ,New-Zealand,18.5791271032446
CESM2-WACCM,vpd_days_p95_G6-1.5K-HiLLA,EAN,E.Antarctica,
CESM2-WACCM,vpd_days_p95_G6-1.5K-HiLLA,WAN,W.Antarctica,
CESM2-WACCM,d_vpd_fs_ssp245_minus_target,GIC,Greenland/Iceland,
CESM2-WACCM,d_vpd_fs_ssp245_minus_target,NWN,N.W.North-America,0.08435222516895964
CESM2-WACCM,d_vpd_fs_ssp245_minus_target,NEN,N.E.North-America,0.10974026357151015
CESM2-WACCM,d_vpd_fs_ssp245_minus_target,WNA,W.North-America,0.14184650253335032
CESM2-WACCM,d_vpd_fs_ssp245_minus_target,CNA,C.North-America,0.22399126978998748
CESM2-WACCM,d_vpd_fs_ssp245_minus_target,ENA,E.North-America,0.11466767405015833
CESM2-WACCM,d_vpd_fs_ssp245_minus_target,NCA,N.Central-America,0.18565003740342947
CESM2-WACCM,d_vpd_fs_ssp245_minus_target,SCA,S.Central-America,0.1586809101475476
CESM2-WACCM,d_vpd_fs_ssp245_minus_target,CAR,Caribbean,0.0812772235477445
CESM2-WACCM,d_vpd_fs_ssp245_minus_target,NWS,N.W.South-America,0.08347912328515919
CESM2-WACCM,d_vpd_fs_ssp245_minus_target,NSA,N.South-America,0.1595966897835447
CESM2-WACCM,d_vpd_fs_ssp245_minus_target,NES,N.E.South-America,0.16465544151620704
CESM2-WACCM,d_vpd_fs_ssp245_minus_target,SAM,South-American-Monsoon,0.25244755130732915
CESM2-WACCM,d_vpd_fs_ssp245_minus_target,SWS,S.W.South-America,0.09170481947214806
CESM2-WACCM,d_vpd_fs_ssp245_minus_target,SES,S.E.South-America,0.08334894203164399
CESM2-WACCM,d_vpd_fs_ssp245_minus_target,SSA,S.South-America,0.04210458811916148
CESM2-WACCM,d_vpd_fs_ssp245_minus_target,NEU,N.Europe,0.050652542344637785
CESM2-WACCM,d_vpd_fs_ssp245_minus_target,WCE,West&Central-Europe,0.22175798244933026
CESM2-WACCM,d_vpd_fs_ssp245_minus_target,EEU,E.Europe,0.2404963573930053
CESM2-WACCM,d_vpd_fs_ssp245_minus_target,MED,Mediterranean,0.326113023433472
CESM2-WACCM,d_vpd_fs_ssp245_minus_target,SAH,Sahara,0.4140448768950787
CESM2-WACCM,d_vpd_fs_ssp245_minus_target,WAF,Western-Africa,0.3053467173702102
CESM2-WACCM,d_vpd_fs_ssp245_minus_target,CAF,Central-Africa,0.2230944080576285
CESM2-WACCM,d_vpd_fs_ssp245_minus_target,NEAF,N.Eastern-Africa,0.1879108157000218
CESM2-WACCM,d_vpd_fs_ssp245_minus_target,SEAF,S.Eastern-Africa,0.13924819447725453
CESM2-WACCM,d_vpd_fs_ssp245_minus_target,WSAF,W.Southern-Africa,0.25107093994209484
CESM2-WACCM,d_vpd_fs_ssp245_minus_target,ESAF,E.Southern-Africa,0.2546842382967714
CESM2-WACCM,d_vpd_fs_ssp245_minus_target,MDG,Madagascar,0.13063502174175365
CESM2-WACCM,d_vpd_fs_ssp245_minus_target,RAR,Russian-Arctic,0.048878934415056474
CESM2-WACCM,d_vpd_fs_ssp245_minus_target,WSB,W.Siberia,0.23797648142014338
CESM2-WACCM,d_vpd_fs_ssp245_minus_target,ESB,E.Siberia,0.09744679684770861
CESM2-WACCM,d_vpd_fs_ssp245_minus_target,RFE,Russian-Far-East,0.06318705155139656
CESM2-WACCM,d_vpd_fs_ssp245_minus_target,WCA,W.C.Asia,0.35404597022719664
CESM2-WACCM,d_vpd_fs_ssp245_minus_target,ECA,E.C.Asia,0.19685140503394113
CESM2-WACCM,d_vpd_fs_ssp245_minus_target,TIB,Tibetan-Plateau,0.057625872151105983
CESM2-WACCM,d_vpd_fs_ssp245_minus_target,EAS,E.Asia,0.11120262180912245
CESM2-WACCM,d_vpd_fs_ssp245_minus_target,ARP,Arabian-Peninsula,0.4260299661181273
CESM2-WACCM,d_vpd_fs_ssp245_minus_target,SAS,S.Asia,0.3517116294783394
CESM2-WACCM,d_vpd_fs_ssp245_minus_target,SEA,S.E.Asia,0.1211134619312764
CESM2-WACCM,d_vpd_fs_ssp245_minus_target,NAU,N.Australia,0.14878006278553807
CESM2-WACCM,d_vpd_fs_ssp245_minus_target,CAU,C.Australia,0.2638205329540241
CESM2-WACCM,d_vpd_fs_ssp245_minus_target,EAU,E.Australia,0.051923298172421924
CESM2-WACCM,d_vpd_fs_ssp245_minus_target,SAU,S.Australia,0.16619554965772923
CESM2-WACCM,d_vpd_fs_ssp245_minus_target,NZ,New-Zealand,0.03257223515175165
CESM2-WACCM,d_vpd_fs_ssp245_minus_target,EAN,E.Antarctica,
CESM2-WACCM,d_vpd_fs_ssp245_minus_target,WAN,W.Antarctica,
CESM2-WACCM,d_pr_fs_ssp245_minus_target,GIC,Greenland/Iceland,
CESM2-WACCM,d_pr_fs_ssp245_minus_target,NWN,N.W.North-America,0.06361994621347385
CESM2-WACCM,d_pr_fs_ssp245_minus_target,NEN,N.E.North-America,0.014625245967551383
CESM2-WACCM,d_pr_fs_ssp245_minus_target,WNA,W.North-America,0.08720885616276927
CESM2-WACCM,d_pr_fs_ssp245_minus_target,CNA,C.North-America,0.08068293745131769
CESM2-WACCM,d_pr_fs_ssp245_minus_target,ENA,E.North-America,0.0953284996472846
CESM2-WACCM,d_pr_fs_ssp245_minus_target,NCA,N.Central-America,-0.11983526277551453
CESM2-WACCM,d_pr_fs_ssp245_minus_target,SCA,S.Central-America,-0.2189788713806332
CESM2-WACCM,d_pr_fs_ssp245_minus_target,CAR,Caribbean,-0.0018446525022541046
CESM2-WACCM,d_pr_fs_ssp245_minus_target,NWS,N.W.South-America,0.11619284843651448
CESM2-WACCM,d_pr_fs_ssp245_minus_target,NSA,N.South-America,-0.06638317086886071
CESM2-WACCM,d_pr_fs_ssp245_minus_target,NES,N.E.South-America,0.02579111173774433
CESM2-WACCM,d_pr_fs_ssp245_minus_target,SAM,South-American-Monsoon,0.018133511955747517
CESM2-WACCM,d_pr_fs_ssp245_minus_target,SWS,S.W.South-America,-0.06569095760970009
CESM2-WACCM,d_pr_fs_ssp245_minus_target,SES,S.E.South-America,0.1655617813135068
CESM2-WACCM,d_pr_fs_ssp245_minus_target,SSA,S.South-America,-0.12634162164520665
CESM2-WACCM,d_pr_fs_ssp245_minus_target,NEU,N.Europe,-0.04273826689998593
CESM2-WACCM,d_pr_fs_ssp245_minus_target,WCE,West&Central-Europe,-0.1725714932021336
CESM2-WACCM,d_pr_fs_ssp245_minus_target,EEU,E.Europe,-0.07044217871643592
CESM2-WACCM,d_pr_fs_ssp245_minus_target,MED,Mediterranean,-0.06780957332755302
CESM2-WACCM,d_pr_fs_ssp245_minus_target,SAH,Sahara,-0.01003505319679997
CESM2-WACCM,d_pr_fs_ssp245_minus_target,WAF,Western-Africa,-0.06156802878584786
CESM2-WACCM,d_pr_fs_ssp245_minus_target,CAF,Central-Africa,0.016926178598418926
CESM2-WACCM,d_pr_fs_ssp245_minus_target,NEAF,N.Eastern-Africa,0.09599738410979793
CESM2-WACCM,d_pr_fs_ssp245_minus_target,SEAF,S.Eastern-Africa,0.02948482454630905
CESM2-WACCM,d_pr_fs_ssp245_minus_target,WSAF,W.Southern-Africa,-0.019978923801662614
CESM2-WACCM,d_pr_fs_ssp245_minus_target,ESAF,E.Southern-Africa,-0.06760380069842475
CESM2-WACCM,d_pr_fs_ssp245_minus_target,MDG,Madagascar,-0.19180493143235025
CESM2-WACCM,d_pr_fs_ssp245_minus_target,RAR,Russian-Arctic,0.10973644558128931
CESM2-WACCM,d_pr_fs_ssp245_minus_target,WSB,W.Siberia,-0.04386246582575464
CESM2-WACCM,d_pr_fs_ssp245_minus_target,ESB,E.Siberia,0.001250898858984093
CESM2-WACCM,d_pr_fs_ssp245_minus_target,RFE,Russian-Far-East,0.19952041672245496
CESM2-WACCM,d_pr_fs_ssp245_minus_target,WCA,W.C.Asia,-0.014639468377526601
CESM2-WACCM,d_pr_fs_ssp245_minus_target,ECA,E.C.Asia,0.03790161906780553
CESM2-WACCM,d_pr_fs_ssp245_minus_target,TIB,Tibetan-Plateau,0.01596056309206659
CESM2-WACCM,d_pr_fs_ssp245_minus_target,EAS,E.Asia,0.19729405824411422
CESM2-WACCM,d_pr_fs_ssp245_minus_target,ARP,Arabian-Peninsula,0.015053866763410537
CESM2-WACCM,d_pr_fs_ssp245_minus_target,SAS,S.Asia,-0.09771435348157669
CESM2-WACCM,d_pr_fs_ssp245_minus_target,SEA,S.E.Asia,0.17576887229879465
CESM2-WACCM,d_pr_fs_ssp245_minus_target,NAU,N.Australia,0.090288057571947
CESM2-WACCM,d_pr_fs_ssp245_minus_target,CAU,C.Australia,0.14877887277856525
CESM2-WACCM,d_pr_fs_ssp245_minus_target,EAU,E.Australia,0.2448344259615622
CESM2-WACCM,d_pr_fs_ssp245_minus_target,SAU,S.Australia,0.07302784707531572
CESM2-WACCM,d_pr_fs_ssp245_minus_target,NZ,New-Zealand,0.10371304277236723
CESM2-WACCM,d_pr_fs_ssp245_minus_target,EAN,E.Antarctica,
CESM2-WACCM,d_pr_fs_ssp245_minus_target,WAN,W.Antarctica,
CESM2-WACCM,dpct_pr_fs_ssp245_minus_target,GIC,Greenland/Iceland,
CESM2-WACCM,dpct_pr_fs_ssp245_minus_target,NWN,N.W.North-America,2.939825032020256
CESM2-WACCM,dpct_pr_fs_ssp245_minus_target,NEN,N.E.North-America,1.4699419213784441
CESM2-WACCM,dpct_pr_fs_ssp245_minus_target,WNA,W.North-America,19.876767816625666
CESM2-WACCM,dpct_pr_fs_ssp245_minus_target,CNA,C.North-America,5.908227515699169
CESM2-WACCM,dpct_pr_fs_ssp245_minus_target,ENA,E.North-America,3.7244596272097454
CESM2-WACCM,dpct_pr_fs_ssp245_minus_target,NCA,N.Central-America,-6.857496693776491
CESM2-WACCM,dpct_pr_fs_ssp245_minus_target,SCA,S.Central-America,-14.37172965352581
CESM2-WACCM,dpct_pr_fs_ssp245_minus_target,CAR,Caribbean,-0.33576380241556525
CESM2-WACCM,dpct_pr_fs_ssp245_minus_target,NWS,N.W.South-America,17.47327493060584
CESM2-WACCM,dpct_pr_fs_ssp245_minus_target,NSA,N.South-America,-0.6035404337768877
CESM2-WACCM,dpct_pr_fs_ssp245_minus_target,NES,N.E.South-America,10.856366215485188
CESM2-WACCM,dpct_pr_fs_ssp245_minus_target,SAM,South-American-Monsoon,6.876038747371879
CESM2-WACCM,dpct_pr_fs_ssp245_minus_target,SWS,S.W.South-America,7.821049318631473
CESM2-WACCM,dpct_pr_fs_ssp245_minus_target,SES,S.E.South-America,11.004349673065972
CESM2-WACCM,dpct_pr_fs_ssp245_minus_target,SSA,S.South-America,2.2464175760374543
CESM2-WACCM,dpct_pr_fs_ssp245_minus_target,NEU,N.Europe,-2.1412487442489776
CESM2-WACCM,dpct_pr_fs_ssp245_minus_target,WCE,West&Central-Europe,-13.023310983890768
CESM2-WACCM,dpct_pr_fs_ssp245_minus_target,EEU,E.Europe,-6.827855375253545
CESM2-WACCM,dpct_pr_fs_ssp245_minus_target,MED,Mediterranean,-22.177346080089098
CESM2-WACCM,dpct_pr_fs_ssp245_minus_target,SAH,Sahara,-5.7510352001847505
CESM2-WACCM,dpct_pr_fs_ssp245_minus_target,WAF,Western-Africa,-26.125700790495266
CESM2-WACCM,dpct_pr_fs_ssp245_minus_target,CAF,Central-Africa,0.7706432570589622
CESM2-WACCM,dpct_pr_fs_ssp245_minus_target,NEAF,N.Eastern-Africa,18.624762730285703
CESM2-WACCM,dpct_pr_fs_ssp245_minus_target,SEAF,S.Eastern-Africa,13.2614866151421
CESM2-WACCM,dpct_pr_fs_ssp245_minus_target,WSAF,W.Southern-Africa,-9.301095027603425
CESM2-WACCM,dpct_pr_fs_ssp245_minus_target,ESAF,E.Southern-Africa,-8.773371999895799
CESM2-WACCM,dpct_pr_fs_ssp245_minus_target,MDG,Madagascar,-4.4329476456591586
CESM2-WACCM,dpct_pr_fs_ssp245_minus_target,RAR,Russian-Arctic,6.37866900629341
CESM2-WACCM,dpct_pr_fs_ssp245_minus_target,WSB,W.Siberia,-3.4238895781726666
CESM2-WACCM,dpct_pr_fs_ssp245_minus_target,ESB,E.Siberia,-0.43321003834175736
CESM2-WACCM,dpct_pr_fs_ssp245_minus_target,RFE,Russian-Far-East,7.17729195638263
CESM2-WACCM,dpct_pr_fs_ssp245_minus_target,WCA,W.C.Asia,-1.9515357777057507
CESM2-WACCM,dpct_pr_fs_ssp245_minus_target,ECA,E.C.Asia,2.5011262834045977
CESM2-WACCM,dpct_pr_fs_ssp245_minus_target,TIB,Tibetan-Plateau,1.7935245328130645
CESM2-WACCM,dpct_pr_fs_ssp245_minus_target,EAS,E.Asia,5.7700355860127415
CESM2-WACCM,dpct_pr_fs_ssp245_minus_target,ARP,Arabian-Peninsula,16.26747970513472
CESM2-WACCM,dpct_pr_fs_ssp245_minus_target,SAS,S.Asia,-6.308415216654296
CESM2-WACCM,dpct_pr_fs_ssp245_minus_target,SEA,S.E.Asia,0.3011390054127006
CESM2-WACCM,dpct_pr_fs_ssp245_minus_target,NAU,N.Australia,28.068343510857275
CESM2-WACCM,dpct_pr_fs_ssp245_minus_target,CAU,C.Australia,13.658963682593658
CESM2-WACCM,dpct_pr_fs_ssp245_minus_target,EAU,E.Australia,9.399375607264083
CESM2-WACCM,dpct_pr_fs_ssp245_minus_target,SAU,S.Australia,4.83655817823919
CESM2-WACCM,dpct_pr_fs_ssp245_minus_target,NZ,New-Zealand,2.040188350635251
CESM2-WACCM,dpct_pr_fs_ssp245_minus_target,EAN,E.Antarctica,
CESM2-WACCM,dpct_pr_fs_ssp245_minus_target,WAN,W.Antarctica,
CESM2-WACCM,d_vpd_days_p95_ssp245_minus_target,GIC,Greenland/Iceland,
CESM2-WACCM,d_vpd_days_p95_ssp245_minus_target,NWN,N.W.North-America,13.986927890780773
CESM2-WACCM,d_vpd_days_p95_ssp245_minus_target,NEN,N.E.North-America,21.931707067986526
CESM2-WACCM,d_vpd_days_p95_ssp245_minus_target,WNA,W.North-America,8.541843721259363
CESM2-WACCM,d_vpd_days_p95_ssp245_minus_target,CNA,C.North-America,9.465749265816285
CESM2-WACCM,d_vpd_days_p95_ssp245_minus_target,ENA,E.North-America,12.259371765580369
CESM2-WACCM,d_vpd_days_p95_ssp245_minus_target,NCA,N.Central-America,15.433644780819995
CESM2-WACCM,d_vpd_days_p95_ssp245_minus_target,SCA,S.Central-America,29.12753225491738
CESM2-WACCM,d_vpd_days_p95_ssp245_minus_target,CAR,Caribbean,24.49723754797076
CESM2-WACCM,d_vpd_days_p95_ssp245_minus_target,NWS,N.W.South-America,17.719320034153146
CESM2-WACCM,d_vpd_days_p95_ssp245_minus_target,NSA,N.South-America,22.09081012322889
CESM2-WACCM,d_vpd_days_p95_ssp245_minus_target,NES,N.E.South-America,17.518541217630336
CESM2-WACCM,d_vpd_days_p95_ssp245_minus_target,SAM,South-American-Monsoon,16.058464842543778
CESM2-WACCM,d_vpd_days_p95_ssp245_minus_target,SWS,S.W.South-America,16.46349933661253
CESM2-WACCM,d_vpd_days_p95_ssp245_minus_target,SES,S.E.South-America,6.394480110096194
CESM2-WACCM,d_vpd_days_p95_ssp245_minus_target,SSA,S.South-America,7.544630157109312
CESM2-WACCM,d_vpd_days_p95_ssp245_minus_target,NEU,N.Europe,8.209542359710875
CESM2-WACCM,d_vpd_days_p95_ssp245_minus_target,WCE,West&Central-Europe,13.32691494804943
CESM2-WACCM,d_vpd_days_p95_ssp245_minus_target,EEU,E.Europe,14.198093290474533
CESM2-WACCM,d_vpd_days_p95_ssp245_minus_target,MED,Mediterranean,14.460781113140984
CESM2-WACCM,d_vpd_days_p95_ssp245_minus_target,SAH,Sahara,26.6884256482749
CESM2-WACCM,d_vpd_days_p95_ssp245_minus_target,WAF,Western-Africa,24.36810484897357
CESM2-WACCM,d_vpd_days_p95_ssp245_minus_target,CAF,Central-Africa,24.623935402733384
CESM2-WACCM,d_vpd_days_p95_ssp245_minus_target,NEAF,N.Eastern-Africa,17.192360874961043
CESM2-WACCM,d_vpd_days_p95_ssp245_minus_target,SEAF,S.Eastern-Africa,19.698113981354727
CESM2-WACCM,d_vpd_days_p95_ssp245_minus_target,WSAF,W.Southern-Africa,17.905344570046637
CESM2-WACCM,d_vpd_days_p95_ssp245_minus_target,ESAF,E.Southern-Africa,20.71939415706858
CESM2-WACCM,d_vpd_days_p95_ssp245_minus_target,MDG,Madagascar,17.687812354312154
CESM2-WACCM,d_vpd_days_p95_ssp245_minus_target,RAR,Russian-Arctic,10.13158195623529
CESM2-WACCM,d_vpd_days_p95_ssp245_minus_target,WSB,W.Siberia,16.270699342248733
CESM2-WACCM,d_vpd_days_p95_ssp245_minus_target,ESB,E.Siberia,11.729609646674666
CESM2-WACCM,d_vpd_days_p95_ssp245_minus_target,RFE,Russian-Far-East,10.0839712098364
CESM2-WACCM,d_vpd_days_p95_ssp245_minus_target,WCA,W.C.Asia,16.02705685945998
CESM2-WACCM,d_vpd_days_p95_ssp245_minus_target,ECA,E.C.Asia,14.768016725020626
CESM2-WACCM,d_vpd_days_p95_ssp245_minus_target,TIB,Tibetan-Plateau,13.55876066167788
CESM2-WACCM,d_vpd_days_p95_ssp245_minus_target,EAS,E.Asia,12.703296909708545
CESM2-WACCM,d_vpd_days_p95_ssp245_minus_target,ARP,Arabian-Peninsula,25.177024480955158
CESM2-WACCM,d_vpd_days_p95_ssp245_minus_target,SAS,S.Asia,15.036043528377506
CESM2-WACCM,d_vpd_days_p95_ssp245_minus_target,SEA,S.E.Asia,19.506101117923574
CESM2-WACCM,d_vpd_days_p95_ssp245_minus_target,NAU,N.Australia,10.081605075611728
CESM2-WACCM,d_vpd_days_p95_ssp245_minus_target,CAU,C.Australia,12.34190633237879
CESM2-WACCM,d_vpd_days_p95_ssp245_minus_target,EAU,E.Australia,3.8966740171763283
CESM2-WACCM,d_vpd_days_p95_ssp245_minus_target,SAU,S.Australia,7.9173776942047835
CESM2-WACCM,d_vpd_days_p95_ssp245_minus_target,NZ,New-Zealand,9.782396614487775
CESM2-WACCM,d_vpd_days_p95_ssp245_minus_target,EAN,E.Antarctica,
CESM2-WACCM,d_vpd_days_p95_ssp245_minus_target,WAN,W.Antarctica,
CESM2-WACCM,d_vpd_fs_SAI_minus_ssp245,GIC,Greenland/Iceland,
CESM2-WACCM,d_vpd_fs_SAI_minus_ssp245,NWN,N.W.North-America,-0.06917521845530235
CESM2-WACCM,d_vpd_fs_SAI_minus_ssp245,NEN,N.E.North-America,-0.10532454180172776
CESM2-WACCM,d_vpd_fs_SAI_minus_ssp245,WNA,W.North-America,-0.2971674542560915
CESM2-WACCM,d_vpd_fs_SAI_minus_ssp245,CNA,C.North-America,-0.3964940614977157
CESM2-WACCM,d_vpd_fs_SAI_minus_ssp245,ENA,E.North-America,-0.15464898019080625
CESM2-WACCM,d_vpd_fs_SAI_minus_ssp245,NCA,N.Central-America,-0.26881465098150614
CESM2-WACCM,d_vpd_fs_SAI_minus_ssp245,SCA,S.Central-America,-0.10570100429275066
CESM2-WACCM,d_vpd_fs_SAI_minus_ssp245,CAR,Caribbean,-0.09279517274142497
CESM2-WACCM,d_vpd_fs_SAI_minus_ssp245,NWS,N.W.South-America,-0.09339102333920529
CESM2-WACCM,d_vpd_fs_SAI_minus_ssp245,NSA,N.South-America,-0.14727143121113667
CESM2-WACCM,d_vpd_fs_SAI_minus_ssp245,NES,N.E.South-America,-0.20356016113400094
CESM2-WACCM,d_vpd_fs_SAI_minus_ssp245,SAM,South-American-Monsoon,-0.3253362657096786
CESM2-WACCM,d_vpd_fs_SAI_minus_ssp245,SWS,S.W.South-America,-0.09969454001742296
CESM2-WACCM,d_vpd_fs_SAI_minus_ssp245,SES,S.E.South-America,-0.16329411542941857
CESM2-WACCM,d_vpd_fs_SAI_minus_ssp245,SSA,S.South-America,-0.07484769142857843
CESM2-WACCM,d_vpd_fs_SAI_minus_ssp245,NEU,N.Europe,-0.05891028952985516
CESM2-WACCM,d_vpd_fs_SAI_minus_ssp245,WCE,West&Central-Europe,-0.2811758447272655
CESM2-WACCM,d_vpd_fs_SAI_minus_ssp245,EEU,E.Europe,-0.2673703246237933
CESM2-WACCM,d_vpd_fs_SAI_minus_ssp245,MED,Mediterranean,-0.40038862903128064
CESM2-WACCM,d_vpd_fs_SAI_minus_ssp245,SAH,Sahara,-0.4264087806070785
CESM2-WACCM,d_vpd_fs_SAI_minus_ssp245,WAF,Western-Africa,-0.21137901362660777
CESM2-WACCM,d_vpd_fs_SAI_minus_ssp245,CAF,Central-Africa,-0.12734393166540992
CESM2-WACCM,d_vpd_fs_SAI_minus_ssp245,NEAF,N.Eastern-Africa,-0.169329166411858
CESM2-WACCM,d_vpd_fs_SAI_minus_ssp245,SEAF,S.Eastern-Africa,-0.0943027089849136
CESM2-WACCM,d_vpd_fs_SAI_minus_ssp245,WSAF,W.Southern-Africa,-0.19090573918509748
CESM2-WACCM,d_vpd_fs_SAI_minus_ssp245,ESAF,E.Southern-Africa,-0.1665652704025414
CESM2-WACCM,d_vpd_fs_SAI_minus_ssp245,MDG,Madagascar,-0.12225254090519468
CESM2-WACCM,d_vpd_fs_SAI_minus_ssp245,RAR,Russian-Arctic,-0.04186371870236059
CESM2-WACCM,d_vpd_fs_SAI_minus_ssp245,WSB,W.Siberia,-0.19866805898090528
CESM2-WACCM,d_vpd_fs_SAI_minus_ssp245,ESB,E.Siberia,-0.08577681489367846
CESM2-WACCM,d_vpd_fs_SAI_minus_ssp245,RFE,Russian-Far-East,-0.04997486276410484
CESM2-WACCM,d_vpd_fs_SAI_minus_ssp245,WCA,W.C.Asia,-0.41210751051188976
CESM2-WACCM,d_vpd_fs_SAI_minus_ssp245,ECA,E.C.Asia,-0.2278204294590075
CESM2-WACCM,d_vpd_fs_SAI_minus_ssp245,TIB,Tibetan-Plateau,-0.056384907216334955
CESM2-WACCM,d_vpd_fs_SAI_minus_ssp245,EAS,E.Asia,-0.10479075061354018
CESM2-WACCM,d_vpd_fs_SAI_minus_ssp245,ARP,Arabian-Peninsula,-0.42484254999979154
CESM2-WACCM,d_vpd_fs_SAI_minus_ssp245,SAS,S.Asia,-0.24677523898206746
CESM2-WACCM,d_vpd_fs_SAI_minus_ssp245,SEA,S.E.Asia,-0.042794705255433295
CESM2-WACCM,d_vpd_fs_SAI_minus_ssp245,NAU,N.Australia,-0.11390036570571001
CESM2-WACCM,d_vpd_fs_SAI_minus_ssp245,CAU,C.Australia,-0.22625518986045481
CESM2-WACCM,d_vpd_fs_SAI_minus_ssp245,EAU,E.Australia,-0.07403869868144747
CESM2-WACCM,d_vpd_fs_SAI_minus_ssp245,SAU,S.Australia,-0.17551686306531164
CESM2-WACCM,d_vpd_fs_SAI_minus_ssp245,NZ,New-Zealand,-0.028558553294367645
CESM2-WACCM,d_vpd_fs_SAI_minus_ssp245,EAN,E.Antarctica,
CESM2-WACCM,d_vpd_fs_SAI_minus_ssp245,WAN,W.Antarctica,
CESM2-WACCM,d_pr_fs_SAI_minus_ssp245,GIC,Greenland/Iceland,
CESM2-WACCM,d_pr_fs_SAI_minus_ssp245,NWN,N.W.North-America,-0.08764664226232315
CESM2-WACCM,d_pr_fs_SAI_minus_ssp245,NEN,N.E.North-America,-0.07919947266580761
CESM2-WACCM,d_pr_fs_SAI_minus_ssp245,WNA,W.North-America,-0.004489152286325224
CESM2-WACCM,d_pr_fs_SAI_minus_ssp245,CNA,C.North-America,0.005333506458373103
CESM2-WACCM,d_pr_fs_SAI_minus_ssp245,ENA,E.North-America,-0.045119360016259394
CESM2-WACCM,d_pr_fs_SAI_minus_ssp245,NCA,N.Central-America,0.07390515859811513
CESM2-WACCM,d_pr_fs_SAI_minus_ssp245,SCA,S.Central-America,0.09643007266407247
CESM2-WACCM,d_pr_fs_SAI_minus_ssp245,CAR,Caribbean,0.10389330633414803
CESM2-WACCM,d_pr_fs_SAI_minus_ssp245,NWS,N.W.South-America,-0.004861852576913791
CESM2-WACCM,d_pr_fs_SAI_minus_ssp245,NSA,N.South-America,0.054374448293452476
CESM2-WACCM,d_pr_fs_SAI_minus_ssp245,NES,N.E.South-America,0.11775601337131224
CESM2-WACCM,d_pr_fs_SAI_minus_ssp245,SAM,South-American-Monsoon,0.12732073102113597
CESM2-WACCM,d_pr_fs_SAI_minus_ssp245,SWS,S.W.South-America,0.06805675287701962
CESM2-WACCM,d_pr_fs_SAI_minus_ssp245,SES,S.E.South-America,0.0644469882992179
CESM2-WACCM,d_pr_fs_SAI_minus_ssp245,SSA,S.South-America,0.08938840786840327
CESM2-WACCM,d_pr_fs_SAI_minus_ssp245,NEU,N.Europe,0.011305076084133364
CESM2-WACCM,d_pr_fs_SAI_minus_ssp245,WCE,West&Central-Europe,0.1894626978062582
CESM2-WACCM,d_pr_fs_SAI_minus_ssp245,EEU,E.Europe,0.11308977736001569
CESM2-WACCM,d_pr_fs_SAI_minus_ssp245,MED,Mediterranean,0.05613069879475324
CESM2-WACCM,d_pr_fs_SAI_minus_ssp245,SAH,Sahara,-0.005692877561026614
CESM2-WACCM,d_pr_fs_SAI_minus_ssp245,WAF,Western-Africa,0.004611338018734346
CESM2-WACCM,d_pr_fs_SAI_minus_ssp245,CAF,Central-Africa,-0.08170174894017287
CESM2-WACCM,d_pr_fs_SAI_minus_ssp245,NEAF,N.Eastern-Africa,-0.060899169367240866
CESM2-WACCM,d_pr_fs_SAI_minus_ssp245,SEAF,S.Eastern-Africa,-0.03202933299983609
CESM2-WACCM,d_pr_fs_SAI_minus_ssp245,WSAF,W.Southern-Africa,0.03471307125639658
CESM2-WACCM,d_pr_fs_SAI_minus_ssp245,ESAF,E.Southern-Africa,0.13750887173897294
CESM2-WACCM,d_pr_fs_SAI_minus_ssp245,MDG,Madagascar,0.1995347203719494
CESM2-WACCM,d_pr_fs_SAI_minus_ssp245,RAR,Russian-Arctic,-0.13129081692145825
CESM2-WACCM,d_pr_fs_SAI_minus_ssp245,WSB,W.Siberia,-0.02851219093356914
CESM2-WACCM,d_pr_fs_SAI_minus_ssp245,ESB,E.Siberia,-0.1507639493005361
CESM2-WACCM,d_pr_fs_SAI_minus_ssp245,RFE,Russian-Far-East,-0.3034529965106574
CESM2-WACCM,d_pr_fs_SAI_minus_ssp245,WCA,W.C.Asia,-0.004944251682183449
CESM2-WACCM,d_pr_fs_SAI_minus_ssp245,ECA,E.C.Asia,-0.10068107546108197
CESM2-WACCM,d_pr_fs_SAI_minus_ssp245,TIB,Tibetan-Plateau,-0.15850678499079585
CESM2-WACCM,d_pr_fs_SAI_minus_ssp245,EAS,E.Asia,-0.17700816817892967
CESM2-WACCM,d_pr_fs_SAI_minus_ssp245,ARP,Arabian-Peninsula,-0.026032455209933077
CESM2-WACCM,d_pr_fs_SAI_minus_ssp245,SAS,S.Asia,-0.04182887682955219
CESM2-WACCM,d_pr_fs_SAI_minus_ssp245,SEA,S.E.Asia,-0.7254796906469991
CESM2-WACCM,d_pr_fs_SAI_minus_ssp245,NAU,N.Australia,-0.17875211879553662
CESM2-WACCM,d_pr_fs_SAI_minus_ssp245,CAU,C.Australia,-0.21928350076128672
CESM2-WACCM,d_pr_fs_SAI_minus_ssp245,EAU,E.Australia,-0.28874374752502735
CESM2-WACCM,d_pr_fs_SAI_minus_ssp245,SAU,S.Australia,-0.07309247741892287
CESM2-WACCM,d_pr_fs_SAI_minus_ssp245,NZ,New-Zealand,-0.03695319886633099
CESM2-WACCM,d_pr_fs_SAI_minus_ssp245,EAN,E.Antarctica,
CESM2-WACCM,d_pr_fs_SAI_minus_ssp245,WAN,W.Antarctica,
CESM2-WACCM,dpct_pr_fs_SAI_minus_ssp245,GIC,Greenland/Iceland,
CESM2-WACCM,dpct_pr_fs_SAI_minus_ssp245,NWN,N.W.North-America,-3.34193939691453
CESM2-WACCM,dpct_pr_fs_SAI_minus_ssp245,NEN,N.E.North-America,-2.759356214279481
CESM2-WACCM,dpct_pr_fs_SAI_minus_ssp245,WNA,W.North-America,-3.5827503975582733
CESM2-WACCM,dpct_pr_fs_SAI_minus_ssp245,CNA,C.North-America,0.7765261107059682
CESM2-WACCM,dpct_pr_fs_SAI_minus_ssp245,ENA,E.North-America,-1.2068228654965094
CESM2-WACCM,dpct_pr_fs_SAI_minus_ssp245,NCA,N.Central-America,3.8005584145640636
CESM2-WACCM,dpct_pr_fs_SAI_minus_ssp245,SCA,S.Central-America,9.287005317359773
CESM2-WACCM,dpct_pr_fs_SAI_minus_ssp245,CAR,Caribbean,9.48691485993501
CESM2-WACCM,dpct_pr_fs_SAI_minus_ssp245,NWS,N.W.South-America,6.322487350506027
CESM2-WACCM,dpct_pr_fs_SAI_minus_ssp245,NSA,N.South-America,15.477824345500238
CESM2-WACCM,dpct_pr_fs_SAI_minus_ssp245,NES,N.E.South-America,38.1884119679318
CESM2-WACCM,dpct_pr_fs_SAI_minus_ssp245,SAM,South-American-Monsoon,58.165919081772024
CESM2-WACCM,dpct_pr_fs_SAI_minus_ssp245,SWS,S.W.South-America,2.7198538275832376
CESM2-WACCM,dpct_pr_fs_SAI_minus_ssp245,SES,S.E.South-America,15.010301801437421
CESM2-WACCM,dpct_pr_fs_SAI_minus_ssp245,SSA,S.South-America,2.593325496561579
CESM2-WACCM,dpct_pr_fs_SAI_minus_ssp245,NEU,N.Europe,1.0526955932047064
CESM2-WACCM,dpct_pr_fs_SAI_minus_ssp245,WCE,West&Central-Europe,18.836787235909792
CESM2-WACCM,dpct_pr_fs_SAI_minus_ssp245,EEU,E.Europe,13.402576174088887
CESM2-WACCM,dpct_pr_fs_SAI_minus_ssp245,MED,Mediterranean,34.39626963007181
CESM2-WACCM,dpct_pr_fs_SAI_minus_ssp245,SAH,Sahara,-5.585940828287841
CESM2-WACCM,dpct_pr_fs_SAI_minus_ssp245,WAF,Western-Africa,9.0849870918285
CESM2-WACCM,dpct_pr_fs_SAI_minus_ssp245,CAF,Central-Africa,-5.968372848186679
CESM2-WACCM,dpct_pr_fs_SAI_minus_ssp245,NEAF,N.Eastern-Africa,-2.3092518155874693
CESM2-WACCM,dpct_pr_fs_SAI_minus_ssp245,SEAF,S.Eastern-Africa,-3.39811517256134
CESM2-WACCM,dpct_pr_fs_SAI_minus_ssp245,WSAF,W.Southern-Africa,30.42917309610258
CESM2-WACCM,dpct_pr_fs_SAI_minus_ssp245,ESAF,E.Southern-Africa,26.890850705379258
CESM2-WACCM,dpct_pr_fs_SAI_minus_ssp245,MDG,Madagascar,23.7841533609808
CESM2-WACCM,dpct_pr_fs_SAI_minus_ssp245,RAR,Russian-Arctic,-7.000571073073331
CESM2-WACCM,dpct_pr_fs_SAI_minus_ssp245,WSB,W.Siberia,-1.1979855425154484
CESM2-WACCM,dpct_pr_fs_SAI_minus_ssp245,ESB,E.Siberia,-6.299634840866182
CESM2-WACCM,dpct_pr_fs_SAI_minus_ssp245,RFE,Russian-Far-East,-9.186019064574236
CESM2-WACCM,dpct_pr_fs_SAI_minus_ssp245,WCA,W.C.Asia,0.39508257254349854
CESM2-WACCM,dpct_pr_fs_SAI_minus_ssp245,ECA,E.C.Asia,-7.917627704342361
CESM2-WACCM,dpct_pr_fs_SAI_minus_ssp245,TIB,Tibetan-Plateau,-8.828938628819602
CESM2-WACCM,dpct_pr_fs_SAI_minus_ssp245,EAS,E.Asia,-6.412384297206786
CESM2-WACCM,dpct_pr_fs_SAI_minus_ssp245,ARP,Arabian-Peninsula,-18.914291781320856
CESM2-WACCM,dpct_pr_fs_SAI_minus_ssp245,SAS,S.Asia,-5.182050710609399
CESM2-WACCM,dpct_pr_fs_SAI_minus_ssp245,SEA,S.E.Asia,-14.906288382696848
CESM2-WACCM,dpct_pr_fs_SAI_minus_ssp245,NAU,N.Australia,-41.65928092926751
CESM2-WACCM,dpct_pr_fs_SAI_minus_ssp245,CAU,C.Australia,-19.2112977916567
CESM2-WACCM,dpct_pr_fs_SAI_minus_ssp245,EAU,E.Australia,-11.89644226643387
CESM2-WACCM,dpct_pr_fs_SAI_minus_ssp245,SAU,S.Australia,-4.609949349944119
CESM2-WACCM,dpct_pr_fs_SAI_minus_ssp245,NZ,New-Zealand,-1.1714664225781966
CESM2-WACCM,dpct_pr_fs_SAI_minus_ssp245,EAN,E.Antarctica,
CESM2-WACCM,dpct_pr_fs_SAI_minus_ssp245,WAN,W.Antarctica,
CESM2-WACCM,d_vpd_days_p95_SAI_minus_ssp245,GIC,Greenland/Iceland,
CESM2-WACCM,d_vpd_days_p95_SAI_minus_ssp245,NWN,N.W.North-America,-11.365479110220658
CESM2-WACCM,d_vpd_days_p95_SAI_minus_ssp245,NEN,N.E.North-America,-20.986090682513662
CESM2-WACCM,d_vpd_days_p95_SAI_minus_ssp245,WNA,W.North-America,-14.624327036499308
CESM2-WACCM,d_vpd_days_p95_SAI_minus_ssp245,CNA,C.North-America,-14.880332970810098
CESM2-WACCM,d_vpd_days_p95_SAI_minus_ssp245,ENA,E.North-America,-14.668380000501594
CESM2-WACCM,d_vpd_days_p95_SAI_minus_ssp245,NCA,N.Central-America,-15.774171886957793
CESM2-WACCM,d_vpd_days_p95_SAI_minus_ssp245,SCA,S.Central-America,-19.821611960804454
CESM2-WACCM,d_vpd_days_p95_SAI_minus_ssp245,CAR,Caribbean,-22.63851831832834
CESM2-WACCM,d_vpd_days_p95_SAI_minus_ssp245,NWS,N.W.South-America,-14.82981627069336
CESM2-WACCM,d_vpd_days_p95_SAI_minus_ssp245,NSA,N.South-America,-19.439655355262094
CESM2-WACCM,d_vpd_days_p95_SAI_minus_ssp245,NES,N.E.South-America,-20.38911560999001
CESM2-WACCM,d_vpd_days_p95_SAI_minus_ssp245,SAM,South-American-Monsoon,-21.391987543912226
CESM2-WACCM,d_vpd_days_p95_SAI_minus_ssp245,SWS,S.W.South-America,-14.537612034540265
CESM2-WACCM,d_vpd_days_p95_SAI_minus_ssp245,SES,S.E.South-America,-10.739634071461332
CESM2-WACCM,d_vpd_days_p95_SAI_minus_ssp245,SSA,S.South-America,-8.392579972441402
CESM2-WACCM,d_vpd_days_p95_SAI_minus_ssp245,NEU,N.Europe,-9.488953820637136
CESM2-WACCM,d_vpd_days_p95_SAI_minus_ssp245,WCE,West&Central-Europe,-16.843896268763263
CESM2-WACCM,d_vpd_days_p95_SAI_minus_ssp245,EEU,E.Europe,-15.48918786805483
CESM2-WACCM,d_vpd_days_p95_SAI_minus_ssp245,MED,Mediterranean,-17.662374512458502
CESM2-WACCM,d_vpd_days_p95_SAI_minus_ssp245,SAH,Sahara,-23.335539889095497
CESM2-WACCM,d_vpd_days_p95_SAI_minus_ssp245,WAF,Western-Africa,-13.051957057632544
CESM2-WACCM,d_vpd_days_p95_SAI_minus_ssp245,CAF,Central-Africa,-12.37402939681802
CESM2-WACCM,d_vpd_days_p95_SAI_minus_ssp245,NEAF,N.Eastern-Africa,-14.170015153340662
CESM2-WACCM,d_vpd_days_p95_SAI_minus_ssp245,SEAF,S.Eastern-Africa,-14.59556539328374
CESM2-WACCM,d_vpd_days_p95_SAI_minus_ssp245,WSAF,W.Southern-Africa,-12.448720262327518
CESM2-WACCM,d_vpd_days_p95_SAI_minus_ssp245,ESAF,E.Southern-Africa,-15.139413938410712
CESM2-WACCM,d_vpd_days_p95_SAI_minus_ssp245,MDG,Madagascar,-16.428054711374127
CESM2-WACCM,d_vpd_days_p95_SAI_minus_ssp245,RAR,Russian-Arctic,-8.829928179514406
CESM2-WACCM,d_vpd_days_p95_SAI_minus_ssp245,WSB,W.Siberia,-13.666768178070328
CESM2-WACCM,d_vpd_days_p95_SAI_minus_ssp245,ESB,E.Siberia,-11.11309685803907
CESM2-WACCM,d_vpd_days_p95_SAI_minus_ssp245,RFE,Russian-Far-East,-8.70623128731902
CESM2-WACCM,d_vpd_days_p95_SAI_minus_ssp245,WCA,W.C.Asia,-19.008075024448083
CESM2-WACCM,d_vpd_days_p95_SAI_minus_ssp245,ECA,E.C.Asia,-16.427209292812424
CESM2-WACCM,d_vpd_days_p95_SAI_minus_ssp245,TIB,Tibetan-Plateau,-10.41352457110697
CESM2-WACCM,d_vpd_days_p95_SAI_minus_ssp245,EAS,E.Asia,-10.708842026038155
CESM2-WACCM,d_vpd_days_p95_SAI_minus_ssp245,ARP,Arabian-Peninsula,-25.803166005442122
CESM2-WACCM,d_vpd_days_p95_SAI_minus_ssp245,SAS,S.Asia,-9.32910004106393
CESM2-WACCM,d_vpd_days_p95_SAI_minus_ssp245,SEA,S.E.Asia,-9.4148778835205
CESM2-WACCM,d_vpd_days_p95_SAI_minus_ssp245,NAU,N.Australia,-7.095210950945617
CESM2-WACCM,d_vpd_days_p95_SAI_minus_ssp245,CAU,C.Australia,-10.129979707628626
CESM2-WACCM,d_vpd_days_p95_SAI_minus_ssp245,EAU,E.Australia,-5.652441973820387
CESM2-WACCM,d_vpd_days_p95_SAI_minus_ssp245,SAU,S.Australia,-8.979442297970879
CESM2-WACCM,d_vpd_days_p95_SAI_minus_ssp245,NZ,New-Zealand,-9.039274329359879
CESM2-WACCM,d_vpd_days_p95_SAI_minus_ssp245,EAN,E.Antarctica,
CESM2-WACCM,d_vpd_days_p95_SAI_minus_ssp245,WAN,W.Antarctica,
CESM2-WACCM,d_vpd_fs_HiLLA_minus_ssp245,GIC,Greenland/Iceland,
CESM2-WACCM,d_vpd_fs_HiLLA_minus_ssp245,NWN,N.W.North-America,-0.08626736986375766
CESM2-WACCM,d_vpd_fs_HiLLA_minus_ssp245,NEN,N.E.North-America,-0.1180688972826772
CESM2-WACCM,d_vpd_fs_HiLLA_minus_ssp245,WNA,W.North-America,-0.30213949452283245
CESM2-WACCM,d_vpd_fs_HiLLA_minus_ssp245,CNA,C.North-America,-0.3777297400936621
CESM2-WACCM,d_vpd_fs_HiLLA_minus_ssp245,ENA,E.North-America,-0.14810835649764836
CESM2-WACCM,d_vpd_fs_HiLLA_minus_ssp245,NCA,N.Central-America,-0.1927523066886575
CESM2-WACCM,d_vpd_fs_HiLLA_minus_ssp245,SCA,S.Central-America,-0.0924847747533391
CESM2-WACCM,d_vpd_fs_HiLLA_minus_ssp245,CAR,Caribbean,-0.08068114645303202
CESM2-WACCM,d_vpd_fs_HiLLA_minus_ssp245,NWS,N.W.South-America,-0.10072188053808119
CESM2-WACCM,d_vpd_fs_HiLLA_minus_ssp245,NSA,N.South-America,-0.14838285364551912
CESM2-WACCM,d_vpd_fs_HiLLA_minus_ssp245,NES,N.E.South-America,-0.15218647231985463
CESM2-WACCM,d_vpd_fs_HiLLA_minus_ssp245,SAM,South-American-Monsoon,-0.2672675436034743
CESM2-WACCM,d_vpd_fs_HiLLA_minus_ssp245,SWS,S.W.South-America,-0.10066671459804646
CESM2-WACCM,d_vpd_fs_HiLLA_minus_ssp245,SES,S.E.South-America,-0.14412306130929037
CESM2-WACCM,d_vpd_fs_HiLLA_minus_ssp245,SSA,S.South-America,-0.07421932258616576
CESM2-WACCM,d_vpd_fs_HiLLA_minus_ssp245,NEU,N.Europe,-0.06708821452282948
CESM2-WACCM,d_vpd_fs_HiLLA_minus_ssp245,WCE,West&Central-Europe,-0.2910207698518856
CESM2-WACCM,d_vpd_fs_HiLLA_minus_ssp245,EEU,E.Europe,-0.3539199865147147
CESM2-WACCM,d_vpd_fs_HiLLA_minus_ssp245,MED,Mediterranean,-0.4047114969784624
CESM2-WACCM,d_vpd_fs_HiLLA_minus_ssp245,SAH,Sahara,-0.36672448805435487
CESM2-WACCM,d_vpd_fs_HiLLA_minus_ssp245,WAF,Western-Africa,-0.16917859748849448
CESM2-WACCM,d_vpd_fs_HiLLA_minus_ssp245,CAF,Central-Africa,-0.10076471483946221
CESM2-WACCM,d_vpd_fs_HiLLA_minus_ssp245,NEAF,N.Eastern-Africa,-0.10397226387416969
CESM2-WACCM,d_vpd_fs_HiLLA_minus_ssp245,SEAF,S.Eastern-Africa,-0.09103624093125076
CESM2-WACCM,d_vpd_fs_HiLLA_minus_ssp245,WSAF,W.Southern-Africa,-0.16639032835407847
CESM2-WACCM,d_vpd_fs_HiLLA_minus_ssp245,ESAF,E.Southern-Africa,-0.16267569162300158
CESM2-WACCM,d_vpd_fs_HiLLA_minus_ssp245,MDG,Madagascar,-0.10745947448845727
CESM2-WACCM,d_vpd_fs_HiLLA_minus_ssp245,RAR,Russian-Arctic,-0.05871238239862388
CESM2-WACCM,d_vpd_fs_HiLLA_minus_ssp245,WSB,W.Siberia,-0.3132676150331642
CESM2-WACCM,d_vpd_fs_HiLLA_minus_ssp245,ESB,E.Siberia,-0.11966025256525038
CESM2-WACCM,d_vpd_fs_HiLLA_minus_ssp245,RFE,Russian-Far-East,-0.07259032189874504
CESM2-WACCM,d_vpd_fs_HiLLA_minus_ssp245,WCA,W.C.Asia,-0.44090095436662335
CESM2-WACCM,d_vpd_fs_HiLLA_minus_ssp245,ECA,E.C.Asia,-0.25480954160619124
CESM2-WACCM,d_vpd_fs_HiLLA_minus_ssp245,TIB,Tibetan-Plateau,-0.039749527942350475
CESM2-WACCM,d_vpd_fs_HiLLA_minus_ssp245,EAS,E.Asia,-0.10145585945827638
CESM2-WACCM,d_vpd_fs_HiLLA_minus_ssp245,ARP,Arabian-Peninsula,-0.39952334428077524
CESM2-WACCM,d_vpd_fs_HiLLA_minus_ssp245,SAS,S.Asia,-0.21049128040292914
CESM2-WACCM,d_vpd_fs_HiLLA_minus_ssp245,SEA,S.E.Asia,-0.0639867959879509
CESM2-WACCM,d_vpd_fs_HiLLA_minus_ssp245,NAU,N.Australia,-0.13897356754945236
CESM2-WACCM,d_vpd_fs_HiLLA_minus_ssp245,CAU,C.Australia,-0.2689793278619225
CESM2-WACCM,d_vpd_fs_HiLLA_minus_ssp245,EAU,E.Australia,-0.09072993543993864
CESM2-WACCM,d_vpd_fs_HiLLA_minus_ssp245,SAU,S.Australia,-0.16214216868113002
CESM2-WACCM,d_vpd_fs_HiLLA_minus_ssp245,NZ,New-Zealand,-0.033210616254984185
CESM2-WACCM,d_vpd_fs_HiLLA_minus_ssp245,EAN,E.Antarctica,
CESM2-WACCM,d_vpd_fs_HiLLA_minus_ssp245,WAN,W.Antarctica,
CESM2-WACCM,d_pr_fs_HiLLA_minus_ssp245,GIC,Greenland/Iceland,
CESM2-WACCM,d_pr_fs_HiLLA_minus_ssp245,NWN,N.W.North-America,-0.10679331074201767
CESM2-WACCM,d_pr_fs_HiLLA_minus_ssp245,NEN,N.E.North-America,-0.08760060536727324
CESM2-WACCM,d_pr_fs_HiLLA_minus_ssp245,WNA,W.North-America,-0.048367469815375215
CESM2-WACCM,d_pr_fs_HiLLA_minus_ssp245,CNA,C.North-America,0.0338563317414803
CESM2-WACCM,d_pr_fs_HiLLA_minus_ssp245,ENA,E.North-America,-0.037362828880888904
CESM2-WACCM,d_pr_fs_HiLLA_minus_ssp245,NCA,N.Central-America,0.0798097684554268
CESM2-WACCM,d_pr_fs_HiLLA_minus_ssp245,SCA,S.Central-America,0.12766063907142838
CESM2-WACCM,d_pr_fs_HiLLA_minus_ssp245,CAR,Caribbean,0.15365043234406087
CESM2-WACCM,d_pr_fs_HiLLA_minus_ssp245,NWS,N.W.South-America,0.13632612918952736
CESM2-WACCM,d_pr_fs_HiLLA_minus_ssp245,NSA,N.South-America,0.16011609322038586
CESM2-WACCM,d_pr_fs_HiLLA_minus_ssp245,NES,N.E.South-America,0.16382461070281484
CESM2-WACCM,d_pr_fs_HiLLA_minus_ssp245,SAM,South-American-Monsoon,0.200157063739129
CESM2-WACCM,d_pr_fs_HiLLA_minus_ssp245,SWS,S.W.South-America,0.06761341116482107
CESM2-WACCM,d_pr_fs_HiLLA_minus_ssp245,SES,S.E.South-America,0.10423716308970829
CESM2-WACCM,d_pr_fs_HiLLA_minus_ssp245,SSA,S.South-America,0.016937704640526994
CESM2-WACCM,d_pr_fs_HiLLA_minus_ssp245,NEU,N.Europe,-0.07428799937828487
CESM2-WACCM,d_pr_fs_HiLLA_minus_ssp245,WCE,West&Central-Europe,0.11227044701663408
CESM2-WACCM,d_pr_fs_HiLLA_minus_ssp245,EEU,E.Europe,0.09226384218751386
CESM2-WACCM,d_pr_fs_HiLLA_minus_ssp245,MED,Mediterranean,0.04451259034985438
CESM2-WACCM,d_pr_fs_HiLLA_minus_ssp245,SAH,Sahara,-0.011311159838626352
CESM2-WACCM,d_pr_fs_HiLLA_minus_ssp245,WAF,Western-Africa,0.0018751162524276606
CESM2-WACCM,d_pr_fs_HiLLA_minus_ssp245,CAF,Central-Africa,-0.06601741524093196
CESM2-WACCM,d_pr_fs_HiLLA_minus_ssp245,NEAF,N.Eastern-Africa,-0.10000304121320897
CESM2-WACCM,d_pr_fs_HiLLA_minus_ssp245,SEAF,S.Eastern-Africa,0.0405656543646896
CESM2-WACCM,d_pr_fs_HiLLA_minus_ssp245,WSAF,W.Southern-Africa,0.06712349951379284
CESM2-WACCM,d_pr_fs_HiLLA_minus_ssp245,ESAF,E.Southern-Africa,0.23958078546061765
CESM2-WACCM,d_pr_fs_HiLLA_minus_ssp245,MDG,Madagascar,0.27902061501532327
CESM2-WACCM,d_pr_fs_HiLLA_minus_ssp245,RAR,Russian-Arctic,-0.22548561992905977
CESM2-WACCM,d_pr_fs_HiLLA_minus_ssp245,WSB,W.Siberia,0.021147121938098132
CESM2-WACCM,d_pr_fs_HiLLA_minus_ssp245,ESB,E.Siberia,-0.15321923162301265
CESM2-WACCM,d_pr_fs_HiLLA_minus_ssp245,RFE,Russian-Far-East,-0.29913385494851663
CESM2-WACCM,d_pr_fs_HiLLA_minus_ssp245,WCA,W.C.Asia,-0.006758184787236945
CESM2-WACCM,d_pr_fs_HiLLA_minus_ssp245,ECA,E.C.Asia,-0.08125783282557893
CESM2-WACCM,d_pr_fs_HiLLA_minus_ssp245,TIB,Tibetan-Plateau,-0.11396522599936924
CESM2-WACCM,d_pr_fs_HiLLA_minus_ssp245,EAS,E.Asia,-0.021900719764961704
CESM2-WACCM,d_pr_fs_HiLLA_minus_ssp245,ARP,Arabian-Peninsula,-0.02116855774657426
CESM2-WACCM,d_pr_fs_HiLLA_minus_ssp245,SAS,S.Asia,0.06281454102466671
CESM2-WACCM,d_pr_fs_HiLLA_minus_ssp245,SEA,S.E.Asia,-0.21675753795931796
CESM2-WACCM,d_pr_fs_HiLLA_minus_ssp245,NAU,N.Australia,0.0013056514826042993
CESM2-WACCM,d_pr_fs_HiLLA_minus_ssp245,CAU,C.Australia,0.05246439585981285
CESM2-WACCM,d_pr_fs_HiLLA_minus_ssp245,EAU,E.Australia,-0.027420328122321414
CESM2-WACCM,d_pr_fs_HiLLA_minus_ssp245,SAU,S.Australia,0.047692365968306005
CESM2-WACCM,d_pr_fs_HiLLA_minus_ssp245,NZ,New-Zealand,-0.07445574652110218
CESM2-WACCM,d_pr_fs_HiLLA_minus_ssp245,EAN,E.Antarctica,
CESM2-WACCM,d_pr_fs_HiLLA_minus_ssp245,WAN,W.Antarctica,
CESM2-WACCM,dpct_pr_fs_HiLLA_minus_ssp245,GIC,Greenland/Iceland,
CESM2-WACCM,dpct_pr_fs_HiLLA_minus_ssp245,NWN,N.W.North-America,-4.310675078454468
CESM2-WACCM,dpct_pr_fs_HiLLA_minus_ssp245,NEN,N.E.North-America,-3.540357901284523
CESM2-WACCM,dpct_pr_fs_HiLLA_minus_ssp245,WNA,W.North-America,-7.862977119755995
CESM2-WACCM,dpct_pr_fs_HiLLA_minus_ssp245,CNA,C.North-America,2.9174740139771442
CESM2-WACCM,dpct_pr_fs_HiLLA_minus_ssp245,ENA,E.North-America,-0.9803317144519845
CESM2-WACCM,dpct_pr_fs_HiLLA_minus_ssp245,NCA,N.Central-America,6.114564798971787
CESM2-WACCM,dpct_pr_fs_HiLLA_minus_ssp245,SCA,S.Central-America,12.932505968739575
CESM2-WACCM,dpct_pr_fs_HiLLA_minus_ssp245,CAR,Caribbean,12.695198117524034
CESM2-WACCM,dpct_pr_fs_HiLLA_minus_ssp245,NWS,N.W.South-America,12.256552210883125
CESM2-WACCM,dpct_pr_fs_HiLLA_minus_ssp245,NSA,N.South-America,25.579877414560393
CESM2-WACCM,dpct_pr_fs_HiLLA_minus_ssp245,NES,N.E.South-America,59.127365264566656
CESM2-WACCM,dpct_pr_fs_HiLLA_minus_ssp245,SAM,South-American-Monsoon,83.54619132984588
CESM2-WACCM,dpct_pr_fs_HiLLA_minus_ssp245,SWS,S.W.South-America,11.603823343792138
CESM2-WACCM,dpct_pr_fs_HiLLA_minus_ssp245,SES,S.E.South-America,22.854724985718512
CESM2-WACCM,dpct_pr_fs_HiLLA_minus_ssp245,SSA,S.South-America,-2.4274050876983835
CESM2-WACCM,dpct_pr_fs_HiLLA_minus_ssp245,NEU,N.Europe,-3.231566578446205
CESM2-WACCM,dpct_pr_fs_HiLLA_minus_ssp245,WCE,West&Central-Europe,11.630807516131455
CESM2-WACCM,dpct_pr_fs_HiLLA_minus_ssp245,EEU,E.Europe,11.460913332151323
CESM2-WACCM,dpct_pr_fs_HiLLA_minus_ssp245,MED,Mediterranean,23.312664287030177
CESM2-WACCM,dpct_pr_fs_HiLLA_minus_ssp245,SAH,Sahara,-10.204735797395404
CESM2-WACCM,dpct_pr_fs_HiLLA_minus_ssp245,WAF,Western-Africa,9.081761717132279
CESM2-WACCM,dpct_pr_fs_HiLLA_minus_ssp245,CAF,Central-Africa,-0.2576789612233845
CESM2-WACCM,dpct_pr_fs_HiLLA_minus_ssp245,NEAF,N.Eastern-Africa,-7.2474721054388995
CESM2-WACCM,dpct_pr_fs_HiLLA_minus_ssp245,SEAF,S.Eastern-Africa,18.09492247419242
CESM2-WACCM,dpct_pr_fs_HiLLA_minus_ssp245,WSAF,W.Southern-Africa,44.62053209333796
CESM2-WACCM,dpct_pr_fs_HiLLA_minus_ssp245,ESAF,E.Southern-Africa,46.7237006196304
CESM2-WACCM,dpct_pr_fs_HiLLA_minus_ssp245,MDG,Madagascar,31.21826428604295
CESM2-WACCM,dpct_pr_fs_HiLLA_minus_ssp245,RAR,Russian-Arctic,-12.105647473940811
CESM2-WACCM,dpct_pr_fs_HiLLA_minus_ssp245,WSB,W.Siberia,3.5574122188638357
CESM2-WACCM,dpct_pr_fs_HiLLA_minus_ssp245,ESB,E.Siberia,-5.558055331111439
CESM2-WACCM,dpct_pr_fs_HiLLA_minus_ssp245,RFE,Russian-Far-East,-9.425031728087841
CESM2-WACCM,dpct_pr_fs_HiLLA_minus_ssp245,WCA,W.C.Asia,-4.922825523830879
CESM2-WACCM,dpct_pr_fs_HiLLA_minus_ssp245,ECA,E.C.Asia,-7.160061526469107
CESM2-WACCM,dpct_pr_fs_HiLLA_minus_ssp245,TIB,Tibetan-Plateau,-5.7762468848157775
CESM2-WACCM,dpct_pr_fs_HiLLA_minus_ssp245,EAS,E.Asia,-1.3677386928480937
CESM2-WACCM,dpct_pr_fs_HiLLA_minus_ssp245,ARP,Arabian-Peninsula,-12.509667257421466
CESM2-WACCM,dpct_pr_fs_HiLLA_minus_ssp245,SAS,S.Asia,5.1086592655958984
CESM2-WACCM,dpct_pr_fs_HiLLA_minus_ssp245,SEA,S.E.Asia,3.8894487062941407
CESM2-WACCM,dpct_pr_fs_HiLLA_minus_ssp245,NAU,N.Australia,2.083311096245838
CESM2-WACCM,dpct_pr_fs_HiLLA_minus_ssp245,CAU,C.Australia,10.220878456423785
CESM2-WACCM,dpct_pr_fs_HiLLA_minus_ssp245,EAU,E.Australia,1.3360507844991452
CESM2-WACCM,dpct_pr_fs_HiLLA_minus_ssp245,SAU,S.Australia,6.981510510133591
CESM2-WACCM,dpct_pr_fs_HiLLA_minus_ssp245,NZ,New-Zealand,-1.6463030136005725
CESM2-WACCM,dpct_pr_fs_HiLLA_minus_ssp245,EAN,E.Antarctica,
CESM2-WACCM,dpct_pr_fs_HiLLA_minus_ssp245,WAN,W.Antarctica,
CESM2-WACCM,d_vpd_days_p95_HiLLA_minus_ssp245,GIC,Greenland/Iceland,
CESM2-WACCM,d_vpd_days_p95_HiLLA_minus_ssp245,NWN,N.W.North-America,-13.98251913983554
CESM2-WACCM,d_vpd_days_p95_HiLLA_minus_ssp245,NEN,N.E.North-America,-24.836982004678948
CESM2-WACCM,d_vpd_days_p95_HiLLA_minus_ssp245,WNA,W.North-America,-15.248833441497093
CESM2-WACCM,d_vpd_days_p95_HiLLA_minus_ssp245,CNA,C.North-America,-13.609744621978471
CESM2-WACCM,d_vpd_days_p95_HiLLA_minus_ssp245,ENA,E.North-America,-14.282021456310812
CESM2-WACCM,d_vpd_days_p95_HiLLA_minus_ssp245,NCA,N.Central-America,-12.606932746750777
CESM2-WACCM,d_vpd_days_p95_HiLLA_minus_ssp245,SCA,S.Central-America,-18.665124713480626
CESM2-WACCM,d_vpd_days_p95_HiLLA_minus_ssp245,CAR,Caribbean,-20.37246685411403
CESM2-WACCM,d_vpd_days_p95_HiLLA_minus_ssp245,NWS,N.W.South-America,-14.638838238963194
CESM2-WACCM,d_vpd_days_p95_HiLLA_minus_ssp245,NSA,N.South-America,-17.299558744715437
CESM2-WACCM,d_vpd_days_p95_HiLLA_minus_ssp245,NES,N.E.South-America,-15.712576117922922
CESM2-WACCM,d_vpd_days_p95_HiLLA_minus_ssp245,SAM,South-American-Monsoon,-18.137695764630838
CESM2-WACCM,d_vpd_days_p95_HiLLA_minus_ssp245,SWS,S.W.South-America,-14.057229365156902
CESM2-WACCM,d_vpd_days_p95_HiLLA_minus_ssp245,SES,S.E.South-America,-9.355118554695649
CESM2-WACCM,d_vpd_days_p95_HiLLA_minus_ssp245,SSA,S.South-America,-9.463786115707228
CESM2-WACCM,d_vpd_days_p95_HiLLA_minus_ssp245,NEU,N.Europe,-10.854131298297641
CESM2-WACCM,d_vpd_days_p95_HiLLA_minus_ssp245,WCE,West&Central-Europe,-16.845947643214107
CESM2-WACCM,d_vpd_days_p95_HiLLA_minus_ssp245,EEU,E.Europe,-19.457232831053272
CESM2-WACCM,d_vpd_days_p95_HiLLA_minus_ssp245,MED,Mediterranean,-17.539599867328633
CESM2-WACCM,d_vpd_days_p95_HiLLA_minus_ssp245,SAH,Sahara,-20.253619452837103
CESM2-WACCM,d_vpd_days_p95_HiLLA_minus_ssp245,WAF,Western-Africa,-11.497432693084649
CESM2-WACCM,d_vpd_days_p95_HiLLA_minus_ssp245,CAF,Central-Africa,-9.675755299056137
CESM2-WACCM,d_vpd_days_p95_HiLLA_minus_ssp245,NEAF,N.Eastern-Africa,-9.541218475628611
CESM2-WACCM,d_vpd_days_p95_HiLLA_minus_ssp245,SEAF,S.Eastern-Africa,-11.912327376381205
CESM2-WACCM,d_vpd_days_p95_HiLLA_minus_ssp245,WSAF,W.Southern-Africa,-12.583983603237412
CESM2-WACCM,d_vpd_days_p95_HiLLA_minus_ssp245,ESAF,E.Southern-Africa,-16.013153889371733
CESM2-WACCM,d_vpd_days_p95_HiLLA_minus_ssp245,MDG,Madagascar,-15.809261310795849
CESM2-WACCM,d_vpd_days_p95_HiLLA_minus_ssp245,RAR,Russian-Arctic,-12.619452691205721
CESM2-WACCM,d_vpd_days_p95_HiLLA_minus_ssp245,WSB,W.Siberia,-20.570592880342794
CESM2-WACCM,d_vpd_days_p95_HiLLA_minus_ssp245,ESB,E.Siberia,-15.654408818455376
CESM2-WACCM,d_vpd_days_p95_HiLLA_minus_ssp245,RFE,Russian-Far-East,-12.392612179801516
CESM2-WACCM,d_vpd_days_p95_HiLLA_minus_ssp245,WCA,W.C.Asia,-18.329112356161357
CESM2-WACCM,d_vpd_days_p95_HiLLA_minus_ssp245,ECA,E.C.Asia,-18.485170330175496
CESM2-WACCM,d_vpd_days_p95_HiLLA_minus_ssp245,TIB,Tibetan-Plateau,-7.129363234205897
CESM2-WACCM,d_vpd_days_p95_HiLLA_minus_ssp245,EAS,E.Asia,-10.4828203276357
CESM2-WACCM,d_vpd_days_p95_HiLLA_minus_ssp245,ARP,Arabian-Peninsula,-23.410096767363395
CESM2-WACCM,d_vpd_days_p95_HiLLA_minus_ssp245,SAS,S.Asia,-7.663170609988252
CESM2-WACCM,d_vpd_days_p95_HiLLA_minus_ssp245,SEA,S.E.Asia,-9.428907423721025
CESM2-WACCM,d_vpd_days_p95_HiLLA_minus_ssp245,NAU,N.Australia,-9.133304260918363
CESM2-WACCM,d_vpd_days_p95_HiLLA_minus_ssp245,CAU,C.Australia,-10.481383483080227
CESM2-WACCM,d_vpd_days_p95_HiLLA_minus_ssp245,EAU,E.Australia,-6.4857994306640805
CESM2-WACCM,d_vpd_days_p95_HiLLA_minus_ssp245,SAU,S.Australia,-7.648441385657012
CESM2-WACCM,d_vpd_days_p95_HiLLA_minus_ssp245,NZ,New-Zealand,-9.453269511243175
CESM2-WACCM,d_vpd_days_p95_HiLLA_minus_ssp245,EAN,E.Antarctica,
CESM2-WACCM,d_vpd_days_p95_HiLLA_minus_ssp245,WAN,W.Antarctica,
CESM2-WACCM,d_vpd_fs_HiLLA_minus_SAI,GIC,Greenland/Iceland,
CESM2-WACCM,d_vpd_fs_HiLLA_minus_SAI,NWN,N.W.North-America,-0.017092151408455263
CESM2-WACCM,d_vpd_fs_HiLLA_minus_SAI,NEN,N.E.North-America,-0.01274435548094954
CESM2-WACCM,d_vpd_fs_HiLLA_minus_SAI,WNA,W.North-America,-0.004972040266740927
CESM2-WACCM,d_vpd_fs_HiLLA_minus_SAI,CNA,C.North-America,0.0187643214040537
CESM2-WACCM,d_vpd_fs_HiLLA_minus_SAI,ENA,E.North-America,0.0065406236931578364
CESM2-WACCM,d_vpd_fs_HiLLA_minus_SAI,NCA,N.Central-America,0.07606234429284864
CESM2-WACCM,d_vpd_fs_HiLLA_minus_SAI,SCA,S.Central-America,0.013216229539411537
CESM2-WACCM,d_vpd_fs_HiLLA_minus_SAI,CAR,Caribbean,0.012114026288392957
CESM2-WACCM,d_vpd_fs_HiLLA_minus_SAI,NWS,N.W.South-America,-0.007330857198875884
CESM2-WACCM,d_vpd_fs_HiLLA_minus_SAI,NSA,N.South-America,-0.0011114224343824251
CESM2-WACCM,d_vpd_fs_HiLLA_minus_SAI,NES,N.E.South-America,0.051373688814146265
CESM2-WACCM,d_vpd_fs_HiLLA_minus_SAI,SAM,South-American-Monsoon,0.05806872210620432
CESM2-WACCM,d_vpd_fs_HiLLA_minus_SAI,SWS,S.W.South-America,-0.0009721745806234931
CESM2-WACCM,d_vpd_fs_HiLLA_minus_SAI,SES,S.E.South-America,0.019171054120128227
CESM2-WACCM,d_vpd_fs_HiLLA_minus_SAI,SSA,S.South-America,0.0006283688424126901
CESM2-WACCM,d_vpd_fs_HiLLA_minus_SAI,NEU,N.Europe,-0.008177924992974329
CESM2-WACCM,d_vpd_fs_HiLLA_minus_SAI,WCE,West&Central-Europe,-0.009844925124620204
CESM2-WACCM,d_vpd_fs_HiLLA_minus_SAI,EEU,E.Europe,-0.0865496618909213
CESM2-WACCM,d_vpd_fs_HiLLA_minus_SAI,MED,Mediterranean,-0.004322867947181976
CESM2-WACCM,d_vpd_fs_HiLLA_minus_SAI,SAH,Sahara,0.05968429255272357
CESM2-WACCM,d_vpd_fs_HiLLA_minus_SAI,WAF,Western-Africa,0.0422004161381133
CESM2-WACCM,d_vpd_fs_HiLLA_minus_SAI,CAF,Central-Africa,0.026579216825947674
CESM2-WACCM,d_vpd_fs_HiLLA_minus_SAI,NEAF,N.Eastern-Africa,0.06535690253768833
CESM2-WACCM,d_vpd_fs_HiLLA_minus_SAI,SEAF,S.Eastern-Africa,0.003266468053662864
CESM2-WACCM,d_vpd_fs_HiLLA_minus_SAI,WSAF,W.Southern-Africa,0.024515410831018977
CESM2-WACCM,d_vpd_fs_HiLLA_minus_SAI,ESAF,E.Southern-Africa,0.0038895787795398
CESM2-WACCM,d_vpd_fs_HiLLA_minus_SAI,MDG,Madagascar,0.014793066416737397
CESM2-WACCM,d_vpd_fs_HiLLA_minus_SAI,RAR,Russian-Arctic,-0.016848663696263328
CESM2-WACCM,d_vpd_fs_HiLLA_minus_SAI,WSB,W.Siberia,-0.11459955605225884
CESM2-WACCM,d_vpd_fs_HiLLA_minus_SAI,ESB,E.Siberia,-0.033883437671571946
CESM2-WACCM,d_vpd_fs_HiLLA_minus_SAI,RFE,Russian-Far-East,-0.022615459134640158
CESM2-WACCM,d_vpd_fs_HiLLA_minus_SAI,WCA,W.C.Asia,-0.028793443854733824
CESM2-WACCM,d_vpd_fs_HiLLA_minus_SAI,ECA,E.C.Asia,-0.026989112147183695
CESM2-WACCM,d_vpd_fs_HiLLA_minus_SAI,TIB,Tibetan-Plateau,0.016635379273984476
CESM2-WACCM,d_vpd_fs_HiLLA_minus_SAI,EAS,E.Asia,0.00333489115526381
CESM2-WACCM,d_vpd_fs_HiLLA_minus_SAI,ARP,Arabian-Peninsula,0.02531920571901634
CESM2-WACCM,d_vpd_fs_HiLLA_minus_SAI,SAS,S.Asia,0.036283958579138235
CESM2-WACCM,d_vpd_fs_HiLLA_minus_SAI,SEA,S.E.Asia,-0.021192090732517627
CESM2-WACCM,d_vpd_fs_HiLLA_minus_SAI,NAU,N.Australia,-0.02507320184374233
CESM2-WACCM,d_vpd_fs_HiLLA_minus_SAI,CAU,C.Australia,-0.042724138001467696
CESM2-WACCM,d_vpd_fs_HiLLA_minus_SAI,EAU,E.Australia,-0.016691236758491157
CESM2-WACCM,d_vpd_fs_HiLLA_minus_SAI,SAU,S.Australia,0.013374694384181587
CESM2-WACCM,d_vpd_fs_HiLLA_minus_SAI,NZ,New-Zealand,-0.00465206296061653
CESM2-WACCM,d_vpd_fs_HiLLA_minus_SAI,EAN,E.Antarctica,
CESM2-WACCM,d_vpd_fs_HiLLA_minus_SAI,WAN,W.Antarctica,
CESM2-WACCM,d_pr_fs_HiLLA_minus_SAI,GIC,Greenland/Iceland,
CESM2-WACCM,d_pr_fs_HiLLA_minus_SAI,NWN,N.W.North-America,-0.019146668479694488
CESM2-WACCM,d_pr_fs_HiLLA_minus_SAI,NEN,N.E.North-America,-0.008401132701465655
CESM2-WACCM,d_pr_fs_HiLLA_minus_SAI,WNA,W.North-America,-0.04387831752904999
CESM2-WACCM,d_pr_fs_HiLLA_minus_SAI,CNA,C.North-America,0.028522825283107175
CESM2-WACCM,d_pr_fs_HiLLA_minus_SAI,ENA,E.North-America,0.007756531135370488
CESM2-WACCM,d_pr_fs_HiLLA_minus_SAI,NCA,N.Central-America,0.005904609857311681
CESM2-WACCM,d_pr_fs_HiLLA_minus_SAI,SCA,S.Central-America,0.031230566407355928
CESM2-WACCM,d_pr_fs_HiLLA_minus_SAI,CAR,Caribbean,0.049757126009912826
CESM2-WACCM,d_pr_fs_HiLLA_minus_SAI,NWS,N.W.South-America,0.14118798176644115
CESM2-WACCM,d_pr_fs_HiLLA_minus_SAI,NSA,N.South-America,0.10574164492693328
CESM2-WACCM,d_pr_fs_HiLLA_minus_SAI,NES,N.E.South-America,0.04606859733150255
CESM2-WACCM,d_pr_fs_HiLLA_minus_SAI,SAM,South-American-Monsoon,0.07283633271799296
CESM2-WACCM,d_pr_fs_HiLLA_minus_SAI,SWS,S.W.South-America,-0.0004433417121985461
CESM2-WACCM,d_pr_fs_HiLLA_minus_SAI,SES,S.E.South-America,0.039790174790490435
CESM2-WACCM,d_pr_fs_HiLLA_minus_SAI,SSA,S.South-America,-0.0724507032278763
CESM2-WACCM,d_pr_fs_HiLLA_minus_SAI,NEU,N.Europe,-0.08559307546241819
CESM2-WACCM,d_pr_fs_HiLLA_minus_SAI,WCE,West&Central-Europe,-0.07719225078962413
CESM2-WACCM,d_pr_fs_HiLLA_minus_SAI,EEU,E.Europe,-0.020825935172501753
CESM2-WACCM,d_pr_fs_HiLLA_minus_SAI,MED,Mediterranean,-0.011618108444898863
CESM2-WACCM,d_pr_fs_HiLLA_minus_SAI,SAH,Sahara,-0.005618282277599738
CESM2-WACCM,d_pr_fs_HiLLA_minus_SAI,WAF,Western-Africa,-0.0027362217663066853
CESM2-WACCM,d_pr_fs_HiLLA_minus_SAI,CAF,Central-Africa,0.015684333699240948
CESM2-WACCM,d_pr_fs_HiLLA_minus_SAI,NEAF,N.Eastern-Africa,-0.03910387184596811
CESM2-WACCM,d_pr_fs_HiLLA_minus_SAI,SEAF,S.Eastern-Africa,0.0725949873645257
CESM2-WACCM,d_pr_fs_HiLLA_minus_SAI,WSAF,W.Southern-Africa,0.03241042825739626
CESM2-WACCM,d_pr_fs_HiLLA_minus_SAI,ESAF,E.Southern-Africa,0.10207191372164462
CESM2-WACCM,d_pr_fs_HiLLA_minus_SAI,MDG,Madagascar,0.07948589464337386
CESM2-WACCM,d_pr_fs_HiLLA_minus_SAI,RAR,Russian-Arctic,-0.09419480300760161
CESM2-WACCM,d_pr_fs_HiLLA_minus_SAI,WSB,W.Siberia,0.04965931287166729
CESM2-WACCM,d_pr_fs_HiLLA_minus_SAI,ESB,E.Siberia,-0.0024552823224766413
CESM2-WACCM,d_pr_fs_HiLLA_minus_SAI,RFE,Russian-Far-East,0.004319141562140927
CESM2-WACCM,d_pr_fs_HiLLA_minus_SAI,WCA,W.C.Asia,-0.001813933105053495
CESM2-WACCM,d_pr_fs_HiLLA_minus_SAI,ECA,E.C.Asia,0.019423242635503005
CESM2-WACCM,d_pr_fs_HiLLA_minus_SAI,TIB,Tibetan-Plateau,0.04454155899142662
CESM2-WACCM,d_pr_fs_HiLLA_minus_SAI,EAS,E.Asia,0.1551074484139679
CESM2-WACCM,d_pr_fs_HiLLA_minus_SAI,ARP,Arabian-Peninsula,0.0048638974633588095
CESM2-WACCM,d_pr_fs_HiLLA_minus_SAI,SAS,S.Asia,0.10464341785421888
CESM2-WACCM,d_pr_fs_HiLLA_minus_SAI,SEA,S.E.Asia,0.5087221526876813
CESM2-WACCM,d_pr_fs_HiLLA_minus_SAI,NAU,N.Australia,0.1800577702781409
CESM2-WACCM,d_pr_fs_HiLLA_minus_SAI,CAU,C.Australia,0.2717478966210996
CESM2-WACCM,d_pr_fs_HiLLA_minus_SAI,EAU,E.Australia,0.2613234194027059
CESM2-WACCM,d_pr_fs_HiLLA_minus_SAI,SAU,S.Australia,0.12078484338722885
CESM2-WACCM,d_pr_fs_HiLLA_minus_SAI,NZ,New-Zealand,-0.03750254765477116
CESM2-WACCM,d_pr_fs_HiLLA_minus_SAI,EAN,E.Antarctica,
CESM2-WACCM,d_pr_fs_HiLLA_minus_SAI,WAN,W.Antarctica,
CESM2-WACCM,dpct_pr_fs_HiLLA_minus_SAI,GIC,Greenland/Iceland,
CESM2-WACCM,dpct_pr_fs_HiLLA_minus_SAI,NWN,N.W.North-America,-0.9670004384329185
CESM2-WACCM,dpct_pr_fs_HiLLA_minus_SAI,NEN,N.E.North-America,-0.7280874364948037
CESM2-WACCM,dpct_pr_fs_HiLLA_minus_SAI,WNA,W.North-America,-4.302630195016924
CESM2-WACCM,dpct_pr_fs_HiLLA_minus_SAI,CNA,C.North-America,2.6635576184462657
CESM2-WACCM,dpct_pr_fs_HiLLA_minus_SAI,ENA,E.North-America,0.3093833567816876
CESM2-WACCM,dpct_pr_fs_HiLLA_minus_SAI,NCA,N.Central-America,3.511660788015725
CESM2-WACCM,dpct_pr_fs_HiLLA_minus_SAI,SCA,S.Central-America,4.311619867539372
CESM2-WACCM,dpct_pr_fs_HiLLA_minus_SAI,CAR,Caribbean,3.2382608822738232
CESM2-WACCM,dpct_pr_fs_HiLLA_minus_SAI,NWS,N.W.South-America,6.79920253037855
CESM2-WACCM,dpct_pr_fs_HiLLA_minus_SAI,NSA,N.South-America,9.38465430521984
CESM2-WACCM,dpct_pr_fs_HiLLA_minus_SAI,NES,N.E.South-America,18.750238116610728
CESM2-WACCM,dpct_pr_fs_HiLLA_minus_SAI,SAM,South-American-Monsoon,17.896578588765298
CESM2-WACCM,dpct_pr_fs_HiLLA_minus_SAI,SWS,S.W.South-America,11.199491926580844
CESM2-WACCM,dpct_pr_fs_HiLLA_minus_SAI,SES,S.E.South-America,6.840958677264442
CESM2-WACCM,dpct_pr_fs_HiLLA_minus_SAI,SSA,S.South-America,-5.045559003135845
CESM2-WACCM,dpct_pr_fs_HiLLA_minus_SAI,NEU,N.Europe,-4.200514400096906
CESM2-WACCM,dpct_pr_fs_HiLLA_minus_SAI,WCE,West&Central-Europe,-5.704994742448243
CESM2-WACCM,dpct_pr_fs_HiLLA_minus_SAI,EEU,E.Europe,-1.5033364203556985
CESM2-WACCM,dpct_pr_fs_HiLLA_minus_SAI,MED,Mediterranean,-7.118909176373715
CESM2-WACCM,dpct_pr_fs_HiLLA_minus_SAI,SAH,Sahara,-6.7641867930236685
CESM2-WACCM,dpct_pr_fs_HiLLA_minus_SAI,WAF,Western-Africa,-0.06278190702124246
CESM2-WACCM,dpct_pr_fs_HiLLA_minus_SAI,CAF,Central-Africa,5.747717164353706
CESM2-WACCM,dpct_pr_fs_HiLLA_minus_SAI,NEAF,N.Eastern-Africa,-3.5617825042354694
CESM2-WACCM,dpct_pr_fs_HiLLA_minus_SAI,SEAF,S.Eastern-Africa,24.082114434830054
CESM2-WACCM,dpct_pr_fs_HiLLA_minus_SAI,WSAF,W.Southern-Africa,13.495989105174788
CESM2-WACCM,dpct_pr_fs_HiLLA_minus_SAI,ESAF,E.Southern-Africa,15.044329702523802
CESM2-WACCM,dpct_pr_fs_HiLLA_minus_SAI,MDG,Madagascar,6.163036435440673
CESM2-WACCM,dpct_pr_fs_HiLLA_minus_SAI,RAR,Russian-Arctic,-5.423397759483718
CESM2-WACCM,dpct_pr_fs_HiLLA_minus_SAI,WSB,W.Siberia,4.833224548397108
CESM2-WACCM,dpct_pr_fs_HiLLA_minus_SAI,ESB,E.Siberia,0.966125582761836
CESM2-WACCM,dpct_pr_fs_HiLLA_minus_SAI,RFE,Russian-Far-East,-0.1643699990990442
CESM2-WACCM,dpct_pr_fs_HiLLA_minus_SAI,WCA,W.C.Asia,-5.533704143956177
CESM2-WACCM,dpct_pr_fs_HiLLA_minus_SAI,ECA,E.C.Asia,1.0286607729696162
CESM2-WACCM,dpct_pr_fs_HiLLA_minus_SAI,TIB,Tibetan-Plateau,3.9375801289485035
CESM2-WACCM,dpct_pr_fs_HiLLA_minus_SAI,EAS,E.Asia,5.632668474300331
CESM2-WACCM,dpct_pr_fs_HiLLA_minus_SAI,ARP,Arabian-Peninsula,8.862958970142538
CESM2-WACCM,dpct_pr_fs_HiLLA_minus_SAI,SAS,S.Asia,12.155023172699211
CESM2-WACCM,dpct_pr_fs_HiLLA_minus_SAI,SEA,S.E.Asia,22.588059942808187
CESM2-WACCM,dpct_pr_fs_HiLLA_minus_SAI,NAU,N.Australia,76.57350403592372
CESM2-WACCM,dpct_pr_fs_HiLLA_minus_SAI,CAU,C.Australia,40.85746668708747
CESM2-WACCM,dpct_pr_fs_HiLLA_minus_SAI,EAU,E.Australia,15.57259907837292
CESM2-WACCM,dpct_pr_fs_HiLLA_minus_SAI,SAU,S.Australia,12.427908986492685
CESM2-WACCM,dpct_pr_fs_HiLLA_minus_SAI,NZ,New-Zealand,-0.41085799377307874
CESM2-WACCM,dpct_pr_fs_HiLLA_minus_SAI,EAN,E.Antarctica,
CESM2-WACCM,dpct_pr_fs_HiLLA_minus_SAI,WAN,W.Antarctica,
CESM2-WACCM,d_vpd_days_p95_HiLLA_minus_SAI,GIC,Greenland/Iceland,
CESM2-WACCM,d_vpd_days_p95_HiLLA_minus_SAI,NWN,N.W.North-America,-2.6170400296148753
CESM2-WACCM,d_vpd_days_p95_HiLLA_minus_SAI,NEN,N.E.North-America,-3.850891322165277
CESM2-WACCM,d_vpd_days_p95_HiLLA_minus_SAI,WNA,W.North-America,-0.6245064049977952
CESM2-WACCM,d_vpd_days_p95_HiLLA_minus_SAI,CNA,C.North-America,1.2705883488316259
CESM2-WACCM,d_vpd_days_p95_HiLLA_minus_SAI,ENA,E.North-America,0.38635854419077625
CESM2-WACCM,d_vpd_days_p95_HiLLA_minus_SAI,NCA,N.Central-America,3.167239140207016
CESM2-WACCM,d_vpd_days_p95_HiLLA_minus_SAI,SCA,S.Central-America,1.1564872473238261
CESM2-WACCM,d_vpd_days_p95_HiLLA_minus_SAI,CAR,Caribbean,2.266051464214309
CESM2-WACCM,d_vpd_days_p95_HiLLA_minus_SAI,NWS,N.W.South-America,0.190978031730175
CESM2-WACCM,d_vpd_days_p95_HiLLA_minus_SAI,NSA,N.South-America,2.140096610546664
CESM2-WACCM,d_vpd_days_p95_HiLLA_minus_SAI,NES,N.E.South-America,4.676539492067086
CESM2-WACCM,d_vpd_days_p95_HiLLA_minus_SAI,SAM,South-American-Monsoon,3.254291779281385
CESM2-WACCM,d_vpd_days_p95_HiLLA_minus_SAI,SWS,S.W.South-America,0.48038266938336405
CESM2-WACCM,d_vpd_days_p95_HiLLA_minus_SAI,SES,S.E.South-America,1.3845155167656764
CESM2-WACCM,d_vpd_days_p95_HiLLA_minus_SAI,SSA,S.South-America,-1.0712061432658249
CESM2-WACCM,d_vpd_days_p95_HiLLA_minus_SAI,NEU,N.Europe,-1.3651774776605141
CESM2-WACCM,d_vpd_days_p95_HiLLA_minus_SAI,WCE,West&Central-Europe,-0.002051374450849266
CESM2-WACCM,d_vpd_days_p95_HiLLA_minus_SAI,EEU,E.Europe,-3.9680449629984462
CESM2-WACCM,d_vpd_days_p95_HiLLA_minus_SAI,MED,Mediterranean,0.12277464512987689
CESM2-WACCM,d_vpd_days_p95_HiLLA_minus_SAI,SAH,Sahara,3.0819204362583825
CESM2-WACCM,d_vpd_days_p95_HiLLA_minus_SAI,WAF,Western-Africa,1.5545243645478948
CESM2-WACCM,d_vpd_days_p95_HiLLA_minus_SAI,CAF,Central-Africa,2.698274097761885
CESM2-WACCM,d_vpd_days_p95_HiLLA_minus_SAI,NEAF,N.Eastern-Africa,4.628796677712057
CESM2-WACCM,d_vpd_days_p95_HiLLA_minus_SAI,SEAF,S.Eastern-Africa,2.6832380169025307
CESM2-WACCM,d_vpd_days_p95_HiLLA_minus_SAI,WSAF,W.Southern-Africa,-0.13526334090989514
CESM2-WACCM,d_vpd_days_p95_HiLLA_minus_SAI,ESAF,E.Southern-Africa,-0.8737399509610178
CESM2-WACCM,d_vpd_days_p95_HiLLA_minus_SAI,MDG,Madagascar,0.6187934005782731
CESM2-WACCM,d_vpd_days_p95_HiLLA_minus_SAI,RAR,Russian-Arctic,-3.7895245116912983
CESM2-WACCM,d_vpd_days_p95_HiLLA_minus_SAI,WSB,W.Siberia,-6.903824702272466
CESM2-WACCM,d_vpd_days_p95_HiLLA_minus_SAI,ESB,E.Siberia,-4.541311960416302
CESM2-WACCM,d_vpd_days_p95_HiLLA_minus_SAI,RFE,Russian-Far-East,-3.686380892482492
CESM2-WACCM,d_vpd_days_p95_HiLLA_minus_SAI,WCA,W.C.Asia,0.6789626682867281
CESM2-WACCM,d_vpd_days_p95_HiLLA_minus_SAI,ECA,E.C.Asia,-2.0579610373630777
CESM2-WACCM,d_vpd_days_p95_HiLLA_minus_SAI,TIB,Tibetan-Plateau,3.284161336901071
CESM2-WACCM,d_vpd_days_p95_HiLLA_minus_SAI,EAS,E.Asia,0.22602169840245273
CESM2-WACCM,d_vpd_days_p95_HiLLA_minus_SAI,ARP,Arabian-Peninsula,2.393069238078738
CESM2-WACCM,d_vpd_days_p95_HiLLA_minus_SAI,SAS,S.Asia,1.6659294310756738
CESM2-WACCM,d_vpd_days_p95_HiLLA_minus_SAI,SEA,S.E.Asia,-0.014029540200525471
CESM2-WACCM,d_vpd_days_p95_HiLLA_minus_SAI,NAU,N.Australia,-2.0380933099727447
CESM2-WACCM,d_vpd_days_p95_HiLLA_minus_SAI,CAU,C.Australia,-0.3514037754516093
CESM2-WACCM,d_vpd_days_p95_HiLLA_minus_SAI,EAU,E.Australia,-0.8333574568436921
CESM2-WACCM,d_vpd_days_p95_HiLLA_minus_SAI,SAU,S.Australia,1.3310009123138657
CESM2-WACCM,d_vpd_days_p95_HiLLA_minus_SAI,NZ,New-Zealand,-0.413995181883295
CESM2-WACCM,d_vpd_days_p95_HiLLA_minus_SAI,EAN,E.Antarctica,
CESM2-WACCM,d_vpd_days_p95_HiLLA_minus_SAI,WAN,W.Antarctica,
CESM2-WACCM,d_vpd_fs_SAI_minus_target,GIC,Greenland/Iceland,
CESM2-WACCM,d_vpd_fs_SAI_minus_target,NWN,N.W.North-America,0.01517700671365728
CESM2-WACCM,d_vpd_fs_SAI_minus_target,NEN,N.E.North-America,0.00441572176978242
CESM2-WACCM,d_vpd_fs_SAI_minus_target,WNA,W.North-America,-0.1553209517227411
CESM2-WACCM,d_vpd_fs_SAI_minus_target,CNA,C.North-America,-0.17250279170772825
CESM2-WACCM,d_vpd_fs_SAI_minus_target,ENA,E.North-America,-0.03998130614064791
CESM2-WACCM,d_vpd_fs_SAI_minus_target,NCA,N.Central-America,-0.08316461357807668
CESM2-WACCM,d_vpd_fs_SAI_minus_target,SCA,S.Central-America,0.05297990585479692
CESM2-WACCM,d_vpd_fs_SAI_minus_target,CAR,Caribbean,-0.011517949193680491
CESM2-WACCM,d_vpd_fs_SAI_minus_target,NWS,N.W.South-America,-0.009911900054046097
CESM2-WACCM,d_vpd_fs_SAI_minus_target,NSA,N.South-America,0.012325258572407996
CESM2-WACCM,d_vpd_fs_SAI_minus_target,NES,N.E.South-America,-0.038904719617793966
CESM2-WACCM,d_vpd_fs_SAI_minus_target,SAM,South-American-Monsoon,-0.0728887144023496
CESM2-WACCM,d_vpd_fs_SAI_minus_target,SWS,S.W.South-America,-0.007989720545274907
CESM2-WACCM,d_vpd_fs_SAI_minus_target,SES,S.E.South-America,-0.0799451733977746
CESM2-WACCM,d_vpd_fs_SAI_minus_target,SSA,S.South-America,-0.032743103309416946
CESM2-WACCM,d_vpd_fs_SAI_minus_target,NEU,N.Europe,-0.008257747185217382
CESM2-WACCM,d_vpd_fs_SAI_minus_target,WCE,West&Central-Europe,-0.059417862277935087
CESM2-WACCM,d_vpd_fs_SAI_minus_target,EEU,E.Europe,-0.026873967230787943
CESM2-WACCM,d_vpd_fs_SAI_minus_target,MED,Mediterranean,-0.07427560559780874
CESM2-WACCM,d_vpd_fs_SAI_minus_target,SAH,Sahara,-0.012363903712000074
CESM2-WACCM,d_vpd_fs_SAI_minus_target,WAF,Western-Africa,0.09396770374360239
CESM2-WACCM,d_vpd_fs_SAI_minus_target,CAF,Central-Africa,0.09575047639221863
CESM2-WACCM,d_vpd_fs_SAI_minus_target,NEAF,N.Eastern-Africa,0.018581649288163853
CESM2-WACCM,d_vpd_fs_SAI_minus_target,SEAF,S.Eastern-Africa,0.044945485492340925
CESM2-WACCM,d_vpd_fs_SAI_minus_target,WSAF,W.Southern-Africa,0.06016520075699732
CESM2-WACCM,d_vpd_fs_SAI_minus_target,ESAF,E.Southern-Africa,0.08811896789422997
CESM2-WACCM,d_vpd_fs_SAI_minus_target,MDG,Madagascar,0.008382480836558986
CESM2-WACCM,d_vpd_fs_SAI_minus_target,RAR,Russian-Arctic,0.007015215712695896
CESM2-WACCM,d_vpd_fs_SAI_minus_target,WSB,W.Siberia,0.03930842243923804
CESM2-WACCM,d_vpd_fs_SAI_minus_target,ESB,E.Siberia,0.011669981954030245
CESM2-WACCM,d_vpd_fs_SAI_minus_target,RFE,Russian-Far-East,0.01321218878729175
CESM2-WACCM,d_vpd_fs_SAI_minus_target,WCA,W.C.Asia,-0.058061540284693076
CESM2-WACCM,d_vpd_fs_SAI_minus_target,ECA,E.C.Asia,-0.030969024425066233
CESM2-WACCM,d_vpd_fs_SAI_minus_target,TIB,Tibetan-Plateau,0.0012409649347710455
CESM2-WACCM,d_vpd_fs_SAI_minus_target,EAS,E.Asia,0.006411871195582273
CESM2-WACCM,d_vpd_fs_SAI_minus_target,ARP,Arabian-Peninsula,0.001187416118335893
CESM2-WACCM,d_vpd_fs_SAI_minus_target,SAS,S.Asia,0.1049363904962719
CESM2-WACCM,d_vpd_fs_SAI_minus_target,SEA,S.E.Asia,0.07831875667584308
CESM2-WACCM,d_vpd_fs_SAI_minus_target,NAU,N.Australia,0.0348796970798281
CESM2-WACCM,d_vpd_fs_SAI_minus_target,CAU,C.Australia,0.03756534309356927
CESM2-WACCM,d_vpd_fs_SAI_minus_target,EAU,E.Australia,-0.022115400509025534
CESM2-WACCM,d_vpd_fs_SAI_minus_target,SAU,S.Australia,-0.00932131340758234
CESM2-WACCM,d_vpd_fs_SAI_minus_target,NZ,New-Zealand,0.004013681857384004
CESM2-WACCM,d_vpd_fs_SAI_minus_target,EAN,E.Antarctica,
CESM2-WACCM,d_vpd_fs_SAI_minus_target,WAN,W.Antarctica,
CESM2-WACCM,d_pr_fs_SAI_minus_target,GIC,Greenland/Iceland,
CESM2-WACCM,d_pr_fs_SAI_minus_target,NWN,N.W.North-America,-0.024026696048849338
CESM2-WACCM,d_pr_fs_SAI_minus_target,NEN,N.E.North-America,-0.06457422669825622
CESM2-WACCM,d_pr_fs_SAI_minus_target,WNA,W.North-America,0.08271970387644398
CESM2-WACCM,d_pr_fs_SAI_minus_target,CNA,C.North-America,0.08601644390969078
CESM2-WACCM,d_pr_fs_SAI_minus_target,ENA,E.North-America,0.05020913963102531
CESM2-WACCM,d_pr_fs_SAI_minus_target,NCA,N.Central-America,-0.04593010417739935
CESM2-WACCM,d_pr_fs_SAI_minus_target,SCA,S.Central-America,-0.12254879871656071
CESM2-WACCM,d_pr_fs_SAI_minus_target,CAR,Caribbean,0.10204865383189393
CESM2-WACCM,d_pr_fs_SAI_minus_target,NWS,N.W.South-America,0.11133099585960068
CESM2-WACCM,d_pr_fs_SAI_minus_target,NSA,N.South-America,-0.012008722575408222
CESM2-WACCM,d_pr_fs_SAI_minus_target,NES,N.E.South-America,0.14354712510905662
CESM2-WACCM,d_pr_fs_SAI_minus_target,SAM,South-American-Monsoon,0.1454542429768835
CESM2-WACCM,d_pr_fs_SAI_minus_target,SWS,S.W.South-America,0.0023657952673194873
CESM2-WACCM,d_pr_fs_SAI_minus_target,SES,S.E.South-America,0.2300087696127247
CESM2-WACCM,d_pr_fs_SAI_minus_target,SSA,S.South-America,-0.03695321377680332
CESM2-WACCM,d_pr_fs_SAI_minus_target,NEU,N.Europe,-0.0314331908158526
CESM2-WACCM,d_pr_fs_SAI_minus_target,WCE,West&Central-Europe,0.01689120460412474
CESM2-WACCM,d_pr_fs_SAI_minus_target,EEU,E.Europe,0.0426475986435797
CESM2-WACCM,d_pr_fs_SAI_minus_target,MED,Mediterranean,-0.01167887453279977
CESM2-WACCM,d_pr_fs_SAI_minus_target,SAH,Sahara,-0.015727930757826587
CESM2-WACCM,d_pr_fs_SAI_minus_target,WAF,Western-Africa,-0.056956690767113516
CESM2-WACCM,d_pr_fs_SAI_minus_target,CAF,Central-Africa,-0.06477557034175395
CESM2-WACCM,d_pr_fs_SAI_minus_target,NEAF,N.Eastern-Africa,0.035098214742557046
CESM2-WACCM,d_pr_fs_SAI_minus_target,SEAF,S.Eastern-Africa,-0.0025445084535270462
CESM2-WACCM,d_pr_fs_SAI_minus_target,WSAF,W.Southern-Africa,0.014734147454733976
CESM2-WACCM,d_pr_fs_SAI_minus_target,ESAF,E.Southern-Africa,0.06990507104054818
CESM2-WACCM,d_pr_fs_SAI_minus_target,MDG,Madagascar,0.007729788939599125
CESM2-WACCM,d_pr_fs_SAI_minus_target,RAR,Russian-Arctic,-0.021554371340168858
CESM2-WACCM,d_pr_fs_SAI_minus_target,WSB,W.Siberia,-0.07237465675932375
CESM2-WACCM,d_pr_fs_SAI_minus_target,ESB,E.Siberia,-0.14951305044155191
CESM2-WACCM,d_pr_fs_SAI_minus_target,RFE,Russian-Far-East,-0.10393257978820254
CESM2-WACCM,d_pr_fs_SAI_minus_target,WCA,W.C.Asia,-0.019583720059710062
CESM2-WACCM,d_pr_fs_SAI_minus_target,ECA,E.C.Asia,-0.06277945639327645
CESM2-WACCM,d_pr_fs_SAI_minus_target,TIB,Tibetan-Plateau,-0.14254622189872926
CESM2-WACCM,d_pr_fs_SAI_minus_target,EAS,E.Asia,0.020285890065184532
CESM2-WACCM,d_pr_fs_SAI_minus_target,ARP,Arabian-Peninsula,-0.010978588446522547
CESM2-WACCM,d_pr_fs_SAI_minus_target,SAS,S.Asia,-0.13954323031112895
CESM2-WACCM,d_pr_fs_SAI_minus_target,SEA,S.E.Asia,-0.549710818348204
CESM2-WACCM,d_pr_fs_SAI_minus_target,NAU,N.Australia,-0.08846406122358959
CESM2-WACCM,d_pr_fs_SAI_minus_target,CAU,C.Australia,-0.07050462798272139
CESM2-WACCM,d_pr_fs_SAI_minus_target,EAU,E.Australia,-0.04390932156346522
CESM2-WACCM,d_pr_fs_SAI_minus_target,SAU,S.Australia,-6.463034360715274e-05
CESM2-WACCM,d_pr_fs_SAI_minus_target,NZ,New-Zealand,0.06675984390603626
CESM2-WACCM,d_pr_fs_SAI_minus_target,EAN,E.Antarctica,
CESM2-WACCM,d_pr_fs_SAI_minus_target,WAN,W.Antarctica,
CESM2-WACCM,dpct_pr_fs_SAI_minus_target,GIC,Greenland/Iceland,
CESM2-WACCM,dpct_pr_fs_SAI_minus_target,NWN,N.W.North-America,-0.731500048010109
CESM2-WACCM,dpct_pr_fs_SAI_minus_target,NEN,N.E.North-America,-1.809678411516699
CESM2-WACCM,dpct_pr_fs_SAI_minus_target,WNA,W.North-America,14.08895937517949
CESM2-WACCM,dpct_pr_fs_SAI_minus_target,CNA,C.North-America,5.988832617008242
CESM2-WACCM,dpct_pr_fs_SAI_minus_target,ENA,E.North-America,2.4440154361918123
CESM2-WACCM,dpct_pr_fs_SAI_minus_target,NCA,N.Central-America,-4.856671548792217
CESM2-WACCM,dpct_pr_fs_SAI_minus_target,SCA,S.Central-America,-7.484742669669012
CESM2-WACCM,dpct_pr_fs_SAI_minus_target,CAR,Caribbean,8.757857230149376
CESM2-WACCM,dpct_pr_fs_SAI_minus_target,NWS,N.W.South-America,25.191436462894128
CESM2-WACCM,dpct_pr_fs_SAI_minus_target,NSA,N.South-America,17.242112798480633
CESM2-WACCM,dpct_pr_fs_SAI_minus_target,NES,N.E.South-America,51.25681058940572
CESM2-WACCM,dpct_pr_fs_SAI_minus_target,SAM,South-American-Monsoon,67.90679518199059
CESM2-WACCM,dpct_pr_fs_SAI_minus_target,SWS,S.W.South-America,7.054416964766166
CESM2-WACCM,dpct_pr_fs_SAI_minus_target,SES,S.E.South-America,26.949280109677513
CESM2-WACCM,dpct_pr_fs_SAI_minus_target,SSA,S.South-America,3.746630135113267
CESM2-WACCM,dpct_pr_fs_SAI_minus_target,NEU,N.Europe,-1.237715934364207
CESM2-WACCM,dpct_pr_fs_SAI_minus_target,WCE,West&Central-Europe,2.8007120358516833
CESM2-WACCM,dpct_pr_fs_SAI_minus_target,EEU,E.Europe,5.086134717639549
CESM2-WACCM,dpct_pr_fs_SAI_minus_target,MED,Mediterranean,3.1471648256807847
CESM2-WACCM,dpct_pr_fs_SAI_minus_target,SAH,Sahara,-11.945597170645527
CESM2-WACCM,dpct_pr_fs_SAI_minus_target,WAF,Western-Africa,-20.689935074145083
CESM2-WACCM,dpct_pr_fs_SAI_minus_target,CAF,Central-Africa,-5.969788110207013
CESM2-WACCM,dpct_pr_fs_SAI_minus_target,NEAF,N.Eastern-Africa,14.167596914855713
CESM2-WACCM,dpct_pr_fs_SAI_minus_target,SEAF,S.Eastern-Africa,9.017655455293832
CESM2-WACCM,dpct_pr_fs_SAI_minus_target,WSAF,W.Southern-Africa,16.698063499014467
CESM2-WACCM,dpct_pr_fs_SAI_minus_target,ESAF,E.Southern-Africa,16.51117274931928
CESM2-WACCM,dpct_pr_fs_SAI_minus_target,MDG,Madagascar,18.5845913926004
CESM2-WACCM,dpct_pr_fs_SAI_minus_target,RAR,Russian-Arctic,-1.3538239210802927
CESM2-WACCM,dpct_pr_fs_SAI_minus_target,WSB,W.Siberia,-4.721370982497627
CESM2-WACCM,dpct_pr_fs_SAI_minus_target,ESB,E.Siberia,-6.776087275006677
CESM2-WACCM,dpct_pr_fs_SAI_minus_target,RFE,Russian-Far-East,-2.7939201908461846
CESM2-WACCM,dpct_pr_fs_SAI_minus_target,WCA,W.C.Asia,-1.4925259157358435
CESM2-WACCM,dpct_pr_fs_SAI_minus_target,ECA,E.C.Asia,-5.672498091814895
CESM2-WACCM,dpct_pr_fs_SAI_minus_target,TIB,Tibetan-Plateau,-7.981658348095016
CESM2-WACCM,dpct_pr_fs_SAI_minus_target,EAS,E.Asia,-1.1976290885852203
CESM2-WACCM,dpct_pr_fs_SAI_minus_target,ARP,Arabian-Peninsula,-12.815727688848499
CESM2-WACCM,dpct_pr_fs_SAI_minus_target,SAS,S.Asia,-12.773988668707538
CESM2-WACCM,dpct_pr_fs_SAI_minus_target,SEA,S.E.Asia,-16.054155712023924
CESM2-WACCM,dpct_pr_fs_SAI_minus_target,NAU,N.Australia,-25.907234309917566
CESM2-WACCM,dpct_pr_fs_SAI_minus_target,CAU,C.Australia,-9.14656946564414
CESM2-WACCM,dpct_pr_fs_SAI_minus_target,EAU,E.Australia,-4.234218467541344
CESM2-WACCM,dpct_pr_fs_SAI_minus_target,SAU,S.Australia,-0.47012049199060135
CESM2-WACCM,dpct_pr_fs_SAI_minus_target,NZ,New-Zealand,0.8942062862697985
CESM2-WACCM,dpct_pr_fs_SAI_minus_target,EAN,E.Antarctica,
CESM2-WACCM,dpct_pr_fs_SAI_minus_target,WAN,W.Antarctica,
CESM2-WACCM,d_vpd_days_p95_SAI_minus_target,GIC,Greenland/Iceland,
CESM2-WACCM,d_vpd_days_p95_SAI_minus_target,NWN,N.W.North-America,2.6214487805601108
CESM2-WACCM,d_vpd_days_p95_SAI_minus_target,NEN,N.E.North-America,0.9456163854728623
CESM2-WACCM,d_vpd_days_p95_SAI_minus_target,WNA,W.North-America,-6.082483315239934
CESM2-WACCM,d_vpd_days_p95_SAI_minus_target,CNA,C.North-America,-5.414583704993813
CESM2-WACCM,d_vpd_days_p95_SAI_minus_target,ENA,E.North-America,-2.4090082349212176
CESM2-WACCM,d_vpd_days_p95_SAI_minus_target,NCA,N.Central-America,-0.3405271061377986
CESM2-WACCM,d_vpd_days_p95_SAI_minus_target,SCA,S.Central-America,9.305920294112932
CESM2-WACCM,d_vpd_days_p95_SAI_minus_target,CAR,Caribbean,1.8587192296424215
CESM2-WACCM,d_vpd_days_p95_SAI_minus_target,NWS,N.W.South-America,2.8895037634597727
CESM2-WACCM,d_vpd_days_p95_SAI_minus_target,NSA,N.South-America,2.6511547679667857
CESM2-WACCM,d_vpd_days_p95_SAI_minus_target,NES,N.E.South-America,-2.870574392359674
CESM2-WACCM,d_vpd_days_p95_SAI_minus_target,SAM,South-American-Monsoon,-5.333522701368449
CESM2-WACCM,d_vpd_days_p95_SAI_minus_target,SWS,S.W.South-America,1.9258873020722638
CESM2-WACCM,d_vpd_days_p95_SAI_minus_target,SES,S.E.South-America,-4.345153961365135
CESM2-WACCM,d_vpd_days_p95_SAI_minus_target,SSA,S.South-America,-0.8479498153320888
CESM2-WACCM,d_vpd_days_p95_SAI_minus_target,NEU,N.Europe,-1.2794114609262626
CESM2-WACCM,d_vpd_days_p95_SAI_minus_target,WCE,West&Central-Europe,-3.5169813207138314
CESM2-WACCM,d_vpd_days_p95_SAI_minus_target,EEU,E.Europe,-1.2910945775802938
CESM2-WACCM,d_vpd_days_p95_SAI_minus_target,MED,Mediterranean,-3.2015933993175145
CESM2-WACCM,d_vpd_days_p95_SAI_minus_target,SAH,Sahara,3.3528857591794035
CESM2-WACCM,d_vpd_days_p95_SAI_minus_target,WAF,Western-Africa,11.31614779134103
CESM2-WACCM,d_vpd_days_p95_SAI_minus_target,CAF,Central-Africa,12.249906005915365
CESM2-WACCM,d_vpd_days_p95_SAI_minus_target,NEAF,N.Eastern-Africa,3.0223457216203693
CESM2-WACCM,d_vpd_days_p95_SAI_minus_target,SEAF,S.Eastern-Africa,5.10254858807099
CESM2-WACCM,d_vpd_days_p95_SAI_minus_target,WSAF,W.Southern-Africa,5.456624307719121
CESM2-WACCM,d_vpd_days_p95_SAI_minus_target,ESAF,E.Southern-Africa,5.579980218657868
CESM2-WACCM,d_vpd_days_p95_SAI_minus_target,MDG,Madagascar,1.2597576429380322
CESM2-WACCM,d_vpd_days_p95_SAI_minus_target,RAR,Russian-Arctic,1.3016537767208816
CESM2-WACCM,d_vpd_days_p95_SAI_minus_target,WSB,W.Siberia,2.6039311641784058
CESM2-WACCM,d_vpd_days_p95_SAI_minus_target,ESB,E.Siberia,0.6165127886355933
CESM2-WACCM,d_vpd_days_p95_SAI_minus_target,RFE,Russian-Far-East,1.3777399225173779
CESM2-WACCM,d_vpd_days_p95_SAI_minus_target,WCA,W.C.Asia,-2.9810181649881047
CESM2-WACCM,d_vpd_days_p95_SAI_minus_target,ECA,E.C.Asia,-1.6591925677917976
CESM2-WACCM,d_vpd_days_p95_SAI_minus_target,TIB,Tibetan-Plateau,3.1452360905709176
CESM2-WACCM,d_vpd_days_p95_SAI_minus_target,EAS,E.Asia,1.9944548836703817
CESM2-WACCM,d_vpd_days_p95_SAI_minus_target,ARP,Arabian-Peninsula,-0.6261415244869629
CESM2-WACCM,d_vpd_days_p95_SAI_minus_target,SAS,S.Asia,5.706943487313584
CESM2-WACCM,d_vpd_days_p95_SAI_minus_target,SEA,S.E.Asia,10.091223234403081
CESM2-WACCM,d_vpd_days_p95_SAI_minus_target,NAU,N.Australia,2.986394124666112
CESM2-WACCM,d_vpd_days_p95_SAI_minus_target,CAU,C.Australia,2.2119266247501663
CESM2-WACCM,d_vpd_days_p95_SAI_minus_target,EAU,E.Australia,-1.755767956644061
CESM2-WACCM,d_vpd_days_p95_SAI_minus_target,SAU,S.Australia,-1.0620646037660975
CESM2-WACCM,d_vpd_days_p95_SAI_minus_target,NZ,New-Zealand,0.7431222851278964
CESM2-WACCM,d_vpd_days_p95_SAI_minus_target,EAN,E.Antarctica,
CESM2-WACCM,d_vpd_days_p95_SAI_minus_target,WAN,W.Antarctica,
CESM2-WACCM,d_vpd_fs_HiLLA_minus_target,GIC,Greenland/Iceland,
CESM2-WACCM,d_vpd_fs_HiLLA_minus_target,NWN,N.W.North-America,-0.001915144694797993
CESM2-WACCM,d_vpd_fs_HiLLA_minus_target,NEN,N.E.North-America,-0.008328633711167115
CESM2-WACCM,d_vpd_fs_HiLLA_minus_target,WNA,W.North-America,-0.16029299198948202
CESM2-WACCM,d_vpd_fs_HiLLA_minus_target,CNA,C.North-America,-0.15373847030367463
CESM2-WACCM,d_vpd_fs_HiLLA_minus_target,ENA,E.North-America,-0.03344068244749008
CESM2-WACCM,d_vpd_fs_HiLLA_minus_target,NCA,N.Central-America,-0.007102269285228085
CESM2-WACCM,d_vpd_fs_HiLLA_minus_target,SCA,S.Central-America,0.06619613539420849
CESM2-WACCM,d_vpd_fs_HiLLA_minus_target,CAR,Caribbean,0.0005960770947124653
CESM2-WACCM,d_vpd_fs_HiLLA_minus_target,NWS,N.W.South-America,-0.01724275725292198
CESM2-WACCM,d_vpd_fs_HiLLA_minus_target,NSA,N.South-America,0.011213836138025571
CESM2-WACCM,d_vpd_fs_HiLLA_minus_target,NES,N.E.South-America,0.012468969196352297
CESM2-WACCM,d_vpd_fs_HiLLA_minus_target,SAM,South-American-Monsoon,-0.014819992296145274
CESM2-WACCM,d_vpd_fs_HiLLA_minus_target,SWS,S.W.South-America,-0.008961895125898402
CESM2-WACCM,d_vpd_fs_HiLLA_minus_target,SES,S.E.South-America,-0.06077411927764632
CESM2-WACCM,d_vpd_fs_HiLLA_minus_target,SSA,S.South-America,-0.032114734467004254
CESM2-WACCM,d_vpd_fs_HiLLA_minus_target,NEU,N.Europe,-0.01643567217819171
CESM2-WACCM,d_vpd_fs_HiLLA_minus_target,WCE,West&Central-Europe,-0.06926278740255527
CESM2-WACCM,d_vpd_fs_HiLLA_minus_target,EEU,E.Europe,-0.11342362912170925
CESM2-WACCM,d_vpd_fs_HiLLA_minus_target,MED,Mediterranean,-0.07859847354499068
CESM2-WACCM,d_vpd_fs_HiLLA_minus_target,SAH,Sahara,0.047320388840723426
CESM2-WACCM,d_vpd_fs_HiLLA_minus_target,WAF,Western-Africa,0.1361681198817157
CESM2-WACCM,d_vpd_fs_HiLLA_minus_target,CAF,Central-Africa,0.12232969321816622
CESM2-WACCM,d_vpd_fs_HiLLA_minus_target,NEAF,N.Eastern-Africa,0.08393855182585218
CESM2-WACCM,d_vpd_fs_HiLLA_minus_target,SEAF,S.Eastern-Africa,0.04821195354600377
CESM2-WACCM,d_vpd_fs_HiLLA_minus_target,WSAF,W.Southern-Africa,0.08468061158801629
CESM2-WACCM,d_vpd_fs_HiLLA_minus_target,ESAF,E.Southern-Africa,0.09200854667376976
CESM2-WACCM,d_vpd_fs_HiLLA_minus_target,MDG,Madagascar,0.02317554725329638
CESM2-WACCM,d_vpd_fs_HiLLA_minus_target,RAR,Russian-Arctic,-0.00983344798356741
CESM2-WACCM,d_vpd_fs_HiLLA_minus_target,WSB,W.Siberia,-0.07529113361302084
CESM2-WACCM,d_vpd_fs_HiLLA_minus_target,ESB,E.Siberia,-0.022213455717541703
CESM2-WACCM,d_vpd_fs_HiLLA_minus_target,RFE,Russian-Far-East,-0.009403270347348416
CESM2-WACCM,d_vpd_fs_HiLLA_minus_target,WCA,W.C.Asia,-0.08685498413942694
CESM2-WACCM,d_vpd_fs_HiLLA_minus_target,ECA,E.C.Asia,-0.05795813657224993
CESM2-WACCM,d_vpd_fs_HiLLA_minus_target,TIB,Tibetan-Plateau,0.017876344208755512
CESM2-WACCM,d_vpd_fs_HiLLA_minus_target,EAS,E.Asia,0.009746762350846084
CESM2-WACCM,d_vpd_fs_HiLLA_minus_target,ARP,Arabian-Peninsula,0.026506621837352216
CESM2-WACCM,d_vpd_fs_HiLLA_minus_target,SAS,S.Asia,0.1412203490754101
CESM2-WACCM,d_vpd_fs_HiLLA_minus_target,SEA,S.E.Asia,0.057126665943325466
CESM2-WACCM,d_vpd_fs_HiLLA_minus_target,NAU,N.Australia,0.009806495236085769
CESM2-WACCM,d_vpd_fs_HiLLA_minus_target,CAU,C.Australia,-0.00515879490789843
CESM2-WACCM,d_vpd_fs_HiLLA_minus_target,EAU,E.Australia,-0.03880663726751671
CESM2-WACCM,d_vpd_fs_HiLLA_minus_target,SAU,S.Australia,0.004053380976599243
CESM2-WACCM,d_vpd_fs_HiLLA_minus_target,NZ,New-Zealand,-0.0006383811032325271
CESM2-WACCM,d_vpd_fs_HiLLA_minus_target,EAN,E.Antarctica,
CESM2-WACCM,d_vpd_fs_HiLLA_minus_target,WAN,W.Antarctica,
CESM2-WACCM,d_pr_fs_HiLLA_minus_target,GIC,Greenland/Iceland,
CESM2-WACCM,d_pr_fs_HiLLA_minus_target,NWN,N.W.North-America,-0.04317336452854381
CESM2-WACCM,d_pr_fs_HiLLA_minus_target,NEN,N.E.North-America,-0.07297535939972187
CESM2-WACCM,d_pr_fs_HiLLA_minus_target,WNA,W.North-America,0.03884138634739402
CESM2-WACCM,d_pr_fs_HiLLA_minus_target,CNA,C.North-America,0.11453926919279803
CESM2-WACCM,d_pr_fs_HiLLA_minus_target,ENA,E.North-America,0.05796567076639579
CESM2-WACCM,d_pr_fs_HiLLA_minus_target,NCA,N.Central-America,-0.040025494320087666
CESM2-WACCM,d_pr_fs_HiLLA_minus_target,SCA,S.Central-America,-0.09131823230920483
CESM2-WACCM,d_pr_fs_HiLLA_minus_target,CAR,Caribbean,0.15180577984180674
CESM2-WACCM,d_pr_fs_HiLLA_minus_target,NWS,N.W.South-America,0.25251897762604175
CESM2-WACCM,d_pr_fs_HiLLA_minus_target,NSA,N.South-America,0.09373292235152507
CESM2-WACCM,d_pr_fs_HiLLA_minus_target,NES,N.E.South-America,0.18961572244055913
CESM2-WACCM,d_pr_fs_HiLLA_minus_target,SAM,South-American-Monsoon,0.21829057569487642
CESM2-WACCM,d_pr_fs_HiLLA_minus_target,SWS,S.W.South-America,0.0019224535551209427
CESM2-WACCM,d_pr_fs_HiLLA_minus_target,SES,S.E.South-America,0.26979894440321517
CESM2-WACCM,d_pr_fs_HiLLA_minus_target,SSA,S.South-America,-0.10940391700467962
CESM2-WACCM,d_pr_fs_HiLLA_minus_target,NEU,N.Europe,-0.11702626627827083
CESM2-WACCM,d_pr_fs_HiLLA_minus_target,WCE,West&Central-Europe,-0.060301046185499425
CESM2-WACCM,d_pr_fs_HiLLA_minus_target,EEU,E.Europe,0.021821663471077925
CESM2-WACCM,d_pr_fs_HiLLA_minus_target,MED,Mediterranean,-0.023296982977698624
CESM2-WACCM,d_pr_fs_HiLLA_minus_target,SAH,Sahara,-0.021346213035426324
CESM2-WACCM,d_pr_fs_HiLLA_minus_target,WAF,Western-Africa,-0.05969291253342027
CESM2-WACCM,d_pr_fs_HiLLA_minus_target,CAF,Central-Africa,-0.04909123664251305
CESM2-WACCM,d_pr_fs_HiLLA_minus_target,NEAF,N.Eastern-Africa,-0.004005657103411075
CESM2-WACCM,d_pr_fs_HiLLA_minus_target,SEAF,S.Eastern-Africa,0.07005047891099865
CESM2-WACCM,d_pr_fs_HiLLA_minus_target,WSAF,W.Southern-Africa,0.047144575712130224
CESM2-WACCM,d_pr_fs_HiLLA_minus_target,ESAF,E.Southern-Africa,0.17197698476219284
CESM2-WACCM,d_pr_fs_HiLLA_minus_target,MDG,Madagascar,0.08721568358297298
CESM2-WACCM,d_pr_fs_HiLLA_minus_target,RAR,Russian-Arctic,-0.11574917434777031
CESM2-WACCM,d_pr_fs_HiLLA_minus_target,WSB,W.Siberia,-0.02271534388765647
CESM2-WACCM,d_pr_fs_HiLLA_minus_target,ESB,E.Siberia,-0.15196833276402869
CESM2-WACCM,d_pr_fs_HiLLA_minus_target,RFE,Russian-Far-East,-0.09961343822606161
CESM2-WACCM,d_pr_fs_HiLLA_minus_target,WCA,W.C.Asia,-0.021397653164763556
CESM2-WACCM,d_pr_fs_HiLLA_minus_target,ECA,E.C.Asia,-0.043356213757773446
CESM2-WACCM,d_pr_fs_HiLLA_minus_target,TIB,Tibetan-Plateau,-0.09800466290730263
CESM2-WACCM,d_pr_fs_HiLLA_minus_target,EAS,E.Asia,0.17539333847915242
CESM2-WACCM,d_pr_fs_HiLLA_minus_target,ARP,Arabian-Peninsula,-0.006114690983163732
CESM2-WACCM,d_pr_fs_HiLLA_minus_target,SAS,S.Asia,-0.03489981245691004
CESM2-WACCM,d_pr_fs_HiLLA_minus_target,SEA,S.E.Asia,-0.04098866566052323
CESM2-WACCM,d_pr_fs_HiLLA_minus_target,NAU,N.Australia,0.0915937090545513
CESM2-WACCM,d_pr_fs_HiLLA_minus_target,CAU,C.Australia,0.20124326863837813
CESM2-WACCM,d_pr_fs_HiLLA_minus_target,EAU,E.Australia,0.21741409783924073
CESM2-WACCM,d_pr_fs_HiLLA_minus_target,SAU,S.Australia,0.12072021304362171
CESM2-WACCM,d_pr_fs_HiLLA_minus_target,NZ,New-Zealand,0.029257296251265053
CESM2-WACCM,d_pr_fs_HiLLA_minus_target,EAN,E.Antarctica,
CESM2-WACCM,d_pr_fs_HiLLA_minus_target,WAN,W.Antarctica,
CESM2-WACCM,dpct_pr_fs_HiLLA_minus_target,GIC,Greenland/Iceland,
CESM2-WACCM,dpct_pr_fs_HiLLA_minus_target,NWN,N.W.North-America,-1.7638540569984276
CESM2-WACCM,dpct_pr_fs_HiLLA_minus_target,NEN,N.E.North-America,-2.6362634205438003
CESM2-WACCM,dpct_pr_fs_HiLLA_minus_target,WNA,W.North-America,8.62999145267191
CESM2-WACCM,dpct_pr_fs_HiLLA_minus_target,CNA,C.North-America,8.411542117770537
CESM2-WACCM,dpct_pr_fs_HiLLA_minus_target,ENA,E.North-America,2.5386470216818497
CESM2-WACCM,dpct_pr_fs_HiLLA_minus_target,NCA,N.Central-America,-2.592833694738809
CESM2-WACCM,dpct_pr_fs_HiLLA_minus_target,SCA,S.Central-America,-4.074861753135682
CESM2-WACCM,dpct_pr_fs_HiLLA_minus_target,CAR,Caribbean,12.08399153698277
CESM2-WACCM,dpct_pr_fs_HiLLA_minus_target,NWS,N.W.South-America,31.480422955256742
CESM2-WACCM,dpct_pr_fs_HiLLA_minus_target,NSA,N.South-America,26.780970707828715
CESM2-WACCM,dpct_pr_fs_HiLLA_minus_target,NES,N.E.South-America,76.50401011213863
CESM2-WACCM,dpct_pr_fs_HiLLA_minus_target,SAM,South-American-Monsoon,94.519881124766
CESM2-WACCM,dpct_pr_fs_HiLLA_minus_target,SWS,S.W.South-America,15.769415638088553
CESM2-WACCM,dpct_pr_fs_HiLLA_minus_target,SES,S.E.South-America,35.199613750170045
CESM2-WACCM,dpct_pr_fs_HiLLA_minus_target,SSA,S.South-America,-2.047260791605348
CESM2-WACCM,dpct_pr_fs_HiLLA_minus_target,NEU,N.Europe,-5.3833578463415455
CESM2-WACCM,dpct_pr_fs_HiLLA_minus_target,WCE,West&Central-Europe,-3.496581154067859
CESM2-WACCM,dpct_pr_fs_HiLLA_minus_target,EEU,E.Europe,3.3306463290034505
CESM2-WACCM,dpct_pr_fs_HiLLA_minus_target,MED,Mediterranean,-5.5936238770016855
CESM2-WACCM,dpct_pr_fs_HiLLA_minus_target,SAH,Sahara,-17.177368791878763
CESM2-WACCM,dpct_pr_fs_HiLLA_minus_target,WAF,Western-Africa,-19.758500431870395
CESM2-WACCM,dpct_pr_fs_HiLLA_minus_target,CAF,Central-Africa,0.2923052713430021
CESM2-WACCM,dpct_pr_fs_HiLLA_minus_target,NEAF,N.Eastern-Africa,9.508065418097141
CESM2-WACCM,dpct_pr_fs_HiLLA_minus_target,SEAF,S.Eastern-Africa,33.42373442161662
CESM2-WACCM,dpct_pr_fs_HiLLA_minus_target,WSAF,W.Southern-Africa,29.465955483426225
CESM2-WACCM,dpct_pr_fs_HiLLA_minus_target,ESAF,E.Southern-Africa,33.62129681347166
CESM2-WACCM,dpct_pr_fs_HiLLA_minus_target,MDG,Madagascar,26.00962718769023
CESM2-WACCM,dpct_pr_fs_HiLLA_minus_target,RAR,Russian-Arctic,-6.753467430220787
CESM2-WACCM,dpct_pr_fs_HiLLA_minus_target,WSB,W.Siberia,-0.22040404633763874
CESM2-WACCM,dpct_pr_fs_HiLLA_minus_target,ESB,E.Siberia,-6.138635921507049
CESM2-WACCM,dpct_pr_fs_HiLLA_minus_target,RFE,Russian-Far-East,-3.0890415798290936
CESM2-WACCM,dpct_pr_fs_HiLLA_minus_target,WCA,W.C.Asia,-6.367903880937228
CESM2-WACCM,dpct_pr_fs_HiLLA_minus_target,ECA,E.C.Asia,-4.911271422543133
CESM2-WACCM,dpct_pr_fs_HiLLA_minus_target,TIB,Tibetan-Plateau,-4.8755795887157785
CESM2-WACCM,dpct_pr_fs_HiLLA_minus_target,EAS,E.Asia,3.778503182504022
CESM2-WACCM,dpct_pr_fs_HiLLA_minus_target,ARP,Arabian-Peninsula,-3.579562420593383
CESM2-WACCM,dpct_pr_fs_HiLLA_minus_target,SAS,S.Asia,-4.950673248271897
CESM2-WACCM,dpct_pr_fs_HiLLA_minus_target,SEA,S.E.Asia,1.815958758881669
CESM2-WACCM,dpct_pr_fs_HiLLA_minus_target,NAU,N.Australia,29.1415353498148
CESM2-WACCM,dpct_pr_fs_HiLLA_minus_target,CAU,C.Australia,24.93600380991971
CESM2-WACCM,dpct_pr_fs_HiLLA_minus_target,EAU,E.Australia,9.964074590483804
CESM2-WACCM,dpct_pr_fs_HiLLA_minus_target,SAU,S.Australia,11.447817341096068
CESM2-WACCM,dpct_pr_fs_HiLLA_minus_target,NZ,New-Zealand,0.26759301006179625
CESM2-WACCM,dpct_pr_fs_HiLLA_minus_target,EAN,E.Antarctica,
CESM2-WACCM,dpct_pr_fs_HiLLA_minus_target,WAN,W.Antarctica,
CESM2-WACCM,d_vpd_days_p95_HiLLA_minus_target,GIC,Greenland/Iceland,
CESM2-WACCM,d_vpd_days_p95_HiLLA_minus_target,NWN,N.W.North-America,0.004408750945234954
CESM2-WACCM,d_vpd_days_p95_HiLLA_minus_target,NEN,N.E.North-America,-2.9052749366924155
CESM2-WACCM,d_vpd_days_p95_HiLLA_minus_target,WNA,W.North-America,-6.7069897202377335
CESM2-WACCM,d_vpd_days_p95_HiLLA_minus_target,CNA,C.North-America,-4.143995356162185
CESM2-WACCM,d_vpd_days_p95_HiLLA_minus_target,ENA,E.North-America,-2.022649690730443
CESM2-WACCM,d_vpd_days_p95_HiLLA_minus_target,NCA,N.Central-America,2.8267120340692182
CESM2-WACCM,d_vpd_days_p95_HiLLA_minus_target,SCA,S.Central-America,10.46240754143676
CESM2-WACCM,d_vpd_days_p95_HiLLA_minus_target,CAR,Caribbean,4.12477069385673
CESM2-WACCM,d_vpd_days_p95_HiLLA_minus_target,NWS,N.W.South-America,3.0804817951899484
CESM2-WACCM,d_vpd_days_p95_HiLLA_minus_target,NSA,N.South-America,4.7912513785134525
CESM2-WACCM,d_vpd_days_p95_HiLLA_minus_target,NES,N.E.South-America,1.8059650997074108
CESM2-WACCM,d_vpd_days_p95_HiLLA_minus_target,SAM,South-American-Monsoon,-2.0792309220870666
CESM2-WACCM,d_vpd_days_p95_HiLLA_minus_target,SWS,S.W.South-America,2.4062699714556275
CESM2-WACCM,d_vpd_days_p95_HiLLA_minus_target,SES,S.E.South-America,-2.960638444599458
CESM2-WACCM,d_vpd_days_p95_HiLLA_minus_target,SSA,S.South-America,-1.9191559585979143
CESM2-WACCM,d_vpd_days_p95_HiLLA_minus_target,NEU,N.Europe,-2.644588938586777
CESM2-WACCM,d_vpd_days_p95_HiLLA_minus_target,WCE,West&Central-Europe,-3.5190326951646833
CESM2-WACCM,d_vpd_days_p95_HiLLA_minus_target,EEU,E.Europe,-5.25913954057874
CESM2-WACCM,d_vpd_days_p95_HiLLA_minus_target,MED,Mediterranean,-3.0788187541876386
CESM2-WACCM,d_vpd_days_p95_HiLLA_minus_target,SAH,Sahara,6.434806195437785
CESM2-WACCM,d_vpd_days_p95_HiLLA_minus_target,WAF,Western-Africa,12.87067215588892
CESM2-WACCM,d_vpd_days_p95_HiLLA_minus_target,CAF,Central-Africa,14.948180103677249
CESM2-WACCM,d_vpd_days_p95_HiLLA_minus_target,NEAF,N.Eastern-Africa,7.651142399332424
CESM2-WACCM,d_vpd_days_p95_HiLLA_minus_target,SEAF,S.Eastern-Africa,7.78578660497352
CESM2-WACCM,d_vpd_days_p95_HiLLA_minus_target,WSAF,W.Southern-Africa,5.321360966809223
CESM2-WACCM,d_vpd_days_p95_HiLLA_minus_target,ESAF,E.Southern-Africa,4.706240267696849
CESM2-WACCM,d_vpd_days_p95_HiLLA_minus_target,MDG,Madagascar,1.8785510435163053
CESM2-WACCM,d_vpd_days_p95_HiLLA_minus_target,RAR,Russian-Arctic,-2.4878707349704183
CESM2-WACCM,d_vpd_days_p95_HiLLA_minus_target,WSB,W.Siberia,-4.29989353809406
CESM2-WACCM,d_vpd_days_p95_HiLLA_minus_target,ESB,E.Siberia,-3.9247991717807094
CESM2-WACCM,d_vpd_days_p95_HiLLA_minus_target,RFE,Russian-Far-East,-2.308640969965116
CESM2-WACCM,d_vpd_days_p95_HiLLA_minus_target,WCA,W.C.Asia,-2.302055496701379
CESM2-WACCM,d_vpd_days_p95_HiLLA_minus_target,ECA,E.C.Asia,-3.7171536051548735
CESM2-WACCM,d_vpd_days_p95_HiLLA_minus_target,TIB,Tibetan-Plateau,6.429397427471987
CESM2-WACCM,d_vpd_days_p95_HiLLA_minus_target,EAS,E.Asia,2.220476582072835
CESM2-WACCM,d_vpd_days_p95_HiLLA_minus_target,ARP,Arabian-Peninsula,1.7669277135917763
CESM2-WACCM,d_vpd_days_p95_HiLLA_minus_target,SAS,S.Asia,7.372872918389258
CESM2-WACCM,d_vpd_days_p95_HiLLA_minus_target,SEA,S.E.Asia,10.077193694202556
CESM2-WACCM,d_vpd_days_p95_HiLLA_minus_target,NAU,N.Australia,0.9483008146933672
CESM2-WACCM,d_vpd_days_p95_HiLLA_minus_target,CAU,C.Australia,1.8605228492985573
CESM2-WACCM,d_vpd_days_p95_HiLLA_minus_target,EAU,E.Australia,-2.5891254134877526
CESM2-WACCM,d_vpd_days_p95_HiLLA_minus_target,SAU,S.Australia,0.2689363085477683
CESM2-WACCM,d_vpd_days_p95_HiLLA_minus_target,NZ,New-Zealand,0.3291271032446015
CESM2-WACCM,d_vpd_days_p95_HiLLA_minus_target,EAN,E.Antarctica,
CESM2-WACCM,d_vpd_days_p95_HiLLA_minus_target,WAN,W.Antarctica,
CESM2-WACCM,dvpd_fs_T_G6-1.5K-SAI,GIC,Greenland/Iceland,
CESM2-WACCM,dvpd_fs_T_G6-1.5K-SAI,NWN,N.W.North-America,-0.05086739568890881
CESM2-WACCM,dvpd_fs_T_G6-1.5K-SAI,NEN,N.E.North-America,-0.06204707451712199
CESM2-WACCM,dvpd_fs_T_G6-1.5K-SAI,WNA,W.North-America,-0.2346304794886204
CESM2-WACCM,dvpd_fs_T_G6-1.5K-SAI,CNA,C.North-America,-0.26626974557939015
CESM2-WACCM,dvpd_fs_T_G6-1.5K-SAI,ENA,E.North-America,-0.11874120757948947
CESM2-WACCM,dvpd_fs_T_G6-1.5K-SAI,NCA,N.Central-America,-0.20012919596218204
CESM2-WACCM,dvpd_fs_T_G6-1.5K-SAI,SCA,S.Central-America,-0.07309272241968719
CESM2-WACCM,dvpd_fs_T_G6-1.5K-SAI,CAR,Caribbean,-0.0705909837507354
CESM2-WACCM,dvpd_fs_T_G6-1.5K-SAI,NWS,N.W.South-America,-0.06434219376756733
CESM2-WACCM,dvpd_fs_T_G6-1.5K-SAI,NSA,N.South-America,-0.0927485207570155
CESM2-WACCM,dvpd_fs_T_G6-1.5K-SAI,NES,N.E.South-America,-0.13076033069393633
CESM2-WACCM,dvpd_fs_T_G6-1.5K-SAI,SAM,South-American-Monsoon,-0.20774121552243602
CESM2-WACCM,dvpd_fs_T_G6-1.5K-SAI,SWS,S.W.South-America,-0.08360766019739499
CESM2-WACCM,dvpd_fs_T_G6-1.5K-SAI,SES,S.E.South-America,-0.1210298523122373
CESM2-WACCM,dvpd_fs_T_G6-1.5K-SAI,SSA,S.South-America,-0.05719361342872263
CESM2-WACCM,dvpd_fs_T_G6-1.5K-SAI,NEU,N.Europe,-0.0520921391505549
CESM2-WACCM,dvpd_fs_T_G6-1.5K-SAI,WCE,West&Central-Europe,-0.182212816325301
CESM2-WACCM,dvpd_fs_T_G6-1.5K-SAI,EEU,E.Europe,-0.18908639528598856
CESM2-WACCM,dvpd_fs_T_G6-1.5K-SAI,MED,Mediterranean,-0.3135224944717129
CESM2-WACCM,dvpd_fs_T_G6-1.5K-SAI,SAH,Sahara,-0.41389397995651733
CESM2-WACCM,dvpd_fs_T_G6-1.5K-SAI,WAF,Western-Africa,-0.21859422519624186
CESM2-WACCM,dvpd_fs_T_G6-1.5K-SAI,CAF,Central-Africa,-0.13133884329852522
CESM2-WACCM,dvpd_fs_T_G6-1.5K-SAI,NEAF,N.Eastern-Africa,-0.17166438765662267
CESM2-WACCM,dvpd_fs_T_G6-1.5K-SAI,SEAF,S.Eastern-Africa,-0.0865093341362544
CESM2-WACCM,dvpd_fs_T_G6-1.5K-SAI,WSAF,W.Southern-Africa,-0.1650091542002207
CESM2-WACCM,dvpd_fs_T_G6-1.5K-SAI,ESAF,E.Southern-Africa,-0.12032965994206989
CESM2-WACCM,dvpd_fs_T_G6-1.5K-SAI,MDG,Madagascar,-0.07794200897937402
CESM2-WACCM,dvpd_fs_T_G6-1.5K-SAI,RAR,Russian-Arctic,-0.02914702700488141
CESM2-WACCM,dvpd_fs_T_G6-1.5K-SAI,WSB,W.Siberia,-0.15998026788381725
CESM2-WACCM,dvpd_fs_T_G6-1.5K-SAI,ESB,E.Siberia,-0.08057382617319188
CESM2-WACCM,dvpd_fs_T_G6-1.5K-SAI,RFE,Russian-Far-East,-0.05000366665241956
CESM2-WACCM,dvpd_fs_T_G6-1.5K-SAI,WCA,W.C.Asia,-0.37300771532046484
CESM2-WACCM,dvpd_fs_T_G6-1.5K-SAI,ECA,E.C.Asia,-0.21083528445868085
CESM2-WACCM,dvpd_fs_T_G6-1.5K-SAI,TIB,Tibetan-Plateau,-0.0569053240348245
CESM2-WACCM,dvpd_fs_T_G6-1.5K-SAI,EAS,E.Asia,-0.08807633063638749
CESM2-WACCM,dvpd_fs_T_G6-1.5K-SAI,ARP,Arabian-Peninsula,-0.454656930972054
CESM2-WACCM,dvpd_fs_T_G6-1.5K-SAI,SAS,S.Asia,-0.24231870189844815
CESM2-WACCM,dvpd_fs_T_G6-1.5K-SAI,SEA,S.E.Asia,-0.05188122389591095
CESM2-WACCM,dvpd_fs_T_G6-1.5K-SAI,NAU,N.Australia,-0.16311589539809823
CESM2-WACCM,dvpd_fs_T_G6-1.5K-SAI,CAU,C.Australia,-0.2628939308595573
CESM2-WACCM,dvpd_fs_T_G6-1.5K-SAI,EAU,E.Australia,-0.10017158233641728
CESM2-WACCM,dvpd_fs_T_G6-1.5K-SAI,SAU,S.Australia,-0.1513334226739222
CESM2-WACCM,dvpd_fs_T_G6-1.5K-SAI,NZ,New-Zealand,-0.030545339260343737
CESM2-WACCM,dvpd_fs_T_G6-1.5K-SAI,EAN,E.Antarctica,
CESM2-WACCM,dvpd_fs_T_G6-1.5K-SAI,WAN,W.Antarctica,
CESM2-WACCM,dvpd_fs_RH_G6-1.5K-SAI,GIC,Greenland/Iceland,
CESM2-WACCM,dvpd_fs_RH_G6-1.5K-SAI,NWN,N.W.North-America,-0.011497970832476957
CESM2-WACCM,dvpd_fs_RH_G6-1.5K-SAI,NEN,N.E.North-America,-0.04284698069050377
CESM2-WACCM,dvpd_fs_RH_G6-1.5K-SAI,WNA,W.North-America,-0.05889495804869074
CESM2-WACCM,dvpd_fs_RH_G6-1.5K-SAI,CNA,C.North-America,-0.12140385558485792
CESM2-WACCM,dvpd_fs_RH_G6-1.5K-SAI,ENA,E.North-America,-0.027667024769477713
CESM2-WACCM,dvpd_fs_RH_G6-1.5K-SAI,NCA,N.Central-America,-0.06663513491646124
CESM2-WACCM,dvpd_fs_RH_G6-1.5K-SAI,SCA,S.Central-America,-0.03239110536109874
CESM2-WACCM,dvpd_fs_RH_G6-1.5K-SAI,CAR,Caribbean,-0.022901622539287764
CESM2-WACCM,dvpd_fs_RH_G6-1.5K-SAI,NWS,N.W.South-America,-0.02822333303696245
CESM2-WACCM,dvpd_fs_RH_G6-1.5K-SAI,NSA,N.South-America,-0.05428356867306686
CESM2-WACCM,dvpd_fs_RH_G6-1.5K-SAI,NES,N.E.South-America,-0.07336891219612805
CESM2-WACCM,dvpd_fs_RH_G6-1.5K-SAI,SAM,South-American-Monsoon,-0.12617710093351303
CESM2-WACCM,dvpd_fs_RH_G6-1.5K-SAI,SWS,S.W.South-America,-0.012953790230092571
CESM2-WACCM,dvpd_fs_RH_G6-1.5K-SAI,SES,S.E.South-America,-0.037913109909475017
CESM2-WACCM,dvpd_fs_RH_G6-1.5K-SAI,SSA,S.South-America,-0.01389075211130602
CESM2-WACCM,dvpd_fs_RH_G6-1.5K-SAI,NEU,N.Europe,-0.0015048445452699557
CESM2-WACCM,dvpd_fs_RH_G6-1.5K-SAI,WCE,West&Central-Europe,-0.09633372407080751
CESM2-WACCM,dvpd_fs_RH_G6-1.5K-SAI,EEU,E.Europe,-0.07344494179443202
CESM2-WACCM,dvpd_fs_RH_G6-1.5K-SAI,MED,Mediterranean,-0.08907586933164557
CESM2-WACCM,dvpd_fs_RH_G6-1.5K-SAI,SAH,Sahara,-0.011368344100911955
CESM2-WACCM,dvpd_fs_RH_G6-1.5K-SAI,WAF,Western-Africa,0.009470095621457501
CESM2-WACCM,dvpd_fs_RH_G6-1.5K-SAI,CAF,Central-Africa,0.006185859748984388
CESM2-WACCM,dvpd_fs_RH_G6-1.5K-SAI,NEAF,N.Eastern-Africa,0.004977137123080677
CESM2-WACCM,dvpd_fs_RH_G6-1.5K-SAI,SEAF,S.Eastern-Africa,-0.006550575276677378
CESM2-WACCM,dvpd_fs_RH_G6-1.5K-SAI,WSAF,W.Southern-Africa,-0.024598447917472947
CESM2-WACCM,dvpd_fs_RH_G6-1.5K-SAI,ESAF,E.Southern-Africa,-0.04598361780101302
CESM2-WACCM,dvpd_fs_RH_G6-1.5K-SAI,MDG,Madagascar,-0.04413159315472586
CESM2-WACCM,dvpd_fs_RH_G6-1.5K-SAI,RAR,Russian-Arctic,-0.005942831988518797
CESM2-WACCM,dvpd_fs_RH_G6-1.5K-SAI,WSB,W.Siberia,-0.032883321679254555
CESM2-WACCM,dvpd_fs_RH_G6-1.5K-SAI,ESB,E.Siberia,0.0011452288939651383
CESM2-WACCM,dvpd_fs_RH_G6-1.5K-SAI,RFE,Russian-Far-East,0.004087388501573651
CESM2-WACCM,dvpd_fs_RH_G6-1.5K-SAI,WCA,W.C.Asia,-0.03820380353359905
CESM2-WACCM,dvpd_fs_RH_G6-1.5K-SAI,ECA,E.C.Asia,-0.011048906491155478
CESM2-WACCM,dvpd_fs_RH_G6-1.5K-SAI,TIB,Tibetan-Plateau,0.0013384581416470696
CESM2-WACCM,dvpd_fs_RH_G6-1.5K-SAI,EAS,E.Asia,-0.011569651752577466
CESM2-WACCM,dvpd_fs_RH_G6-1.5K-SAI,ARP,Arabian-Peninsula,0.039220653867897956
CESM2-WACCM,dvpd_fs_RH_G6-1.5K-SAI,SAS,S.Asia,0.008476711804050083
CESM2-WACCM,dvpd_fs_RH_G6-1.5K-SAI,SEA,S.E.Asia,0.01279565539656428
CESM2-WACCM,dvpd_fs_RH_G6-1.5K-SAI,NAU,N.Australia,0.05830727803554129
CESM2-WACCM,dvpd_fs_RH_G6-1.5K-SAI,CAU,C.Australia,0.05320974225557215
CESM2-WACCM,dvpd_fs_RH_G6-1.5K-SAI,EAU,E.Australia,0.03354634252737485
CESM2-WACCM,dvpd_fs_RH_G6-1.5K-SAI,SAU,S.Australia,-0.012456981175212921
CESM2-WACCM,dvpd_fs_RH_G6-1.5K-SAI,NZ,New-Zealand,0.0024409662763296707
CESM2-WACCM,dvpd_fs_RH_G6-1.5K-SAI,EAN,E.Antarctica,
CESM2-WACCM,dvpd_fs_RH_G6-1.5K-SAI,WAN,W.Antarctica,
CESM2-WACCM,dvpd_fs_resid_G6-1.5K-SAI,GIC,Greenland/Iceland,
CESM2-WACCM,dvpd_fs_resid_G6-1.5K-SAI,NWN,N.W.North-America,-0.006809851933916629
CESM2-WACCM,dvpd_fs_resid_G6-1.5K-SAI,NEN,N.E.North-America,-0.0004304865941019244
CESM2-WACCM,dvpd_fs_resid_G6-1.5K-SAI,WNA,W.North-America,-0.0036420167187803266
CESM2-WACCM,dvpd_fs_resid_G6-1.5K-SAI,CNA,C.North-America,-0.008820460333467695
CESM2-WACCM,dvpd_fs_resid_G6-1.5K-SAI,ENA,E.North-America,-0.008240747841839086
CESM2-WACCM,dvpd_fs_resid_G6-1.5K-SAI,NCA,N.Central-America,-0.00205032010286287
CESM2-WACCM,dvpd_fs_resid_G6-1.5K-SAI,SCA,S.Central-America,-0.000217176511964738
CESM2-WACCM,dvpd_fs_resid_G6-1.5K-SAI,CAR,Caribbean,0.0006974335485981806
CESM2-WACCM,dvpd_fs_resid_G6-1.5K-SAI,NWS,N.W.South-America,-0.0008254965346755145
CESM2-WACCM,dvpd_fs_resid_G6-1.5K-SAI,NSA,N.South-America,-0.00023934178105428078
CESM2-WACCM,dvpd_fs_resid_G6-1.5K-SAI,NES,N.E.South-America,0.0005690817560633872
CESM2-WACCM,dvpd_fs_resid_G6-1.5K-SAI,SAM,South-American-Monsoon,0.008582050746270248
CESM2-WACCM,dvpd_fs_resid_G6-1.5K-SAI,SWS,S.W.South-America,-0.0031330895899354103
CESM2-WACCM,dvpd_fs_resid_G6-1.5K-SAI,SES,S.E.South-America,-0.004351153207706267
CESM2-WACCM,dvpd_fs_resid_G6-1.5K-SAI,SSA,S.South-America,-0.003763325888549774
CESM2-WACCM,dvpd_fs_resid_G6-1.5K-SAI,NEU,N.Europe,-0.005313305834030319
CESM2-WACCM,dvpd_fs_resid_G6-1.5K-SAI,WCE,West&Central-Europe,-0.002629304331156918
CESM2-WACCM,dvpd_fs_resid_G6-1.5K-SAI,EEU,E.Europe,-0.0048389875433726475
CESM2-WACCM,dvpd_fs_resid_G6-1.5K-SAI,MED,Mediterranean,0.002209734772077796
CESM2-WACCM,dvpd_fs_resid_G6-1.5K-SAI,SAH,Sahara,-0.0011464565496492366
CESM2-WACCM,dvpd_fs_resid_G6-1.5K-SAI,WAF,Western-Africa,-0.0022548840518233993
CESM2-WACCM,dvpd_fs_resid_G6-1.5K-SAI,CAF,Central-Africa,-0.0021909481158690876
CESM2-WACCM,dvpd_fs_resid_G6-1.5K-SAI,NEAF,N.Eastern-Africa,-0.0026419158783160404
CESM2-WACCM,dvpd_fs_resid_G6-1.5K-SAI,SEAF,S.Eastern-Africa,-0.001242799571981807
CESM2-WACCM,dvpd_fs_resid_G6-1.5K-SAI,WSAF,W.Southern-Africa,-0.0012981370674037878
CESM2-WACCM,dvpd_fs_resid_G6-1.5K-SAI,ESAF,E.Southern-Africa,-0.0002519926594584967
CESM2-WACCM,dvpd_fs_resid_G6-1.5K-SAI,MDG,Madagascar,-0.00017893877109477732
CESM2-WACCM,dvpd_fs_resid_G6-1.5K-SAI,RAR,Russian-Arctic,-0.006773859708960395
CESM2-WACCM,dvpd_fs_resid_G6-1.5K-SAI,WSB,W.Siberia,-0.005804469417833514
CESM2-WACCM,dvpd_fs_resid_G6-1.5K-SAI,ESB,E.Siberia,-0.0063482176144516655
CESM2-WACCM,dvpd_fs_resid_G6-1.5K-SAI,RFE,Russian-Far-East,-0.004058584613258936
CESM2-WACCM,dvpd_fs_resid_G6-1.5K-SAI,WCA,W.C.Asia,-0.0008959916578259437
CESM2-WACCM,dvpd_fs_resid_G6-1.5K-SAI,ECA,E.C.Asia,-0.005936238509171265
CESM2-WACCM,dvpd_fs_resid_G6-1.5K-SAI,TIB,Tibetan-Plateau,-0.0008180413231575209
CESM2-WACCM,dvpd_fs_resid_G6-1.5K-SAI,EAS,E.Asia,-0.005144768224575205
CESM2-WACCM,dvpd_fs_resid_G6-1.5K-SAI,ARP,Arabian-Peninsula,-0.009406272895635535
CESM2-WACCM,dvpd_fs_resid_G6-1.5K-SAI,SAS,S.Asia,-0.012933248887669323
CESM2-WACCM,dvpd_fs_resid_G6-1.5K-SAI,SEA,S.E.Asia,-0.003709136756086617
CESM2-WACCM,dvpd_fs_resid_G6-1.5K-SAI,NAU,N.Australia,-0.009091748343153043
CESM2-WACCM,dvpd_fs_resid_G6-1.5K-SAI,CAU,C.Australia,-0.01657100125646973
CESM2-WACCM,dvpd_fs_resid_G6-1.5K-SAI,EAU,E.Australia,-0.0074134588724050305
CESM2-WACCM,dvpd_fs_resid_G6-1.5K-SAI,SAU,S.Australia,-0.011726459216176498
CESM2-WACCM,dvpd_fs_resid_G6-1.5K-SAI,NZ,New-Zealand,-0.000454180310353578
CESM2-WACCM,dvpd_fs_resid_G6-1.5K-SAI,EAN,E.Antarctica,
CESM2-WACCM,dvpd_fs_resid_G6-1.5K-SAI,WAN,W.Antarctica,
CESM2-WACCM,dvpd_fs_T_G6-1.5K-HiLLA,GIC,Greenland/Iceland,
CESM2-WACCM,dvpd_fs_T_G6-1.5K-HiLLA,NWN,N.W.North-America,-0.06316557573058436
CESM2-WACCM,dvpd_fs_T_G6-1.5K-HiLLA,NEN,N.E.North-America,-0.07019903955727651
CESM2-WACCM,dvpd_fs_T_G6-1.5K-HiLLA,WNA,W.North-America,-0.25254249644878674
CESM2-WACCM,dvpd_fs_T_G6-1.5K-HiLLA,CNA,C.North-America,-0.27055986434171864
CESM2-WACCM,dvpd_fs_T_G6-1.5K-HiLLA,ENA,E.North-America,-0.12090183664342337
CESM2-WACCM,dvpd_fs_T_G6-1.5K-HiLLA,NCA,N.Central-America,-0.15566479262342103
CESM2-WACCM,dvpd_fs_T_G6-1.5K-HiLLA,SCA,S.Central-America,-0.06192154446348508
CESM2-WACCM,dvpd_fs_T_G6-1.5K-HiLLA,CAR,Caribbean,-0.0589102871623125
CESM2-WACCM,dvpd_fs_T_G6-1.5K-HiLLA,NWS,N.W.South-America,-0.05844295910510313
CESM2-WACCM,dvpd_fs_T_G6-1.5K-HiLLA,NSA,N.South-America,-0.08414926710058461
CESM2-WACCM,dvpd_fs_T_G6-1.5K-HiLLA,NES,N.E.South-America,-0.10031465000506724
CESM2-WACCM,dvpd_fs_T_G6-1.5K-HiLLA,SAM,South-American-Monsoon,-0.15856145895519266
CESM2-WACCM,dvpd_fs_T_G6-1.5K-HiLLA,SWS,S.W.South-America,-0.08033177871580235
CESM2-WACCM,dvpd_fs_T_G6-1.5K-HiLLA,SES,S.E.South-America,-0.10273983389509057
CESM2-WACCM,dvpd_fs_T_G6-1.5K-HiLLA,SSA,S.South-America,-0.06412077831533457
CESM2-WACCM,dvpd_fs_T_G6-1.5K-HiLLA,NEU,N.Europe,-0.058959286798945
CESM2-WACCM,dvpd_fs_T_G6-1.5K-HiLLA,WCE,West&Central-Europe,-0.19829590541875672
CESM2-WACCM,dvpd_fs_T_G6-1.5K-HiLLA,EEU,E.Europe,-0.24274491253361694
CESM2-WACCM,dvpd_fs_T_G6-1.5K-HiLLA,MED,Mediterranean,-0.3232084983823603
CESM2-WACCM,dvpd_fs_T_G6-1.5K-HiLLA,SAH,Sahara,-0.364950371281197
CESM2-WACCM,dvpd_fs_T_G6-1.5K-HiLLA,WAF,Western-Africa,-0.1813426444065657
CESM2-WACCM,dvpd_fs_T_G6-1.5K-HiLLA,CAF,Central-Africa,-0.11327597107269546
CESM2-WACCM,dvpd_fs_T_G6-1.5K-HiLLA,NEAF,N.Eastern-Africa,-0.14024842886779534
CESM2-WACCM,dvpd_fs_T_G6-1.5K-HiLLA,SEAF,S.Eastern-Africa,-0.07488445326370205
CESM2-WACCM,dvpd_fs_T_G6-1.5K-HiLLA,WSAF,W.Southern-Africa,-0.13798720221096775
CESM2-WACCM,dvpd_fs_T_G6-1.5K-HiLLA,ESAF,E.Southern-Africa,-0.10338386874380161
CESM2-WACCM,dvpd_fs_T_G6-1.5K-HiLLA,MDG,Madagascar,-0.06336875915757191
CESM2-WACCM,dvpd_fs_T_G6-1.5K-HiLLA,RAR,Russian-Arctic,-0.03971236971128389
CESM2-WACCM,dvpd_fs_T_G6-1.5K-HiLLA,WSB,W.Siberia,-0.2220162355355181
CESM2-WACCM,dvpd_fs_T_G6-1.5K-HiLLA,ESB,E.Siberia,-0.0980900663337431
CESM2-WACCM,dvpd_fs_T_G6-1.5K-HiLLA,RFE,Russian-Far-East,-0.0660221984382372
CESM2-WACCM,dvpd_fs_T_G6-1.5K-HiLLA,WCA,W.C.Asia,-0.40395397642480657
CESM2-WACCM,dvpd_fs_T_G6-1.5K-HiLLA,ECA,E.C.Asia,-0.23103288710269657
CESM2-WACCM,dvpd_fs_T_G6-1.5K-HiLLA,TIB,Tibetan-Plateau,-0.04297033745127099
CESM2-WACCM,dvpd_fs_T_G6-1.5K-HiLLA,EAS,E.Asia,-0.08339601373581086
CESM2-WACCM,dvpd_fs_T_G6-1.5K-HiLLA,ARP,Arabian-Peninsula,-0.4414776473212744
CESM2-WACCM,dvpd_fs_T_G6-1.5K-HiLLA,SAS,S.Asia,-0.1873882041593194
CESM2-WACCM,dvpd_fs_T_G6-1.5K-HiLLA,SEA,S.E.Asia,-0.04761120338434906
CESM2-WACCM,dvpd_fs_T_G6-1.5K-HiLLA,NAU,N.Australia,-0.1270844160535098
CESM2-WACCM,dvpd_fs_T_G6-1.5K-HiLLA,CAU,C.Australia,-0.2166974854134633
CESM2-WACCM,dvpd_fs_T_G6-1.5K-HiLLA,EAU,E.Australia,-0.08371926551326132
CESM2-WACCM,dvpd_fs_T_G6-1.5K-HiLLA,SAU,S.Australia,-0.12426997621702005
CESM2-WACCM,dvpd_fs_T_G6-1.5K-HiLLA,NZ,New-Zealand,-0.03353957174578168
CESM2-WACCM,dvpd_fs_T_G6-1.5K-HiLLA,EAN,E.Antarctica,
CESM2-WACCM,dvpd_fs_T_G6-1.5K-HiLLA,WAN,W.Antarctica,
CESM2-WACCM,dvpd_fs_RH_G6-1.5K-HiLLA,GIC,Greenland/Iceland,
CESM2-WACCM,dvpd_fs_RH_G6-1.5K-HiLLA,NWN,N.W.North-America,-0.01667141831799508
CESM2-WACCM,dvpd_fs_RH_G6-1.5K-HiLLA,NEN,N.E.North-America,-0.04856326643467583
CESM2-WACCM,dvpd_fs_RH_G6-1.5K-HiLLA,WNA,W.North-America,-0.04605021461356057
CESM2-WACCM,dvpd_fs_RH_G6-1.5K-HiLLA,CNA,C.North-America,-0.09812820352210395
CESM2-WACCM,dvpd_fs_RH_G6-1.5K-HiLLA,ENA,E.North-America,-0.018217007930157295
CESM2-WACCM,dvpd_fs_RH_G6-1.5K-HiLLA,NCA,N.Central-America,-0.03652683505075678
CESM2-WACCM,dvpd_fs_RH_G6-1.5K-HiLLA,SCA,S.Central-America,-0.03072305761627671
CESM2-WACCM,dvpd_fs_RH_G6-1.5K-HiLLA,CAR,Caribbean,-0.022083008129794624
CESM2-WACCM,dvpd_fs_RH_G6-1.5K-HiLLA,NWS,N.W.South-America,-0.04404443518682007
CESM2-WACCM,dvpd_fs_RH_G6-1.5K-HiLLA,NSA,N.South-America,-0.06906132178099009
CESM2-WACCM,dvpd_fs_RH_G6-1.5K-HiLLA,NES,N.E.South-America,-0.05553200838278605
CESM2-WACCM,dvpd_fs_RH_G6-1.5K-HiLLA,SAM,South-American-Monsoon,-0.119533429232558
CESM2-WACCM,dvpd_fs_RH_G6-1.5K-HiLLA,SWS,S.W.South-America,-0.018797618805650663
CESM2-WACCM,dvpd_fs_RH_G6-1.5K-HiLLA,SES,S.E.South-America,-0.039930582523776036
CESM2-WACCM,dvpd_fs_RH_G6-1.5K-HiLLA,SSA,S.South-America,-0.006739915126982492
CESM2-WACCM,dvpd_fs_RH_G6-1.5K-HiLLA,NEU,N.Europe,-0.0027775138801854607
CESM2-WACCM,dvpd_fs_RH_G6-1.5K-HiLLA,WCE,West&Central-Europe,-0.0932212872121005
CESM2-WACCM,dvpd_fs_RH_G6-1.5K-HiLLA,EEU,E.Europe,-0.1092474823529727
CESM2-WACCM,dvpd_fs_RH_G6-1.5K-HiLLA,MED,Mediterranean,-0.08477447559640662
CESM2-WACCM,dvpd_fs_RH_G6-1.5K-HiLLA,SAH,Sahara,-0.0016181841393646203
CESM2-WACCM,dvpd_fs_RH_G6-1.5K-HiLLA,WAF,Western-Africa,0.014061885837704471
CESM2-WACCM,dvpd_fs_RH_G6-1.5K-HiLLA,CAF,Central-Africa,0.014077172592315895
CESM2-WACCM,dvpd_fs_RH_G6-1.5K-HiLLA,NEAF,N.Eastern-Africa,0.041083711792529926
CESM2-WACCM,dvpd_fs_RH_G6-1.5K-HiLLA,SEAF,S.Eastern-Africa,-0.016429224058908242
CESM2-WACCM,dvpd_fs_RH_G6-1.5K-HiLLA,WSAF,W.Southern-Africa,-0.027231394644889183
CESM2-WACCM,dvpd_fs_RH_G6-1.5K-HiLLA,ESAF,E.Southern-Africa,-0.06200465599764917
CESM2-WACCM,dvpd_fs_RH_G6-1.5K-HiLLA,MDG,Madagascar,-0.04397352218975235
CESM2-WACCM,dvpd_fs_RH_G6-1.5K-HiLLA,RAR,Russian-Arctic,-0.010941678570444016
CESM2-WACCM,dvpd_fs_RH_G6-1.5K-HiLLA,WSB,W.Siberia,-0.08768249303969898
CESM2-WACCM,dvpd_fs_RH_G6-1.5K-HiLLA,ESB,E.Siberia,-0.013410425765729492
CESM2-WACCM,dvpd_fs_RH_G6-1.5K-HiLLA,RFE,Russian-Far-East,-0.0007151675242185013
CESM2-WACCM,dvpd_fs_RH_G6-1.5K-HiLLA,WCA,W.C.Asia,-0.03752542359939276
CESM2-WACCM,dvpd_fs_RH_G6-1.5K-HiLLA,ECA,E.C.Asia,-0.021001050391633067
CESM2-WACCM,dvpd_fs_RH_G6-1.5K-HiLLA,TIB,Tibetan-Plateau,0.0034597847829618104
CESM2-WACCM,dvpd_fs_RH_G6-1.5K-HiLLA,EAS,E.Asia,-0.014423555051960938
CESM2-WACCM,dvpd_fs_RH_G6-1.5K-HiLLA,ARP,Arabian-Peninsula,0.05204559159609514
CESM2-WACCM,dvpd_fs_RH_G6-1.5K-HiLLA,SAS,S.Asia,-0.01854641848395421
CESM2-WACCM,dvpd_fs_RH_G6-1.5K-HiLLA,SEA,S.E.Asia,-0.015120182867068021
CESM2-WACCM,dvpd_fs_RH_G6-1.5K-HiLLA,NAU,N.Australia,-0.010000576442900156
CESM2-WACCM,dvpd_fs_RH_G6-1.5K-HiLLA,CAU,C.Australia,-0.048836259314642444
CESM2-WACCM,dvpd_fs_RH_G6-1.5K-HiLLA,EAU,E.Australia,-0.001735175087535719
CESM2-WACCM,dvpd_fs_RH_G6-1.5K-HiLLA,SAU,S.Australia,-0.030909125779689035
CESM2-WACCM,dvpd_fs_RH_G6-1.5K-HiLLA,NZ,New-Zealand,0.0012827197460383395
CESM2-WACCM,dvpd_fs_RH_G6-1.5K-HiLLA,EAN,E.Antarctica,
CESM2-WACCM,dvpd_fs_RH_G6-1.5K-HiLLA,WAN,W.Antarctica,
CESM2-WACCM,dvpd_fs_resid_G6-1.5K-HiLLA,GIC,Greenland/Iceland,
CESM2-WACCM,dvpd_fs_resid_G6-1.5K-HiLLA,NWN,N.W.North-America,-0.006430375815178199
CESM2-WACCM,dvpd_fs_resid_G6-1.5K-HiLLA,NEN,N.E.North-America,0.000693408709275158
CESM2-WACCM,dvpd_fs_resid_G6-1.5K-HiLLA,WNA,W.North-America,-0.0035467834604851326
CESM2-WACCM,dvpd_fs_resid_G6-1.5K-HiLLA,CNA,C.North-America,-0.00904167222983951
CESM2-WACCM,dvpd_fs_resid_G6-1.5K-HiLLA,ENA,E.North-America,-0.008989511924067778
CESM2-WACCM,dvpd_fs_resid_G6-1.5K-HiLLA,NCA,N.Central-America,-0.0005606790144797647
CESM2-WACCM,dvpd_fs_resid_G6-1.5K-HiLLA,SCA,S.Central-America,0.00015982732642264588
CESM2-WACCM,dvpd_fs_resid_G6-1.5K-HiLLA,CAR,Caribbean,0.0003121488390751103
CESM2-WACCM,dvpd_fs_resid_G6-1.5K-HiLLA,NWS,N.W.South-America,0.0017655137538420428
CESM2-WACCM,dvpd_fs_resid_G6-1.5K-HiLLA,NSA,N.South-America,0.004827735236055631
CESM2-WACCM,dvpd_fs_resid_G6-1.5K-HiLLA,NES,N.E.South-America,0.003660186067998567
CESM2-WACCM,dvpd_fs_resid_G6-1.5K-HiLLA,SAM,South-American-Monsoon,0.010827344584276238
CESM2-WACCM,dvpd_fs_resid_G6-1.5K-HiLLA,SWS,S.W.South-America,-0.0015373170765934335
CESM2-WACCM,dvpd_fs_resid_G6-1.5K-HiLLA,SES,S.E.South-America,-0.0014526448904237503
CESM2-WACCM,dvpd_fs_resid_G6-1.5K-HiLLA,SSA,S.South-America,-0.003358629143848679
CESM2-WACCM,dvpd_fs_resid_G6-1.5K-HiLLA,NEU,N.Europe,-0.005351413843699043
CESM2-WACCM,dvpd_fs_resid_G6-1.5K-HiLLA,WCE,West&Central-Europe,0.0004964227789716054
CESM2-WACCM,dvpd_fs_resid_G6-1.5K-HiLLA,EEU,E.Europe,-0.0019275916281249238
CESM2-WACCM,dvpd_fs_resid_G6-1.5K-HiLLA,MED,Mediterranean,0.003271477000304588
CESM2-WACCM,dvpd_fs_resid_G6-1.5K-HiLLA,SAH,Sahara,-0.00015593263379351546
CESM2-WACCM,dvpd_fs_resid_G6-1.5K-HiLLA,WAF,Western-Africa,-0.0018978389196332172
CESM2-WACCM,dvpd_fs_resid_G6-1.5K-HiLLA,CAF,Central-Africa,-0.0015659163590826942
CESM2-WACCM,dvpd_fs_resid_G6-1.5K-HiLLA,NEAF,N.Eastern-Africa,-0.0048075467989043275
CESM2-WACCM,dvpd_fs_resid_G6-1.5K-HiLLA,SEAF,S.Eastern-Africa,0.0002774363913595354
CESM2-WACCM,dvpd_fs_resid_G6-1.5K-HiLLA,WSAF,W.Southern-Africa,-0.0011717314982215314
CESM2-WACCM,dvpd_fs_resid_G6-1.5K-HiLLA,ESAF,E.Southern-Africa,0.0027128331184491914
CESM2-WACCM,dvpd_fs_resid_G6-1.5K-HiLLA,MDG,Madagascar,-0.00011719314113301428
CESM2-WACCM,dvpd_fs_resid_G6-1.5K-HiLLA,RAR,Russian-Arctic,-0.008058334116895969
CESM2-WACCM,dvpd_fs_resid_G6-1.5K-HiLLA,WSB,W.Siberia,-0.0035688864579469055
CESM2-WACCM,dvpd_fs_resid_G6-1.5K-HiLLA,ESB,E.Siberia,-0.008159760465777797
CESM2-WACCM,dvpd_fs_resid_G6-1.5K-HiLLA,RFE,Russian-Far-East,-0.005852955936289312
CESM2-WACCM,dvpd_fs_resid_G6-1.5K-HiLLA,WCA,W.C.Asia,0.0005784456575755971
CESM2-WACCM,dvpd_fs_resid_G6-1.5K-HiLLA,ECA,E.C.Asia,-0.002775604111861443
CESM2-WACCM,dvpd_fs_resid_G6-1.5K-HiLLA,TIB,Tibetan-Plateau,-0.0002389752740412971
CESM2-WACCM,dvpd_fs_resid_G6-1.5K-HiLLA,EAS,E.Asia,-0.003636290670504558
CESM2-WACCM,dvpd_fs_resid_G6-1.5K-HiLLA,ARP,Arabian-Peninsula,-0.010091288555596047
CESM2-WACCM,dvpd_fs_resid_G6-1.5K-HiLLA,SAS,S.Asia,-0.004556657759655548
CESM2-WACCM,dvpd_fs_resid_G6-1.5K-HiLLA,SEA,S.E.Asia,-0.0012554097365338561
CESM2-WACCM,dvpd_fs_resid_G6-1.5K-HiLLA,NAU,N.Australia,-0.0018885750530423554
CESM2-WACCM,dvpd_fs_resid_G6-1.5K-HiLLA,CAU,C.Australia,-0.003445583133816777
CESM2-WACCM,dvpd_fs_resid_G6-1.5K-HiLLA,EAU,E.Australia,-0.005275494839141584
CESM2-WACCM,dvpd_fs_resid_G6-1.5K-HiLLA,SAU,S.Australia,-0.006963066684420957
CESM2-WACCM,dvpd_fs_resid_G6-1.5K-HiLLA,NZ,New-Zealand,-0.0009537642552408342
CESM2-WACCM,dvpd_fs_resid_G6-1.5K-HiLLA,EAN,E.Antarctica,
CESM2-WACCM,dvpd_fs_resid_G6-1.5K-HiLLA,WAN,W.Antarctica,
MIROC-ES2H,vpd_fs_target,GIC,Greenland/Iceland,
MIROC-ES2H,vpd_fs_target,NWN,N.W.North-America,0.5160193653551223
MIROC-ES2H,vpd_fs_target,NEN,N.E.North-America,0.4476149208371836
MIROC-ES2H,vpd_fs_target,WNA,W.North-America,1.6807847059464338
MIROC-ES2H,vpd_fs_target,CNA,C.North-America,1.9101458009117054
MIROC-ES2H,vpd_fs_target,ENA,E.North-America,0.8460409558530682
MIROC-ES2H,vpd_fs_target,NCA,N.Central-America,2.419159473406304
MIROC-ES2H,vpd_fs_target,SCA,S.Central-America,1.3575510202387326
MIROC-ES2H,vpd_fs_target,CAR,Caribbean,1.5705952186456642
MIROC-ES2H,vpd_fs_target,NWS,N.W.South-America,0.7657731750039846
MIROC-ES2H,vpd_fs_target,NSA,N.South-America,1.5368451221378423
MIROC-ES2H,vpd_fs_target,NES,N.E.South-America,2.1659029651702078
MIROC-ES2H,vpd_fs_target,SAM,South-American-Monsoon,1.583457717345796
MIROC-ES2H,vpd_fs_target,SWS,S.W.South-America,1.0814541919072018
MIROC-ES2H,vpd_fs_target,SES,S.E.South-America,1.4343668758592145
MIROC-ES2H,vpd_fs_target,SSA,S.South-America,0.7723683891825235
MIROC-ES2H,vpd_fs_target,NEU,N.Europe,0.6013187129516475
MIROC-ES2H,vpd_fs_target,WCE,West&Central-Europe,1.399626621044454
MIROC-ES2H,vpd_fs_target,EEU,E.Europe,1.865149556665719
MIROC-ES2H,vpd_fs_target,MED,Mediterranean,3.0495369213902377
MIROC-ES2H,vpd_fs_target,SAH,Sahara,4.962741788521445
MIROC-ES2H,vpd_fs_target,WAF,Western-Africa,2.457220185984158
MIROC-ES2H,vpd_fs_target,CAF,Central-Africa,1.5990117586646224
MIROC-ES2H,vpd_fs_target,NEAF,N.Eastern-Africa,2.600758037189314
MIROC-ES2H,vpd_fs_target,SEAF,S.Eastern-Africa,1.4562775217192527
MIROC-ES2H,vpd_fs_target,WSAF,W.Southern-Africa,2.168710864848932
MIROC-ES2H,vpd_fs_target,ESAF,E.Southern-Africa,1.7211031454739902
MIROC-ES2H,vpd_fs_target,MDG,Madagascar,1.0656052088391306
MIROC-ES2H,vpd_fs_target,RAR,Russian-Arctic,0.2553153727675929
MIROC-ES2H,vpd_fs_target,WSB,W.Siberia,1.7331391712523252
MIROC-ES2H,vpd_fs_target,ESB,E.Siberia,0.6760474453775732
MIROC-ES2H,vpd_fs_target,RFE,Russian-Far-East,0.3290862797457424
MIROC-ES2H,vpd_fs_target,WCA,W.C.Asia,4.612159987506742
MIROC-ES2H,vpd_fs_target,ECA,E.C.Asia,2.1094974045732804
MIROC-ES2H,vpd_fs_target,TIB,Tibetan-Plateau,0.43521289954616077
MIROC-ES2H,vpd_fs_target,EAS,E.Asia,0.5632659838693929
MIROC-ES2H,vpd_fs_target,ARP,Arabian-Peninsula,6.146983079434183
MIROC-ES2H,vpd_fs_target,SAS,S.Asia,2.6167897173272285
MIROC-ES2H,vpd_fs_target,SEA,S.E.Asia,0.907607951886897
MIROC-ES2H,vpd_fs_target,NAU,N.Australia,2.4407319206114177
MIROC-ES2H,vpd_fs_target,CAU,C.Australia,3.3714732982337052
MIROC-ES2H,vpd_fs_target,EAU,E.Australia,1.8080103428878882
MIROC-ES2H,vpd_fs_target,SAU,S.Australia,2.427828654561463
MIROC-ES2H,vpd_fs_target,NZ,New-Zealand,0.4784589435561367
MIROC-ES2H,vpd_fs_target,EAN,E.Antarctica,
MIROC-ES2H,vpd_fs_target,WAN,W.Antarctica,
MIROC-ES2H,pr_fs_target,GIC,Greenland/Iceland,
MIROC-ES2H,pr_fs_target,NWN,N.W.North-America,2.426416731792344
MIROC-ES2H,pr_fs_target,NEN,N.E.North-America,2.2027693783990037
MIROC-ES2H,pr_fs_target,WNA,W.North-America,1.1974284104923933
MIROC-ES2H,pr_fs_target,CNA,C.North-America,2.162993247202225
MIROC-ES2H,pr_fs_target,ENA,E.North-America,3.673716445109018
MIROC-ES2H,pr_fs_target,NCA,N.Central-America,1.096113936256872
MIROC-ES2H,pr_fs_target,SCA,S.Central-America,1.7088270833837684
MIROC-ES2H,pr_fs_target,CAR,Caribbean,1.5027606788241432
MIROC-ES2H,pr_fs_target,NWS,N.W.South-America,4.069038796056466
MIROC-ES2H,pr_fs_target,NSA,N.South-America,2.009415877725731
MIROC-ES2H,pr_fs_target,NES,N.E.South-America,0.4842049339034816
MIROC-ES2H,pr_fs_target,SAM,South-American-Monsoon,0.8548355602588685
MIROC-ES2H,pr_fs_target,SWS,S.W.South-America,1.1795624686504822
MIROC-ES2H,pr_fs_target,SES,S.E.South-America,2.4055355453900393
MIROC-ES2H,pr_fs_target,SSA,S.South-America,3.0280630829629533
MIROC-ES2H,pr_fs_target,NEU,N.Europe,2.3479348860166507
MIROC-ES2H,pr_fs_target,WCE,West&Central-Europe,1.9446617689989953
MIROC-ES2H,pr_fs_target,EEU,E.Europe,1.5362108600592481
MIROC-ES2H,pr_fs_target,MED,Mediterranean,0.6319268876830898
MIROC-ES2H,pr_fs_target,SAH,Sahara,0.08238209162152113
MIROC-ES2H,pr_fs_target,WAF,Western-Africa,0.37015517982317303
MIROC-ES2H,pr_fs_target,CAF,Central-Africa,1.0263393285877034
MIROC-ES2H,pr_fs_target,NEAF,N.Eastern-Africa,0.6987901237731357
MIROC-ES2H,pr_fs_target,SEAF,S.Eastern-Africa,1.1605001536605903
MIROC-ES2H,pr_fs_target,WSAF,W.Southern-Africa,0.4263175796145857
MIROC-ES2H,pr_fs_target,ESAF,E.Southern-Africa,0.901964503724199
MIROC-ES2H,pr_fs_target,MDG,Madagascar,1.590072093329148
MIROC-ES2H,pr_fs_target,RAR,Russian-Arctic,2.0718113286727147
MIROC-ES2H,pr_fs_target,WSB,W.Siberia,1.6156134384369658
MIROC-ES2H,pr_fs_target,ESB,E.Siberia,2.393704464796724
MIROC-ES2H,pr_fs_target,RFE,Russian-Far-East,3.1081089655943703
MIROC-ES2H,pr_fs_target,WCA,W.C.Asia,0.42938436654180506
MIROC-ES2H,pr_fs_target,ECA,E.C.Asia,1.3422905819946003
MIROC-ES2H,pr_fs_target,TIB,Tibetan-Plateau,1.9660758308086326
MIROC-ES2H,pr_fs_target,EAS,E.Asia,2.50464227333258
MIROC-ES2H,pr_fs_target,ARP,Arabian-Peninsula,0.17922205817597545
MIROC-ES2H,pr_fs_target,SAS,S.Asia,0.6723253711439088
MIROC-ES2H,pr_fs_target,SEA,S.E.Asia,4.7104173735118655
MIROC-ES2H,pr_fs_target,NAU,N.Australia,0.6192113176366852
MIROC-ES2H,pr_fs_target,CAU,C.Australia,1.40133139424858
MIROC-ES2H,pr_fs_target,EAU,E.Australia,2.6104915813813
MIROC-ES2H,pr_fs_target,SAU,S.Australia,1.2974967467555356
MIROC-ES2H,pr_fs_target,NZ,New-Zealand,4.34139211138338
MIROC-ES2H,pr_fs_target,EAN,E.Antarctica,
MIROC-ES2H,pr_fs_target,WAN,W.Antarctica,
MIROC-ES2H,vpd_days_p95_target,GIC,Greenland/Iceland,
MIROC-ES2H,vpd_days_p95_target,NWN,N.W.North-America,18.266666666666737
MIROC-ES2H,vpd_days_p95_target,NEN,N.E.North-America,18.26666666666669
MIROC-ES2H,vpd_days_p95_target,WNA,W.North-America,18.266666666666666
MIROC-ES2H,vpd_days_p95_target,CNA,C.North-America,18.266666666666676
MIROC-ES2H,vpd_days_p95_target,ENA,E.North-America,18.266666666666673
MIROC-ES2H,vpd_days_p95_target,NCA,N.Central-America,18.266487454762352
MIROC-ES2H,vpd_days_p95_target,SCA,S.Central-America,18.266666666666666
MIROC-ES2H,vpd_days_p95_target,CAR,Caribbean,18.266666666666666
MIROC-ES2H,vpd_days_p95_target,NWS,N.W.South-America,18.266666666666666
MIROC-ES2H,vpd_days_p95_target,NSA,N.South-America,18.266666666666666
MIROC-ES2H,vpd_days_p95_target,NES,N.E.South-America,18.266666666666666
MIROC-ES2H,vpd_days_p95_target,SAM,South-American-Monsoon,18.266666666666673
MIROC-ES2H,vpd_days_p95_target,SWS,S.W.South-America,18.26666666666667
MIROC-ES2H,vpd_days_p95_target,SES,S.E.South-America,18.266666666666683
MIROC-ES2H,vpd_days_p95_target,SSA,S.South-America,18.26666666666667
MIROC-ES2H,vpd_days_p95_target,NEU,N.Europe,18.266666666666648
MIROC-ES2H,vpd_days_p95_target,WCE,West&Central-Europe,18.2666666666666
MIROC-ES2H,vpd_days_p95_target,EEU,E.Europe,18.26666666666667
MIROC-ES2H,vpd_days_p95_target,MED,Mediterranean,18.266666666666648
MIROC-ES2H,vpd_days_p95_target,SAH,Sahara,18.266666666666634
MIROC-ES2H,vpd_days_p95_target,WAF,Western-Africa,18.266529758076224
MIROC-ES2H,vpd_days_p95_target,CAF,Central-Africa,18.266666666666666
MIROC-ES2H,vpd_days_p95_target,NEAF,N.Eastern-Africa,18.266666666666676
MIROC-ES2H,vpd_days_p95_target,SEAF,S.Eastern-Africa,18.266666666666666
MIROC-ES2H,vpd_days_p95_target,WSAF,W.Southern-Africa,18.266666666666673
MIROC-ES2H,vpd_days_p95_target,ESAF,E.Southern-Africa,18.266666666666673
MIROC-ES2H,vpd_days_p95_target,MDG,Madagascar,18.26666666666667
MIROC-ES2H,vpd_days_p95_target,RAR,Russian-Arctic,18.266666666666662
MIROC-ES2H,vpd_days_p95_target,WSB,W.Siberia,18.266666666666577
MIROC-ES2H,vpd_days_p95_target,ESB,E.Siberia,18.266666666666563
MIROC-ES2H,vpd_days_p95_target,RFE,Russian-Far-East,18.266666666666698
MIROC-ES2H,vpd_days_p95_target,WCA,W.C.Asia,18.26666666666665
MIROC-ES2H,vpd_days_p95_target,ECA,E.C.Asia,18.26666666666668
MIROC-ES2H,vpd_days_p95_target,TIB,Tibetan-Plateau,18.266666666666673
MIROC-ES2H,vpd_days_p95_target,EAS,E.Asia,18.26666666666666
MIROC-ES2H,vpd_days_p95_target,ARP,Arabian-Peninsula,18.266666666666666
MIROC-ES2H,vpd_days_p95_target,SAS,S.Asia,18.266666666666687
MIROC-ES2H,vpd_days_p95_target,SEA,S.E.Asia,18.266666666666662
MIROC-ES2H,vpd_days_p95_target,NAU,N.Australia,18.26666666666666
MIROC-ES2H,vpd_days_p95_target,CAU,C.Australia,18.26666666666669
MIROC-ES2H,vpd_days_p95_target,EAU,E.Australia,18.26666666666667
MIROC-ES2H,vpd_days_p95_target,SAU,S.Australia,18.266666666666676
MIROC-ES2H,vpd_days_p95_target,NZ,New-Zealand,18.266666666666662
MIROC-ES2H,vpd_days_p95_target,EAN,E.Antarctica,
MIROC-ES2H,vpd_days_p95_target,WAN,W.Antarctica,
MIROC-ES2H,vpd_fs_ssp245,GIC,Greenland/Iceland,
MIROC-ES2H,vpd_fs_ssp245,NWN,N.W.North-America,0.5962088368294384
MIROC-ES2H,vpd_fs_ssp245,NEN,N.E.North-America,0.5144787673241593
MIROC-ES2H,vpd_fs_ssp245,WNA,W.North-America,1.8460732679907204
MIROC-ES2H,vpd_fs_ssp245,CNA,C.North-America,2.4033201836085927
MIROC-ES2H,vpd_fs_ssp245,ENA,E.North-America,0.9034378612970222
MIROC-ES2H,vpd_fs_ssp245,NCA,N.Central-America,2.6500976241876413
MIROC-ES2H,vpd_fs_ssp245,SCA,S.Central-America,1.4667050683467693
MIROC-ES2H,vpd_fs_ssp245,CAR,Caribbean,1.6797443684126419
MIROC-ES2H,vpd_fs_ssp245,NWS,N.W.South-America,0.8090314764383444
MIROC-ES2H,vpd_fs_ssp245,NSA,N.South-America,1.721976271871711
MIROC-ES2H,vpd_fs_ssp245,NES,N.E.South-America,2.433529471959017
MIROC-ES2H,vpd_fs_ssp245,SAM,South-American-Monsoon,1.8474083282117137
MIROC-ES2H,vpd_fs_ssp245,SWS,S.W.South-America,1.170351181647234
MIROC-ES2H,vpd_fs_ssp245,SES,S.E.South-America,1.483094362977791
MIROC-ES2H,vpd_fs_ssp245,SSA,S.South-America,0.8382784536050923
MIROC-ES2H,vpd_fs_ssp245,NEU,N.Europe,0.6381046696293466
MIROC-ES2H,vpd_fs_ssp245,WCE,West&Central-Europe,1.6274926334434967
MIROC-ES2H,vpd_fs_ssp245,EEU,E.Europe,2.1985132587130702
MIROC-ES2H,vpd_fs_ssp245,MED,Mediterranean,3.4844388117509615
MIROC-ES2H,vpd_fs_ssp245,SAH,Sahara,5.383324517047543
MIROC-ES2H,vpd_fs_ssp245,WAF,Western-Africa,2.678644112872432
MIROC-ES2H,vpd_fs_ssp245,CAF,Central-Africa,1.7282504951135618
MIROC-ES2H,vpd_fs_ssp245,NEAF,N.Eastern-Africa,2.7422048179600327
MIROC-ES2H,vpd_fs_ssp245,SEAF,S.Eastern-Africa,1.5599117750193356
MIROC-ES2H,vpd_fs_ssp245,WSAF,W.Southern-Africa,2.3920538712472994
MIROC-ES2H,vpd_fs_ssp245,ESAF,E.Southern-Africa,1.9350280456076927
MIROC-ES2H,vpd_fs_ssp245,MDG,Madagascar,1.1544443102000703
MIROC-ES2H,vpd_fs_ssp245,RAR,Russian-Arctic,0.3015122416129476
MIROC-ES2H,vpd_fs_ssp245,WSB,W.Siberia,1.914332978050657
MIROC-ES2H,vpd_fs_ssp245,ESB,E.Siberia,0.7546764462420663
MIROC-ES2H,vpd_fs_ssp245,RFE,Russian-Far-East,0.36289622015258244
MIROC-ES2H,vpd_fs_ssp245,WCA,W.C.Asia,5.039621340172539
MIROC-ES2H,vpd_fs_ssp245,ECA,E.C.Asia,2.2696259335777436
MIROC-ES2H,vpd_fs_ssp245,TIB,Tibetan-Plateau,0.4984356006520804
MIROC-ES2H,vpd_fs_ssp245,EAS,E.Asia,0.630950645323093
MIROC-ES2H,vpd_fs_ssp245,ARP,Arabian-Peninsula,6.62002061282113
MIROC-ES2H,vpd_fs_ssp245,SAS,S.Asia,2.809996000239116
MIROC-ES2H,vpd_fs_ssp245,SEA,S.E.Asia,0.9032357925486217
MIROC-ES2H,vpd_fs_ssp245,NAU,N.Australia,2.550653641135702
MIROC-ES2H,vpd_fs_ssp245,CAU,C.Australia,3.4039790524515565
MIROC-ES2H,vpd_fs_ssp245,EAU,E.Australia,1.7690971547441814
MIROC-ES2H,vpd_fs_ssp245,SAU,S.Australia,2.462812470937086
MIROC-ES2H,vpd_fs_ssp245,NZ,New-Zealand,0.49709239235206887
MIROC-ES2H,vpd_fs_ssp245,EAN,E.Antarctica,
MIROC-ES2H,vpd_fs_ssp245,WAN,W.Antarctica,
MIROC-ES2H,pr_fs_ssp245,GIC,Greenland/Iceland,
MIROC-ES2H,pr_fs_ssp245,NWN,N.W.North-America,2.5147879799254707
MIROC-ES2H,pr_fs_ssp245,NEN,N.E.North-America,2.3211317743462025
MIROC-ES2H,pr_fs_ssp245,WNA,W.North-America,1.2574545862463893
MIROC-ES2H,pr_fs_ssp245,CNA,C.North-America,2.064551316393375
MIROC-ES2H,pr_fs_ssp245,ENA,E.North-America,3.840548183928595
MIROC-ES2H,pr_fs_ssp245,NCA,N.Central-America,1.1598013010929917
MIROC-ES2H,pr_fs_ssp245,SCA,S.Central-America,1.6956112432527304
MIROC-ES2H,pr_fs_ssp245,CAR,Caribbean,1.3859398261346267
MIROC-ES2H,pr_fs_ssp245,NWS,N.W.South-America,4.217665543910242
MIROC-ES2H,pr_fs_ssp245,NSA,N.South-America,2.0987314415855027
MIROC-ES2H,pr_fs_ssp245,NES,N.E.South-America,0.41741941551655704
MIROC-ES2H,pr_fs_ssp245,SAM,South-American-Monsoon,0.8453154960213504
MIROC-ES2H,pr_fs_ssp245,SWS,S.W.South-America,1.0564477522560574
MIROC-ES2H,pr_fs_ssp245,SES,S.E.South-America,2.4137427723685474
MIROC-ES2H,pr_fs_ssp245,SSA,S.South-America,2.8737064583216894
MIROC-ES2H,pr_fs_ssp245,NEU,N.Europe,2.4173864026938423
MIROC-ES2H,pr_fs_ssp245,WCE,West&Central-Europe,1.833259808637538
MIROC-ES2H,pr_fs_ssp245,EEU,E.Europe,1.507589103088696
MIROC-ES2H,pr_fs_ssp245,MED,Mediterranean,0.5260470915810785
MIROC-ES2H,pr_fs_ssp245,SAH,Sahara,0.0814690623042469
MIROC-ES2H,pr_fs_ssp245,WAF,Western-Africa,0.3345675229327212
MIROC-ES2H,pr_fs_ssp245,CAF,Central-Africa,1.0423747408521464
MIROC-ES2H,pr_fs_ssp245,NEAF,N.Eastern-Africa,0.7460523510791298
MIROC-ES2H,pr_fs_ssp245,SEAF,S.Eastern-Africa,1.2401713448359704
MIROC-ES2H,pr_fs_ssp245,WSAF,W.Southern-Africa,0.4219120983702234
MIROC-ES2H,pr_fs_ssp245,ESAF,E.Southern-Africa,0.8563651315107601
MIROC-ES2H,pr_fs_ssp245,MDG,Madagascar,1.3889321433331476
MIROC-ES2H,pr_fs_ssp245,RAR,Russian-Arctic,2.2068130232166743
MIROC-ES2H,pr_fs_ssp245,WSB,W.Siberia,1.6648504243003672
MIROC-ES2H,pr_fs_ssp245,ESB,E.Siberia,2.5292560780161133
MIROC-ES2H,pr_fs_ssp245,RFE,Russian-Far-East,3.413875717015115
MIROC-ES2H,pr_fs_ssp245,WCA,W.C.Asia,0.426904013341524
MIROC-ES2H,pr_fs_ssp245,ECA,E.C.Asia,1.4695214516015442
MIROC-ES2H,pr_fs_ssp245,TIB,Tibetan-Plateau,2.1931290470024813
MIROC-ES2H,pr_fs_ssp245,EAS,E.Asia,2.6935328806378647
MIROC-ES2H,pr_fs_ssp245,ARP,Arabian-Peninsula,0.21898222878874687
MIROC-ES2H,pr_fs_ssp245,SAS,S.Asia,0.7105734543926565
MIROC-ES2H,pr_fs_ssp245,SEA,S.E.Asia,5.046538536703367
MIROC-ES2H,pr_fs_ssp245,NAU,N.Australia,0.7850488548364568
MIROC-ES2H,pr_fs_ssp245,CAU,C.Australia,1.5497540842187434
MIROC-ES2H,pr_fs_ssp245,EAU,E.Australia,2.731069492348735
MIROC-ES2H,pr_fs_ssp245,SAU,S.Australia,1.3006391376409112
MIROC-ES2H,pr_fs_ssp245,NZ,New-Zealand,4.438319708470759
MIROC-ES2H,pr_fs_ssp245,EAN,E.Antarctica,
MIROC-ES2H,pr_fs_ssp245,WAN,W.Antarctica,
MIROC-ES2H,vpd_days_p95_ssp245,GIC,Greenland/Iceland,
MIROC-ES2H,vpd_days_p95_ssp245,NWN,N.W.North-America,26.78778442407119
MIROC-ES2H,vpd_days_p95_ssp245,NEN,N.E.North-America,26.51205976342356
MIROC-ES2H,vpd_days_p95_ssp245,WNA,W.North-America,26.451693931737832
MIROC-ES2H,vpd_days_p95_ssp245,CNA,C.North-America,35.376225691824764
MIROC-ES2H,vpd_days_p95_ssp245,ENA,E.North-America,24.5963105786065
MIROC-ES2H,vpd_days_p95_ssp245,NCA,N.Central-America,28.866231085605214
MIROC-ES2H,vpd_days_p95_ssp245,SCA,S.Central-America,27.034549573235537
MIROC-ES2H,vpd_days_p95_ssp245,CAR,Caribbean,32.54249896642672
MIROC-ES2H,vpd_days_p95_ssp245,NWS,N.W.South-America,24.78980915339749
MIROC-ES2H,vpd_days_p95_ssp245,NSA,N.South-America,29.931727059510315
MIROC-ES2H,vpd_days_p95_ssp245,NES,N.E.South-America,35.379273816283956
MIROC-ES2H,vpd_days_p95_ssp245,SAM,South-American-Monsoon,31.790736753318956
MIROC-ES2H,vpd_days_p95_ssp245,SWS,S.W.South-America,32.099699921808885
MIROC-ES2H,vpd_days_p95_ssp245,SES,S.E.South-America,21.634572030441205
MIROC-ES2H,vpd_days_p95_ssp245,SSA,S.South-America,26.24665487246424
MIROC-ES2H,vpd_days_p95_ssp245,NEU,N.Europe,23.156490761733405
MIROC-ES2H,vpd_days_p95_ssp245,WCE,West&Central-Europe,29.35498458761726
MIROC-ES2H,vpd_days_p95_ssp245,EEU,E.Europe,33.93117765840141
MIROC-ES2H,vpd_days_p95_ssp245,MED,Mediterranean,36.410494292596034
MIROC-ES2H,vpd_days_p95_ssp245,SAH,Sahara,43.92952305790548
MIROC-ES2H,vpd_days_p95_ssp245,WAF,Western-Africa,34.91093980909678
MIROC-ES2H,vpd_days_p95_ssp245,CAF,Central-Africa,28.72911381943501
MIROC-ES2H,vpd_days_p95_ssp245,NEAF,N.Eastern-Africa,32.58978129996183
MIROC-ES2H,vpd_days_p95_ssp245,SEAF,S.Eastern-Africa,28.80320641936946
MIROC-ES2H,vpd_days_p95_ssp245,WSAF,W.Southern-Africa,31.700877799665918
MIROC-ES2H,vpd_days_p95_ssp245,ESAF,E.Southern-Africa,31.018121526028466
MIROC-ES2H,vpd_days_p95_ssp245,MDG,Madagascar,32.87507680075019
MIROC-ES2H,vpd_days_p95_ssp245,RAR,Russian-Arctic,28.653047843514855
MIROC-ES2H,vpd_days_p95_ssp245,WSB,W.Siberia,26.491312801083083
MIROC-ES2H,vpd_days_p95_ssp245,ESB,E.Siberia,25.26319462627668
MIROC-ES2H,vpd_days_p95_ssp245,RFE,Russian-Far-East,23.63824849079526
MIROC-ES2H,vpd_days_p95_ssp245,WCA,W.C.Asia,33.30337937046165
MIROC-ES2H,vpd_days_p95_ssp245,ECA,E.C.Asia,24.82382803301991
MIROC-ES2H,vpd_days_p95_ssp245,TIB,Tibetan-Plateau,29.410882122105484
MIROC-ES2H,vpd_days_p95_ssp245,EAS,E.Asia,28.48049588109856
MIROC-ES2H,vpd_days_p95_ssp245,ARP,Arabian-Peninsula,41.862659929724366
MIROC-ES2H,vpd_days_p95_ssp245,SAS,S.Asia,26.302616858409113
MIROC-ES2H,vpd_days_p95_ssp245,SEA,S.E.Asia,20.83959265979315
MIROC-ES2H,vpd_days_p95_ssp245,NAU,N.Australia,24.74553913847537
MIROC-ES2H,vpd_days_p95_ssp245,CAU,C.Australia,21.79439719787924
MIROC-ES2H,vpd_days_p95_ssp245,EAU,E.Australia,18.05340328911049
MIROC-ES2H,vpd_days_p95_ssp245,SAU,S.Australia,19.36082419942264
MIROC-ES2H,vpd_days_p95_ssp245,NZ,New-Zealand,22.831223621814484
MIROC-ES2H,vpd_days_p95_ssp245,EAN,E.Antarctica,
MIROC-ES2H,vpd_days_p95_ssp245,WAN,W.Antarctica,
MIROC-ES2H,vpd_fs_G6-1.5K-SAI,GIC,Greenland/Iceland,
MIROC-ES2H,vpd_fs_G6-1.5K-SAI,NWN,N.W.North-America,0.5101640624956748
MIROC-ES2H,vpd_fs_G6-1.5K-SAI,NEN,N.E.North-America,0.4336003063933861
MIROC-ES2H,vpd_fs_G6-1.5K-SAI,WNA,W.North-America,1.6750378563218702
MIROC-ES2H,vpd_fs_G6-1.5K-SAI,CNA,C.North-America,2.081201687178519
MIROC-ES2H,vpd_fs_G6-1.5K-SAI,ENA,E.North-America,0.8339124465639848
MIROC-ES2H,vpd_fs_G6-1.5K-SAI,NCA,N.Central-America,2.3791591618780012
MIROC-ES2H,vpd_fs_G6-1.5K-SAI,SCA,S.Central-America,1.245758543430537
MIROC-ES2H,vpd_fs_G6-1.5K-SAI,CAR,Caribbean,1.4871543066220623
MIROC-ES2H,vpd_fs_G6-1.5K-SAI,NWS,N.W.South-America,0.7487991909542682
MIROC-ES2H,vpd_fs_G6-1.5K-SAI,NSA,N.South-America,1.494526414041807
MIROC-ES2H,vpd_fs_G6-1.5K-SAI,NES,N.E.South-America,2.1270597598994754
MIROC-ES2H,vpd_fs_G6-1.5K-SAI,SAM,South-American-Monsoon,1.497764632613707
MIROC-ES2H,vpd_fs_G6-1.5K-SAI,SWS,S.W.South-America,1.0695377572567397
MIROC-ES2H,vpd_fs_G6-1.5K-SAI,SES,S.E.South-America,1.2975671665716906
MIROC-ES2H,vpd_fs_G6-1.5K-SAI,SSA,S.South-America,0.7779399457818041
MIROC-ES2H,vpd_fs_G6-1.5K-SAI,NEU,N.Europe,0.5810147985274328
MIROC-ES2H,vpd_fs_G6-1.5K-SAI,WCE,West&Central-Europe,1.4051076780446092
MIROC-ES2H,vpd_fs_G6-1.5K-SAI,EEU,E.Europe,1.8795266680225242
MIROC-ES2H,vpd_fs_G6-1.5K-SAI,MED,Mediterranean,3.009136902977714
MIROC-ES2H,vpd_fs_G6-1.5K-SAI,SAH,Sahara,4.927713135447896
MIROC-ES2H,vpd_fs_G6-1.5K-SAI,WAF,Western-Africa,2.4804848172682448
MIROC-ES2H,vpd_fs_G6-1.5K-SAI,CAF,Central-Africa,1.5883764236871596
MIROC-ES2H,vpd_fs_G6-1.5K-SAI,NEAF,N.Eastern-Africa,2.5740557738386287
MIROC-ES2H,vpd_fs_G6-1.5K-SAI,SEAF,S.Eastern-Africa,1.4283386843203565
MIROC-ES2H,vpd_fs_G6-1.5K-SAI,WSAF,W.Southern-Africa,2.162130942235169
MIROC-ES2H,vpd_fs_G6-1.5K-SAI,ESAF,E.Southern-Africa,1.7131595203567187
MIROC-ES2H,vpd_fs_G6-1.5K-SAI,MDG,Madagascar,1.0397691790700399
MIROC-ES2H,vpd_fs_G6-1.5K-SAI,RAR,Russian-Arctic,0.2567922457353257
MIROC-ES2H,vpd_fs_G6-1.5K-SAI,WSB,W.Siberia,1.719516070322989
MIROC-ES2H,vpd_fs_G6-1.5K-SAI,ESB,E.Siberia,0.6767015331174587
MIROC-ES2H,vpd_fs_G6-1.5K-SAI,RFE,Russian-Far-East,0.33149968388124545
MIROC-ES2H,vpd_fs_G6-1.5K-SAI,WCA,W.C.Asia,4.545661745884496
MIROC-ES2H,vpd_fs_G6-1.5K-SAI,ECA,E.C.Asia,2.0686960767678855
MIROC-ES2H,vpd_fs_G6-1.5K-SAI,TIB,Tibetan-Plateau,0.45525718719065517
MIROC-ES2H,vpd_fs_G6-1.5K-SAI,EAS,E.Asia,0.5654797117689506
MIROC-ES2H,vpd_fs_G6-1.5K-SAI,ARP,Arabian-Peninsula,6.125817361640706
MIROC-ES2H,vpd_fs_G6-1.5K-SAI,SAS,S.Asia,2.6862733220404023
MIROC-ES2H,vpd_fs_G6-1.5K-SAI,SEA,S.E.Asia,0.8635572228669709
MIROC-ES2H,vpd_fs_G6-1.5K-SAI,NAU,N.Australia,2.354597073694616
MIROC-ES2H,vpd_fs_G6-1.5K-SAI,CAU,C.Australia,3.232175846074661
MIROC-ES2H,vpd_fs_G6-1.5K-SAI,EAU,E.Australia,1.5828558816984772
MIROC-ES2H,vpd_fs_G6-1.5K-SAI,SAU,S.Australia,2.262901389072876
MIROC-ES2H,vpd_fs_G6-1.5K-SAI,NZ,New-Zealand,0.47689258479633756
MIROC-ES2H,vpd_fs_G6-1.5K-SAI,EAN,E.Antarctica,
MIROC-ES2H,vpd_fs_G6-1.5K-SAI,WAN,W.Antarctica,
MIROC-ES2H,pr_fs_G6-1.5K-SAI,GIC,Greenland/Iceland,
MIROC-ES2H,pr_fs_G6-1.5K-SAI,NWN,N.W.North-America,2.4111697573293966
MIROC-ES2H,pr_fs_G6-1.5K-SAI,NEN,N.E.North-America,2.1647266576141537
MIROC-ES2H,pr_fs_G6-1.5K-SAI,WNA,W.North-America,1.1940750682363708
MIROC-ES2H,pr_fs_G6-1.5K-SAI,CNA,C.North-America,2.089507168885971
MIROC-ES2H,pr_fs_G6-1.5K-SAI,ENA,E.North-America,3.6224964316881714
MIROC-ES2H,pr_fs_G6-1.5K-SAI,NCA,N.Central-America,1.208920588460617
MIROC-ES2H,pr_fs_G6-1.5K-SAI,SCA,S.Central-America,1.8299116444576882
MIROC-ES2H,pr_fs_G6-1.5K-SAI,CAR,Caribbean,1.5782960177698333
MIROC-ES2H,pr_fs_G6-1.5K-SAI,NWS,N.W.South-America,4.095474808956324
MIROC-ES2H,pr_fs_G6-1.5K-SAI,NSA,N.South-America,1.9847799778905248
MIROC-ES2H,pr_fs_G6-1.5K-SAI,NES,N.E.South-America,0.5227088879410343
MIROC-ES2H,pr_fs_G6-1.5K-SAI,SAM,South-American-Monsoon,0.8881030135416952
MIROC-ES2H,pr_fs_G6-1.5K-SAI,SWS,S.W.South-America,1.1700256056841118
MIROC-ES2H,pr_fs_G6-1.5K-SAI,SES,S.E.South-America,2.4518324257762223
MIROC-ES2H,pr_fs_G6-1.5K-SAI,SSA,S.South-America,2.9887591713828816
MIROC-ES2H,pr_fs_G6-1.5K-SAI,NEU,N.Europe,2.3488508722984833
MIROC-ES2H,pr_fs_G6-1.5K-SAI,WCE,West&Central-Europe,1.8940215634916655
MIROC-ES2H,pr_fs_G6-1.5K-SAI,EEU,E.Europe,1.5476817907329927
MIROC-ES2H,pr_fs_G6-1.5K-SAI,MED,Mediterranean,0.5945969846913055
MIROC-ES2H,pr_fs_G6-1.5K-SAI,SAH,Sahara,0.0852245267018313
MIROC-ES2H,pr_fs_G6-1.5K-SAI,WAF,Western-Africa,0.34725754971037415
MIROC-ES2H,pr_fs_G6-1.5K-SAI,CAF,Central-Africa,1.0067511455465856
MIROC-ES2H,pr_fs_G6-1.5K-SAI,NEAF,N.Eastern-Africa,0.7383389740224757
MIROC-ES2H,pr_fs_G6-1.5K-SAI,SEAF,S.Eastern-Africa,1.179240556453445
MIROC-ES2H,pr_fs_G6-1.5K-SAI,WSAF,W.Southern-Africa,0.4412912590060577
MIROC-ES2H,pr_fs_G6-1.5K-SAI,ESAF,E.Southern-Africa,0.9311870965246408
MIROC-ES2H,pr_fs_G6-1.5K-SAI,MDG,Madagascar,1.4777942434386244
MIROC-ES2H,pr_fs_G6-1.5K-SAI,RAR,Russian-Arctic,2.075958123501014
MIROC-ES2H,pr_fs_G6-1.5K-SAI,WSB,W.Siberia,1.5961783469576494
MIROC-ES2H,pr_fs_G6-1.5K-SAI,ESB,E.Siberia,2.4191902157523955
MIROC-ES2H,pr_fs_G6-1.5K-SAI,RFE,Russian-Far-East,3.1337819093761294
MIROC-ES2H,pr_fs_G6-1.5K-SAI,WCA,W.C.Asia,0.4317193621279565
MIROC-ES2H,pr_fs_G6-1.5K-SAI,ECA,E.C.Asia,1.3700892898004384
MIROC-ES2H,pr_fs_G6-1.5K-SAI,TIB,Tibetan-Plateau,1.9527965323955783
MIROC-ES2H,pr_fs_G6-1.5K-SAI,EAS,E.Asia,2.5633106803876395
MIROC-ES2H,pr_fs_G6-1.5K-SAI,ARP,Arabian-Peninsula,0.17514086538495202
MIROC-ES2H,pr_fs_G6-1.5K-SAI,SAS,S.Asia,0.6678964086910084
MIROC-ES2H,pr_fs_G6-1.5K-SAI,SEA,S.E.Asia,4.834503951811919
MIROC-ES2H,pr_fs_G6-1.5K-SAI,NAU,N.Australia,0.7107895082815752
MIROC-ES2H,pr_fs_G6-1.5K-SAI,CAU,C.Australia,1.4410224138988585
MIROC-ES2H,pr_fs_G6-1.5K-SAI,EAU,E.Australia,2.7880820504240074
MIROC-ES2H,pr_fs_G6-1.5K-SAI,SAU,S.Australia,1.3616879604305874
MIROC-ES2H,pr_fs_G6-1.5K-SAI,NZ,New-Zealand,4.24701417620414
MIROC-ES2H,pr_fs_G6-1.5K-SAI,EAN,E.Antarctica,
MIROC-ES2H,pr_fs_G6-1.5K-SAI,WAN,W.Antarctica,
MIROC-ES2H,vpd_days_p95_G6-1.5K-SAI,GIC,Greenland/Iceland,
MIROC-ES2H,vpd_days_p95_G6-1.5K-SAI,NWN,N.W.North-America,17.674678661289267
MIROC-ES2H,vpd_days_p95_G6-1.5K-SAI,NEN,N.E.North-America,16.432973629795413
MIROC-ES2H,vpd_days_p95_G6-1.5K-SAI,WNA,W.North-America,17.648120073140248
MIROC-ES2H,vpd_days_p95_G6-1.5K-SAI,CNA,C.North-America,23.775014647596176
MIROC-ES2H,vpd_days_p95_G6-1.5K-SAI,ENA,E.North-America,16.664112640555373
MIROC-ES2H,vpd_days_p95_G6-1.5K-SAI,NCA,N.Central-America,16.171429881632886
MIROC-ES2H,vpd_days_p95_G6-1.5K-SAI,SCA,S.Central-America,11.418114570983361
MIROC-ES2H,vpd_days_p95_G6-1.5K-SAI,CAR,Caribbean,11.788474666350195
MIROC-ES2H,vpd_days_p95_G6-1.5K-SAI,NWS,N.W.South-America,16.48355195754074
MIROC-ES2H,vpd_days_p95_G6-1.5K-SAI,NSA,N.South-America,17.014638042837923
MIROC-ES2H,vpd_days_p95_G6-1.5K-SAI,NES,N.E.South-America,18.016092431998658
MIROC-ES2H,vpd_days_p95_G6-1.5K-SAI,SAM,South-American-Monsoon,15.668025047879363
MIROC-ES2H,vpd_days_p95_G6-1.5K-SAI,SWS,S.W.South-America,18.340610720476548
MIROC-ES2H,vpd_days_p95_G6-1.5K-SAI,SES,S.E.South-America,12.592661173371539
MIROC-ES2H,vpd_days_p95_G6-1.5K-SAI,SSA,S.South-America,19.32986963181488
MIROC-ES2H,vpd_days_p95_G6-1.5K-SAI,NEU,N.Europe,16.301101742158085
MIROC-ES2H,vpd_days_p95_G6-1.5K-SAI,WCE,West&Central-Europe,17.76893615837526
MIROC-ES2H,vpd_days_p95_G6-1.5K-SAI,EEU,E.Europe,19.712658294071705
MIROC-ES2H,vpd_days_p95_G6-1.5K-SAI,MED,Mediterranean,16.92463963493978
MIROC-ES2H,vpd_days_p95_G6-1.5K-SAI,SAH,Sahara,16.865720937973467
MIROC-ES2H,vpd_days_p95_G6-1.5K-SAI,WAF,Western-Africa,19.42016309873245
MIROC-ES2H,vpd_days_p95_G6-1.5K-SAI,CAF,Central-Africa,17.272729840360356
MIROC-ES2H,vpd_days_p95_G6-1.5K-SAI,NEAF,N.Eastern-Africa,17.232085931171707
MIROC-ES2H,vpd_days_p95_G6-1.5K-SAI,SEAF,S.Eastern-Africa,16.633104295972434
MIROC-ES2H,vpd_days_p95_G6-1.5K-SAI,WSAF,W.Southern-Africa,18.668925836760618
MIROC-ES2H,vpd_days_p95_G6-1.5K-SAI,ESAF,E.Southern-Africa,18.970098589511615
MIROC-ES2H,vpd_days_p95_G6-1.5K-SAI,MDG,Madagascar,17.643070208754832
MIROC-ES2H,vpd_days_p95_G6-1.5K-SAI,RAR,Russian-Arctic,19.050587658894184
MIROC-ES2H,vpd_days_p95_G6-1.5K-SAI,WSB,W.Siberia,17.66971878329955
MIROC-ES2H,vpd_days_p95_G6-1.5K-SAI,ESB,E.Siberia,18.2526803567911
MIROC-ES2H,vpd_days_p95_G6-1.5K-SAI,RFE,Russian-Far-East,18.557127669429622
MIROC-ES2H,vpd_days_p95_G6-1.5K-SAI,WCA,W.C.Asia,15.746096503931062
MIROC-ES2H,vpd_days_p95_G6-1.5K-SAI,ECA,E.C.Asia,15.767442977504352
MIROC-ES2H,vpd_days_p95_G6-1.5K-SAI,TIB,Tibetan-Plateau,21.40289902016081
MIROC-ES2H,vpd_days_p95_G6-1.5K-SAI,EAS,E.Asia,18.06881502029079
MIROC-ES2H,vpd_days_p95_G6-1.5K-SAI,ARP,Arabian-Peninsula,18.67891585413669
MIROC-ES2H,vpd_days_p95_G6-1.5K-SAI,SAS,S.Asia,21.76850424339449
MIROC-ES2H,vpd_days_p95_G6-1.5K-SAI,SEA,S.E.Asia,17.0397771123659
MIROC-ES2H,vpd_days_p95_G6-1.5K-SAI,NAU,N.Australia,17.09861096019166
MIROC-ES2H,vpd_days_p95_G6-1.5K-SAI,CAU,C.Australia,15.350779384469373
MIROC-ES2H,vpd_days_p95_G6-1.5K-SAI,EAU,E.Australia,10.532166892663044
MIROC-ES2H,vpd_days_p95_G6-1.5K-SAI,SAU,S.Australia,13.359840960317214
MIROC-ES2H,vpd_days_p95_G6-1.5K-SAI,NZ,New-Zealand,17.10649907401232
MIROC-ES2H,vpd_days_p95_G6-1.5K-SAI,EAN,E.Antarctica,
MIROC-ES2H,vpd_days_p95_G6-1.5K-SAI,WAN,W.Antarctica,
MIROC-ES2H,vpd_fs_G6-1.5K-HiLLA,GIC,Greenland/Iceland,
MIROC-ES2H,vpd_fs_G6-1.5K-HiLLA,NWN,N.W.North-America,0.49728269079030835
MIROC-ES2H,vpd_fs_G6-1.5K-HiLLA,NEN,N.E.North-America,0.42225174886917366
MIROC-ES2H,vpd_fs_G6-1.5K-HiLLA,WNA,W.North-America,1.6207439324025663
MIROC-ES2H,vpd_fs_G6-1.5K-HiLLA,CNA,C.North-America,1.9567250382150672
MIROC-ES2H,vpd_fs_G6-1.5K-HiLLA,ENA,E.North-America,0.8126539556848424
MIROC-ES2H,vpd_fs_G6-1.5K-HiLLA,NCA,N.Central-America,2.366411665241171
MIROC-ES2H,vpd_fs_G6-1.5K-HiLLA,SCA,S.Central-America,1.3101530522219962
MIROC-ES2H,vpd_fs_G6-1.5K-HiLLA,CAR,Caribbean,1.5540878010827752
MIROC-ES2H,vpd_fs_G6-1.5K-HiLLA,NWS,N.W.South-America,0.780974146599147
MIROC-ES2H,vpd_fs_G6-1.5K-HiLLA,NSA,N.South-America,1.6033501461144215
MIROC-ES2H,vpd_fs_G6-1.5K-HiLLA,NES,N.E.South-America,2.1935107037486508
MIROC-ES2H,vpd_fs_G6-1.5K-HiLLA,SAM,South-American-Monsoon,1.5707244375607694
MIROC-ES2H,vpd_fs_G6-1.5K-HiLLA,SWS,S.W.South-America,1.0833943272500333
MIROC-ES2H,vpd_fs_G6-1.5K-HiLLA,SES,S.E.South-America,1.3345651245041952
MIROC-ES2H,vpd_fs_G6-1.5K-HiLLA,SSA,S.South-America,0.7691758104296281
MIROC-ES2H,vpd_fs_G6-1.5K-HiLLA,NEU,N.Europe,0.5722657391350736
MIROC-ES2H,vpd_fs_G6-1.5K-HiLLA,WCE,West&Central-Europe,1.3881715181189918
MIROC-ES2H,vpd_fs_G6-1.5K-HiLLA,EEU,E.Europe,1.913518343225201
MIROC-ES2H,vpd_fs_G6-1.5K-HiLLA,MED,Mediterranean,3.031422710007229
MIROC-ES2H,vpd_fs_G6-1.5K-HiLLA,SAH,Sahara,4.961435381233995
MIROC-ES2H,vpd_fs_G6-1.5K-HiLLA,WAF,Western-Africa,2.4770066703765
MIROC-ES2H,vpd_fs_G6-1.5K-HiLLA,CAF,Central-Africa,1.5727546207548442
MIROC-ES2H,vpd_fs_G6-1.5K-HiLLA,NEAF,N.Eastern-Africa,2.574018491137396
MIROC-ES2H,vpd_fs_G6-1.5K-HiLLA,SEAF,S.Eastern-Africa,1.438003159408339
MIROC-ES2H,vpd_fs_G6-1.5K-HiLLA,WSAF,W.Southern-Africa,2.1963432278260635
MIROC-ES2H,vpd_fs_G6-1.5K-HiLLA,ESAF,E.Southern-Africa,1.748097246632721
MIROC-ES2H,vpd_fs_G6-1.5K-HiLLA,MDG,Madagascar,1.056604529812235
MIROC-ES2H,vpd_fs_G6-1.5K-HiLLA,RAR,Russian-Arctic,0.2484627766232094
MIROC-ES2H,vpd_fs_G6-1.5K-HiLLA,WSB,W.Siberia,1.64792025007264
MIROC-ES2H,vpd_fs_G6-1.5K-HiLLA,ESB,E.Siberia,0.6665599288396549
MIROC-ES2H,vpd_fs_G6-1.5K-HiLLA,RFE,Russian-Far-East,0.32802997667212747
MIROC-ES2H,vpd_fs_G6-1.5K-HiLLA,WCA,W.C.Asia,4.534380756589248
MIROC-ES2H,vpd_fs_G6-1.5K-HiLLA,ECA,E.C.Asia,2.042947695459422
MIROC-ES2H,vpd_fs_G6-1.5K-HiLLA,TIB,Tibetan-Plateau,0.454408849579695
MIROC-ES2H,vpd_fs_G6-1.5K-HiLLA,EAS,E.Asia,0.571938255042524
MIROC-ES2H,vpd_fs_G6-1.5K-HiLLA,ARP,Arabian-Peninsula,6.168097660790808
MIROC-ES2H,vpd_fs_G6-1.5K-HiLLA,SAS,S.Asia,2.6753885049241894
MIROC-ES2H,vpd_fs_G6-1.5K-HiLLA,SEA,S.E.Asia,0.9133152631879145
MIROC-ES2H,vpd_fs_G6-1.5K-HiLLA,NAU,N.Australia,2.445113795429382
MIROC-ES2H,vpd_fs_G6-1.5K-HiLLA,CAU,C.Australia,3.3124029568069884
MIROC-ES2H,vpd_fs_G6-1.5K-HiLLA,EAU,E.Australia,1.7191942638846003
MIROC-ES2H,vpd_fs_G6-1.5K-HiLLA,SAU,S.Australia,2.3514962628361067
MIROC-ES2H,vpd_fs_G6-1.5K-HiLLA,NZ,New-Zealand,0.47607859700796396
MIROC-ES2H,vpd_fs_G6-1.5K-HiLLA,EAN,E.Antarctica,
MIROC-ES2H,vpd_fs_G6-1.5K-HiLLA,WAN,W.Antarctica,
MIROC-ES2H,pr_fs_G6-1.5K-HiLLA,GIC,Greenland/Iceland,
MIROC-ES2H,pr_fs_G6-1.5K-HiLLA,NWN,N.W.North-America,2.3633455785918103
MIROC-ES2H,pr_fs_G6-1.5K-HiLLA,NEN,N.E.North-America,2.1591910946460637
MIROC-ES2H,pr_fs_G6-1.5K-HiLLA,WNA,W.North-America,1.2510338833050334
MIROC-ES2H,pr_fs_G6-1.5K-HiLLA,CNA,C.North-America,2.256643418254956
MIROC-ES2H,pr_fs_G6-1.5K-HiLLA,ENA,E.North-America,3.68071953382341
MIROC-ES2H,pr_fs_G6-1.5K-HiLLA,NCA,N.Central-America,1.2594103710326572
MIROC-ES2H,pr_fs_G6-1.5K-HiLLA,SCA,S.Central-America,1.7955565425072222
MIROC-ES2H,pr_fs_G6-1.5K-HiLLA,CAR,Caribbean,1.4859492859439751
MIROC-ES2H,pr_fs_G6-1.5K-HiLLA,NWS,N.W.South-America,3.9398980184541683
MIROC-ES2H,pr_fs_G6-1.5K-HiLLA,NSA,N.South-America,1.891182259949053
MIROC-ES2H,pr_fs_G6-1.5K-HiLLA,NES,N.E.South-America,0.4544157786330154
MIROC-ES2H,pr_fs_G6-1.5K-HiLLA,SAM,South-American-Monsoon,0.8870166791940625
MIROC-ES2H,pr_fs_G6-1.5K-HiLLA,SWS,S.W.South-America,1.1635425059256335
MIROC-ES2H,pr_fs_G6-1.5K-HiLLA,SES,S.E.South-America,2.363423748457201
MIROC-ES2H,pr_fs_G6-1.5K-HiLLA,SSA,S.South-America,2.9615191482087284
MIROC-ES2H,pr_fs_G6-1.5K-HiLLA,NEU,N.Europe,2.3428777584642533
MIROC-ES2H,pr_fs_G6-1.5K-HiLLA,WCE,West&Central-Europe,1.9172415546658619
MIROC-ES2H,pr_fs_G6-1.5K-HiLLA,EEU,E.Europe,1.4560078124030176
MIROC-ES2H,pr_fs_G6-1.5K-HiLLA,MED,Mediterranean,0.5781250148364172
MIROC-ES2H,pr_fs_G6-1.5K-HiLLA,SAH,Sahara,0.08149134966903511
MIROC-ES2H,pr_fs_G6-1.5K-HiLLA,WAF,Western-Africa,0.40820141188213055
MIROC-ES2H,pr_fs_G6-1.5K-HiLLA,CAF,Central-Africa,1.0991965711388298
MIROC-ES2H,pr_fs_G6-1.5K-HiLLA,NEAF,N.Eastern-Africa,0.800567360696099
MIROC-ES2H,pr_fs_G6-1.5K-HiLLA,SEAF,S.Eastern-Africa,1.2737332813435753
MIROC-ES2H,pr_fs_G6-1.5K-HiLLA,WSAF,W.Southern-Africa,0.42587315113081964
MIROC-ES2H,pr_fs_G6-1.5K-HiLLA,ESAF,E.Southern-Africa,0.9521223019286199
MIROC-ES2H,pr_fs_G6-1.5K-HiLLA,MDG,Madagascar,1.4764089036799557
MIROC-ES2H,pr_fs_G6-1.5K-HiLLA,RAR,Russian-Arctic,2.043279931971852
MIROC-ES2H,pr_fs_G6-1.5K-HiLLA,WSB,W.Siberia,1.629497758566412
MIROC-ES2H,pr_fs_G6-1.5K-HiLLA,ESB,E.Siberia,2.425079189045683
MIROC-ES2H,pr_fs_G6-1.5K-HiLLA,RFE,Russian-Far-East,3.087327093289644
MIROC-ES2H,pr_fs_G6-1.5K-HiLLA,WCA,W.C.Asia,0.4428117588134418
MIROC-ES2H,pr_fs_G6-1.5K-HiLLA,ECA,E.C.Asia,1.3853434393492958
MIROC-ES2H,pr_fs_G6-1.5K-HiLLA,TIB,Tibetan-Plateau,1.9402731305603542
MIROC-ES2H,pr_fs_G6-1.5K-HiLLA,EAS,E.Asia,2.5802255223964865
MIROC-ES2H,pr_fs_G6-1.5K-HiLLA,ARP,Arabian-Peninsula,0.1964479498691171
MIROC-ES2H,pr_fs_G6-1.5K-HiLLA,SAS,S.Asia,0.7349356888209453
MIROC-ES2H,pr_fs_G6-1.5K-HiLLA,SEA,S.E.Asia,4.730857537983426
MIROC-ES2H,pr_fs_G6-1.5K-HiLLA,NAU,N.Australia,0.6929216284667716
MIROC-ES2H,pr_fs_G6-1.5K-HiLLA,CAU,C.Australia,1.384102191862497
MIROC-ES2H,pr_fs_G6-1.5K-HiLLA,EAU,E.Australia,2.567038584729439
MIROC-ES2H,pr_fs_G6-1.5K-HiLLA,SAU,S.Australia,1.2142588019077027
MIROC-ES2H,pr_fs_G6-1.5K-HiLLA,NZ,New-Zealand,4.209908985044596
MIROC-ES2H,pr_fs_G6-1.5K-HiLLA,EAN,E.Antarctica,
MIROC-ES2H,pr_fs_G6-1.5K-HiLLA,WAN,W.Antarctica,
MIROC-ES2H,vpd_days_p95_G6-1.5K-HiLLA,GIC,Greenland/Iceland,
MIROC-ES2H,vpd_days_p95_G6-1.5K-HiLLA,NWN,N.W.North-America,16.349355934609687
MIROC-ES2H,vpd_days_p95_G6-1.5K-HiLLA,NEN,N.E.North-America,14.586160537683886
MIROC-ES2H,vpd_days_p95_G6-1.5K-HiLLA,WNA,W.North-America,14.822167588033242
MIROC-ES2H,vpd_days_p95_G6-1.5K-HiLLA,CNA,C.North-America,19.44358167173694
MIROC-ES2H,vpd_days_p95_G6-1.5K-HiLLA,ENA,E.North-America,14.69298764430056
MIROC-ES2H,vpd_days_p95_G6-1.5K-HiLLA,NCA,N.Central-America,15.769887717116307
MIROC-ES2H,vpd_days_p95_G6-1.5K-HiLLA,SCA,S.Central-America,14.15424269292029
MIROC-ES2H,vpd_days_p95_G6-1.5K-HiLLA,CAR,Caribbean,16.820221028088046
MIROC-ES2H,vpd_days_p95_G6-1.5K-HiLLA,NWS,N.W.South-America,19.1353163237076
MIROC-ES2H,vpd_days_p95_G6-1.5K-HiLLA,NSA,N.South-America,21.110899707641234
MIROC-ES2H,vpd_days_p95_G6-1.5K-HiLLA,NES,N.E.South-America,20.123759362051235
MIROC-ES2H,vpd_days_p95_G6-1.5K-HiLLA,SAM,South-American-Monsoon,18.468655327137736
MIROC-ES2H,vpd_days_p95_G6-1.5K-HiLLA,SWS,S.W.South-America,19.125298624781703
MIROC-ES2H,vpd_days_p95_G6-1.5K-HiLLA,SES,S.E.South-America,12.969078400290512
MIROC-ES2H,vpd_days_p95_G6-1.5K-HiLLA,SSA,S.South-America,17.99428593716011
MIROC-ES2H,vpd_days_p95_G6-1.5K-HiLLA,NEU,N.Europe,15.65529881154996
MIROC-ES2H,vpd_days_p95_G6-1.5K-HiLLA,WCE,West&Central-Europe,17.137243285376933
MIROC-ES2H,vpd_days_p95_G6-1.5K-HiLLA,EEU,E.Europe,21.329573053281187
MIROC-ES2H,vpd_days_p95_G6-1.5K-HiLLA,MED,Mediterranean,17.44144391977707
MIROC-ES2H,vpd_days_p95_G6-1.5K-HiLLA,SAH,Sahara,18.898432561508958
MIROC-ES2H,vpd_days_p95_G6-1.5K-HiLLA,WAF,Western-Africa,19.079155314819396
MIROC-ES2H,vpd_days_p95_G6-1.5K-HiLLA,CAF,Central-Africa,16.267445279830206
MIROC-ES2H,vpd_days_p95_G6-1.5K-HiLLA,NEAF,N.Eastern-Africa,17.023489304167438
MIROC-ES2H,vpd_days_p95_G6-1.5K-HiLLA,SEAF,S.Eastern-Africa,15.96006877939036
MIROC-ES2H,vpd_days_p95_G6-1.5K-HiLLA,WSAF,W.Southern-Africa,20.58268486330412
MIROC-ES2H,vpd_days_p95_G6-1.5K-HiLLA,ESAF,E.Southern-Africa,19.49158672136191
MIROC-ES2H,vpd_days_p95_G6-1.5K-HiLLA,MDG,Madagascar,19.045950725814226
MIROC-ES2H,vpd_days_p95_G6-1.5K-HiLLA,RAR,Russian-Arctic,17.077049166504867
MIROC-ES2H,vpd_days_p95_G6-1.5K-HiLLA,WSB,W.Siberia,15.249283161318008
MIROC-ES2H,vpd_days_p95_G6-1.5K-HiLLA,ESB,E.Siberia,17.18953012019705
MIROC-ES2H,vpd_days_p95_G6-1.5K-HiLLA,RFE,Russian-Far-East,17.829051543500587
MIROC-ES2H,vpd_days_p95_G6-1.5K-HiLLA,WCA,W.C.Asia,15.839393009430461
MIROC-ES2H,vpd_days_p95_G6-1.5K-HiLLA,ECA,E.C.Asia,14.871743235018936
MIROC-ES2H,vpd_days_p95_G6-1.5K-HiLLA,TIB,Tibetan-Plateau,22.284254950727732
MIROC-ES2H,vpd_days_p95_G6-1.5K-HiLLA,EAS,E.Asia,19.184552487305197
MIROC-ES2H,vpd_days_p95_G6-1.5K-HiLLA,ARP,Arabian-Peninsula,20.479735753988678
MIROC-ES2H,vpd_days_p95_G6-1.5K-HiLLA,SAS,S.Asia,21.32734538191509
MIROC-ES2H,vpd_days_p95_G6-1.5K-HiLLA,SEA,S.E.Asia,19.27318133074481
MIROC-ES2H,vpd_days_p95_G6-1.5K-HiLLA,NAU,N.Australia,19.835108068523116
MIROC-ES2H,vpd_days_p95_G6-1.5K-HiLLA,CAU,C.Australia,17.000453759704307
MIROC-ES2H,vpd_days_p95_G6-1.5K-HiLLA,EAU,E.Australia,15.337999481038812
MIROC-ES2H,vpd_days_p95_G6-1.5K-HiLLA,SAU,S.Australia,16.0664266896508
MIROC-ES2H,vpd_days_p95_G6-1.5K-HiLLA,NZ,New-Zealand,17.64393675327223
MIROC-ES2H,vpd_days_p95_G6-1.5K-HiLLA,EAN,E.Antarctica,
MIROC-ES2H,vpd_days_p95_G6-1.5K-HiLLA,WAN,W.Antarctica,
MIROC-ES2H,d_vpd_fs_ssp245_minus_target,GIC,Greenland/Iceland,
MIROC-ES2H,d_vpd_fs_ssp245_minus_target,NWN,N.W.North-America,0.08018947147431625
MIROC-ES2H,d_vpd_fs_ssp245_minus_target,NEN,N.E.North-America,0.06686384648697527
MIROC-ES2H,d_vpd_fs_ssp245_minus_target,WNA,W.North-America,0.16528856204428657
MIROC-ES2H,d_vpd_fs_ssp245_minus_target,CNA,C.North-America,0.4931743826968872
MIROC-ES2H,d_vpd_fs_ssp245_minus_target,ENA,E.North-America,0.057396905443954274
MIROC-ES2H,d_vpd_fs_ssp245_minus_target,NCA,N.Central-America,0.23093815078133692
MIROC-ES2H,d_vpd_fs_ssp245_minus_target,SCA,S.Central-America,0.10915404810803685
MIROC-ES2H,d_vpd_fs_ssp245_minus_target,CAR,Caribbean,0.10914914976697743
MIROC-ES2H,d_vpd_fs_ssp245_minus_target,NWS,N.W.South-America,0.04325830143436002
MIROC-ES2H,d_vpd_fs_ssp245_minus_target,NSA,N.South-America,0.18513114973386915
MIROC-ES2H,d_vpd_fs_ssp245_minus_target,NES,N.E.South-America,0.2676265067888095
MIROC-ES2H,d_vpd_fs_ssp245_minus_target,SAM,South-American-Monsoon,0.2639506108659173
MIROC-ES2H,d_vpd_fs_ssp245_minus_target,SWS,S.W.South-America,0.08889698974003224
MIROC-ES2H,d_vpd_fs_ssp245_minus_target,SES,S.E.South-America,0.04872748711857625
MIROC-ES2H,d_vpd_fs_ssp245_minus_target,SSA,S.South-America,0.06591006442256865
MIROC-ES2H,d_vpd_fs_ssp245_minus_target,NEU,N.Europe,0.036785956677699155
MIROC-ES2H,d_vpd_fs_ssp245_minus_target,WCE,West&Central-Europe,0.22786601239904308
MIROC-ES2H,d_vpd_fs_ssp245_minus_target,EEU,E.Europe,0.3333637020473505
MIROC-ES2H,d_vpd_fs_ssp245_minus_target,MED,Mediterranean,0.43490189036072435
MIROC-ES2H,d_vpd_fs_ssp245_minus_target,SAH,Sahara,0.4205827285260977
MIROC-ES2H,d_vpd_fs_ssp245_minus_target,WAF,Western-Africa,0.2214239268882739
MIROC-ES2H,d_vpd_fs_ssp245_minus_target,CAF,Central-Africa,0.1292387364489397
MIROC-ES2H,d_vpd_fs_ssp245_minus_target,NEAF,N.Eastern-Africa,0.14144678077071834
MIROC-ES2H,d_vpd_fs_ssp245_minus_target,SEAF,S.Eastern-Africa,0.10363425330008284
MIROC-ES2H,d_vpd_fs_ssp245_minus_target,WSAF,W.Southern-Africa,0.22334300639836727
MIROC-ES2H,d_vpd_fs_ssp245_minus_target,ESAF,E.Southern-Africa,0.21392490013370258
MIROC-ES2H,d_vpd_fs_ssp245_minus_target,MDG,Madagascar,0.08883910136093968
MIROC-ES2H,d_vpd_fs_ssp245_minus_target,RAR,Russian-Arctic,0.04619686884535485
MIROC-ES2H,d_vpd_fs_ssp245_minus_target,WSB,W.Siberia,0.18119380679833302
MIROC-ES2H,d_vpd_fs_ssp245_minus_target,ESB,E.Siberia,0.07862900086449279
MIROC-ES2H,d_vpd_fs_ssp245_minus_target,RFE,Russian-Far-East,0.03380994040684004
MIROC-ES2H,d_vpd_fs_ssp245_minus_target,WCA,W.C.Asia,0.4274613526657933
MIROC-ES2H,d_vpd_fs_ssp245_minus_target,ECA,E.C.Asia,0.16012852900446325
MIROC-ES2H,d_vpd_fs_ssp245_minus_target,TIB,Tibetan-Plateau,0.06322270110591949
MIROC-ES2H,d_vpd_fs_ssp245_minus_target,EAS,E.Asia,0.06768466145370022
MIROC-ES2H,d_vpd_fs_ssp245_minus_target,ARP,Arabian-Peninsula,0.47303753338694543
MIROC-ES2H,d_vpd_fs_ssp245_minus_target,SAS,S.Asia,0.19320628291188857
MIROC-ES2H,d_vpd_fs_ssp245_minus_target,SEA,S.E.Asia,-0.0043721593382747784
MIROC-ES2H,d_vpd_fs_ssp245_minus_target,NAU,N.Australia,0.10992172052428419
MIROC-ES2H,d_vpd_fs_ssp245_minus_target,CAU,C.Australia,0.032505754217852206
MIROC-ES2H,d_vpd_fs_ssp245_minus_target,EAU,E.Australia,-0.038913188143706895
MIROC-ES2H,d_vpd_fs_ssp245_minus_target,SAU,S.Australia,0.03498381637562397
MIROC-ES2H,d_vpd_fs_ssp245_minus_target,NZ,New-Zealand,0.018633448795932196
MIROC-ES2H,d_vpd_fs_ssp245_minus_target,EAN,E.Antarctica,
MIROC-ES2H,d_vpd_fs_ssp245_minus_target,WAN,W.Antarctica,
MIROC-ES2H,d_pr_fs_ssp245_minus_target,GIC,Greenland/Iceland,
MIROC-ES2H,d_pr_fs_ssp245_minus_target,NWN,N.W.North-America,0.08837124813312604
MIROC-ES2H,d_pr_fs_ssp245_minus_target,NEN,N.E.North-America,0.11836239594719884
MIROC-ES2H,d_pr_fs_ssp245_minus_target,WNA,W.North-America,0.06002617575399601
MIROC-ES2H,d_pr_fs_ssp245_minus_target,CNA,C.North-America,-0.09844193080885004
MIROC-ES2H,d_pr_fs_ssp245_minus_target,ENA,E.North-America,0.1668317388195767
MIROC-ES2H,d_pr_fs_ssp245_minus_target,NCA,N.Central-America,0.0636873648361197
MIROC-ES2H,d_pr_fs_ssp245_minus_target,SCA,S.Central-America,-0.013215840131038107
MIROC-ES2H,d_pr_fs_ssp245_minus_target,CAR,Caribbean,-0.11682085268951631
MIROC-ES2H,d_pr_fs_ssp245_minus_target,NWS,N.W.South-America,0.14862674785377752
MIROC-ES2H,d_pr_fs_ssp245_minus_target,NSA,N.South-America,0.08931556385977121
MIROC-ES2H,d_pr_fs_ssp245_minus_target,NES,N.E.South-America,-0.06678551838692469
MIROC-ES2H,d_pr_fs_ssp245_minus_target,SAM,South-American-Monsoon,-0.009520064237518434
MIROC-ES2H,d_pr_fs_ssp245_minus_target,SWS,S.W.South-America,-0.12311471639442445
MIROC-ES2H,d_pr_fs_ssp245_minus_target,SES,S.E.South-America,0.008207226978507225
MIROC-ES2H,d_pr_fs_ssp245_minus_target,SSA,S.South-America,-0.15435662464126354
MIROC-ES2H,d_pr_fs_ssp245_minus_target,NEU,N.Europe,0.06945151667718996
MIROC-ES2H,d_pr_fs_ssp245_minus_target,WCE,West&Central-Europe,-0.11140196036145704
MIROC-ES2H,d_pr_fs_ssp245_minus_target,EEU,E.Europe,-0.028621756970552147
MIROC-ES2H,d_pr_fs_ssp245_minus_target,MED,Mediterranean,-0.10587979610201123
MIROC-ES2H,d_pr_fs_ssp245_minus_target,SAH,Sahara,-0.0009130293172742207
MIROC-ES2H,d_pr_fs_ssp245_minus_target,WAF,Western-Africa,-0.035587656890452055
MIROC-ES2H,d_pr_fs_ssp245_minus_target,CAF,Central-Africa,0.016035412264442946
MIROC-ES2H,d_pr_fs_ssp245_minus_target,NEAF,N.Eastern-Africa,0.04726222730599421
MIROC-ES2H,d_pr_fs_ssp245_minus_target,SEAF,S.Eastern-Africa,0.07967119117538027
MIROC-ES2H,d_pr_fs_ssp245_minus_target,WSAF,W.Southern-Africa,-0.004405481244362079
MIROC-ES2H,d_pr_fs_ssp245_minus_target,ESAF,E.Southern-Africa,-0.04559937221343871
MIROC-ES2H,d_pr_fs_ssp245_minus_target,MDG,Madagascar,-0.2011399499960005
MIROC-ES2H,d_pr_fs_ssp245_minus_target,RAR,Russian-Arctic,0.13500169454395938
MIROC-ES2H,d_pr_fs_ssp245_minus_target,WSB,W.Siberia,0.049236985863401514
MIROC-ES2H,d_pr_fs_ssp245_minus_target,ESB,E.Siberia,0.13555161321939113
MIROC-ES2H,d_pr_fs_ssp245_minus_target,RFE,Russian-Far-East,0.3057667514207456
MIROC-ES2H,d_pr_fs_ssp245_minus_target,WCA,W.C.Asia,-0.002480353200280898
MIROC-ES2H,d_pr_fs_ssp245_minus_target,ECA,E.C.Asia,0.12723086960694335
MIROC-ES2H,d_pr_fs_ssp245_minus_target,TIB,Tibetan-Plateau,0.2270532161938497
MIROC-ES2H,d_pr_fs_ssp245_minus_target,EAS,E.Asia,0.1888906073052849
MIROC-ES2H,d_pr_fs_ssp245_minus_target,ARP,Arabian-Peninsula,0.0397601706127715
MIROC-ES2H,d_pr_fs_ssp245_minus_target,SAS,S.Asia,0.03824808324874789
MIROC-ES2H,d_pr_fs_ssp245_minus_target,SEA,S.E.Asia,0.33612116319149826
MIROC-ES2H,d_pr_fs_ssp245_minus_target,NAU,N.Australia,0.16583753719977146
MIROC-ES2H,d_pr_fs_ssp245_minus_target,CAU,C.Australia,0.14842268997016367
MIROC-ES2H,d_pr_fs_ssp245_minus_target,EAU,E.Australia,0.12057791096743502
MIROC-ES2H,d_pr_fs_ssp245_minus_target,SAU,S.Australia,0.0031423908853757563
MIROC-ES2H,d_pr_fs_ssp245_minus_target,NZ,New-Zealand,0.0969275970873802
MIROC-ES2H,d_pr_fs_ssp245_minus_target,EAN,E.Antarctica,
MIROC-ES2H,d_pr_fs_ssp245_minus_target,WAN,W.Antarctica,
MIROC-ES2H,dpct_pr_fs_ssp245_minus_target,GIC,Greenland/Iceland,
MIROC-ES2H,dpct_pr_fs_ssp245_minus_target,NWN,N.W.North-America,3.135249740046168
MIROC-ES2H,dpct_pr_fs_ssp245_minus_target,NEN,N.E.North-America,5.386671076134802
MIROC-ES2H,dpct_pr_fs_ssp245_minus_target,WNA,W.North-America,12.665792490410933
MIROC-ES2H,dpct_pr_fs_ssp245_minus_target,CNA,C.North-America,-4.645742685142155
MIROC-ES2H,dpct_pr_fs_ssp245_minus_target,ENA,E.North-America,4.349371875219745
MIROC-ES2H,dpct_pr_fs_ssp245_minus_target,NCA,N.Central-America,5.243569052640237
MIROC-ES2H,dpct_pr_fs_ssp245_minus_target,SCA,S.Central-America,-0.4544830254535433
MIROC-ES2H,dpct_pr_fs_ssp245_minus_target,CAR,Caribbean,-7.940268510877346
MIROC-ES2H,dpct_pr_fs_ssp245_minus_target,NWS,N.W.South-America,4.873490486769078
MIROC-ES2H,dpct_pr_fs_ssp245_minus_target,NSA,N.South-America,5.113101211761581
MIROC-ES2H,dpct_pr_fs_ssp245_minus_target,NES,N.E.South-America,-12.455102211244348
MIROC-ES2H,dpct_pr_fs_ssp245_minus_target,SAM,South-American-Monsoon,-3.174666193541582
MIROC-ES2H,dpct_pr_fs_ssp245_minus_target,SWS,S.W.South-America,-10.124851015884623
MIROC-ES2H,dpct_pr_fs_ssp245_minus_target,SES,S.E.South-America,-2.3791423355804278
MIROC-ES2H,dpct_pr_fs_ssp245_minus_target,SSA,S.South-America,-7.7263520115059885
MIROC-ES2H,dpct_pr_fs_ssp245_minus_target,NEU,N.Europe,2.9842756432212547
MIROC-ES2H,dpct_pr_fs_ssp245_minus_target,WCE,West&Central-Europe,-6.052631553169676
MIROC-ES2H,dpct_pr_fs_ssp245_minus_target,EEU,E.Europe,-2.605741161724048
MIROC-ES2H,dpct_pr_fs_ssp245_minus_target,MED,Mediterranean,-17.50299882109436
MIROC-ES2H,dpct_pr_fs_ssp245_minus_target,SAH,Sahara,-2.2440025486439015
MIROC-ES2H,dpct_pr_fs_ssp245_minus_target,WAF,Western-Africa,-7.5323310641319425
MIROC-ES2H,dpct_pr_fs_ssp245_minus_target,CAF,Central-Africa,0.5687130999033543
MIROC-ES2H,dpct_pr_fs_ssp245_minus_target,NEAF,N.Eastern-Africa,9.121328926406468
MIROC-ES2H,dpct_pr_fs_ssp245_minus_target,SEAF,S.Eastern-Africa,1.9534508109799213
MIROC-ES2H,dpct_pr_fs_ssp245_minus_target,WSAF,W.Southern-Africa,0.5648603078840275
MIROC-ES2H,dpct_pr_fs_ssp245_minus_target,ESAF,E.Southern-Africa,-4.515065738863174
MIROC-ES2H,dpct_pr_fs_ssp245_minus_target,MDG,Madagascar,-11.590977600204521
MIROC-ES2H,dpct_pr_fs_ssp245_minus_target,RAR,Russian-Arctic,6.771053652651038
MIROC-ES2H,dpct_pr_fs_ssp245_minus_target,WSB,W.Siberia,4.406636040718047
MIROC-ES2H,dpct_pr_fs_ssp245_minus_target,ESB,E.Siberia,5.611591551271758
MIROC-ES2H,dpct_pr_fs_ssp245_minus_target,RFE,Russian-Far-East,10.243656908636751
MIROC-ES2H,dpct_pr_fs_ssp245_minus_target,WCA,W.C.Asia,2.257451815095015
MIROC-ES2H,dpct_pr_fs_ssp245_minus_target,ECA,E.C.Asia,9.82651387060561
MIROC-ES2H,dpct_pr_fs_ssp245_minus_target,TIB,Tibetan-Plateau,13.025956776906472
MIROC-ES2H,dpct_pr_fs_ssp245_minus_target,EAS,E.Asia,8.118772737871279
MIROC-ES2H,dpct_pr_fs_ssp245_minus_target,ARP,Arabian-Peninsula,23.21800290232722
MIROC-ES2H,dpct_pr_fs_ssp245_minus_target,SAS,S.Asia,7.768707905292157
MIROC-ES2H,dpct_pr_fs_ssp245_minus_target,SEA,S.E.Asia,14.473708588404856
MIROC-ES2H,dpct_pr_fs_ssp245_minus_target,NAU,N.Australia,29.78692149739246
MIROC-ES2H,dpct_pr_fs_ssp245_minus_target,CAU,C.Australia,10.976078812897388
MIROC-ES2H,dpct_pr_fs_ssp245_minus_target,EAU,E.Australia,6.598621171725974
MIROC-ES2H,dpct_pr_fs_ssp245_minus_target,SAU,S.Australia,0.5100040914737742
MIROC-ES2H,dpct_pr_fs_ssp245_minus_target,NZ,New-Zealand,2.261149672761711
MIROC-ES2H,dpct_pr_fs_ssp245_minus_target,EAN,E.Antarctica,
MIROC-ES2H,dpct_pr_fs_ssp245_minus_target,WAN,W.Antarctica,
MIROC-ES2H,d_vpd_days_p95_ssp245_minus_target,GIC,Greenland/Iceland,
MIROC-ES2H,d_vpd_days_p95_ssp245_minus_target,NWN,N.W.North-America,8.52111775740446
MIROC-ES2H,d_vpd_days_p95_ssp245_minus_target,NEN,N.E.North-America,8.245393096756867
MIROC-ES2H,d_vpd_days_p95_ssp245_minus_target,WNA,W.North-America,8.185027265071161
MIROC-ES2H,d_vpd_days_p95_ssp245_minus_target,CNA,C.North-America,17.1095590251581
MIROC-ES2H,d_vpd_days_p95_ssp245_minus_target,ENA,E.North-America,6.329643911939822
MIROC-ES2H,d_vpd_days_p95_ssp245_minus_target,NCA,N.Central-America,10.599743630842863
MIROC-ES2H,d_vpd_days_p95_ssp245_minus_target,SCA,S.Central-America,8.767882906568866
MIROC-ES2H,d_vpd_days_p95_ssp245_minus_target,CAR,Caribbean,14.275832299760054
MIROC-ES2H,d_vpd_days_p95_ssp245_minus_target,NWS,N.W.South-America,6.523142486730821
MIROC-ES2H,d_vpd_days_p95_ssp245_minus_target,NSA,N.South-America,11.665060392843655
MIROC-ES2H,d_vpd_days_p95_ssp245_minus_target,NES,N.E.South-America,17.112607149617293
MIROC-ES2H,d_vpd_days_p95_ssp245_minus_target,SAM,South-American-Monsoon,13.524070086652277
MIROC-ES2H,d_vpd_days_p95_ssp245_minus_target,SWS,S.W.South-America,13.833033255142219
MIROC-ES2H,d_vpd_days_p95_ssp245_minus_target,SES,S.E.South-America,3.367905363774529
MIROC-ES2H,d_vpd_days_p95_ssp245_minus_target,SSA,S.South-America,7.979988205797579
MIROC-ES2H,d_vpd_days_p95_ssp245_minus_target,NEU,N.Europe,4.8898240950667615
MIROC-ES2H,d_vpd_days_p95_ssp245_minus_target,WCE,West&Central-Europe,11.088317920950624
MIROC-ES2H,d_vpd_days_p95_ssp245_minus_target,EEU,E.Europe,15.664510991734732
MIROC-ES2H,d_vpd_days_p95_ssp245_minus_target,MED,Mediterranean,18.14382762592941
MIROC-ES2H,d_vpd_days_p95_ssp245_minus_target,SAH,Sahara,25.66285639123882
MIROC-ES2H,d_vpd_days_p95_ssp245_minus_target,WAF,Western-Africa,16.644410051020547
MIROC-ES2H,d_vpd_days_p95_ssp245_minus_target,CAF,Central-Africa,10.462447152768341
MIROC-ES2H,d_vpd_days_p95_ssp245_minus_target,NEAF,N.Eastern-Africa,14.323114633295148
MIROC-ES2H,d_vpd_days_p95_ssp245_minus_target,SEAF,S.Eastern-Africa,10.536539752702796
MIROC-ES2H,d_vpd_days_p95_ssp245_minus_target,WSAF,W.Southern-Africa,13.434211132999245
MIROC-ES2H,d_vpd_days_p95_ssp245_minus_target,ESAF,E.Southern-Africa,12.751454859361782
MIROC-ES2H,d_vpd_days_p95_ssp245_minus_target,MDG,Madagascar,14.608410134083526
MIROC-ES2H,d_vpd_days_p95_ssp245_minus_target,RAR,Russian-Arctic,10.386381176848237
MIROC-ES2H,d_vpd_days_p95_ssp245_minus_target,WSB,W.Siberia,8.224646134416478
MIROC-ES2H,d_vpd_days_p95_ssp245_minus_target,ESB,E.Siberia,6.996527959610079
MIROC-ES2H,d_vpd_days_p95_ssp245_minus_target,RFE,Russian-Far-East,5.37158182412854
MIROC-ES2H,d_vpd_days_p95_ssp245_minus_target,WCA,W.C.Asia,15.036712703794997
MIROC-ES2H,d_vpd_days_p95_ssp245_minus_target,ECA,E.C.Asia,6.557161366353223
MIROC-ES2H,d_vpd_days_p95_ssp245_minus_target,TIB,Tibetan-Plateau,11.144215455438816
MIROC-ES2H,d_vpd_days_p95_ssp245_minus_target,EAS,E.Asia,10.21382921443191
MIROC-ES2H,d_vpd_days_p95_ssp245_minus_target,ARP,Arabian-Peninsula,23.595993263057682
MIROC-ES2H,d_vpd_days_p95_ssp245_minus_target,SAS,S.Asia,8.035950191742463
MIROC-ES2H,d_vpd_days_p95_ssp245_minus_target,SEA,S.E.Asia,2.5729259931264825
MIROC-ES2H,d_vpd_days_p95_ssp245_minus_target,NAU,N.Australia,6.478872471808716
MIROC-ES2H,d_vpd_days_p95_ssp245_minus_target,CAU,C.Australia,3.52773053121255
MIROC-ES2H,d_vpd_days_p95_ssp245_minus_target,EAU,E.Australia,-0.21326337755617877
MIROC-ES2H,d_vpd_days_p95_ssp245_minus_target,SAU,S.Australia,1.0941575327559752
MIROC-ES2H,d_vpd_days_p95_ssp245_minus_target,NZ,New-Zealand,4.564556955147821
MIROC-ES2H,d_vpd_days_p95_ssp245_minus_target,EAN,E.Antarctica,
MIROC-ES2H,d_vpd_days_p95_ssp245_minus_target,WAN,W.Antarctica,
MIROC-ES2H,d_vpd_fs_SAI_minus_ssp245,GIC,Greenland/Iceland,
MIROC-ES2H,d_vpd_fs_SAI_minus_ssp245,NWN,N.W.North-America,-0.0860447743337637
MIROC-ES2H,d_vpd_fs_SAI_minus_ssp245,NEN,N.E.North-America,-0.08087846093077292
MIROC-ES2H,d_vpd_fs_SAI_minus_ssp245,WNA,W.North-America,-0.17103541166885064
MIROC-ES2H,d_vpd_fs_SAI_minus_ssp245,CNA,C.North-America,-0.32211849643007373
MIROC-ES2H,d_vpd_fs_SAI_minus_ssp245,ENA,E.North-America,-0.06952541473303793
MIROC-ES2H,d_vpd_fs_SAI_minus_ssp245,NCA,N.Central-America,-0.27093846230964025
MIROC-ES2H,d_vpd_fs_SAI_minus_ssp245,SCA,S.Central-America,-0.22094652491623276
MIROC-ES2H,d_vpd_fs_SAI_minus_ssp245,CAR,Caribbean,-0.19259006179057944
MIROC-ES2H,d_vpd_fs_SAI_minus_ssp245,NWS,N.W.South-America,-0.060232285484076185
MIROC-ES2H,d_vpd_fs_SAI_minus_ssp245,NSA,N.South-America,-0.22744985782990412
MIROC-ES2H,d_vpd_fs_SAI_minus_ssp245,NES,N.E.South-America,-0.30646971205954066
MIROC-ES2H,d_vpd_fs_SAI_minus_ssp245,SAM,South-American-Monsoon,-0.3496436955980064
MIROC-ES2H,d_vpd_fs_SAI_minus_ssp245,SWS,S.W.South-America,-0.10081342439049448
MIROC-ES2H,d_vpd_fs_SAI_minus_ssp245,SES,S.E.South-America,-0.1855271964061002
MIROC-ES2H,d_vpd_fs_SAI_minus_ssp245,SSA,S.South-America,-0.06033850782328805
MIROC-ES2H,d_vpd_fs_SAI_minus_ssp245,NEU,N.Europe,-0.05708987110191415
MIROC-ES2H,d_vpd_fs_SAI_minus_ssp245,WCE,West&Central-Europe,-0.22238495539888808
MIROC-ES2H,d_vpd_fs_SAI_minus_ssp245,EEU,E.Europe,-0.3189865906905453
MIROC-ES2H,d_vpd_fs_SAI_minus_ssp245,MED,Mediterranean,-0.47530190877324624
MIROC-ES2H,d_vpd_fs_SAI_minus_ssp245,SAH,Sahara,-0.4556113815996426
MIROC-ES2H,d_vpd_fs_SAI_minus_ssp245,WAF,Western-Africa,-0.19815929560418719
MIROC-ES2H,d_vpd_fs_SAI_minus_ssp245,CAF,Central-Africa,-0.13987407142640265
MIROC-ES2H,d_vpd_fs_SAI_minus_ssp245,NEAF,N.Eastern-Africa,-0.16814904412140352
MIROC-ES2H,d_vpd_fs_SAI_minus_ssp245,SEAF,S.Eastern-Africa,-0.13157309069897977
MIROC-ES2H,d_vpd_fs_SAI_minus_ssp245,WSAF,W.Southern-Africa,-0.22992292901213007
MIROC-ES2H,d_vpd_fs_SAI_minus_ssp245,ESAF,E.Southern-Africa,-0.221868525250975
MIROC-ES2H,d_vpd_fs_SAI_minus_ssp245,MDG,Madagascar,-0.11467513113003058
MIROC-ES2H,d_vpd_fs_SAI_minus_ssp245,RAR,Russian-Arctic,-0.044719995877621904
MIROC-ES2H,d_vpd_fs_SAI_minus_ssp245,WSB,W.Siberia,-0.19481690772766969
MIROC-ES2H,d_vpd_fs_SAI_minus_ssp245,ESB,E.Siberia,-0.07797491312460733
MIROC-ES2H,d_vpd_fs_SAI_minus_ssp245,RFE,Russian-Far-East,-0.031396536271337004
MIROC-ES2H,d_vpd_fs_SAI_minus_ssp245,WCA,W.C.Asia,-0.4939595942880419
MIROC-ES2H,d_vpd_fs_SAI_minus_ssp245,ECA,E.C.Asia,-0.2009298568098582
MIROC-ES2H,d_vpd_fs_SAI_minus_ssp245,TIB,Tibetan-Plateau,-0.0431784134614251
MIROC-ES2H,d_vpd_fs_SAI_minus_ssp245,EAS,E.Asia,-0.06547093355414237
MIROC-ES2H,d_vpd_fs_SAI_minus_ssp245,ARP,Arabian-Peninsula,-0.4942032511804228
MIROC-ES2H,d_vpd_fs_SAI_minus_ssp245,SAS,S.Asia,-0.12372267819871476
MIROC-ES2H,d_vpd_fs_SAI_minus_ssp245,SEA,S.E.Asia,-0.039678569681651205
MIROC-ES2H,d_vpd_fs_SAI_minus_ssp245,NAU,N.Australia,-0.1960565674410867
MIROC-ES2H,d_vpd_fs_SAI_minus_ssp245,CAU,C.Australia,-0.17180320637689772
MIROC-ES2H,d_vpd_fs_SAI_minus_ssp245,EAU,E.Australia,-0.186241273045704
MIROC-ES2H,d_vpd_fs_SAI_minus_ssp245,SAU,S.Australia,-0.19991108186421105
MIROC-ES2H,d_vpd_fs_SAI_minus_ssp245,NZ,New-Zealand,-0.020199807555731364
MIROC-ES2H,d_vpd_fs_SAI_minus_ssp245,EAN,E.Antarctica,
MIROC-ES2H,d_vpd_fs_SAI_minus_ssp245,WAN,W.Antarctica,
MIROC-ES2H,d_pr_fs_SAI_minus_ssp245,GIC,Greenland/Iceland,
MIROC-ES2H,d_pr_fs_SAI_minus_ssp245,NWN,N.W.North-America,-0.10361822259607348
MIROC-ES2H,d_pr_fs_SAI_minus_ssp245,NEN,N.E.North-America,-0.1564051167320496
MIROC-ES2H,d_pr_fs_SAI_minus_ssp245,WNA,W.North-America,-0.06337951801001852
MIROC-ES2H,d_pr_fs_SAI_minus_ssp245,CNA,C.North-America,0.024955852492595434
MIROC-ES2H,d_pr_fs_SAI_minus_ssp245,ENA,E.North-America,-0.21805175224042472
MIROC-ES2H,d_pr_fs_SAI_minus_ssp245,NCA,N.Central-America,0.04911928736762529
MIROC-ES2H,d_pr_fs_SAI_minus_ssp245,SCA,S.Central-America,0.13430040120495795
MIROC-ES2H,d_pr_fs_SAI_minus_ssp245,CAR,Caribbean,0.19235619163520631
MIROC-ES2H,d_pr_fs_SAI_minus_ssp245,NWS,N.W.South-America,-0.12219073495391948
MIROC-ES2H,d_pr_fs_SAI_minus_ssp245,NSA,N.South-America,-0.1139514636949785
MIROC-ES2H,d_pr_fs_SAI_minus_ssp245,NES,N.E.South-America,0.10528947242447728
MIROC-ES2H,d_pr_fs_SAI_minus_ssp245,SAM,South-American-Monsoon,0.04278751752034504
MIROC-ES2H,d_pr_fs_SAI_minus_ssp245,SWS,S.W.South-America,0.11357785342805464
MIROC-ES2H,d_pr_fs_SAI_minus_ssp245,SES,S.E.South-America,0.038089653407674375
MIROC-ES2H,d_pr_fs_SAI_minus_ssp245,SSA,S.South-America,0.11505271306119118
MIROC-ES2H,d_pr_fs_SAI_minus_ssp245,NEU,N.Europe,-0.06853553039535812
MIROC-ES2H,d_pr_fs_SAI_minus_ssp245,WCE,West&Central-Europe,0.06076175485412754
MIROC-ES2H,d_pr_fs_SAI_minus_ssp245,EEU,E.Europe,0.04009268764429666
MIROC-ES2H,d_pr_fs_SAI_minus_ssp245,MED,Mediterranean,0.0685498931102268
MIROC-ES2H,d_pr_fs_SAI_minus_ssp245,SAH,Sahara,0.003755464397584401
MIROC-ES2H,d_pr_fs_SAI_minus_ssp245,WAF,Western-Africa,0.012690026777653053
MIROC-ES2H,d_pr_fs_SAI_minus_ssp245,CAF,Central-Africa,-0.035623595305561286
MIROC-ES2H,d_pr_fs_SAI_minus_ssp245,NEAF,N.Eastern-Africa,-0.007713377056653863
MIROC-ES2H,d_pr_fs_SAI_minus_ssp245,SEAF,S.Eastern-Africa,-0.06093078838252551
MIROC-ES2H,d_pr_fs_SAI_minus_ssp245,WSAF,W.Southern-Africa,0.019379160635833993
MIROC-ES2H,d_pr_fs_SAI_minus_ssp245,ESAF,E.Southern-Africa,0.07482196501388072
MIROC-ES2H,d_pr_fs_SAI_minus_ssp245,MDG,Madagascar,0.0888621001054767
MIROC-ES2H,d_pr_fs_SAI_minus_ssp245,RAR,Russian-Arctic,-0.13085489971565983
MIROC-ES2H,d_pr_fs_SAI_minus_ssp245,WSB,W.Siberia,-0.06867207734271868
MIROC-ES2H,d_pr_fs_SAI_minus_ssp245,ESB,E.Siberia,-0.1100658622637194
MIROC-ES2H,d_pr_fs_SAI_minus_ssp245,RFE,Russian-Far-East,-0.28009380763898606
MIROC-ES2H,d_pr_fs_SAI_minus_ssp245,WCA,W.C.Asia,0.004815348786432184
MIROC-ES2H,d_pr_fs_SAI_minus_ssp245,ECA,E.C.Asia,-0.09943216180110584
MIROC-ES2H,d_pr_fs_SAI_minus_ssp245,TIB,Tibetan-Plateau,-0.2403325146069036
MIROC-ES2H,d_pr_fs_SAI_minus_ssp245,EAS,E.Asia,-0.13022220025022607
MIROC-ES2H,d_pr_fs_SAI_minus_ssp245,ARP,Arabian-Peninsula,-0.04384136340379491
MIROC-ES2H,d_pr_fs_SAI_minus_ssp245,SAS,S.Asia,-0.04267704570164832
MIROC-ES2H,d_pr_fs_SAI_minus_ssp245,SEA,S.E.Asia,-0.2120345848914458
MIROC-ES2H,d_pr_fs_SAI_minus_ssp245,NAU,N.Australia,-0.07425934655488178
MIROC-ES2H,d_pr_fs_SAI_minus_ssp245,CAU,C.Australia,-0.10873167031988536
MIROC-ES2H,d_pr_fs_SAI_minus_ssp245,EAU,E.Australia,0.057012558075271946
MIROC-ES2H,d_pr_fs_SAI_minus_ssp245,SAU,S.Australia,0.061048822789676015
MIROC-ES2H,d_pr_fs_SAI_minus_ssp245,NZ,New-Zealand,-0.19130553226661884
MIROC-ES2H,d_pr_fs_SAI_minus_ssp245,EAN,E.Antarctica,
MIROC-ES2H,d_pr_fs_SAI_minus_ssp245,WAN,W.Antarctica,
MIROC-ES2H,dpct_pr_fs_SAI_minus_ssp245,GIC,Greenland/Iceland,
MIROC-ES2H,dpct_pr_fs_SAI_minus_ssp245,NWN,N.W.North-America,-4.191880064460356
MIROC-ES2H,dpct_pr_fs_SAI_minus_ssp245,NEN,N.E.North-America,-6.6603638425814555
MIROC-ES2H,dpct_pr_fs_SAI_minus_ssp245,WNA,W.North-America,-9.0892847920821
MIROC-ES2H,dpct_pr_fs_SAI_minus_ssp245,CNA,C.North-America,1.2136410845849894
MIROC-ES2H,dpct_pr_fs_SAI_minus_ssp245,ENA,E.North-America,-5.168573046252137
MIROC-ES2H,dpct_pr_fs_SAI_minus_ssp245,NCA,N.Central-America,4.456507482217314
MIROC-ES2H,dpct_pr_fs_SAI_minus_ssp245,SCA,S.Central-America,7.944934276798475
MIROC-ES2H,dpct_pr_fs_SAI_minus_ssp245,CAR,Caribbean,19.18887207202038
MIROC-ES2H,dpct_pr_fs_SAI_minus_ssp245,NWS,N.W.South-America,-1.8803862996541518
MIROC-ES2H,dpct_pr_fs_SAI_minus_ssp245,NSA,N.South-America,-1.8052412498059178
MIROC-ES2H,dpct_pr_fs_SAI_minus_ssp245,NES,N.E.South-America,30.99484131340292
MIROC-ES2H,dpct_pr_fs_SAI_minus_ssp245,SAM,South-American-Monsoon,8.352044115406937
MIROC-ES2H,dpct_pr_fs_SAI_minus_ssp245,SWS,S.W.South-America,6.384691036555318
MIROC-ES2H,dpct_pr_fs_SAI_minus_ssp245,SES,S.E.South-America,5.05488505421794
MIROC-ES2H,dpct_pr_fs_SAI_minus_ssp245,SSA,S.South-America,7.890958127055844
MIROC-ES2H,dpct_pr_fs_SAI_minus_ssp245,NEU,N.Europe,-1.7617634450061694
MIROC-ES2H,dpct_pr_fs_SAI_minus_ssp245,WCE,West&Central-Europe,4.043765050908767
MIROC-ES2H,dpct_pr_fs_SAI_minus_ssp245,EEU,E.Europe,3.5903171584817652
MIROC-ES2H,dpct_pr_fs_SAI_minus_ssp245,MED,Mediterranean,13.731439473638321
MIROC-ES2H,dpct_pr_fs_SAI_minus_ssp245,SAH,Sahara,6.126332489992687
MIROC-ES2H,dpct_pr_fs_SAI_minus_ssp245,WAF,Western-Africa,3.707739686728489
MIROC-ES2H,dpct_pr_fs_SAI_minus_ssp245,CAF,Central-Africa,1.8751380500556944
MIROC-ES2H,dpct_pr_fs_SAI_minus_ssp245,NEAF,N.Eastern-Africa,-2.009435558042872
MIROC-ES2H,dpct_pr_fs_SAI_minus_ssp245,SEAF,S.Eastern-Africa,0.21540319306631237
MIROC-ES2H,dpct_pr_fs_SAI_minus_ssp245,WSAF,W.Southern-Africa,7.071056698413412
MIROC-ES2H,dpct_pr_fs_SAI_minus_ssp245,ESAF,E.Southern-Africa,7.75982037938671
MIROC-ES2H,dpct_pr_fs_SAI_minus_ssp245,MDG,Madagascar,6.9057377765848935
MIROC-ES2H,dpct_pr_fs_SAI_minus_ssp245,RAR,Russian-Arctic,-5.472663134151457
MIROC-ES2H,dpct_pr_fs_SAI_minus_ssp245,WSB,W.Siberia,-4.473642135212711
MIROC-ES2H,dpct_pr_fs_SAI_minus_ssp245,ESB,E.Siberia,-4.3727327835431735
MIROC-ES2H,dpct_pr_fs_SAI_minus_ssp245,RFE,Russian-Far-East,-8.041980830507292
MIROC-ES2H,dpct_pr_fs_SAI_minus_ssp245,WCA,W.C.Asia,-1.4988788607440204
MIROC-ES2H,dpct_pr_fs_SAI_minus_ssp245,ECA,E.C.Asia,-7.310600210910244
MIROC-ES2H,dpct_pr_fs_SAI_minus_ssp245,TIB,Tibetan-Plateau,-9.677468815486781
MIROC-ES2H,dpct_pr_fs_SAI_minus_ssp245,EAS,E.Asia,-4.295664018643079
MIROC-ES2H,dpct_pr_fs_SAI_minus_ssp245,ARP,Arabian-Peninsula,-19.267241478973816
MIROC-ES2H,dpct_pr_fs_SAI_minus_ssp245,SAS,S.Asia,-5.681718617774639
MIROC-ES2H,dpct_pr_fs_SAI_minus_ssp245,SEA,S.E.Asia,-5.907319927780111
MIROC-ES2H,dpct_pr_fs_SAI_minus_ssp245,NAU,N.Australia,-9.446659287257914
MIROC-ES2H,dpct_pr_fs_SAI_minus_ssp245,CAU,C.Australia,-6.618166680025615
MIROC-ES2H,dpct_pr_fs_SAI_minus_ssp245,EAU,E.Australia,2.0705812695866768
MIROC-ES2H,dpct_pr_fs_SAI_minus_ssp245,SAU,S.Australia,4.526162419521056
MIROC-ES2H,dpct_pr_fs_SAI_minus_ssp245,NZ,New-Zealand,-4.4725312599781715
MIROC-ES2H,dpct_pr_fs_SAI_minus_ssp245,EAN,E.Antarctica,
MIROC-ES2H,dpct_pr_fs_SAI_minus_ssp245,WAN,W.Antarctica,
MIROC-ES2H,d_vpd_days_p95_SAI_minus_ssp245,GIC,Greenland/Iceland,
MIROC-ES2H,d_vpd_days_p95_SAI_minus_ssp245,NWN,N.W.North-America,-9.113105762781922
MIROC-ES2H,d_vpd_days_p95_SAI_minus_ssp245,NEN,N.E.North-America,-10.079086133628147
MIROC-ES2H,d_vpd_days_p95_SAI_minus_ssp245,WNA,W.North-America,-8.80357385859759
MIROC-ES2H,d_vpd_days_p95_SAI_minus_ssp245,CNA,C.North-America,-11.601211044228595
MIROC-ES2H,d_vpd_days_p95_SAI_minus_ssp245,ENA,E.North-America,-7.932197938051123
MIROC-ES2H,d_vpd_days_p95_SAI_minus_ssp245,NCA,N.Central-America,-12.694801203972336
MIROC-ES2H,d_vpd_days_p95_SAI_minus_ssp245,SCA,S.Central-America,-15.616435002252173
MIROC-ES2H,d_vpd_days_p95_SAI_minus_ssp245,CAR,Caribbean,-20.754024300076527
MIROC-ES2H,d_vpd_days_p95_SAI_minus_ssp245,NWS,N.W.South-America,-8.306257195856753
MIROC-ES2H,d_vpd_days_p95_SAI_minus_ssp245,NSA,N.South-America,-12.917089016672401
MIROC-ES2H,d_vpd_days_p95_SAI_minus_ssp245,NES,N.E.South-America,-17.363181384285305
MIROC-ES2H,d_vpd_days_p95_SAI_minus_ssp245,SAM,South-American-Monsoon,-16.122711705439592
MIROC-ES2H,d_vpd_days_p95_SAI_minus_ssp245,SWS,S.W.South-America,-13.759089201332333
MIROC-ES2H,d_vpd_days_p95_SAI_minus_ssp245,SES,S.E.South-America,-9.041910857069665
MIROC-ES2H,d_vpd_days_p95_SAI_minus_ssp245,SSA,S.South-America,-6.916785240649364
MIROC-ES2H,d_vpd_days_p95_SAI_minus_ssp245,NEU,N.Europe,-6.855389019575323
MIROC-ES2H,d_vpd_days_p95_SAI_minus_ssp245,WCE,West&Central-Europe,-11.586048429241986
MIROC-ES2H,d_vpd_days_p95_SAI_minus_ssp245,EEU,E.Europe,-14.218519364329705
MIROC-ES2H,d_vpd_days_p95_SAI_minus_ssp245,MED,Mediterranean,-19.485854657656255
MIROC-ES2H,d_vpd_days_p95_SAI_minus_ssp245,SAH,Sahara,-27.063802119931996
MIROC-ES2H,d_vpd_days_p95_SAI_minus_ssp245,WAF,Western-Africa,-15.490776710364333
MIROC-ES2H,d_vpd_days_p95_SAI_minus_ssp245,CAF,Central-Africa,-11.45638397907465
MIROC-ES2H,d_vpd_days_p95_SAI_minus_ssp245,NEAF,N.Eastern-Africa,-15.357695368790129
MIROC-ES2H,d_vpd_days_p95_SAI_minus_ssp245,SEAF,S.Eastern-Africa,-12.170102123397035
MIROC-ES2H,d_vpd_days_p95_SAI_minus_ssp245,WSAF,W.Southern-Africa,-13.0319519629053
MIROC-ES2H,d_vpd_days_p95_SAI_minus_ssp245,ESAF,E.Southern-Africa,-12.048022936516855
MIROC-ES2H,d_vpd_days_p95_SAI_minus_ssp245,MDG,Madagascar,-15.23200659199536
MIROC-ES2H,d_vpd_days_p95_SAI_minus_ssp245,RAR,Russian-Arctic,-9.6024601846207
MIROC-ES2H,d_vpd_days_p95_SAI_minus_ssp245,WSB,W.Siberia,-8.821594017783529
MIROC-ES2H,d_vpd_days_p95_SAI_minus_ssp245,ESB,E.Siberia,-7.0105142694855775
MIROC-ES2H,d_vpd_days_p95_SAI_minus_ssp245,RFE,Russian-Far-East,-5.081120821365626
MIROC-ES2H,d_vpd_days_p95_SAI_minus_ssp245,WCA,W.C.Asia,-17.55728286653056
MIROC-ES2H,d_vpd_days_p95_SAI_minus_ssp245,ECA,E.C.Asia,-9.056385055515564
MIROC-ES2H,d_vpd_days_p95_SAI_minus_ssp245,TIB,Tibetan-Plateau,-8.007983101944678
MIROC-ES2H,d_vpd_days_p95_SAI_minus_ssp245,EAS,E.Asia,-10.41168086080777
MIROC-ES2H,d_vpd_days_p95_SAI_minus_ssp245,ARP,Arabian-Peninsula,-23.18374407558767
MIROC-ES2H,d_vpd_days_p95_SAI_minus_ssp245,SAS,S.Asia,-4.534112615014633
MIROC-ES2H,d_vpd_days_p95_SAI_minus_ssp245,SEA,S.E.Asia,-3.799815547427253
MIROC-ES2H,d_vpd_days_p95_SAI_minus_ssp245,NAU,N.Australia,-7.646928178283717
MIROC-ES2H,d_vpd_days_p95_SAI_minus_ssp245,CAU,C.Australia,-6.443617813409864
MIROC-ES2H,d_vpd_days_p95_SAI_minus_ssp245,EAU,E.Australia,-7.521236396447446
MIROC-ES2H,d_vpd_days_p95_SAI_minus_ssp245,SAU,S.Australia,-6.0009832391054285
MIROC-ES2H,d_vpd_days_p95_SAI_minus_ssp245,NZ,New-Zealand,-5.724724547802167
MIROC-ES2H,d_vpd_days_p95_SAI_minus_ssp245,EAN,E.Antarctica,
MIROC-ES2H,d_vpd_days_p95_SAI_minus_ssp245,WAN,W.Antarctica,
MIROC-ES2H,d_vpd_fs_HiLLA_minus_ssp245,GIC,Greenland/Iceland,
MIROC-ES2H,d_vpd_fs_HiLLA_minus_ssp245,NWN,N.W.North-America,-0.09892614603913032
MIROC-ES2H,d_vpd_fs_HiLLA_minus_ssp245,NEN,N.E.North-America,-0.09222701845498564
MIROC-ES2H,d_vpd_fs_HiLLA_minus_ssp245,WNA,W.North-America,-0.22532933558815393
MIROC-ES2H,d_vpd_fs_HiLLA_minus_ssp245,CNA,C.North-America,-0.44659514539352463
MIROC-ES2H,d_vpd_fs_HiLLA_minus_ssp245,ENA,E.North-America,-0.09078390561218004
MIROC-ES2H,d_vpd_fs_HiLLA_minus_ssp245,NCA,N.Central-America,-0.28368595894647
MIROC-ES2H,d_vpd_fs_HiLLA_minus_ssp245,SCA,S.Central-America,-0.15655201612477349
MIROC-ES2H,d_vpd_fs_HiLLA_minus_ssp245,CAR,Caribbean,-0.1256565673298665
MIROC-ES2H,d_vpd_fs_HiLLA_minus_ssp245,NWS,N.W.South-America,-0.028057329839197436
MIROC-ES2H,d_vpd_fs_HiLLA_minus_ssp245,NSA,N.South-America,-0.11862612575729002
MIROC-ES2H,d_vpd_fs_HiLLA_minus_ssp245,NES,N.E.South-America,-0.24001876821036633
MIROC-ES2H,d_vpd_fs_HiLLA_minus_ssp245,SAM,South-American-Monsoon,-0.27668389065094406
MIROC-ES2H,d_vpd_fs_HiLLA_minus_ssp245,SWS,S.W.South-America,-0.0869568543972009
MIROC-ES2H,d_vpd_fs_HiLLA_minus_ssp245,SES,S.E.South-America,-0.14852923847359553
MIROC-ES2H,d_vpd_fs_HiLLA_minus_ssp245,SSA,S.South-America,-0.06910264317546423
MIROC-ES2H,d_vpd_fs_HiLLA_minus_ssp245,NEU,N.Europe,-0.06583893049427328
MIROC-ES2H,d_vpd_fs_HiLLA_minus_ssp245,WCE,West&Central-Europe,-0.2393211153245058
MIROC-ES2H,d_vpd_fs_HiLLA_minus_ssp245,EEU,E.Europe,-0.28499491548786865
MIROC-ES2H,d_vpd_fs_HiLLA_minus_ssp245,MED,Mediterranean,-0.4530161017437325
MIROC-ES2H,d_vpd_fs_HiLLA_minus_ssp245,SAH,Sahara,-0.42188913581354526
MIROC-ES2H,d_vpd_fs_HiLLA_minus_ssp245,WAF,Western-Africa,-0.20163744249593285
MIROC-ES2H,d_vpd_fs_HiLLA_minus_ssp245,CAF,Central-Africa,-0.15549587435871795
MIROC-ES2H,d_vpd_fs_HiLLA_minus_ssp245,NEAF,N.Eastern-Africa,-0.1681863268226365
MIROC-ES2H,d_vpd_fs_HiLLA_minus_ssp245,SEAF,S.Eastern-Africa,-0.12190861561099647
MIROC-ES2H,d_vpd_fs_HiLLA_minus_ssp245,WSAF,W.Southern-Africa,-0.1957106434212364
MIROC-ES2H,d_vpd_fs_HiLLA_minus_ssp245,ESAF,E.Southern-Africa,-0.18693079897497197
MIROC-ES2H,d_vpd_fs_HiLLA_minus_ssp245,MDG,Madagascar,-0.09783978038783561
MIROC-ES2H,d_vpd_fs_HiLLA_minus_ssp245,RAR,Russian-Arctic,-0.053049464989738296
MIROC-ES2H,d_vpd_fs_HiLLA_minus_ssp245,WSB,W.Siberia,-0.26641272797801835
MIROC-ES2H,d_vpd_fs_HiLLA_minus_ssp245,ESB,E.Siberia,-0.08811651740241101
MIROC-ES2H,d_vpd_fs_HiLLA_minus_ssp245,RFE,Russian-Far-East,-0.03486624348045495
MIROC-ES2H,d_vpd_fs_HiLLA_minus_ssp245,WCA,W.C.Asia,-0.5052405835832894
MIROC-ES2H,d_vpd_fs_HiLLA_minus_ssp245,ECA,E.C.Asia,-0.2266782381183221
MIROC-ES2H,d_vpd_fs_HiLLA_minus_ssp245,TIB,Tibetan-Plateau,-0.0440267510723854
MIROC-ES2H,d_vpd_fs_HiLLA_minus_ssp245,EAS,E.Asia,-0.059012390280568934
MIROC-ES2H,d_vpd_fs_HiLLA_minus_ssp245,ARP,Arabian-Peninsula,-0.45192295203032173
MIROC-ES2H,d_vpd_fs_HiLLA_minus_ssp245,SAS,S.Asia,-0.13460749531492716
MIROC-ES2H,d_vpd_fs_HiLLA_minus_ssp245,SEA,S.E.Asia,0.010079470639292414
MIROC-ES2H,d_vpd_fs_HiLLA_minus_ssp245,NAU,N.Australia,-0.10553984570631997
MIROC-ES2H,d_vpd_fs_HiLLA_minus_ssp245,CAU,C.Australia,-0.09157609564456991
MIROC-ES2H,d_vpd_fs_HiLLA_minus_ssp245,EAU,E.Australia,-0.04990289085958161
MIROC-ES2H,d_vpd_fs_HiLLA_minus_ssp245,SAU,S.Australia,-0.11131620810097989
MIROC-ES2H,d_vpd_fs_HiLLA_minus_ssp245,NZ,New-Zealand,-0.02101379534410493
MIROC-ES2H,d_vpd_fs_HiLLA_minus_ssp245,EAN,E.Antarctica,
MIROC-ES2H,d_vpd_fs_HiLLA_minus_ssp245,WAN,W.Antarctica,
MIROC-ES2H,d_pr_fs_HiLLA_minus_ssp245,GIC,Greenland/Iceland,
MIROC-ES2H,d_pr_fs_HiLLA_minus_ssp245,NWN,N.W.North-America,-0.15144240133366038
MIROC-ES2H,d_pr_fs_HiLLA_minus_ssp245,NEN,N.E.North-America,-0.16194067970013903
MIROC-ES2H,d_pr_fs_HiLLA_minus_ssp245,WNA,W.North-America,-0.006420702941356169
MIROC-ES2H,d_pr_fs_HiLLA_minus_ssp245,CNA,C.North-America,0.19209210186157988
MIROC-ES2H,d_pr_fs_HiLLA_minus_ssp245,ENA,E.North-America,-0.1598286501051837
MIROC-ES2H,d_pr_fs_HiLLA_minus_ssp245,NCA,N.Central-America,0.09960906993966545
MIROC-ES2H,d_pr_fs_HiLLA_minus_ssp245,SCA,S.Central-America,0.09994529925449182
MIROC-ES2H,d_pr_fs_HiLLA_minus_ssp245,CAR,Caribbean,0.10000945980934832
MIROC-ES2H,d_pr_fs_HiLLA_minus_ssp245,NWS,N.W.South-America,-0.2777675254560743
MIROC-ES2H,d_pr_fs_HiLLA_minus_ssp245,NSA,N.South-America,-0.20754918163644964
MIROC-ES2H,d_pr_fs_HiLLA_minus_ssp245,NES,N.E.South-America,0.03699636311645846
MIROC-ES2H,d_pr_fs_HiLLA_minus_ssp245,SAM,South-American-Monsoon,0.0417011831727123
MIROC-ES2H,d_pr_fs_HiLLA_minus_ssp245,SWS,S.W.South-America,0.10709475366957577
MIROC-ES2H,d_pr_fs_HiLLA_minus_ssp245,SES,S.E.South-America,-0.0503190239113464
MIROC-ES2H,d_pr_fs_HiLLA_minus_ssp245,SSA,S.South-America,0.0878126898870383
MIROC-ES2H,d_pr_fs_HiLLA_minus_ssp245,NEU,N.Europe,-0.07450864422958887
MIROC-ES2H,d_pr_fs_HiLLA_minus_ssp245,WCE,West&Central-Europe,0.08398174602832424
MIROC-ES2H,d_pr_fs_HiLLA_minus_ssp245,EEU,E.Europe,-0.05158129068567836
MIROC-ES2H,d_pr_fs_HiLLA_minus_ssp245,MED,Mediterranean,0.05207792325533841
MIROC-ES2H,d_pr_fs_HiLLA_minus_ssp245,SAH,Sahara,2.2287364788205294e-05
MIROC-ES2H,d_pr_fs_HiLLA_minus_ssp245,WAF,Western-Africa,0.07363388894940927
MIROC-ES2H,d_pr_fs_HiLLA_minus_ssp245,CAF,Central-Africa,0.05682183028668337
MIROC-ES2H,d_pr_fs_HiLLA_minus_ssp245,NEAF,N.Eastern-Africa,0.05451500961696936
MIROC-ES2H,d_pr_fs_HiLLA_minus_ssp245,SEAF,S.Eastern-Africa,0.03356193650760484
MIROC-ES2H,d_pr_fs_HiLLA_minus_ssp245,WSAF,W.Southern-Africa,0.003961052760596122
MIROC-ES2H,d_pr_fs_HiLLA_minus_ssp245,ESAF,E.Southern-Africa,0.09575717041785985
MIROC-ES2H,d_pr_fs_HiLLA_minus_ssp245,MDG,Madagascar,0.08747676034680771
MIROC-ES2H,d_pr_fs_HiLLA_minus_ssp245,RAR,Russian-Arctic,-0.16353309124482346
MIROC-ES2H,d_pr_fs_HiLLA_minus_ssp245,WSB,W.Siberia,-0.03535266573395601
MIROC-ES2H,d_pr_fs_HiLLA_minus_ssp245,ESB,E.Siberia,-0.10417688897043137
MIROC-ES2H,d_pr_fs_HiLLA_minus_ssp245,RFE,Russian-Far-East,-0.32654862372547155
MIROC-ES2H,d_pr_fs_HiLLA_minus_ssp245,WCA,W.C.Asia,0.015907745471917808
MIROC-ES2H,d_pr_fs_HiLLA_minus_ssp245,ECA,E.C.Asia,-0.08417801225224805
MIROC-ES2H,d_pr_fs_HiLLA_minus_ssp245,TIB,Tibetan-Plateau,-0.25285591644212835
MIROC-ES2H,d_pr_fs_HiLLA_minus_ssp245,EAS,E.Asia,-0.11330735824137825
MIROC-ES2H,d_pr_fs_HiLLA_minus_ssp245,ARP,Arabian-Peninsula,-0.02253427891962993
MIROC-ES2H,d_pr_fs_HiLLA_minus_ssp245,SAS,S.Asia,0.024362234428288502
MIROC-ES2H,d_pr_fs_HiLLA_minus_ssp245,SEA,S.E.Asia,-0.31568099871993965
MIROC-ES2H,d_pr_fs_HiLLA_minus_ssp245,NAU,N.Australia,-0.09212722636968519
MIROC-ES2H,d_pr_fs_HiLLA_minus_ssp245,CAU,C.Australia,-0.16565189235624675
MIROC-ES2H,d_pr_fs_HiLLA_minus_ssp245,EAU,E.Australia,-0.1640309076192965
MIROC-ES2H,d_pr_fs_HiLLA_minus_ssp245,SAU,S.Australia,-0.08638033573320802
MIROC-ES2H,d_pr_fs_HiLLA_minus_ssp245,NZ,New-Zealand,-0.2284107234261639
MIROC-ES2H,d_pr_fs_HiLLA_minus_ssp245,EAN,E.Antarctica,
MIROC-ES2H,d_pr_fs_HiLLA_minus_ssp245,WAN,W.Antarctica,
MIROC-ES2H,dpct_pr_fs_HiLLA_minus_ssp245,GIC,Greenland/Iceland,
MIROC-ES2H,dpct_pr_fs_HiLLA_minus_ssp245,NWN,N.W.North-America,-4.809137429508342
MIROC-ES2H,dpct_pr_fs_HiLLA_minus_ssp245,NEN,N.E.North-America,-6.833363788184568
MIROC-ES2H,dpct_pr_fs_HiLLA_minus_ssp245,WNA,W.North-America,-2.921921459265826
MIROC-ES2H,dpct_pr_fs_HiLLA_minus_ssp245,CNA,C.North-America,10.291731641769001
MIROC-ES2H,dpct_pr_fs_HiLLA_minus_ssp245,ENA,E.North-America,-3.509646130421972
MIROC-ES2H,dpct_pr_fs_HiLLA_minus_ssp245,NCA,N.Central-America,9.930804534484428
MIROC-ES2H,dpct_pr_fs_HiLLA_minus_ssp245,SCA,S.Central-America,5.529359587575175
MIROC-ES2H,dpct_pr_fs_HiLLA_minus_ssp245,CAR,Caribbean,10.067125795741608
MIROC-ES2H,dpct_pr_fs_HiLLA_minus_ssp245,NWS,N.W.South-America,-6.204854201612286
MIROC-ES2H,dpct_pr_fs_HiLLA_minus_ssp245,NSA,N.South-America,-9.741877971039637
MIROC-ES2H,dpct_pr_fs_HiLLA_minus_ssp245,NES,N.E.South-America,9.914585426106669
MIROC-ES2H,dpct_pr_fs_HiLLA_minus_ssp245,SAM,South-American-Monsoon,6.485349089453629
MIROC-ES2H,dpct_pr_fs_HiLLA_minus_ssp245,SWS,S.W.South-America,8.072653457244465
MIROC-ES2H,dpct_pr_fs_HiLLA_minus_ssp245,SES,S.E.South-America,1.996949933874884
MIROC-ES2H,dpct_pr_fs_HiLLA_minus_ssp245,SSA,S.South-America,5.401389956587399
MIROC-ES2H,dpct_pr_fs_HiLLA_minus_ssp245,NEU,N.Europe,-1.6801081643672238
MIROC-ES2H,dpct_pr_fs_HiLLA_minus_ssp245,WCE,West&Central-Europe,5.809768613039933
MIROC-ES2H,dpct_pr_fs_HiLLA_minus_ssp245,EEU,E.Europe,-2.810518640443369
MIROC-ES2H,dpct_pr_fs_HiLLA_minus_ssp245,MED,Mediterranean,9.16161859779612
MIROC-ES2H,dpct_pr_fs_HiLLA_minus_ssp245,SAH,Sahara,0.2926193545699832
MIROC-ES2H,dpct_pr_fs_HiLLA_minus_ssp245,WAF,Western-Africa,21.528000773700043
MIROC-ES2H,dpct_pr_fs_HiLLA_minus_ssp245,CAF,Central-Africa,12.039363589660798
MIROC-ES2H,dpct_pr_fs_HiLLA_minus_ssp245,NEAF,N.Eastern-Africa,6.641854690693027
MIROC-ES2H,dpct_pr_fs_HiLLA_minus_ssp245,SEAF,S.Eastern-Africa,3.870997744735688
MIROC-ES2H,dpct_pr_fs_HiLLA_minus_ssp245,WSAF,W.Southern-Africa,3.744874409690798
MIROC-ES2H,dpct_pr_fs_HiLLA_minus_ssp245,ESAF,E.Southern-Africa,12.05460544825591
MIROC-ES2H,dpct_pr_fs_HiLLA_minus_ssp245,MDG,Madagascar,5.8894100081755045
MIROC-ES2H,dpct_pr_fs_HiLLA_minus_ssp245,RAR,Russian-Arctic,-7.159931775642067
MIROC-ES2H,dpct_pr_fs_HiLLA_minus_ssp245,WSB,W.Siberia,-2.8919625566477487
MIROC-ES2H,dpct_pr_fs_HiLLA_minus_ssp245,ESB,E.Siberia,-3.931845982921106
MIROC-ES2H,dpct_pr_fs_HiLLA_minus_ssp245,RFE,Russian-Far-East,-8.931459064643148
MIROC-ES2H,dpct_pr_fs_HiLLA_minus_ssp245,WCA,W.C.Asia,3.2217337584060153
MIROC-ES2H,dpct_pr_fs_HiLLA_minus_ssp245,ECA,E.C.Asia,-6.166534454363817
MIROC-ES2H,dpct_pr_fs_HiLLA_minus_ssp245,TIB,Tibetan-Plateau,-10.1126829799574
MIROC-ES2H,dpct_pr_fs_HiLLA_minus_ssp245,EAS,E.Asia,-3.471891042989631
MIROC-ES2H,dpct_pr_fs_HiLLA_minus_ssp245,ARP,Arabian-Peninsula,-6.299835836759535
MIROC-ES2H,dpct_pr_fs_HiLLA_minus_ssp245,SAS,S.Asia,6.073656170143118
MIROC-ES2H,dpct_pr_fs_HiLLA_minus_ssp245,SEA,S.E.Asia,-9.495566180856448
MIROC-ES2H,dpct_pr_fs_HiLLA_minus_ssp245,NAU,N.Australia,-12.03920272338989
MIROC-ES2H,dpct_pr_fs_HiLLA_minus_ssp245,CAU,C.Australia,-10.59302331368099
MIROC-ES2H,dpct_pr_fs_HiLLA_minus_ssp245,EAU,E.Australia,-5.193112946136657
MIROC-ES2H,dpct_pr_fs_HiLLA_minus_ssp245,SAU,S.Australia,-6.549009470051583
MIROC-ES2H,dpct_pr_fs_HiLLA_minus_ssp245,NZ,New-Zealand,-5.498423360545876
MIROC-ES2H,dpct_pr_fs_HiLLA_minus_ssp245,EAN,E.Antarctica,
MIROC-ES2H,dpct_pr_fs_HiLLA_minus_ssp245,WAN,W.Antarctica,
MIROC-ES2H,d_vpd_days_p95_HiLLA_minus_ssp245,GIC,Greenland/Iceland,
MIROC-ES2H,d_vpd_days_p95_HiLLA_minus_ssp245,NWN,N.W.North-America,-10.438428489461486
MIROC-ES2H,d_vpd_days_p95_HiLLA_minus_ssp245,NEN,N.E.North-America,-11.925899225739679
MIROC-ES2H,d_vpd_days_p95_HiLLA_minus_ssp245,WNA,W.North-America,-11.629526343704594
MIROC-ES2H,d_vpd_days_p95_HiLLA_minus_ssp245,CNA,C.North-America,-15.932644020087837
MIROC-ES2H,d_vpd_days_p95_HiLLA_minus_ssp245,ENA,E.North-America,-9.903322934305939
MIROC-ES2H,d_vpd_days_p95_HiLLA_minus_ssp245,NCA,N.Central-America,-13.096343368488915
MIROC-ES2H,d_vpd_days_p95_HiLLA_minus_ssp245,SCA,S.Central-America,-12.880306880315242
MIROC-ES2H,d_vpd_days_p95_HiLLA_minus_ssp245,CAR,Caribbean,-15.722277938338674
MIROC-ES2H,d_vpd_days_p95_HiLLA_minus_ssp245,NWS,N.W.South-America,-5.6544928296898895
MIROC-ES2H,d_vpd_days_p95_HiLLA_minus_ssp245,NSA,N.South-America,-8.82082735186909
MIROC-ES2H,d_vpd_days_p95_HiLLA_minus_ssp245,NES,N.E.South-America,-15.255514454232731
MIROC-ES2H,d_vpd_days_p95_HiLLA_minus_ssp245,SAM,South-American-Monsoon,-13.32208142618122
MIROC-ES2H,d_vpd_days_p95_HiLLA_minus_ssp245,SWS,S.W.South-America,-12.97440129702718
MIROC-ES2H,d_vpd_days_p95_HiLLA_minus_ssp245,SES,S.E.South-America,-8.665493630150692
MIROC-ES2H,d_vpd_days_p95_HiLLA_minus_ssp245,SSA,S.South-America,-8.252368935304132
MIROC-ES2H,d_vpd_days_p95_HiLLA_minus_ssp245,NEU,N.Europe,-7.501191950183448
MIROC-ES2H,d_vpd_days_p95_HiLLA_minus_ssp245,WCE,West&Central-Europe,-12.217741302240322
MIROC-ES2H,d_vpd_days_p95_HiLLA_minus_ssp245,EEU,E.Europe,-12.601604605120215
MIROC-ES2H,d_vpd_days_p95_HiLLA_minus_ssp245,MED,Mediterranean,-18.969050372818977
MIROC-ES2H,d_vpd_days_p95_HiLLA_minus_ssp245,SAH,Sahara,-25.03109049639649
MIROC-ES2H,d_vpd_days_p95_HiLLA_minus_ssp245,WAF,Western-Africa,-15.831784494277388
MIROC-ES2H,d_vpd_days_p95_HiLLA_minus_ssp245,CAF,Central-Africa,-12.461668539604805
MIROC-ES2H,d_vpd_days_p95_HiLLA_minus_ssp245,NEAF,N.Eastern-Africa,-15.566291995794394
MIROC-ES2H,d_vpd_days_p95_HiLLA_minus_ssp245,SEAF,S.Eastern-Africa,-12.843137639979105
MIROC-ES2H,d_vpd_days_p95_HiLLA_minus_ssp245,WSAF,W.Southern-Africa,-11.11819293636181
MIROC-ES2H,d_vpd_days_p95_HiLLA_minus_ssp245,ESAF,E.Southern-Africa,-11.526534804666563
MIROC-ES2H,d_vpd_days_p95_HiLLA_minus_ssp245,MDG,Madagascar,-13.829126074935962
MIROC-ES2H,d_vpd_days_p95_HiLLA_minus_ssp245,RAR,Russian-Arctic,-11.575998677010002
MIROC-ES2H,d_vpd_days_p95_HiLLA_minus_ssp245,WSB,W.Siberia,-11.242029639765072
MIROC-ES2H,d_vpd_days_p95_HiLLA_minus_ssp245,ESB,E.Siberia,-8.073664506079632
MIROC-ES2H,d_vpd_days_p95_HiLLA_minus_ssp245,RFE,Russian-Far-East,-5.809196947294654
MIROC-ES2H,d_vpd_days_p95_HiLLA_minus_ssp245,WCA,W.C.Asia,-17.46398636103117
MIROC-ES2H,d_vpd_days_p95_HiLLA_minus_ssp245,ECA,E.C.Asia,-9.952084798000984
MIROC-ES2H,d_vpd_days_p95_HiLLA_minus_ssp245,TIB,Tibetan-Plateau,-7.126627171377751
MIROC-ES2H,d_vpd_days_p95_HiLLA_minus_ssp245,EAS,E.Asia,-9.295943393793351
MIROC-ES2H,d_vpd_days_p95_HiLLA_minus_ssp245,ARP,Arabian-Peninsula,-21.382924175735678
MIROC-ES2H,d_vpd_days_p95_HiLLA_minus_ssp245,SAS,S.Asia,-4.975271476494039
MIROC-ES2H,d_vpd_days_p95_HiLLA_minus_ssp245,SEA,S.E.Asia,-1.5664113290483366
MIROC-ES2H,d_vpd_days_p95_HiLLA_minus_ssp245,NAU,N.Australia,-4.910431069952257
MIROC-ES2H,d_vpd_days_p95_HiLLA_minus_ssp245,CAU,C.Australia,-4.7939434381749315
MIROC-ES2H,d_vpd_days_p95_HiLLA_minus_ssp245,EAU,E.Australia,-2.7154038080716796
MIROC-ES2H,d_vpd_days_p95_HiLLA_minus_ssp245,SAU,S.Australia,-3.294397509771842
MIROC-ES2H,d_vpd_days_p95_HiLLA_minus_ssp245,NZ,New-Zealand,-5.1872868685422535
MIROC-ES2H,d_vpd_days_p95_HiLLA_minus_ssp245,EAN,E.Antarctica,
MIROC-ES2H,d_vpd_days_p95_HiLLA_minus_ssp245,WAN,W.Antarctica,
MIROC-ES2H,d_vpd_fs_HiLLA_minus_SAI,GIC,Greenland/Iceland,
MIROC-ES2H,d_vpd_fs_HiLLA_minus_SAI,NWN,N.W.North-America,-0.012881371705366573
MIROC-ES2H,d_vpd_fs_HiLLA_minus_SAI,NEN,N.E.North-America,-0.011348557524212717
MIROC-ES2H,d_vpd_fs_HiLLA_minus_SAI,WNA,W.North-America,-0.05429392391930334
MIROC-ES2H,d_vpd_fs_HiLLA_minus_SAI,CNA,C.North-America,-0.12447664896345086
MIROC-ES2H,d_vpd_fs_HiLLA_minus_SAI,ENA,E.North-America,-0.021258490879142142
MIROC-ES2H,d_vpd_fs_HiLLA_minus_SAI,NCA,N.Central-America,-0.012747496636829676
MIROC-ES2H,d_vpd_fs_HiLLA_minus_SAI,SCA,S.Central-America,0.06439450879145926
MIROC-ES2H,d_vpd_fs_HiLLA_minus_SAI,CAR,Caribbean,0.06693349446071295
MIROC-ES2H,d_vpd_fs_HiLLA_minus_SAI,NWS,N.W.South-America,0.03217495564487873
MIROC-ES2H,d_vpd_fs_HiLLA_minus_SAI,NSA,N.South-America,0.10882373207261407
MIROC-ES2H,d_vpd_fs_HiLLA_minus_SAI,NES,N.E.South-America,0.06645094384917433
MIROC-ES2H,d_vpd_fs_HiLLA_minus_SAI,SAM,South-American-Monsoon,0.07295980494706246
MIROC-ES2H,d_vpd_fs_HiLLA_minus_SAI,SWS,S.W.South-America,0.013856569993293578
MIROC-ES2H,d_vpd_fs_HiLLA_minus_SAI,SES,S.E.South-America,0.036997957932504606
MIROC-ES2H,d_vpd_fs_HiLLA_minus_SAI,SSA,S.South-America,-0.008764135352176168
MIROC-ES2H,d_vpd_fs_HiLLA_minus_SAI,NEU,N.Europe,-0.008749059392359135
MIROC-ES2H,d_vpd_fs_HiLLA_minus_SAI,WCE,West&Central-Europe,-0.016936159925617728
MIROC-ES2H,d_vpd_fs_HiLLA_minus_SAI,EEU,E.Europe,0.03399167520267677
MIROC-ES2H,d_vpd_fs_HiLLA_minus_SAI,MED,Mediterranean,0.02228580702951403
MIROC-ES2H,d_vpd_fs_HiLLA_minus_SAI,SAH,Sahara,0.033722245786097116
MIROC-ES2H,d_vpd_fs_HiLLA_minus_SAI,WAF,Western-Africa,-0.00347814689174565
MIROC-ES2H,d_vpd_fs_HiLLA_minus_SAI,CAF,Central-Africa,-0.015621802932315331
MIROC-ES2H,d_vpd_fs_HiLLA_minus_SAI,NEAF,N.Eastern-Africa,-3.728270123298075e-05
MIROC-ES2H,d_vpd_fs_HiLLA_minus_SAI,SEAF,S.Eastern-Africa,0.009664475087983295
MIROC-ES2H,d_vpd_fs_HiLLA_minus_SAI,WSAF,W.Southern-Africa,0.03421228559089369
MIROC-ES2H,d_vpd_fs_HiLLA_minus_SAI,ESAF,E.Southern-Africa,0.034937726276003014
MIROC-ES2H,d_vpd_fs_HiLLA_minus_SAI,MDG,Madagascar,0.016835350742194957
MIROC-ES2H,d_vpd_fs_HiLLA_minus_SAI,RAR,Russian-Arctic,-0.00832946911211634
MIROC-ES2H,d_vpd_fs_HiLLA_minus_SAI,WSB,W.Siberia,-0.07159582025034893
MIROC-ES2H,d_vpd_fs_HiLLA_minus_SAI,ESB,E.Siberia,-0.010141604277803714
MIROC-ES2H,d_vpd_fs_HiLLA_minus_SAI,RFE,Russian-Far-East,-0.0034697072091179563
MIROC-ES2H,d_vpd_fs_HiLLA_minus_SAI,WCA,W.C.Asia,-0.011280989295247332
MIROC-ES2H,d_vpd_fs_HiLLA_minus_SAI,ECA,E.C.Asia,-0.025748381308463852
MIROC-ES2H,d_vpd_fs_HiLLA_minus_SAI,TIB,Tibetan-Plateau,-0.0008483376109602961
MIROC-ES2H,d_vpd_fs_HiLLA_minus_SAI,EAS,E.Asia,0.006458543273573425
MIROC-ES2H,d_vpd_fs_HiLLA_minus_SAI,ARP,Arabian-Peninsula,0.04228029915010115
MIROC-ES2H,d_vpd_fs_HiLLA_minus_SAI,SAS,S.Asia,-0.010884817116212399
MIROC-ES2H,d_vpd_fs_HiLLA_minus_SAI,SEA,S.E.Asia,0.04975804032094362
MIROC-ES2H,d_vpd_fs_HiLLA_minus_SAI,NAU,N.Australia,0.09051672173476674
MIROC-ES2H,d_vpd_fs_HiLLA_minus_SAI,CAU,C.Australia,0.0802271107323279
MIROC-ES2H,d_vpd_fs_HiLLA_minus_SAI,EAU,E.Australia,0.1363383821861224
MIROC-ES2H,d_vpd_fs_HiLLA_minus_SAI,SAU,S.Australia,0.08859487376323118
MIROC-ES2H,d_vpd_fs_HiLLA_minus_SAI,NZ,New-Zealand,-0.0008139877883735664
MIROC-ES2H,d_vpd_fs_HiLLA_minus_SAI,EAN,E.Antarctica,
MIROC-ES2H,d_vpd_fs_HiLLA_minus_SAI,WAN,W.Antarctica,
MIROC-ES2H,d_pr_fs_HiLLA_minus_SAI,GIC,Greenland/Iceland,
MIROC-ES2H,d_pr_fs_HiLLA_minus_SAI,NWN,N.W.North-America,-0.04782417873758698
MIROC-ES2H,d_pr_fs_HiLLA_minus_SAI,NEN,N.E.North-America,-0.005535562968089541
MIROC-ES2H,d_pr_fs_HiLLA_minus_SAI,WNA,W.North-America,0.05695881506866236
MIROC-ES2H,d_pr_fs_HiLLA_minus_SAI,CNA,C.North-America,0.16713624936898447
MIROC-ES2H,d_pr_fs_HiLLA_minus_SAI,ENA,E.North-America,0.058223102135240984
MIROC-ES2H,d_pr_fs_HiLLA_minus_SAI,NCA,N.Central-America,0.050489782572040134
MIROC-ES2H,d_pr_fs_HiLLA_minus_SAI,SCA,S.Central-America,-0.034355101950466156
MIROC-ES2H,d_pr_fs_HiLLA_minus_SAI,CAR,Caribbean,-0.092346731825858
MIROC-ES2H,d_pr_fs_HiLLA_minus_SAI,NWS,N.W.South-America,-0.15557679050215492
MIROC-ES2H,d_pr_fs_HiLLA_minus_SAI,NSA,N.South-America,-0.09359771794147115
MIROC-ES2H,d_pr_fs_HiLLA_minus_SAI,NES,N.E.South-America,-0.06829310930801882
MIROC-ES2H,d_pr_fs_HiLLA_minus_SAI,SAM,South-American-Monsoon,-0.0010863343476327416
MIROC-ES2H,d_pr_fs_HiLLA_minus_SAI,SWS,S.W.South-America,-0.006483099758478907
MIROC-ES2H,d_pr_fs_HiLLA_minus_SAI,SES,S.E.South-America,-0.08840867731902083
MIROC-ES2H,d_pr_fs_HiLLA_minus_SAI,SSA,S.South-America,-0.02724002317415287
MIROC-ES2H,d_pr_fs_HiLLA_minus_SAI,NEU,N.Europe,-0.005973113834230754
MIROC-ES2H,d_pr_fs_HiLLA_minus_SAI,WCE,West&Central-Europe,0.02321999117419664
MIROC-ES2H,d_pr_fs_HiLLA_minus_SAI,EEU,E.Europe,-0.091673978329975
MIROC-ES2H,d_pr_fs_HiLLA_minus_SAI,MED,Mediterranean,-0.016471969854888406
MIROC-ES2H,d_pr_fs_HiLLA_minus_SAI,SAH,Sahara,-0.0037331770327961953
MIROC-ES2H,d_pr_fs_HiLLA_minus_SAI,WAF,Western-Africa,0.06094386217175623
MIROC-ES2H,d_pr_fs_HiLLA_minus_SAI,CAF,Central-Africa,0.09244542559224464
MIROC-ES2H,d_pr_fs_HiLLA_minus_SAI,NEAF,N.Eastern-Africa,0.06222838667362322
MIROC-ES2H,d_pr_fs_HiLLA_minus_SAI,SEAF,S.Eastern-Africa,0.09449272489013034
MIROC-ES2H,d_pr_fs_HiLLA_minus_SAI,WSAF,W.Southern-Africa,-0.01541810787523786
MIROC-ES2H,d_pr_fs_HiLLA_minus_SAI,ESAF,E.Southern-Africa,0.020935205403979147
MIROC-ES2H,d_pr_fs_HiLLA_minus_SAI,MDG,Madagascar,-0.0013853397586690002
MIROC-ES2H,d_pr_fs_HiLLA_minus_SAI,RAR,Russian-Arctic,-0.03267819152916347
MIROC-ES2H,d_pr_fs_HiLLA_minus_SAI,WSB,W.Siberia,0.03331941160876264
MIROC-ES2H,d_pr_fs_HiLLA_minus_SAI,ESB,E.Siberia,0.005888973293288022
MIROC-ES2H,d_pr_fs_HiLLA_minus_SAI,RFE,Russian-Far-East,-0.04645481608648528
MIROC-ES2H,d_pr_fs_HiLLA_minus_SAI,WCA,W.C.Asia,0.011092396685485627
MIROC-ES2H,d_pr_fs_HiLLA_minus_SAI,ECA,E.C.Asia,0.015254149548857798
MIROC-ES2H,d_pr_fs_HiLLA_minus_SAI,TIB,Tibetan-Plateau,-0.012523401835224764
MIROC-ES2H,d_pr_fs_HiLLA_minus_SAI,EAS,E.Asia,0.016914842008847773
MIROC-ES2H,d_pr_fs_HiLLA_minus_SAI,ARP,Arabian-Peninsula,0.021307084484164986
MIROC-ES2H,d_pr_fs_HiLLA_minus_SAI,SAS,S.Asia,0.06703928012993682
MIROC-ES2H,d_pr_fs_HiLLA_minus_SAI,SEA,S.E.Asia,-0.10364641382849374
MIROC-ES2H,d_pr_fs_HiLLA_minus_SAI,NAU,N.Australia,-0.017867879814803395
MIROC-ES2H,d_pr_fs_HiLLA_minus_SAI,CAU,C.Australia,-0.056920222036361434
MIROC-ES2H,d_pr_fs_HiLLA_minus_SAI,EAU,E.Australia,-0.22104346569456848
MIROC-ES2H,d_pr_fs_HiLLA_minus_SAI,SAU,S.Australia,-0.14742915852288405
MIROC-ES2H,d_pr_fs_HiLLA_minus_SAI,NZ,New-Zealand,-0.03710519115954507
MIROC-ES2H,d_pr_fs_HiLLA_minus_SAI,EAN,E.Antarctica,
MIROC-ES2H,d_pr_fs_HiLLA_minus_SAI,WAN,W.Antarctica,
MIROC-ES2H,dpct_pr_fs_HiLLA_minus_SAI,GIC,Greenland/Iceland,
MIROC-ES2H,dpct_pr_fs_HiLLA_minus_SAI,NWN,N.W.North-America,-0.44425267867802226
MIROC-ES2H,dpct_pr_fs_HiLLA_minus_SAI,NEN,N.E.North-America,-0.0977950030272491
MIROC-ES2H,dpct_pr_fs_HiLLA_minus_SAI,WNA,W.North-America,7.184953352831586
MIROC-ES2H,dpct_pr_fs_HiLLA_minus_SAI,CNA,C.North-America,9.07923515313655
MIROC-ES2H,dpct_pr_fs_HiLLA_minus_SAI,ENA,E.North-America,1.8647648952945666
MIROC-ES2H,dpct_pr_fs_HiLLA_minus_SAI,NCA,N.Central-America,5.672439655386973
MIROC-ES2H,dpct_pr_fs_HiLLA_minus_SAI,SCA,S.Central-America,-2.0077616408071326
MIROC-ES2H,dpct_pr_fs_HiLLA_minus_SAI,CAR,Caribbean,-6.3485704775491865
MIROC-ES2H,dpct_pr_fs_HiLLA_minus_SAI,NWS,N.W.South-America,-4.500562061570631
MIROC-ES2H,dpct_pr_fs_HiLLA_minus_SAI,NSA,N.South-America,-7.690978736874452
MIROC-ES2H,dpct_pr_fs_HiLLA_minus_SAI,NES,N.E.South-America,-14.878741090601443
MIROC-ES2H,dpct_pr_fs_HiLLA_minus_SAI,SAM,South-American-Monsoon,-0.6591415490818988
MIROC-ES2H,dpct_pr_fs_HiLLA_minus_SAI,SWS,S.W.South-America,1.5021755591622452
MIROC-ES2H,dpct_pr_fs_HiLLA_minus_SAI,SES,S.E.South-America,-2.6903535539731576
MIROC-ES2H,dpct_pr_fs_HiLLA_minus_SAI,SSA,S.South-America,-2.0465158881864016
MIROC-ES2H,dpct_pr_fs_HiLLA_minus_SAI,NEU,N.Europe,0.2068300251393524
MIROC-ES2H,dpct_pr_fs_HiLLA_minus_SAI,WCE,West&Central-Europe,1.9094957283070142
MIROC-ES2H,dpct_pr_fs_HiLLA_minus_SAI,EEU,E.Europe,-6.099072649139636
MIROC-ES2H,dpct_pr_fs_HiLLA_minus_SAI,MED,Mediterranean,-4.01954922686783
MIROC-ES2H,dpct_pr_fs_HiLLA_minus_SAI,SAH,Sahara,-6.443657034650497
MIROC-ES2H,dpct_pr_fs_HiLLA_minus_SAI,WAF,Western-Africa,18.439438767063045
MIROC-ES2H,dpct_pr_fs_HiLLA_minus_SAI,CAF,Central-Africa,11.765217772534003
MIROC-ES2H,dpct_pr_fs_HiLLA_minus_SAI,NEAF,N.Eastern-Africa,8.788209656814233
MIROC-ES2H,dpct_pr_fs_HiLLA_minus_SAI,SEAF,S.Eastern-Africa,4.733547063586157
MIROC-ES2H,dpct_pr_fs_HiLLA_minus_SAI,WSAF,W.Southern-Africa,-2.969440270722151
MIROC-ES2H,dpct_pr_fs_HiLLA_minus_SAI,ESAF,E.Southern-Africa,6.384753299685227
MIROC-ES2H,dpct_pr_fs_HiLLA_minus_SAI,MDG,Madagascar,-0.7299095973990085
MIROC-ES2H,dpct_pr_fs_HiLLA_minus_SAI,RAR,Russian-Arctic,-1.7125727010615333
MIROC-ES2H,dpct_pr_fs_HiLLA_minus_SAI,WSB,W.Siberia,1.85765163757426
MIROC-ES2H,dpct_pr_fs_HiLLA_minus_SAI,ESB,E.Siberia,0.49728552487203137
MIROC-ES2H,dpct_pr_fs_HiLLA_minus_SAI,RFE,Russian-Far-East,-0.8977081064431782
MIROC-ES2H,dpct_pr_fs_HiLLA_minus_SAI,WCA,W.C.Asia,4.498087787533867
MIROC-ES2H,dpct_pr_fs_HiLLA_minus_SAI,ECA,E.C.Asia,1.298671437404299
MIROC-ES2H,dpct_pr_fs_HiLLA_minus_SAI,TIB,Tibetan-Plateau,-0.4362738217722534
MIROC-ES2H,dpct_pr_fs_HiLLA_minus_SAI,EAS,E.Asia,1.0269924200893132
MIROC-ES2H,dpct_pr_fs_HiLLA_minus_SAI,ARP,Arabian-Peninsula,17.328181426635833
MIROC-ES2H,dpct_pr_fs_HiLLA_minus_SAI,SAS,S.Asia,13.453202505991108
MIROC-ES2H,dpct_pr_fs_HiLLA_minus_SAI,SEA,S.E.Asia,-3.903859812756505
MIROC-ES2H,dpct_pr_fs_HiLLA_minus_SAI,NAU,N.Australia,-2.4099963990680524
MIROC-ES2H,dpct_pr_fs_HiLLA_minus_SAI,CAU,C.Australia,-3.991775054242477
MIROC-ES2H,dpct_pr_fs_HiLLA_minus_SAI,EAU,E.Australia,-7.062353670113992
MIROC-ES2H,dpct_pr_fs_HiLLA_minus_SAI,SAU,S.Australia,-10.317570154595591
MIROC-ES2H,dpct_pr_fs_HiLLA_minus_SAI,NZ,New-Zealand,-1.048649254659112
MIROC-ES2H,dpct_pr_fs_HiLLA_minus_SAI,EAN,E.Antarctica,
MIROC-ES2H,dpct_pr_fs_HiLLA_minus_SAI,WAN,W.Antarctica,
MIROC-ES2H,d_vpd_days_p95_HiLLA_minus_SAI,GIC,Greenland/Iceland,
MIROC-ES2H,d_vpd_days_p95_HiLLA_minus_SAI,NWN,N.W.North-America,-1.3253227266795726
MIROC-ES2H,d_vpd_days_p95_HiLLA_minus_SAI,NEN,N.E.North-America,-1.8468130921115362
MIROC-ES2H,d_vpd_days_p95_HiLLA_minus_SAI,WNA,W.North-America,-2.8259524851070053
MIROC-ES2H,d_vpd_days_p95_HiLLA_minus_SAI,CNA,C.North-America,-4.331432975859244
MIROC-ES2H,d_vpd_days_p95_HiLLA_minus_SAI,ENA,E.North-America,-1.9711249962548154
MIROC-ES2H,d_vpd_days_p95_HiLLA_minus_SAI,NCA,N.Central-America,-0.4015421645165792
MIROC-ES2H,d_vpd_days_p95_HiLLA_minus_SAI,SCA,S.Central-America,2.736128121936931
MIROC-ES2H,d_vpd_days_p95_HiLLA_minus_SAI,CAR,Caribbean,5.031746361737853
MIROC-ES2H,d_vpd_days_p95_HiLLA_minus_SAI,NWS,N.W.South-America,2.651764366166864
MIROC-ES2H,d_vpd_days_p95_HiLLA_minus_SAI,NSA,N.South-America,4.09626166480331
MIROC-ES2H,d_vpd_days_p95_HiLLA_minus_SAI,NES,N.E.South-America,2.1076669300525754
MIROC-ES2H,d_vpd_days_p95_HiLLA_minus_SAI,SAM,South-American-Monsoon,2.800630279258372
MIROC-ES2H,d_vpd_days_p95_HiLLA_minus_SAI,SWS,S.W.South-America,0.7846879043051518
MIROC-ES2H,d_vpd_days_p95_HiLLA_minus_SAI,SES,S.E.South-America,0.3764172269189702
MIROC-ES2H,d_vpd_days_p95_HiLLA_minus_SAI,SSA,S.South-America,-1.3355836946547663
MIROC-ES2H,d_vpd_days_p95_HiLLA_minus_SAI,NEU,N.Europe,-0.6458029306081241
MIROC-ES2H,d_vpd_days_p95_HiLLA_minus_SAI,WCE,West&Central-Europe,-0.631692872998336
MIROC-ES2H,d_vpd_days_p95_HiLLA_minus_SAI,EEU,E.Europe,1.6169147592094812
MIROC-ES2H,d_vpd_days_p95_HiLLA_minus_SAI,MED,Mediterranean,0.5168042848372856
MIROC-ES2H,d_vpd_days_p95_HiLLA_minus_SAI,SAH,Sahara,2.032711623535489
MIROC-ES2H,d_vpd_days_p95_HiLLA_minus_SAI,WAF,Western-Africa,-0.34100778391305464
MIROC-ES2H,d_vpd_days_p95_HiLLA_minus_SAI,CAF,Central-Africa,-1.0052845605301524
MIROC-ES2H,d_vpd_days_p95_HiLLA_minus_SAI,NEAF,N.Eastern-Africa,-0.2085966270042662
MIROC-ES2H,d_vpd_days_p95_HiLLA_minus_SAI,SEAF,S.Eastern-Africa,-0.6730355165820732
MIROC-ES2H,d_vpd_days_p95_HiLLA_minus_SAI,WSAF,W.Southern-Africa,1.9137590265434974
MIROC-ES2H,d_vpd_days_p95_HiLLA_minus_SAI,ESAF,E.Southern-Africa,0.5214881318502935
MIROC-ES2H,d_vpd_days_p95_HiLLA_minus_SAI,MDG,Madagascar,1.4028805170593965
MIROC-ES2H,d_vpd_days_p95_HiLLA_minus_SAI,RAR,Russian-Arctic,-1.973538492389305
MIROC-ES2H,d_vpd_days_p95_HiLLA_minus_SAI,WSB,W.Siberia,-2.4204356219815404
MIROC-ES2H,d_vpd_days_p95_HiLLA_minus_SAI,ESB,E.Siberia,-1.0631502365940542
MIROC-ES2H,d_vpd_days_p95_HiLLA_minus_SAI,RFE,Russian-Far-East,-0.7280761259290288
MIROC-ES2H,d_vpd_days_p95_HiLLA_minus_SAI,WCA,W.C.Asia,0.09329650549939378
MIROC-ES2H,d_vpd_days_p95_HiLLA_minus_SAI,ECA,E.C.Asia,-0.8956997424854216
MIROC-ES2H,d_vpd_days_p95_HiLLA_minus_SAI,TIB,Tibetan-Plateau,0.8813559305669266
MIROC-ES2H,d_vpd_days_p95_HiLLA_minus_SAI,EAS,E.Asia,1.1157374670144158
MIROC-ES2H,d_vpd_days_p95_HiLLA_minus_SAI,ARP,Arabian-Peninsula,1.8008198998519935
MIROC-ES2H,d_vpd_days_p95_HiLLA_minus_SAI,SAS,S.Asia,-0.4411588614794045
MIROC-ES2H,d_vpd_days_p95_HiLLA_minus_SAI,SEA,S.E.Asia,2.233404218378916
MIROC-ES2H,d_vpd_days_p95_HiLLA_minus_SAI,NAU,N.Australia,2.73649710833146
MIROC-ES2H,d_vpd_days_p95_HiLLA_minus_SAI,CAU,C.Australia,1.649674375234932
MIROC-ES2H,d_vpd_days_p95_HiLLA_minus_SAI,EAU,E.Australia,4.805832588375766
MIROC-ES2H,d_vpd_days_p95_HiLLA_minus_SAI,SAU,S.Australia,2.706585729333585
MIROC-ES2H,d_vpd_days_p95_HiLLA_minus_SAI,NZ,New-Zealand,0.5374376792599133
MIROC-ES2H,d_vpd_days_p95_HiLLA_minus_SAI,EAN,E.Antarctica,
MIROC-ES2H,d_vpd_days_p95_HiLLA_minus_SAI,WAN,W.Antarctica,
MIROC-ES2H,d_vpd_fs_SAI_minus_target,GIC,Greenland/Iceland,
MIROC-ES2H,d_vpd_fs_SAI_minus_target,NWN,N.W.North-America,-0.005855302859447419
MIROC-ES2H,d_vpd_fs_SAI_minus_target,NEN,N.E.North-America,-0.014014614443797644
MIROC-ES2H,d_vpd_fs_SAI_minus_target,WNA,W.North-America,-0.005746849624564025
MIROC-ES2H,d_vpd_fs_SAI_minus_target,CNA,C.North-America,0.17105588626681337
MIROC-ES2H,d_vpd_fs_SAI_minus_target,ENA,E.North-America,-0.012128509289083643
MIROC-ES2H,d_vpd_fs_SAI_minus_target,NCA,N.Central-America,-0.04000031152830337
MIROC-ES2H,d_vpd_fs_SAI_minus_target,SCA,S.Central-America,-0.11179247680819593
MIROC-ES2H,d_vpd_fs_SAI_minus_target,CAR,Caribbean,-0.08344091202360204
MIROC-ES2H,d_vpd_fs_SAI_minus_target,NWS,N.W.South-America,-0.01697398404971615
MIROC-ES2H,d_vpd_fs_SAI_minus_target,NSA,N.South-America,-0.042318708096034975
MIROC-ES2H,d_vpd_fs_SAI_minus_target,NES,N.E.South-America,-0.03884320527073108
MIROC-ES2H,d_vpd_fs_SAI_minus_target,SAM,South-American-Monsoon,-0.08569308473208909
MIROC-ES2H,d_vpd_fs_SAI_minus_target,SWS,S.W.South-America,-0.011916434650462255
MIROC-ES2H,d_vpd_fs_SAI_minus_target,SES,S.E.South-America,-0.1367997092875239
MIROC-ES2H,d_vpd_fs_SAI_minus_target,SSA,S.South-America,0.005571556599280599
MIROC-ES2H,d_vpd_fs_SAI_minus_target,NEU,N.Europe,-0.020303914424214996
MIROC-ES2H,d_vpd_fs_SAI_minus_target,WCE,West&Central-Europe,0.005481057000155101
MIROC-ES2H,d_vpd_fs_SAI_minus_target,EEU,E.Europe,0.014377111356805127
MIROC-ES2H,d_vpd_fs_SAI_minus_target,MED,Mediterranean,-0.04040001841252205
MIROC-ES2H,d_vpd_fs_SAI_minus_target,SAH,Sahara,-0.03502865307354492
MIROC-ES2H,d_vpd_fs_SAI_minus_target,WAF,Western-Africa,0.02326463128408676
MIROC-ES2H,d_vpd_fs_SAI_minus_target,CAF,Central-Africa,-0.010635334977462921
MIROC-ES2H,d_vpd_fs_SAI_minus_target,NEAF,N.Eastern-Africa,-0.026702263350685228
MIROC-ES2H,d_vpd_fs_SAI_minus_target,SEAF,S.Eastern-Africa,-0.027938837398896896
MIROC-ES2H,d_vpd_fs_SAI_minus_target,WSAF,W.Southern-Africa,-0.006579922613762773
MIROC-ES2H,d_vpd_fs_SAI_minus_target,ESAF,E.Southern-Africa,-0.007943625117272422
MIROC-ES2H,d_vpd_fs_SAI_minus_target,MDG,Madagascar,-0.025836029769090878
MIROC-ES2H,d_vpd_fs_SAI_minus_target,RAR,Russian-Arctic,0.001476872967732947
MIROC-ES2H,d_vpd_fs_SAI_minus_target,WSB,W.Siberia,-0.013623100929336614
MIROC-ES2H,d_vpd_fs_SAI_minus_target,ESB,E.Siberia,0.0006540877398854712
MIROC-ES2H,d_vpd_fs_SAI_minus_target,RFE,Russian-Far-East,0.002413404135503037
MIROC-ES2H,d_vpd_fs_SAI_minus_target,WCA,W.C.Asia,-0.0664982416222484
MIROC-ES2H,d_vpd_fs_SAI_minus_target,ECA,E.C.Asia,-0.040801327805395055
MIROC-ES2H,d_vpd_fs_SAI_minus_target,TIB,Tibetan-Plateau,0.020044287644494386
MIROC-ES2H,d_vpd_fs_SAI_minus_target,EAS,E.Asia,0.002213727899557811
MIROC-ES2H,d_vpd_fs_SAI_minus_target,ARP,Arabian-Peninsula,-0.021165717793477427
MIROC-ES2H,d_vpd_fs_SAI_minus_target,SAS,S.Asia,0.06948360471317382
MIROC-ES2H,d_vpd_fs_SAI_minus_target,SEA,S.E.Asia,-0.04405072901992598
MIROC-ES2H,d_vpd_fs_SAI_minus_target,NAU,N.Australia,-0.08613484691680248
MIROC-ES2H,d_vpd_fs_SAI_minus_target,CAU,C.Australia,-0.13929745215904557
MIROC-ES2H,d_vpd_fs_SAI_minus_target,EAU,E.Australia,-0.22515446118941085
MIROC-ES2H,d_vpd_fs_SAI_minus_target,SAU,S.Australia,-0.1649272654885871
MIROC-ES2H,d_vpd_fs_SAI_minus_target,NZ,New-Zealand,-0.0015663587597991655
MIROC-ES2H,d_vpd_fs_SAI_minus_target,EAN,E.Antarctica,
MIROC-ES2H,d_vpd_fs_SAI_minus_target,WAN,W.Antarctica,
MIROC-ES2H,d_pr_fs_SAI_minus_target,GIC,Greenland/Iceland,
MIROC-ES2H,d_pr_fs_SAI_minus_target,NWN,N.W.North-America,-0.015246974462947495
MIROC-ES2H,d_pr_fs_SAI_minus_target,NEN,N.E.North-America,-0.03804272078485071
MIROC-ES2H,d_pr_fs_SAI_minus_target,WNA,W.North-America,-0.003353342256022522
MIROC-ES2H,d_pr_fs_SAI_minus_target,CNA,C.North-America,-0.0734860783162546
MIROC-ES2H,d_pr_fs_SAI_minus_target,ENA,E.North-America,-0.05122001342084798
MIROC-ES2H,d_pr_fs_SAI_minus_target,NCA,N.Central-America,0.11280665220374499
MIROC-ES2H,d_pr_fs_SAI_minus_target,SCA,S.Central-America,0.12108456107391985
MIROC-ES2H,d_pr_fs_SAI_minus_target,CAR,Caribbean,0.07553533894569
MIROC-ES2H,d_pr_fs_SAI_minus_target,NWS,N.W.South-America,0.02643601289985802
MIROC-ES2H,d_pr_fs_SAI_minus_target,NSA,N.South-America,-0.02463589983520733
MIROC-ES2H,d_pr_fs_SAI_minus_target,NES,N.E.South-America,0.03850395403755262
MIROC-ES2H,d_pr_fs_SAI_minus_target,SAM,South-American-Monsoon,0.0332674532828266
MIROC-ES2H,d_pr_fs_SAI_minus_target,SWS,S.W.South-America,-0.009536862966369835
MIROC-ES2H,d_pr_fs_SAI_minus_target,SES,S.E.South-America,0.046296880386181585
MIROC-ES2H,d_pr_fs_SAI_minus_target,SSA,S.South-America,-0.03930391158007237
MIROC-ES2H,d_pr_fs_SAI_minus_target,NEU,N.Europe,0.0009159862818318484
MIROC-ES2H,d_pr_fs_SAI_minus_target,WCE,West&Central-Europe,-0.0506402055073295
MIROC-ES2H,d_pr_fs_SAI_minus_target,EEU,E.Europe,0.011470930673744493
MIROC-ES2H,d_pr_fs_SAI_minus_target,MED,Mediterranean,-0.0373299029917844
MIROC-ES2H,d_pr_fs_SAI_minus_target,SAH,Sahara,0.0028424350803101833
MIROC-ES2H,d_pr_fs_SAI_minus_target,WAF,Western-Africa,-0.022897630112798998
MIROC-ES2H,d_pr_fs_SAI_minus_target,CAF,Central-Africa,-0.019588183041118336
MIROC-ES2H,d_pr_fs_SAI_minus_target,NEAF,N.Eastern-Africa,0.03954885024934036
MIROC-ES2H,d_pr_fs_SAI_minus_target,SEAF,S.Eastern-Africa,0.01874040279285476
MIROC-ES2H,d_pr_fs_SAI_minus_target,WSAF,W.Southern-Africa,0.014973679391471907
MIROC-ES2H,d_pr_fs_SAI_minus_target,ESAF,E.Southern-Africa,0.02922259280044201
MIROC-ES2H,d_pr_fs_SAI_minus_target,MDG,Madagascar,-0.11227784989052378
MIROC-ES2H,d_pr_fs_SAI_minus_target,RAR,Russian-Arctic,0.004146794828299576
MIROC-ES2H,d_pr_fs_SAI_minus_target,WSB,W.Siberia,-0.019435091479317157
MIROC-ES2H,d_pr_fs_SAI_minus_target,ESB,E.Siberia,0.02548575095567174
MIROC-ES2H,d_pr_fs_SAI_minus_target,RFE,Russian-Far-East,0.02567294378175954
MIROC-ES2H,d_pr_fs_SAI_minus_target,WCA,W.C.Asia,0.0023349955861512923
MIROC-ES2H,d_pr_fs_SAI_minus_target,ECA,E.C.Asia,0.027798707805837524
MIROC-ES2H,d_pr_fs_SAI_minus_target,TIB,Tibetan-Plateau,-0.013279298413053964
MIROC-ES2H,d_pr_fs_SAI_minus_target,EAS,E.Asia,0.05866840705505885
MIROC-ES2H,d_pr_fs_SAI_minus_target,ARP,Arabian-Peninsula,-0.004081192791023417
MIROC-ES2H,d_pr_fs_SAI_minus_target,SAS,S.Asia,-0.004428962452900407
MIROC-ES2H,d_pr_fs_SAI_minus_target,SEA,S.E.Asia,0.12408657830005236
MIROC-ES2H,d_pr_fs_SAI_minus_target,NAU,N.Australia,0.09157819064488967
MIROC-ES2H,d_pr_fs_SAI_minus_target,CAU,C.Australia,0.0396910196502783
MIROC-ES2H,d_pr_fs_SAI_minus_target,EAU,E.Australia,0.17759046904270698
MIROC-ES2H,d_pr_fs_SAI_minus_target,SAU,S.Australia,0.06419121367505176
MIROC-ES2H,d_pr_fs_SAI_minus_target,NZ,New-Zealand,-0.09437793517923868
MIROC-ES2H,d_pr_fs_SAI_minus_target,EAN,E.Antarctica,
MIROC-ES2H,d_pr_fs_SAI_minus_target,WAN,W.Antarctica,
MIROC-ES2H,dpct_pr_fs_SAI_minus_target,GIC,Greenland/Iceland,
MIROC-ES2H,dpct_pr_fs_SAI_minus_target,NWN,N.W.North-America,-1.4712024730647388
MIROC-ES2H,dpct_pr_fs_SAI_minus_target,NEN,N.E.North-America,-1.84227838385412
MIROC-ES2H,dpct_pr_fs_SAI_minus_target,WNA,W.North-America,0.9174623093353185
MIROC-ES2H,dpct_pr_fs_SAI_minus_target,CNA,C.North-America,-3.578712828569797
MIROC-ES2H,dpct_pr_fs_SAI_minus_target,ENA,E.North-America,-1.0924416098549288
MIROC-ES2H,dpct_pr_fs_SAI_minus_target,NCA,N.Central-America,9.111468651620749
MIROC-ES2H,dpct_pr_fs_SAI_minus_target,SCA,S.Central-America,6.950045401617251
MIROC-ES2H,dpct_pr_fs_SAI_minus_target,CAR,Caribbean,5.423197660756654
MIROC-ES2H,dpct_pr_fs_SAI_minus_target,NWS,N.W.South-America,2.335255377013938
MIROC-ES2H,dpct_pr_fs_SAI_minus_target,NSA,N.South-America,2.8185617520953
MIROC-ES2H,dpct_pr_fs_SAI_minus_target,NES,N.E.South-America,12.670504338657114
MIROC-ES2H,dpct_pr_fs_SAI_minus_target,SAM,South-American-Monsoon,2.2785715638579624
MIROC-ES2H,dpct_pr_fs_SAI_minus_target,SWS,S.W.South-America,-5.318331987175783
MIROC-ES2H,dpct_pr_fs_SAI_minus_target,SES,S.E.South-America,1.939495376109496
MIROC-ES2H,dpct_pr_fs_SAI_minus_target,SSA,S.South-America,-0.9652274577534944
MIROC-ES2H,dpct_pr_fs_SAI_minus_target,NEU,N.Europe,0.5301926725748295
MIROC-ES2H,dpct_pr_fs_SAI_minus_target,WCE,West&Central-Europe,-2.617444878581906
MIROC-ES2H,dpct_pr_fs_SAI_minus_target,EEU,E.Europe,0.7617845056477313
MIROC-ES2H,dpct_pr_fs_SAI_minus_target,MED,Mediterranean,-5.660519150564358
MIROC-ES2H,dpct_pr_fs_SAI_minus_target,SAH,Sahara,6.425804476749307
MIROC-ES2H,dpct_pr_fs_SAI_minus_target,WAF,Western-Africa,-4.489524141525756
MIROC-ES2H,dpct_pr_fs_SAI_minus_target,CAF,Central-Africa,0.24805633913402164
MIROC-ES2H,dpct_pr_fs_SAI_minus_target,NEAF,N.Eastern-Africa,6.206771557334441
MIROC-ES2H,dpct_pr_fs_SAI_minus_target,SEAF,S.Eastern-Africa,1.0939448659558881
MIROC-ES2H,dpct_pr_fs_SAI_minus_target,WSAF,W.Southern-Africa,5.947642999746077
MIROC-ES2H,dpct_pr_fs_SAI_minus_target,ESAF,E.Southern-Africa,2.200929333978467
MIROC-ES2H,dpct_pr_fs_SAI_minus_target,MDG,Madagascar,-5.925292643660266
MIROC-ES2H,dpct_pr_fs_SAI_minus_target,RAR,Russian-Arctic,0.729540076719758
MIROC-ES2H,dpct_pr_fs_SAI_minus_target,WSB,W.Siberia,-0.3712809867436899
MIROC-ES2H,dpct_pr_fs_SAI_minus_target,ESB,E.Siberia,0.8944795784989928
MIROC-ES2H,dpct_pr_fs_SAI_minus_target,RFE,Russian-Far-East,1.2265251531005168
MIROC-ES2H,dpct_pr_fs_SAI_minus_target,WCA,W.C.Asia,0.8848265326072162
MIROC-ES2H,dpct_pr_fs_SAI_minus_target,ECA,E.C.Asia,1.6703050381307554
MIROC-ES2H,dpct_pr_fs_SAI_minus_target,TIB,Tibetan-Plateau,2.11954688320988
MIROC-ES2H,dpct_pr_fs_SAI_minus_target,EAS,E.Asia,3.3046957607463474
MIROC-ES2H,dpct_pr_fs_SAI_minus_target,ARP,Arabian-Peninsula,-1.410785903529879
MIROC-ES2H,dpct_pr_fs_SAI_minus_target,SAS,S.Asia,1.6244589553504696
MIROC-ES2H,dpct_pr_fs_SAI_minus_target,SEA,S.E.Asia,6.935381587475093
MIROC-ES2H,dpct_pr_fs_SAI_minus_target,NAU,N.Australia,16.885408989117167
MIROC-ES2H,dpct_pr_fs_SAI_minus_target,CAU,C.Australia,3.0419341131952335
MIROC-ES2H,dpct_pr_fs_SAI_minus_target,EAU,E.Australia,8.685664765300555
MIROC-ES2H,dpct_pr_fs_SAI_minus_target,SAU,S.Australia,4.956809189934485
MIROC-ES2H,dpct_pr_fs_SAI_minus_target,NZ,New-Zealand,-2.2886832482539137
MIROC-ES2H,dpct_pr_fs_SAI_minus_target,EAN,E.Antarctica,
MIROC-ES2H,dpct_pr_fs_SAI_minus_target,WAN,W.Antarctica,
MIROC-ES2H,d_vpd_days_p95_SAI_minus_target,GIC,Greenland/Iceland,
MIROC-ES2H,d_vpd_days_p95_SAI_minus_target,NWN,N.W.North-America,-0.5919880053774585
MIROC-ES2H,d_vpd_days_p95_SAI_minus_target,NEN,N.E.North-America,-1.8336930368712754
MIROC-ES2H,d_vpd_days_p95_SAI_minus_target,WNA,W.North-America,-0.6185465935264276
MIROC-ES2H,d_vpd_days_p95_SAI_minus_target,CNA,C.North-America,5.508347980929506
MIROC-ES2H,d_vpd_days_p95_SAI_minus_target,ENA,E.North-America,-1.6025540261112992
MIROC-ES2H,d_vpd_days_p95_SAI_minus_target,NCA,N.Central-America,-2.095057573129469
MIROC-ES2H,d_vpd_days_p95_SAI_minus_target,SCA,S.Central-America,-6.848552095683306
MIROC-ES2H,d_vpd_days_p95_SAI_minus_target,CAR,Caribbean,-6.478192000316471
MIROC-ES2H,d_vpd_days_p95_SAI_minus_target,NWS,N.W.South-America,-1.7831147091259316
MIROC-ES2H,d_vpd_days_p95_SAI_minus_target,NSA,N.South-America,-1.2520286238287461
MIROC-ES2H,d_vpd_days_p95_SAI_minus_target,NES,N.E.South-America,-0.25057423466800954
MIROC-ES2H,d_vpd_days_p95_SAI_minus_target,SAM,South-American-Monsoon,-2.5986416187873154
MIROC-ES2H,d_vpd_days_p95_SAI_minus_target,SWS,S.W.South-America,0.07394405380988318
MIROC-ES2H,d_vpd_days_p95_SAI_minus_target,SES,S.E.South-America,-5.674005493295133
MIROC-ES2H,d_vpd_days_p95_SAI_minus_target,SSA,S.South-America,1.063202965148213
MIROC-ES2H,d_vpd_days_p95_SAI_minus_target,NEU,N.Europe,-1.9655649245085636
MIROC-ES2H,d_vpd_days_p95_SAI_minus_target,WCE,West&Central-Europe,-0.49773050829136667
MIROC-ES2H,d_vpd_days_p95_SAI_minus_target,EEU,E.Europe,1.4459916274050268
MIROC-ES2H,d_vpd_days_p95_SAI_minus_target,MED,Mediterranean,-1.3420270317268537
MIROC-ES2H,d_vpd_days_p95_SAI_minus_target,SAH,Sahara,-1.4009457286931821
MIROC-ES2H,d_vpd_days_p95_SAI_minus_target,WAF,Western-Africa,1.153633340656217
MIROC-ES2H,d_vpd_days_p95_SAI_minus_target,CAF,Central-Africa,-0.9939368263063165
MIROC-ES2H,d_vpd_days_p95_SAI_minus_target,NEAF,N.Eastern-Africa,-1.0345807354949792
MIROC-ES2H,d_vpd_days_p95_SAI_minus_target,SEAF,S.Eastern-Africa,-1.6335623706942373
MIROC-ES2H,d_vpd_days_p95_SAI_minus_target,WSAF,W.Southern-Africa,0.4022591700939443
MIROC-ES2H,d_vpd_days_p95_SAI_minus_target,ESAF,E.Southern-Africa,0.7034319228449304
MIROC-ES2H,d_vpd_days_p95_SAI_minus_target,MDG,Madagascar,-0.6235964579118353
MIROC-ES2H,d_vpd_days_p95_SAI_minus_target,RAR,Russian-Arctic,0.7839209922275387
MIROC-ES2H,d_vpd_days_p95_SAI_minus_target,WSB,W.Siberia,-0.5969478833670514
MIROC-ES2H,d_vpd_days_p95_SAI_minus_target,ESB,E.Siberia,-0.01398630987550001
MIROC-ES2H,d_vpd_days_p95_SAI_minus_target,RFE,Russian-Far-East,0.2904610027629155
MIROC-ES2H,d_vpd_days_p95_SAI_minus_target,WCA,W.C.Asia,-2.5205701627355652
MIROC-ES2H,d_vpd_days_p95_SAI_minus_target,ECA,E.C.Asia,-2.499223689162339
MIROC-ES2H,d_vpd_days_p95_SAI_minus_target,TIB,Tibetan-Plateau,3.136232353494142
MIROC-ES2H,d_vpd_days_p95_SAI_minus_target,EAS,E.Asia,-0.19785164637585975
MIROC-ES2H,d_vpd_days_p95_SAI_minus_target,ARP,Arabian-Peninsula,0.41224918747001754
MIROC-ES2H,d_vpd_days_p95_SAI_minus_target,SAS,S.Asia,3.5018375767278296
MIROC-ES2H,d_vpd_days_p95_SAI_minus_target,SEA,S.E.Asia,-1.2268895543007714
MIROC-ES2H,d_vpd_days_p95_SAI_minus_target,NAU,N.Australia,-1.168055706475
MIROC-ES2H,d_vpd_days_p95_SAI_minus_target,CAU,C.Australia,-2.915887282197314
MIROC-ES2H,d_vpd_days_p95_SAI_minus_target,EAU,E.Australia,-7.734499774003623
MIROC-ES2H,d_vpd_days_p95_SAI_minus_target,SAU,S.Australia,-4.906825706349453
MIROC-ES2H,d_vpd_days_p95_SAI_minus_target,NZ,New-Zealand,-1.1601675926543455
MIROC-ES2H,d_vpd_days_p95_SAI_minus_target,EAN,E.Antarctica,
MIROC-ES2H,d_vpd_days_p95_SAI_minus_target,WAN,W.Antarctica,
MIROC-ES2H,d_vpd_fs_HiLLA_minus_target,GIC,Greenland/Iceland,
MIROC-ES2H,d_vpd_fs_HiLLA_minus_target,NWN,N.W.North-America,-0.018736674564813986
MIROC-ES2H,d_vpd_fs_HiLLA_minus_target,NEN,N.E.North-America,-0.025363171968010367
MIROC-ES2H,d_vpd_fs_HiLLA_minus_target,WNA,W.North-America,-0.06004077354386737
MIROC-ES2H,d_vpd_fs_HiLLA_minus_target,CNA,C.North-America,0.046579237303362504
MIROC-ES2H,d_vpd_fs_HiLLA_minus_target,ENA,E.North-America,-0.033387000168225794
MIROC-ES2H,d_vpd_fs_HiLLA_minus_target,NCA,N.Central-America,-0.052747808165133046
MIROC-ES2H,d_vpd_fs_HiLLA_minus_target,SCA,S.Central-America,-0.04739796801673666
MIROC-ES2H,d_vpd_fs_HiLLA_minus_target,CAR,Caribbean,-0.016507417562889086
MIROC-ES2H,d_vpd_fs_HiLLA_minus_target,NWS,N.W.South-America,0.015200971595162592
MIROC-ES2H,d_vpd_fs_HiLLA_minus_target,NSA,N.South-America,0.06650502397657909
MIROC-ES2H,d_vpd_fs_HiLLA_minus_target,NES,N.E.South-America,0.02760773857844324
MIROC-ES2H,d_vpd_fs_HiLLA_minus_target,SAM,South-American-Monsoon,-0.01273327978502664
MIROC-ES2H,d_vpd_fs_HiLLA_minus_target,SWS,S.W.South-America,0.001940135342831322
MIROC-ES2H,d_vpd_fs_HiLLA_minus_target,SES,S.E.South-America,-0.09980175135501926
MIROC-ES2H,d_vpd_fs_HiLLA_minus_target,SSA,S.South-America,-0.0031925787528955664
MIROC-ES2H,d_vpd_fs_HiLLA_minus_target,NEU,N.Europe,-0.02905297381657414
MIROC-ES2H,d_vpd_fs_HiLLA_minus_target,WCE,West&Central-Europe,-0.011455102925462632
MIROC-ES2H,d_vpd_fs_HiLLA_minus_target,EEU,E.Europe,0.0483687865594819
MIROC-ES2H,d_vpd_fs_HiLLA_minus_target,MED,Mediterranean,-0.018114211383008005
MIROC-ES2H,d_vpd_fs_HiLLA_minus_target,SAH,Sahara,-0.0013064072874477942
MIROC-ES2H,d_vpd_fs_HiLLA_minus_target,WAF,Western-Africa,0.0197864843923411
MIROC-ES2H,d_vpd_fs_HiLLA_minus_target,CAF,Central-Africa,-0.026257137909778256
MIROC-ES2H,d_vpd_fs_HiLLA_minus_target,NEAF,N.Eastern-Africa,-0.026739546051918202
MIROC-ES2H,d_vpd_fs_HiLLA_minus_target,SEAF,S.Eastern-Africa,-0.018274362310913592
MIROC-ES2H,d_vpd_fs_HiLLA_minus_target,WSAF,W.Southern-Africa,0.027632362977130905
MIROC-ES2H,d_vpd_fs_HiLLA_minus_target,ESAF,E.Southern-Africa,0.02699410115873058
MIROC-ES2H,d_vpd_fs_HiLLA_minus_target,MDG,Madagascar,-0.009000679026895922
MIROC-ES2H,d_vpd_fs_HiLLA_minus_target,RAR,Russian-Arctic,-0.006852596144383398
MIROC-ES2H,d_vpd_fs_HiLLA_minus_target,WSB,W.Siberia,-0.08521892117968546
MIROC-ES2H,d_vpd_fs_HiLLA_minus_target,ESB,E.Siberia,-0.009487516537918227
MIROC-ES2H,d_vpd_fs_HiLLA_minus_target,RFE,Russian-Far-East,-0.0010563030736149173
MIROC-ES2H,d_vpd_fs_HiLLA_minus_target,WCA,W.C.Asia,-0.07777923091749575
MIROC-ES2H,d_vpd_fs_HiLLA_minus_target,ECA,E.C.Asia,-0.0665497091138589
MIROC-ES2H,d_vpd_fs_HiLLA_minus_target,TIB,Tibetan-Plateau,0.01919595003353408
MIROC-ES2H,d_vpd_fs_HiLLA_minus_target,EAS,E.Asia,0.00867227117313123
MIROC-ES2H,d_vpd_fs_HiLLA_minus_target,ARP,Arabian-Peninsula,0.02111458135662373
MIROC-ES2H,d_vpd_fs_HiLLA_minus_target,SAS,S.Asia,0.05859878759696144
MIROC-ES2H,d_vpd_fs_HiLLA_minus_target,SEA,S.E.Asia,0.005707311301017637
MIROC-ES2H,d_vpd_fs_HiLLA_minus_target,NAU,N.Australia,0.00438187481796425
MIROC-ES2H,d_vpd_fs_HiLLA_minus_target,CAU,C.Australia,-0.05907034142671769
MIROC-ES2H,d_vpd_fs_HiLLA_minus_target,EAU,E.Australia,-0.08881607900328847
MIROC-ES2H,d_vpd_fs_HiLLA_minus_target,SAU,S.Australia,-0.07633239172535591
MIROC-ES2H,d_vpd_fs_HiLLA_minus_target,NZ,New-Zealand,-0.0023803465481727314
MIROC-ES2H,d_vpd_fs_HiLLA_minus_target,EAN,E.Antarctica,
MIROC-ES2H,d_vpd_fs_HiLLA_minus_target,WAN,W.Antarctica,
MIROC-ES2H,d_pr_fs_HiLLA_minus_target,GIC,Greenland/Iceland,
MIROC-ES2H,d_pr_fs_HiLLA_minus_target,NWN,N.W.North-America,-0.06307115320053451
MIROC-ES2H,d_pr_fs_HiLLA_minus_target,NEN,N.E.North-America,-0.043578283752940275
MIROC-ES2H,d_pr_fs_HiLLA_minus_target,WNA,W.North-America,0.05360547281263982
MIROC-ES2H,d_pr_fs_HiLLA_minus_target,CNA,C.North-America,0.09365017105272985
MIROC-ES2H,d_pr_fs_HiLLA_minus_target,ENA,E.North-America,0.007003088714392989
MIROC-ES2H,d_pr_fs_HiLLA_minus_target,NCA,N.Central-America,0.16329643477578518
MIROC-ES2H,d_pr_fs_HiLLA_minus_target,SCA,S.Central-America,0.0867294591234537
MIROC-ES2H,d_pr_fs_HiLLA_minus_target,CAR,Caribbean,-0.01681139288016797
MIROC-ES2H,d_pr_fs_HiLLA_minus_target,NWS,N.W.South-America,-0.1291407776022969
MIROC-ES2H,d_pr_fs_HiLLA_minus_target,NSA,N.South-America,-0.11823361777667848
MIROC-ES2H,d_pr_fs_HiLLA_minus_target,NES,N.E.South-America,-0.029789155270466213
MIROC-ES2H,d_pr_fs_HiLLA_minus_target,SAM,South-American-Monsoon,0.03218111893519386
MIROC-ES2H,d_pr_fs_HiLLA_minus_target,SWS,S.W.South-America,-0.016019962724848742
MIROC-ES2H,d_pr_fs_HiLLA_minus_target,SES,S.E.South-America,-0.042111796932839174
MIROC-ES2H,d_pr_fs_HiLLA_minus_target,SSA,S.South-America,-0.06654393475422524
MIROC-ES2H,d_pr_fs_HiLLA_minus_target,NEU,N.Europe,-0.005057127552398897
MIROC-ES2H,d_pr_fs_HiLLA_minus_target,WCE,West&Central-Europe,-0.027420214333132884
MIROC-ES2H,d_pr_fs_HiLLA_minus_target,EEU,E.Europe,-0.08020304765623054
MIROC-ES2H,d_pr_fs_HiLLA_minus_target,MED,Mediterranean,-0.053801872846672816
MIROC-ES2H,d_pr_fs_HiLLA_minus_target,SAH,Sahara,-0.0008907419524860146
MIROC-ES2H,d_pr_fs_HiLLA_minus_target,WAF,Western-Africa,0.03804623205895722
MIROC-ES2H,d_pr_fs_HiLLA_minus_target,CAF,Central-Africa,0.0728572425511263
MIROC-ES2H,d_pr_fs_HiLLA_minus_target,NEAF,N.Eastern-Africa,0.10177723692296353
MIROC-ES2H,d_pr_fs_HiLLA_minus_target,SEAF,S.Eastern-Africa,0.11323312768298513
MIROC-ES2H,d_pr_fs_HiLLA_minus_target,WSAF,W.Southern-Africa,-0.0004444284837659583
MIROC-ES2H,d_pr_fs_HiLLA_minus_target,ESAF,E.Southern-Africa,0.05015779820442114
MIROC-ES2H,d_pr_fs_HiLLA_minus_target,MDG,Madagascar,-0.1136631896491928
MIROC-ES2H,d_pr_fs_HiLLA_minus_target,RAR,Russian-Arctic,-0.028531396700863902
MIROC-ES2H,d_pr_fs_HiLLA_minus_target,WSB,W.Siberia,0.013884320129445484
MIROC-ES2H,d_pr_fs_HiLLA_minus_target,ESB,E.Siberia,0.03137472424895978
MIROC-ES2H,d_pr_fs_HiLLA_minus_target,RFE,Russian-Far-East,-0.020781872304725713
MIROC-ES2H,d_pr_fs_HiLLA_minus_target,WCA,W.C.Asia,0.013427392271636918
MIROC-ES2H,d_pr_fs_HiLLA_minus_target,ECA,E.C.Asia,0.04305285735469532
MIROC-ES2H,d_pr_fs_HiLLA_minus_target,TIB,Tibetan-Plateau,-0.02580270024827873
MIROC-ES2H,d_pr_fs_HiLLA_minus_target,EAS,E.Asia,0.07558324906390661
MIROC-ES2H,d_pr_fs_HiLLA_minus_target,ARP,Arabian-Peninsula,0.017225891693141565
MIROC-ES2H,d_pr_fs_HiLLA_minus_target,SAS,S.Asia,0.06261031767703641
MIROC-ES2H,d_pr_fs_HiLLA_minus_target,SEA,S.E.Asia,0.02044016447155864
MIROC-ES2H,d_pr_fs_HiLLA_minus_target,NAU,N.Australia,0.07371031083008624
MIROC-ES2H,d_pr_fs_HiLLA_minus_target,CAU,C.Australia,-0.017229202386083133
MIROC-ES2H,d_pr_fs_HiLLA_minus_target,EAU,E.Australia,-0.043452996651861496
MIROC-ES2H,d_pr_fs_HiLLA_minus_target,SAU,S.Australia,-0.08323794484783223
MIROC-ES2H,d_pr_fs_HiLLA_minus_target,NZ,New-Zealand,-0.13148312633878373
MIROC-ES2H,d_pr_fs_HiLLA_minus_target,EAN,E.Antarctica,
MIROC-ES2H,d_pr_fs_HiLLA_minus_target,WAN,W.Antarctica,
MIROC-ES2H,dpct_pr_fs_HiLLA_minus_target,GIC,Greenland/Iceland,
MIROC-ES2H,dpct_pr_fs_HiLLA_minus_target,NWN,N.W.North-America,-2.1003997748264487
MIROC-ES2H,dpct_pr_fs_HiLLA_minus_target,NEN,N.E.North-America,-2.1016436088811896
MIROC-ES2H,dpct_pr_fs_HiLLA_minus_target,WNA,W.North-America,7.904959405966864
MIROC-ES2H,dpct_pr_fs_HiLLA_minus_target,CNA,C.North-America,4.872284618442406
MIROC-ES2H,dpct_pr_fs_HiLLA_minus_target,ENA,E.North-America,0.5966895252243166
MIROC-ES2H,dpct_pr_fs_HiLLA_minus_target,NCA,N.Central-America,14.713950398371958
MIROC-ES2H,dpct_pr_fs_HiLLA_minus_target,SCA,S.Central-America,4.545014960351955
MIROC-ES2H,dpct_pr_fs_HiLLA_minus_target,CAR,Caribbean,-1.4623206354732048
MIROC-ES2H,dpct_pr_fs_HiLLA_minus_target,NWS,N.W.South-America,-2.324769307805223
MIROC-ES2H,dpct_pr_fs_HiLLA_minus_target,NSA,N.South-America,-5.274264328650705
MIROC-ES2H,dpct_pr_fs_HiLLA_minus_target,NES,N.E.South-America,-4.875283505088172
MIROC-ES2H,dpct_pr_fs_HiLLA_minus_target,SAM,South-American-Monsoon,1.5813099599888594
MIROC-ES2H,dpct_pr_fs_HiLLA_minus_target,SWS,S.W.South-America,-3.3513054610644235
MIROC-ES2H,dpct_pr_fs_HiLLA_minus_target,SES,S.E.South-America,-0.9732193708164326
MIROC-ES2H,dpct_pr_fs_HiLLA_minus_target,SSA,S.South-America,-3.141169410781936
MIROC-ES2H,dpct_pr_fs_HiLLA_minus_target,NEU,N.Europe,0.5896830099100577
MIROC-ES2H,dpct_pr_fs_HiLLA_minus_target,WCE,West&Central-Europe,-0.8442623933197807
MIROC-ES2H,dpct_pr_fs_HiLLA_minus_target,EEU,E.Europe,-5.473935476951258
MIROC-ES2H,dpct_pr_fs_HiLLA_minus_target,MED,Mediterranean,-9.397598367605982
MIROC-ES2H,dpct_pr_fs_HiLLA_minus_target,SAH,Sahara,-1.3310203453645144
MIROC-ES2H,dpct_pr_fs_HiLLA_minus_target,WAF,Western-Africa,11.732667946314107
MIROC-ES2H,dpct_pr_fs_HiLLA_minus_target,CAF,Central-Africa,11.134228685473857
MIROC-ES2H,dpct_pr_fs_HiLLA_minus_target,NEAF,N.Eastern-Africa,15.820105456611149
MIROC-ES2H,dpct_pr_fs_HiLLA_minus_target,SEAF,S.Eastern-Africa,5.09818710740414
MIROC-ES2H,dpct_pr_fs_HiLLA_minus_target,WSAF,W.Southern-Africa,2.5064686504707714
MIROC-ES2H,dpct_pr_fs_HiLLA_minus_target,ESAF,E.Southern-Africa,6.311365503507759
MIROC-ES2H,dpct_pr_fs_HiLLA_minus_target,MDG,Madagascar,-6.575815516774475
MIROC-ES2H,dpct_pr_fs_HiLLA_minus_target,RAR,Russian-Arctic,-1.0884354605127993
MIROC-ES2H,dpct_pr_fs_HiLLA_minus_target,WSB,W.Siberia,1.2438239528996562
MIROC-ES2H,dpct_pr_fs_HiLLA_minus_target,ESB,E.Siberia,1.3646161898140092
MIROC-ES2H,dpct_pr_fs_HiLLA_minus_target,RFE,Russian-Far-East,0.29278070617818003
MIROC-ES2H,dpct_pr_fs_HiLLA_minus_target,WCA,W.C.Asia,5.1813371765151075
MIROC-ES2H,dpct_pr_fs_HiLLA_minus_target,ECA,E.C.Asia,2.923034447984924
MIROC-ES2H,dpct_pr_fs_HiLLA_minus_target,TIB,Tibetan-Plateau,1.7130838554571173
MIROC-ES2H,dpct_pr_fs_HiLLA_minus_target,EAS,E.Asia,4.239146335364343
MIROC-ES2H,dpct_pr_fs_HiLLA_minus_target,ARP,Arabian-Peninsula,13.882914989698508
MIROC-ES2H,dpct_pr_fs_HiLLA_minus_target,SAS,S.Asia,13.891614290248654
MIROC-ES2H,dpct_pr_fs_HiLLA_minus_target,SEA,S.E.Asia,2.298603107605923
MIROC-ES2H,dpct_pr_fs_HiLLA_minus_target,NAU,N.Australia,13.684653088078077
MIROC-ES2H,dpct_pr_fs_HiLLA_minus_target,CAU,C.Australia,-1.3037747445403043
MIROC-ES2H,dpct_pr_fs_HiLLA_minus_target,EAU,E.Australia,1.2071923083393163
MIROC-ES2H,dpct_pr_fs_HiLLA_minus_target,SAU,S.Australia,-6.038420725004026
MIROC-ES2H,dpct_pr_fs_HiLLA_minus_target,NZ,New-Zealand,-3.378869257512204
MIROC-ES2H,dpct_pr_fs_HiLLA_minus_target,EAN,E.Antarctica,
MIROC-ES2H,dpct_pr_fs_HiLLA_minus_target,WAN,W.Antarctica,
MIROC-ES2H,d_vpd_days_p95_HiLLA_minus_target,GIC,Greenland/Iceland,
MIROC-ES2H,d_vpd_days_p95_HiLLA_minus_target,NWN,N.W.North-America,-1.9173107320570308
MIROC-ES2H,d_vpd_days_p95_HiLLA_minus_target,NEN,N.E.North-America,-3.68050612898281
MIROC-ES2H,d_vpd_days_p95_HiLLA_minus_target,WNA,W.North-America,-3.444499078633432
MIROC-ES2H,d_vpd_days_p95_HiLLA_minus_target,CNA,C.North-America,1.1769150050702595
MIROC-ES2H,d_vpd_days_p95_HiLLA_minus_target,ENA,E.North-America,-3.5736790223661146
MIROC-ES2H,d_vpd_days_p95_HiLLA_minus_target,NCA,N.Central-America,-2.496599737646048
MIROC-ES2H,d_vpd_days_p95_HiLLA_minus_target,SCA,S.Central-America,-4.112423973746376
MIROC-ES2H,d_vpd_days_p95_HiLLA_minus_target,CAR,Caribbean,-1.4464456385786184
MIROC-ES2H,d_vpd_days_p95_HiLLA_minus_target,NWS,N.W.South-America,0.8686496570409319
MIROC-ES2H,d_vpd_days_p95_HiLLA_minus_target,NSA,N.South-America,2.8442330409745633
MIROC-ES2H,d_vpd_days_p95_HiLLA_minus_target,NES,N.E.South-America,1.8570926953845663
MIROC-ES2H,d_vpd_days_p95_HiLLA_minus_target,SAM,South-American-Monsoon,0.20198866047105646
MIROC-ES2H,d_vpd_days_p95_HiLLA_minus_target,SWS,S.W.South-America,0.858631958115035
MIROC-ES2H,d_vpd_days_p95_HiLLA_minus_target,SES,S.E.South-America,-5.297588266376164
MIROC-ES2H,d_vpd_days_p95_HiLLA_minus_target,SSA,S.South-America,-0.27238072950655273
MIROC-ES2H,d_vpd_days_p95_HiLLA_minus_target,NEU,N.Europe,-2.6113678551166872
MIROC-ES2H,d_vpd_days_p95_HiLLA_minus_target,WCE,West&Central-Europe,-1.1294233812897025
MIROC-ES2H,d_vpd_days_p95_HiLLA_minus_target,EEU,E.Europe,3.0629063866145083
MIROC-ES2H,d_vpd_days_p95_HiLLA_minus_target,MED,Mediterranean,-0.8252227468895682
MIROC-ES2H,d_vpd_days_p95_HiLLA_minus_target,SAH,Sahara,0.6317658948423077
MIROC-ES2H,d_vpd_days_p95_HiLLA_minus_target,WAF,Western-Africa,0.8126255567431624
MIROC-ES2H,d_vpd_days_p95_HiLLA_minus_target,CAF,Central-Africa,-1.999221386836469
MIROC-ES2H,d_vpd_days_p95_HiLLA_minus_target,NEAF,N.Eastern-Africa,-1.2431773624992446
MIROC-ES2H,d_vpd_days_p95_HiLLA_minus_target,SEAF,S.Eastern-Africa,-2.30659788727631
MIROC-ES2H,d_vpd_days_p95_HiLLA_minus_target,WSAF,W.Southern-Africa,2.3160181966374416
MIROC-ES2H,d_vpd_days_p95_HiLLA_minus_target,ESAF,E.Southern-Africa,1.2249200546952241
MIROC-ES2H,d_vpd_days_p95_HiLLA_minus_target,MDG,Madagascar,0.7792840591475613
MIROC-ES2H,d_vpd_days_p95_HiLLA_minus_target,RAR,Russian-Arctic,-1.1896175001617668
MIROC-ES2H,d_vpd_days_p95_HiLLA_minus_target,WSB,W.Siberia,-3.0173835053485916
MIROC-ES2H,d_vpd_days_p95_HiLLA_minus_target,ESB,E.Siberia,-1.077136546469553
MIROC-ES2H,d_vpd_days_p95_HiLLA_minus_target,RFE,Russian-Far-East,-0.43761512316611345
MIROC-ES2H,d_vpd_days_p95_HiLLA_minus_target,WCA,W.C.Asia,-2.4272736572361713
MIROC-ES2H,d_vpd_days_p95_HiLLA_minus_target,ECA,E.C.Asia,-3.3949234316477614
MIROC-ES2H,d_vpd_days_p95_HiLLA_minus_target,TIB,Tibetan-Plateau,4.017588284061069
MIROC-ES2H,d_vpd_days_p95_HiLLA_minus_target,EAS,E.Asia,0.9178858206385563
MIROC-ES2H,d_vpd_days_p95_HiLLA_minus_target,ARP,Arabian-Peninsula,2.21306908732201
MIROC-ES2H,d_vpd_days_p95_HiLLA_minus_target,SAS,S.Asia,3.060678715248425
MIROC-ES2H,d_vpd_days_p95_HiLLA_minus_target,SEA,S.E.Asia,1.0065146640781446
MIROC-ES2H,d_vpd_days_p95_HiLLA_minus_target,NAU,N.Australia,1.5684414018564605
MIROC-ES2H,d_vpd_days_p95_HiLLA_minus_target,CAU,C.Australia,-1.266212906962382
MIROC-ES2H,d_vpd_days_p95_HiLLA_minus_target,EAU,E.Australia,-2.928667185627858
MIROC-ES2H,d_vpd_days_p95_HiLLA_minus_target,SAU,S.Australia,-2.200239977015867
MIROC-ES2H,d_vpd_days_p95_HiLLA_minus_target,NZ,New-Zealand,-0.6227299133944325
MIROC-ES2H,d_vpd_days_p95_HiLLA_minus_target,EAN,E.Antarctica,
MIROC-ES2H,d_vpd_days_p95_HiLLA_minus_target,WAN,W.Antarctica,
MIROC-ES2H,dvpd_fs_T_G6-1.5K-SAI,GIC,Greenland/Iceland,
MIROC-ES2H,dvpd_fs_T_G6-1.5K-SAI,NWN,N.W.North-America,-0.06549026133351167
MIROC-ES2H,dvpd_fs_T_G6-1.5K-SAI,NEN,N.E.North-America,-0.061859216153379575
MIROC-ES2H,dvpd_fs_T_G6-1.5K-SAI,WNA,W.North-America,-0.167965383676236
MIROC-ES2H,dvpd_fs_T_G6-1.5K-SAI,CNA,C.North-America,-0.22402705476724682
MIROC-ES2H,dvpd_fs_T_G6-1.5K-SAI,ENA,E.North-America,-0.07772129206495522
MIROC-ES2H,dvpd_fs_T_G6-1.5K-SAI,NCA,N.Central-America,-0.21494582068398577
MIROC-ES2H,dvpd_fs_T_G6-1.5K-SAI,SCA,S.Central-America,-0.12320586363566824
MIROC-ES2H,dvpd_fs_T_G6-1.5K-SAI,CAR,Caribbean,-0.1139327772929225
MIROC-ES2H,dvpd_fs_T_G6-1.5K-SAI,NWS,N.W.South-America,-0.05444705613587696
MIROC-ES2H,dvpd_fs_T_G6-1.5K-SAI,NSA,N.South-America,-0.14596403355403853
MIROC-ES2H,dvpd_fs_T_G6-1.5K-SAI,NES,N.E.South-America,-0.19578447334561494
MIROC-ES2H,dvpd_fs_T_G6-1.5K-SAI,SAM,South-American-Monsoon,-0.18711564425853297
MIROC-ES2H,dvpd_fs_T_G6-1.5K-SAI,SWS,S.W.South-America,-0.08795624101474951
MIROC-ES2H,dvpd_fs_T_G6-1.5K-SAI,SES,S.E.South-America,-0.1123299730540393
MIROC-ES2H,dvpd_fs_T_G6-1.5K-SAI,SSA,S.South-America,-0.04373820111487909
MIROC-ES2H,dvpd_fs_T_G6-1.5K-SAI,NEU,N.Europe,-0.05264247037770883
MIROC-ES2H,dvpd_fs_T_G6-1.5K-SAI,WCE,West&Central-Europe,-0.16132470056293366
MIROC-ES2H,dvpd_fs_T_G6-1.5K-SAI,EEU,E.Europe,-0.248251109082341
MIROC-ES2H,dvpd_fs_T_G6-1.5K-SAI,MED,Mediterranean,-0.37278422575552655
MIROC-ES2H,dvpd_fs_T_G6-1.5K-SAI,SAH,Sahara,-0.4451675317572083
MIROC-ES2H,dvpd_fs_T_G6-1.5K-SAI,WAF,Western-Africa,-0.18439770688459145
MIROC-ES2H,dvpd_fs_T_G6-1.5K-SAI,CAF,Central-Africa,-0.11881304818236302
MIROC-ES2H,dvpd_fs_T_G6-1.5K-SAI,NEAF,N.Eastern-Africa,-0.16831605602223026
MIROC-ES2H,dvpd_fs_T_G6-1.5K-SAI,SEAF,S.Eastern-Africa,-0.10593102619958762
MIROC-ES2H,dvpd_fs_T_G6-1.5K-SAI,WSAF,W.Southern-Africa,-0.1871974982047354
MIROC-ES2H,dvpd_fs_T_G6-1.5K-SAI,ESAF,E.Southern-Africa,-0.1507711747801345
MIROC-ES2H,dvpd_fs_T_G6-1.5K-SAI,MDG,Madagascar,-0.07356111676005667
MIROC-ES2H,dvpd_fs_T_G6-1.5K-SAI,RAR,Russian-Arctic,-0.0376426119061544
MIROC-ES2H,dvpd_fs_T_G6-1.5K-SAI,WSB,W.Siberia,-0.18236830528823844
MIROC-ES2H,dvpd_fs_T_G6-1.5K-SAI,ESB,E.Siberia,-0.07720832793720292
MIROC-ES2H,dvpd_fs_T_G6-1.5K-SAI,RFE,Russian-Far-East,-0.03542913154096124
MIROC-ES2H,dvpd_fs_T_G6-1.5K-SAI,WCA,W.C.Asia,-0.4671258350159333
MIROC-ES2H,dvpd_fs_T_G6-1.5K-SAI,ECA,E.C.Asia,-0.20240707997616342
MIROC-ES2H,dvpd_fs_T_G6-1.5K-SAI,TIB,Tibetan-Plateau,-0.044517686254499055
MIROC-ES2H,dvpd_fs_T_G6-1.5K-SAI,EAS,E.Asia,-0.05116103040669504
MIROC-ES2H,dvpd_fs_T_G6-1.5K-SAI,ARP,Arabian-Peninsula,-0.5317889666434683
MIROC-ES2H,dvpd_fs_T_G6-1.5K-SAI,SAS,S.Asia,-0.1626256077234504
MIROC-ES2H,dvpd_fs_T_G6-1.5K-SAI,SEA,S.E.Asia,-0.04191133543819735
MIROC-ES2H,dvpd_fs_T_G6-1.5K-SAI,NAU,N.Australia,-0.16266619500795193
MIROC-ES2H,dvpd_fs_T_G6-1.5K-SAI,CAU,C.Australia,-0.16281148248342375
MIROC-ES2H,dvpd_fs_T_G6-1.5K-SAI,EAU,E.Australia,-0.1172331289332592
MIROC-ES2H,dvpd_fs_T_G6-1.5K-SAI,SAU,S.Australia,-0.15186021010651
MIROC-ES2H,dvpd_fs_T_G6-1.5K-SAI,NZ,New-Zealand,-0.028253084849322836
MIROC-ES2H,dvpd_fs_T_G6-1.5K-SAI,EAN,E.Antarctica,
MIROC-ES2H,dvpd_fs_T_G6-1.5K-SAI,WAN,W.Antarctica,
MIROC-ES2H,dvpd_fs_RH_G6-1.5K-SAI,GIC,Greenland/Iceland,
MIROC-ES2H,dvpd_fs_RH_G6-1.5K-SAI,NWN,N.W.North-America,-0.016672133529023622
MIROC-ES2H,dvpd_fs_RH_G6-1.5K-SAI,NEN,N.E.North-America,-0.017890538829651623
MIROC-ES2H,dvpd_fs_RH_G6-1.5K-SAI,WNA,W.North-America,0.003488865162465665
MIROC-ES2H,dvpd_fs_RH_G6-1.5K-SAI,CNA,C.North-America,-0.08616884725491523
MIROC-ES2H,dvpd_fs_RH_G6-1.5K-SAI,ENA,E.North-America,0.0133212282297074
MIROC-ES2H,dvpd_fs_RH_G6-1.5K-SAI,NCA,N.Central-America,-0.05171196740293163
MIROC-ES2H,dvpd_fs_RH_G6-1.5K-SAI,SCA,S.Central-America,-0.09884065905881334
MIROC-ES2H,dvpd_fs_RH_G6-1.5K-SAI,CAR,Caribbean,-0.08472007287484432
MIROC-ES2H,dvpd_fs_RH_G6-1.5K-SAI,NWS,N.W.South-America,-0.003324295341464692
MIROC-ES2H,dvpd_fs_RH_G6-1.5K-SAI,NSA,N.South-America,-0.07870229700801927
MIROC-ES2H,dvpd_fs_RH_G6-1.5K-SAI,NES,N.E.South-America,-0.1198954248285415
MIROC-ES2H,dvpd_fs_RH_G6-1.5K-SAI,SAM,South-American-Monsoon,-0.16170179192362033
MIROC-ES2H,dvpd_fs_RH_G6-1.5K-SAI,SWS,S.W.South-America,-0.01074983435363893
MIROC-ES2H,dvpd_fs_RH_G6-1.5K-SAI,SES,S.E.South-America,-0.06579102162824424
MIROC-ES2H,dvpd_fs_RH_G6-1.5K-SAI,SSA,S.South-America,-0.01379487132766557
MIROC-ES2H,dvpd_fs_RH_G6-1.5K-SAI,NEU,N.Europe,-0.0008244436602559647
MIROC-ES2H,dvpd_fs_RH_G6-1.5K-SAI,WCE,West&Central-Europe,-0.053533250117793245
MIROC-ES2H,dvpd_fs_RH_G6-1.5K-SAI,EEU,E.Europe,-0.061710342498035954
MIROC-ES2H,dvpd_fs_RH_G6-1.5K-SAI,MED,Mediterranean,-0.10326897578220912
MIROC-ES2H,dvpd_fs_RH_G6-1.5K-SAI,SAH,Sahara,-0.007655758580176961
MIROC-ES2H,dvpd_fs_RH_G6-1.5K-SAI,WAF,Western-Africa,-0.011474022563547001
MIROC-ES2H,dvpd_fs_RH_G6-1.5K-SAI,CAF,Central-Africa,-0.01731872297146325
MIROC-ES2H,dvpd_fs_RH_G6-1.5K-SAI,NEAF,N.Eastern-Africa,0.007437767227356297
MIROC-ES2H,dvpd_fs_RH_G6-1.5K-SAI,SEAF,S.Eastern-Africa,-0.02530277784709036
MIROC-ES2H,dvpd_fs_RH_G6-1.5K-SAI,WSAF,W.Southern-Africa,-0.04268978750544017
MIROC-ES2H,dvpd_fs_RH_G6-1.5K-SAI,ESAF,E.Southern-Africa,-0.06762387992709595
MIROC-ES2H,dvpd_fs_RH_G6-1.5K-SAI,MDG,Madagascar,-0.04015157118675693
MIROC-ES2H,dvpd_fs_RH_G6-1.5K-SAI,RAR,Russian-Arctic,-0.006056547085554139
MIROC-ES2H,dvpd_fs_RH_G6-1.5K-SAI,WSB,W.Siberia,0.001432449822699695
MIROC-ES2H,dvpd_fs_RH_G6-1.5K-SAI,ESB,E.Siberia,0.00567726484639683
MIROC-ES2H,dvpd_fs_RH_G6-1.5K-SAI,RFE,Russian-Far-East,0.006540541899307866
MIROC-ES2H,dvpd_fs_RH_G6-1.5K-SAI,WCA,W.C.Asia,-0.017999506376101395
MIROC-ES2H,dvpd_fs_RH_G6-1.5K-SAI,ECA,E.C.Asia,0.016345801989989275
MIROC-ES2H,dvpd_fs_RH_G6-1.5K-SAI,TIB,Tibetan-Plateau,0.0013838860059094075
MIROC-ES2H,dvpd_fs_RH_G6-1.5K-SAI,EAS,E.Asia,-0.010922787088875667
MIROC-ES2H,dvpd_fs_RH_G6-1.5K-SAI,ARP,Arabian-Peninsula,0.05521415010742474
MIROC-ES2H,dvpd_fs_RH_G6-1.5K-SAI,SAS,S.Asia,0.04900939370092563
MIROC-ES2H,dvpd_fs_RH_G6-1.5K-SAI,SEA,S.E.Asia,0.005210564508712932
MIROC-ES2H,dvpd_fs_RH_G6-1.5K-SAI,NAU,N.Australia,-0.03016151112796851
MIROC-ES2H,dvpd_fs_RH_G6-1.5K-SAI,CAU,C.Australia,0.01438010740665389
MIROC-ES2H,dvpd_fs_RH_G6-1.5K-SAI,EAU,E.Australia,-0.057225099946984506
MIROC-ES2H,dvpd_fs_RH_G6-1.5K-SAI,SAU,S.Australia,-0.03629264296235857
MIROC-ES2H,dvpd_fs_RH_G6-1.5K-SAI,NZ,New-Zealand,0.010114600955649377
MIROC-ES2H,dvpd_fs_RH_G6-1.5K-SAI,EAN,E.Antarctica,
MIROC-ES2H,dvpd_fs_RH_G6-1.5K-SAI,WAN,W.Antarctica,
MIROC-ES2H,dvpd_fs_resid_G6-1.5K-SAI,GIC,Greenland/Iceland,
MIROC-ES2H,dvpd_fs_resid_G6-1.5K-SAI,NWN,N.W.North-America,-0.0038823794712284504
MIROC-ES2H,dvpd_fs_resid_G6-1.5K-SAI,NEN,N.E.North-America,-0.0011287059477417718
MIROC-ES2H,dvpd_fs_resid_G6-1.5K-SAI,WNA,W.North-America,-0.006558893155080263
MIROC-ES2H,dvpd_fs_resid_G6-1.5K-SAI,CNA,C.North-America,-0.011922594407911734
MIROC-ES2H,dvpd_fs_resid_G6-1.5K-SAI,ENA,E.North-America,-0.005125350897790097
MIROC-ES2H,dvpd_fs_resid_G6-1.5K-SAI,NCA,N.Central-America,-0.00428067422272289
MIROC-ES2H,dvpd_fs_resid_G6-1.5K-SAI,SCA,S.Central-America,0.0010999977782488411
MIROC-ES2H,dvpd_fs_resid_G6-1.5K-SAI,CAR,Caribbean,0.0060627883771873095
MIROC-ES2H,dvpd_fs_resid_G6-1.5K-SAI,NWS,N.W.South-America,-0.0024609340067345124
MIROC-ES2H,dvpd_fs_resid_G6-1.5K-SAI,NSA,N.South-America,-0.002783527267846344
MIROC-ES2H,dvpd_fs_resid_G6-1.5K-SAI,NES,N.E.South-America,0.009210186114615817
MIROC-ES2H,dvpd_fs_resid_G6-1.5K-SAI,SAM,South-American-Monsoon,-0.0008262594158531357
MIROC-ES2H,dvpd_fs_resid_G6-1.5K-SAI,SWS,S.W.South-America,-0.0021073490221060454
MIROC-ES2H,dvpd_fs_resid_G6-1.5K-SAI,SES,S.E.South-America,-0.0074062017238166475
MIROC-ES2H,dvpd_fs_resid_G6-1.5K-SAI,SSA,S.South-America,-0.0028054353807433884
MIROC-ES2H,dvpd_fs_resid_G6-1.5K-SAI,NEU,N.Europe,-0.003622957063949367
MIROC-ES2H,dvpd_fs_resid_G6-1.5K-SAI,WCE,West&Central-Europe,-0.0075270047181611585
MIROC-ES2H,dvpd_fs_resid_G6-1.5K-SAI,EEU,E.Europe,-0.00902513911016841
MIROC-ES2H,dvpd_fs_resid_G6-1.5K-SAI,MED,Mediterranean,0.0007512927644893046
MIROC-ES2H,dvpd_fs_resid_G6-1.5K-SAI,SAH,Sahara,-0.002788091262257227
MIROC-ES2H,dvpd_fs_resid_G6-1.5K-SAI,WAF,Western-Africa,-0.0022875661560486462
MIROC-ES2H,dvpd_fs_resid_G6-1.5K-SAI,CAF,Central-Africa,-0.0037423002725763756
MIROC-ES2H,dvpd_fs_resid_G6-1.5K-SAI,NEAF,N.Eastern-Africa,-0.007270755326529606
MIROC-ES2H,dvpd_fs_resid_G6-1.5K-SAI,SEAF,S.Eastern-Africa,-0.0003392866523017645
MIROC-ES2H,dvpd_fs_resid_G6-1.5K-SAI,WSAF,W.Southern-Africa,-3.5643301954533294e-05
MIROC-ES2H,dvpd_fs_resid_G6-1.5K-SAI,ESAF,E.Southern-Africa,-0.0034734705437445453
MIROC-ES2H,dvpd_fs_resid_G6-1.5K-SAI,MDG,Madagascar,-0.0009624431832169823
MIROC-ES2H,dvpd_fs_resid_G6-1.5K-SAI,RAR,Russian-Arctic,-0.0010208368859133724
MIROC-ES2H,dvpd_fs_resid_G6-1.5K-SAI,WSB,W.Siberia,-0.013881052262130794
MIROC-ES2H,dvpd_fs_resid_G6-1.5K-SAI,ESB,E.Siberia,-0.006443850033801198
MIROC-ES2H,dvpd_fs_resid_G6-1.5K-SAI,RFE,Russian-Far-East,-0.0025079466296836213
MIROC-ES2H,dvpd_fs_resid_G6-1.5K-SAI,WCA,W.C.Asia,-0.008834252896007217
MIROC-ES2H,dvpd_fs_resid_G6-1.5K-SAI,ECA,E.C.Asia,-0.014868578823684074
MIROC-ES2H,dvpd_fs_resid_G6-1.5K-SAI,TIB,Tibetan-Plateau,-4.461321283544014e-05
MIROC-ES2H,dvpd_fs_resid_G6-1.5K-SAI,EAS,E.Asia,-0.0033871160585716535
MIROC-ES2H,dvpd_fs_resid_G6-1.5K-SAI,ARP,Arabian-Peninsula,-0.01762843464437933
MIROC-ES2H,dvpd_fs_resid_G6-1.5K-SAI,SAS,S.Asia,-0.010106464176189994
MIROC-ES2H,dvpd_fs_resid_G6-1.5K-SAI,SEA,S.E.Asia,-0.0029777987521667853
MIROC-ES2H,dvpd_fs_resid_G6-1.5K-SAI,NAU,N.Australia,-0.003228861305166204
MIROC-ES2H,dvpd_fs_resid_G6-1.5K-SAI,CAU,C.Australia,-0.023371831300127925
MIROC-ES2H,dvpd_fs_resid_G6-1.5K-SAI,EAU,E.Australia,-0.011783044165460282
MIROC-ES2H,dvpd_fs_resid_G6-1.5K-SAI,SAU,S.Australia,-0.01175822879534252
MIROC-ES2H,dvpd_fs_resid_G6-1.5K-SAI,NZ,New-Zealand,-0.002061323662057903
MIROC-ES2H,dvpd_fs_resid_G6-1.5K-SAI,EAN,E.Antarctica,
MIROC-ES2H,dvpd_fs_resid_G6-1.5K-SAI,WAN,W.Antarctica,
MIROC-ES2H,dvpd_fs_T_G6-1.5K-HiLLA,GIC,Greenland/Iceland,
MIROC-ES2H,dvpd_fs_T_G6-1.5K-HiLLA,NWN,N.W.North-America,-0.07363229600080945
MIROC-ES2H,dvpd_fs_T_G6-1.5K-HiLLA,NEN,N.E.North-America,-0.06916822761647837
MIROC-ES2H,dvpd_fs_T_G6-1.5K-HiLLA,WNA,W.North-America,-0.1844188406679374
MIROC-ES2H,dvpd_fs_T_G6-1.5K-HiLLA,CNA,C.North-America,-0.2741028161044507
MIROC-ES2H,dvpd_fs_T_G6-1.5K-HiLLA,ENA,E.North-America,-0.08364128008733855
MIROC-ES2H,dvpd_fs_T_G6-1.5K-HiLLA,NCA,N.Central-America,-0.21083731810218653
MIROC-ES2H,dvpd_fs_T_G6-1.5K-HiLLA,SCA,S.Central-America,-0.09375933277348465
MIROC-ES2H,dvpd_fs_T_G6-1.5K-HiLLA,CAR,Caribbean,-0.08533572839354966
MIROC-ES2H,dvpd_fs_T_G6-1.5K-HiLLA,NWS,N.W.South-America,-0.0431637880989701
MIROC-ES2H,dvpd_fs_T_G6-1.5K-HiLLA,NSA,N.South-America,-0.10361331334419764
MIROC-ES2H,dvpd_fs_T_G6-1.5K-HiLLA,NES,N.E.South-America,-0.16629038122834863
MIROC-ES2H,dvpd_fs_T_G6-1.5K-HiLLA,SAM,South-American-Monsoon,-0.1586097398024001
MIROC-ES2H,dvpd_fs_T_G6-1.5K-HiLLA,SWS,S.W.South-America,-0.07719194955598596
MIROC-ES2H,dvpd_fs_T_G6-1.5K-HiLLA,SES,S.E.South-America,-0.10169120533995533
MIROC-ES2H,dvpd_fs_T_G6-1.5K-HiLLA,SSA,S.South-America,-0.0524360361881104
MIROC-ES2H,dvpd_fs_T_G6-1.5K-HiLLA,NEU,N.Europe,-0.05871682963663168
MIROC-ES2H,dvpd_fs_T_G6-1.5K-HiLLA,WCE,West&Central-Europe,-0.17542769570287284
MIROC-ES2H,dvpd_fs_T_G6-1.5K-HiLLA,EEU,E.Europe,-0.2514468359339685
MIROC-ES2H,dvpd_fs_T_G6-1.5K-HiLLA,MED,Mediterranean,-0.3623389121830131
MIROC-ES2H,dvpd_fs_T_G6-1.5K-HiLLA,SAH,Sahara,-0.41604501204628414
MIROC-ES2H,dvpd_fs_T_G6-1.5K-HiLLA,WAF,Western-Africa,-0.15703812461615768
MIROC-ES2H,dvpd_fs_T_G6-1.5K-HiLLA,CAF,Central-Africa,-0.10117640697308944
MIROC-ES2H,dvpd_fs_T_G6-1.5K-HiLLA,NEAF,N.Eastern-Africa,-0.14505554612756705
MIROC-ES2H,dvpd_fs_T_G6-1.5K-HiLLA,SEAF,S.Eastern-Africa,-0.09351219299663577
MIROC-ES2H,dvpd_fs_T_G6-1.5K-HiLLA,WSAF,W.Southern-Africa,-0.17500247524558568
MIROC-ES2H,dvpd_fs_T_G6-1.5K-HiLLA,ESAF,E.Southern-Africa,-0.1315818836209874
MIROC-ES2H,dvpd_fs_T_G6-1.5K-HiLLA,MDG,Madagascar,-0.06606871329424942
MIROC-ES2H,dvpd_fs_T_G6-1.5K-HiLLA,RAR,Russian-Arctic,-0.04238859487392077
MIROC-ES2H,dvpd_fs_T_G6-1.5K-HiLLA,WSB,W.Siberia,-0.23332585725651878
MIROC-ES2H,dvpd_fs_T_G6-1.5K-HiLLA,ESB,E.Siberia,-0.08135916102891992
MIROC-ES2H,dvpd_fs_T_G6-1.5K-HiLLA,RFE,Russian-Far-East,-0.037947961579282104
MIROC-ES2H,dvpd_fs_T_G6-1.5K-HiLLA,WCA,W.C.Asia,-0.47839836457283247
MIROC-ES2H,dvpd_fs_T_G6-1.5K-HiLLA,ECA,E.C.Asia,-0.2230888811283949
MIROC-ES2H,dvpd_fs_T_G6-1.5K-HiLLA,TIB,Tibetan-Plateau,-0.044406612170911644
MIROC-ES2H,dvpd_fs_T_G6-1.5K-HiLLA,EAS,E.Asia,-0.04592700785438415
MIROC-ES2H,dvpd_fs_T_G6-1.5K-HiLLA,ARP,Arabian-Peninsula,-0.4863503480242664
MIROC-ES2H,dvpd_fs_T_G6-1.5K-HiLLA,SAS,S.Asia,-0.15912901696269804
MIROC-ES2H,dvpd_fs_T_G6-1.5K-HiLLA,SEA,S.E.Asia,-0.027024464618628813
MIROC-ES2H,dvpd_fs_T_G6-1.5K-HiLLA,NAU,N.Australia,-0.12052378799352126
MIROC-ES2H,dvpd_fs_T_G6-1.5K-HiLLA,CAU,C.Australia,-0.12717723158861233
MIROC-ES2H,dvpd_fs_T_G6-1.5K-HiLLA,EAU,E.Australia,-0.07277137254312292
MIROC-ES2H,dvpd_fs_T_G6-1.5K-HiLLA,SAU,S.Australia,-0.12093645128531717
MIROC-ES2H,dvpd_fs_T_G6-1.5K-HiLLA,NZ,New-Zealand,-0.028607163021519753
MIROC-ES2H,dvpd_fs_T_G6-1.5K-HiLLA,EAN,E.Antarctica,
MIROC-ES2H,dvpd_fs_T_G6-1.5K-HiLLA,WAN,W.Antarctica,
MIROC-ES2H,dvpd_fs_RH_G6-1.5K-HiLLA,GIC,Greenland/Iceland,
MIROC-ES2H,dvpd_fs_RH_G6-1.5K-HiLLA,NWN,N.W.North-America,-0.022201338913730738
MIROC-ES2H,dvpd_fs_RH_G6-1.5K-HiLLA,NEN,N.E.North-America,-0.021194389725945798
MIROC-ES2H,dvpd_fs_RH_G6-1.5K-HiLLA,WNA,W.North-America,-0.034515910782461426
MIROC-ES2H,dvpd_fs_RH_G6-1.5K-HiLLA,CNA,C.North-America,-0.16712899659007116
MIROC-ES2H,dvpd_fs_RH_G6-1.5K-HiLLA,ENA,E.North-America,-0.0011124034360067312
MIROC-ES2H,dvpd_fs_RH_G6-1.5K-HiLLA,NCA,N.Central-America,-0.0728002831395547
MIROC-ES2H,dvpd_fs_RH_G6-1.5K-HiLLA,SCA,S.Central-America,-0.06266951108635932
MIROC-ES2H,dvpd_fs_RH_G6-1.5K-HiLLA,CAR,Caribbean,-0.0423478509751613
MIROC-ES2H,dvpd_fs_RH_G6-1.5K-HiLLA,NWS,N.W.South-America,0.01694843840255089
MIROC-ES2H,dvpd_fs_RH_G6-1.5K-HiLLA,NSA,N.South-America,-0.007877013669829427
MIROC-ES2H,dvpd_fs_RH_G6-1.5K-HiLLA,NES,N.E.South-America,-0.07524368722841057
MIROC-ES2H,dvpd_fs_RH_G6-1.5K-HiLLA,SAM,South-American-Monsoon,-0.11777240690993851
MIROC-ES2H,dvpd_fs_RH_G6-1.5K-HiLLA,SWS,S.W.South-America,-0.007488867732278214
MIROC-ES2H,dvpd_fs_RH_G6-1.5K-HiLLA,SES,S.E.South-America,-0.039125320375180205
MIROC-ES2H,dvpd_fs_RH_G6-1.5K-HiLLA,SSA,S.South-America,-0.014202637840307846
MIROC-ES2H,dvpd_fs_RH_G6-1.5K-HiLLA,NEU,N.Europe,-0.0035071091420659432
MIROC-ES2H,dvpd_fs_RH_G6-1.5K-HiLLA,WCE,West&Central-Europe,-0.059504736105613305
MIROC-ES2H,dvpd_fs_RH_G6-1.5K-HiLLA,EEU,E.Europe,-0.026931659398798363
MIROC-ES2H,dvpd_fs_RH_G6-1.5K-HiLLA,MED,Mediterranean,-0.08941976714595304
MIROC-ES2H,dvpd_fs_RH_G6-1.5K-HiLLA,SAH,Sahara,-0.002955006629649728
MIROC-ES2H,dvpd_fs_RH_G6-1.5K-HiLLA,WAF,Western-Africa,-0.045433553768520506
MIROC-ES2H,dvpd_fs_RH_G6-1.5K-HiLLA,CAF,Central-Africa,-0.0544411961373082
MIROC-ES2H,dvpd_fs_RH_G6-1.5K-HiLLA,NEAF,N.Eastern-Africa,-0.01953362730398555
MIROC-ES2H,dvpd_fs_RH_G6-1.5K-HiLLA,SEAF,S.Eastern-Africa,-0.0275258681579807
MIROC-ES2H,dvpd_fs_RH_G6-1.5K-HiLLA,WSAF,W.Southern-Africa,-0.018268444216176922
MIROC-ES2H,dvpd_fs_RH_G6-1.5K-HiLLA,ESAF,E.Southern-Africa,-0.05149173037192707
MIROC-ES2H,dvpd_fs_RH_G6-1.5K-HiLLA,MDG,Madagascar,-0.030936406506869848
MIROC-ES2H,dvpd_fs_RH_G6-1.5K-HiLLA,RAR,Russian-Arctic,-0.010124265702958062
MIROC-ES2H,dvpd_fs_RH_G6-1.5K-HiLLA,WSB,W.Siberia,-0.02252124278511571
MIROC-ES2H,dvpd_fs_RH_G6-1.5K-HiLLA,ESB,E.Siberia,-0.0019289464055068026
MIROC-ES2H,dvpd_fs_RH_G6-1.5K-HiLLA,RFE,Russian-Far-East,0.006058263948131234
MIROC-ES2H,dvpd_fs_RH_G6-1.5K-HiLLA,WCA,W.C.Asia,-0.022403434109120126
MIROC-ES2H,dvpd_fs_RH_G6-1.5K-HiLLA,ECA,E.C.Asia,0.011820970265046669
MIROC-ES2H,dvpd_fs_RH_G6-1.5K-HiLLA,TIB,Tibetan-Plateau,-2.6879940950656586e-05
MIROC-ES2H,dvpd_fs_RH_G6-1.5K-HiLLA,EAS,E.Asia,-0.009793342238631039
MIROC-ES2H,dvpd_fs_RH_G6-1.5K-HiLLA,ARP,Arabian-Peninsula,0.04636636207111178
MIROC-ES2H,dvpd_fs_RH_G6-1.5K-HiLLA,SAS,S.Asia,0.029875615344746222
MIROC-ES2H,dvpd_fs_RH_G6-1.5K-HiLLA,SEA,S.E.Asia,0.039986223362148944
MIROC-ES2H,dvpd_fs_RH_G6-1.5K-HiLLA,NAU,N.Australia,0.0214074892280538
MIROC-ES2H,dvpd_fs_RH_G6-1.5K-HiLLA,CAU,C.Australia,0.05566621018420182
MIROC-ES2H,dvpd_fs_RH_G6-1.5K-HiLLA,EAU,E.Australia,0.024052696988036495
MIROC-ES2H,dvpd_fs_RH_G6-1.5K-HiLLA,SAU,S.Australia,0.016399641043728506
MIROC-ES2H,dvpd_fs_RH_G6-1.5K-HiLLA,NZ,New-Zealand,0.008841885768796555
MIROC-ES2H,dvpd_fs_RH_G6-1.5K-HiLLA,EAN,E.Antarctica,
MIROC-ES2H,dvpd_fs_RH_G6-1.5K-HiLLA,WAN,W.Antarctica,
MIROC-ES2H,dvpd_fs_resid_G6-1.5K-HiLLA,GIC,Greenland/Iceland,
MIROC-ES2H,dvpd_fs_resid_G6-1.5K-HiLLA,NWN,N.W.North-America,-0.003092511124590111
MIROC-ES2H,dvpd_fs_resid_G6-1.5K-HiLLA,NEN,N.E.North-America,-0.0018644011125614215
MIROC-ES2H,dvpd_fs_resid_G6-1.5K-HiLLA,WNA,W.North-America,-0.006394584137755108
MIROC-ES2H,dvpd_fs_resid_G6-1.5K-HiLLA,CNA,C.North-America,-0.005363332699002746
MIROC-ES2H,dvpd_fs_resid_G6-1.5K-HiLLA,ENA,E.North-America,-0.0060302220888347755
MIROC-ES2H,dvpd_fs_resid_G6-1.5K-HiLLA,NCA,N.Central-America,-4.835770472874006e-05
MIROC-ES2H,dvpd_fs_resid_G6-1.5K-HiLLA,SCA,S.Central-America,-0.00012317226492955044
MIROC-ES2H,dvpd_fs_resid_G6-1.5K-HiLLA,CAR,Caribbean,0.0020270120388444445
MIROC-ES2H,dvpd_fs_resid_G6-1.5K-HiLLA,NWS,N.W.South-America,-0.0018419801427782298
MIROC-ES2H,dvpd_fs_resid_G6-1.5K-HiLLA,NSA,N.South-America,-0.007135798743262953
MIROC-ES2H,dvpd_fs_resid_G6-1.5K-HiLLA,NES,N.E.South-America,0.0015153002463928777
MIROC-ES2H,dvpd_fs_resid_G6-1.5K-HiLLA,SAM,South-American-Monsoon,-0.00030174393860537424
MIROC-ES2H,dvpd_fs_resid_G6-1.5K-HiLLA,SWS,S.W.South-America,-0.00227603710893674
MIROC-ES2H,dvpd_fs_resid_G6-1.5K-HiLLA,SES,S.E.South-America,-0.007712712758460001
MIROC-ES2H,dvpd_fs_resid_G6-1.5K-HiLLA,SSA,S.South-America,-0.002463969147045974
MIROC-ES2H,dvpd_fs_resid_G6-1.5K-HiLLA,NEU,N.Europe,-0.0036149917155756535
MIROC-ES2H,dvpd_fs_resid_G6-1.5K-HiLLA,WCE,West&Central-Europe,-0.0043886835160196385
MIROC-ES2H,dvpd_fs_resid_G6-1.5K-HiLLA,EEU,E.Europe,-0.00661642015510176
MIROC-ES2H,dvpd_fs_resid_G6-1.5K-HiLLA,MED,Mediterranean,-0.0012574224147660841
MIROC-ES2H,dvpd_fs_resid_G6-1.5K-HiLLA,SAH,Sahara,-0.0028891171376114154
MIROC-ES2H,dvpd_fs_resid_G6-1.5K-HiLLA,WAF,Western-Africa,0.0008342358887453724
MIROC-ES2H,dvpd_fs_resid_G6-1.5K-HiLLA,CAF,Central-Africa,0.00012172875167972134
MIROC-ES2H,dvpd_fs_resid_G6-1.5K-HiLLA,NEAF,N.Eastern-Africa,-0.003597153391083913
MIROC-ES2H,dvpd_fs_resid_G6-1.5K-HiLLA,SEAF,S.Eastern-Africa,-0.0008705544563799917
MIROC-ES2H,dvpd_fs_resid_G6-1.5K-HiLLA,WSAF,W.Southern-Africa,-0.002439723959473767
MIROC-ES2H,dvpd_fs_resid_G6-1.5K-HiLLA,ESAF,E.Southern-Africa,-0.003857184982057505
MIROC-ES2H,dvpd_fs_resid_G6-1.5K-HiLLA,MDG,Madagascar,-0.0008346605867163458
MIROC-ES2H,dvpd_fs_resid_G6-1.5K-HiLLA,RAR,Russian-Arctic,-0.000536604412859427
MIROC-ES2H,dvpd_fs_resid_G6-1.5K-HiLLA,WSB,W.Siberia,-0.010565627936384027
MIROC-ES2H,dvpd_fs_resid_G6-1.5K-HiLLA,ESB,E.Siberia,-0.00482840996798424
MIROC-ES2H,dvpd_fs_resid_G6-1.5K-HiLLA,RFE,Russian-Far-East,-0.0029765458493040743
MIROC-ES2H,dvpd_fs_resid_G6-1.5K-HiLLA,WCA,W.C.Asia,-0.004438784901336551
MIROC-ES2H,dvpd_fs_resid_G6-1.5K-HiLLA,ECA,E.C.Asia,-0.015410327254973868
MIROC-ES2H,dvpd_fs_resid_G6-1.5K-HiLLA,TIB,Tibetan-Plateau,0.00040674103947692093
MIROC-ES2H,dvpd_fs_resid_G6-1.5K-HiLLA,EAS,E.Asia,-0.003292040187553778
MIROC-ES2H,dvpd_fs_resid_G6-1.5K-HiLLA,ARP,Arabian-Peninsula,-0.011938966077167075
MIROC-ES2H,dvpd_fs_resid_G6-1.5K-HiLLA,SAS,S.Asia,-0.005354093696975345
MIROC-ES2H,dvpd_fs_resid_G6-1.5K-HiLLA,SEA,S.E.Asia,-0.0028822881042277326
MIROC-ES2H,dvpd_fs_resid_G6-1.5K-HiLLA,NAU,N.Australia,-0.006423546940852502
MIROC-ES2H,dvpd_fs_resid_G6-1.5K-HiLLA,CAU,C.Australia,-0.020065074240159336
MIROC-ES2H,dvpd_fs_resid_G6-1.5K-HiLLA,EAU,E.Australia,-0.001184215304495159
MIROC-ES2H,dvpd_fs_resid_G6-1.5K-HiLLA,SAU,S.Australia,-0.006779397859391234
MIROC-ES2H,dvpd_fs_resid_G6-1.5K-HiLLA,NZ,New-Zealand,-0.0012485180913817304
MIROC-ES2H,dvpd_fs_resid_G6-1.5K-HiLLA,EAN,E.Antarctica,
MIROC-ES2H,dvpd_fs_resid_G6-1.5K-HiLLA,WAN,W.Antarctica,
UKESM1-1,vpd_fs_target,GIC,Greenland/Iceland,
UKESM1-1,vpd_fs_target,NWN,N.W.North-America,0.47898679207010314
UKESM1-1,vpd_fs_target,NEN,N.E.North-America,0.4984381112126053
UKESM1-1,vpd_fs_target,WNA,W.North-America,1.4846165331446755
UKESM1-1,vpd_fs_target,CNA,C.North-America,2.1096675413924766
UKESM1-1,vpd_fs_target,ENA,E.North-America,1.1206875848175872
UKESM1-1,vpd_fs_target,NCA,N.Central-America,1.788414292409998
UKESM1-1,vpd_fs_target,SCA,S.Central-America,1.3766863700620147
UKESM1-1,vpd_fs_target,CAR,Caribbean,1.0855214721363495
UKESM1-1,vpd_fs_target,NWS,N.W.South-America,0.8399255810528793
UKESM1-1,vpd_fs_target,NSA,N.South-America,2.0995967880814037
UKESM1-1,vpd_fs_target,NES,N.E.South-America,2.0474221442562506
UKESM1-1,vpd_fs_target,SAM,South-American-Monsoon,1.608075992478877
UKESM1-1,vpd_fs_target,SWS,S.W.South-America,0.9313279197671163
UKESM1-1,vpd_fs_target,SES,S.E.South-America,1.3019282738525182
UKESM1-1,vpd_fs_target,SSA,S.South-America,0.7165444433759582
UKESM1-1,vpd_fs_target,NEU,N.Europe,0.4807825058743793
UKESM1-1,vpd_fs_target,WCE,West&Central-Europe,1.2305947778358644
UKESM1-1,vpd_fs_target,EEU,E.Europe,1.4717758639601342
UKESM1-1,vpd_fs_target,MED,Mediterranean,2.1727711508646745
UKESM1-1,vpd_fs_target,SAH,Sahara,4.1660975674827805
UKESM1-1,vpd_fs_target,WAF,Western-Africa,2.87846912590792
UKESM1-1,vpd_fs_target,CAF,Central-Africa,2.0717896443890225
UKESM1-1,vpd_fs_target,NEAF,N.Eastern-Africa,2.760506898341758
UKESM1-1,vpd_fs_target,SEAF,S.Eastern-Africa,1.495022720867102
UKESM1-1,vpd_fs_target,WSAF,W.Southern-Africa,1.8987922865102338
UKESM1-1,vpd_fs_target,ESAF,E.Southern-Africa,1.6158118198802909
UKESM1-1,vpd_fs_target,MDG,Madagascar,1.0519460816108759
UKESM1-1,vpd_fs_target,RAR,Russian-Arctic,0.32577849629432754
UKESM1-1,vpd_fs_target,WSB,W.Siberia,1.468584487897542
UKESM1-1,vpd_fs_target,ESB,E.Siberia,0.7775651163867524
UKESM1-1,vpd_fs_target,RFE,Russian-Far-East,0.41010682258372627
UKESM1-1,vpd_fs_target,WCA,W.C.Asia,3.207966363233673
UKESM1-1,vpd_fs_target,ECA,E.C.Asia,2.0178510018853526
UKESM1-1,vpd_fs_target,TIB,Tibetan-Plateau,0.47397382577387653
UKESM1-1,vpd_fs_target,EAS,E.Asia,0.9131126718300117
UKESM1-1,vpd_fs_target,ARP,Arabian-Peninsula,4.58029917176726
UKESM1-1,vpd_fs_target,SAS,S.Asia,3.1517138598804215
UKESM1-1,vpd_fs_target,SEA,S.E.Asia,1.1928156309416944
UKESM1-1,vpd_fs_target,NAU,N.Australia,2.1078660818628103
UKESM1-1,vpd_fs_target,CAU,C.Australia,2.9848243256618083
UKESM1-1,vpd_fs_target,EAU,E.Australia,1.4013282308473116
UKESM1-1,vpd_fs_target,SAU,S.Australia,1.674806195041095
UKESM1-1,vpd_fs_target,NZ,New-Zealand,0.4044090319289577
UKESM1-1,vpd_fs_target,EAN,E.Antarctica,
UKESM1-1,vpd_fs_target,WAN,W.Antarctica,
UKESM1-1,pr_fs_target,GIC,Greenland/Iceland,
UKESM1-1,pr_fs_target,NWN,N.W.North-America,2.531336188095081
UKESM1-1,pr_fs_target,NEN,N.E.North-America,2.7167433559476626
UKESM1-1,pr_fs_target,WNA,W.North-America,1.0556924989087884
UKESM1-1,pr_fs_target,CNA,C.North-America,2.1532142491436486
UKESM1-1,pr_fs_target,ENA,E.North-America,3.329874626257877
UKESM1-1,pr_fs_target,NCA,N.Central-America,1.1524908009933343
UKESM1-1,pr_fs_target,SCA,S.Central-America,1.2630975139075005
UKESM1-1,pr_fs_target,CAR,Caribbean,1.362199816132944
UKESM1-1,pr_fs_target,NWS,N.W.South-America,3.8683622927807617
UKESM1-1,pr_fs_target,NSA,N.South-America,1.9253708787900012
UKESM1-1,pr_fs_target,NES,N.E.South-America,0.739990569606305
UKESM1-1,pr_fs_target,SAM,South-American-Monsoon,1.8514089053082217
UKESM1-1,pr_fs_target,SWS,S.W.South-America,0.9174343506485781
UKESM1-1,pr_fs_target,SES,S.E.South-America,3.5763597442695536
UKESM1-1,pr_fs_target,SSA,S.South-America,2.611404651834913
UKESM1-1,pr_fs_target,NEU,N.Europe,2.6851247577642816
UKESM1-1,pr_fs_target,WCE,West&Central-Europe,1.617894188684003
UKESM1-1,pr_fs_target,EEU,E.Europe,1.6694798063206733
UKESM1-1,pr_fs_target,MED,Mediterranean,0.3482472172693599
UKESM1-1,pr_fs_target,SAH,Sahara,0.09085073965024897
UKESM1-1,pr_fs_target,WAF,Western-Africa,0.4211932131971097
UKESM1-1,pr_fs_target,CAF,Central-Africa,1.2617340053303938
UKESM1-1,pr_fs_target,NEAF,N.Eastern-Africa,0.39565556663089574
UKESM1-1,pr_fs_target,SEAF,S.Eastern-Africa,0.7034401099981094
UKESM1-1,pr_fs_target,WSAF,W.Southern-Africa,0.45221300317958524
UKESM1-1,pr_fs_target,ESAF,E.Southern-Africa,0.9474114573089955
UKESM1-1,pr_fs_target,MDG,Madagascar,1.0072395551915603
UKESM1-1,pr_fs_target,RAR,Russian-Arctic,2.3424786943214757
UKESM1-1,pr_fs_target,WSB,W.Siberia,1.7125188074834579
UKESM1-1,pr_fs_target,ESB,E.Siberia,2.8941361889044166
UKESM1-1,pr_fs_target,RFE,Russian-Far-East,3.5880933498274934
UKESM1-1,pr_fs_target,WCA,W.C.Asia,0.22826454481545144
UKESM1-1,pr_fs_target,ECA,E.C.Asia,0.7591934774895841
UKESM1-1,pr_fs_target,TIB,Tibetan-Plateau,1.0345518216521667
UKESM1-1,pr_fs_target,EAS,E.Asia,3.7621557168062685
UKESM1-1,pr_fs_target,ARP,Arabian-Peninsula,0.06634767158211495
UKESM1-1,pr_fs_target,SAS,S.Asia,0.6535493405669565
UKESM1-1,pr_fs_target,SEA,S.E.Asia,3.210207790078462
UKESM1-1,pr_fs_target,NAU,N.Australia,0.2887275554526461
UKESM1-1,pr_fs_target,CAU,C.Australia,0.7774209606488746
UKESM1-1,pr_fs_target,EAU,E.Australia,1.5566573302820093
UKESM1-1,pr_fs_target,SAU,S.Australia,1.1165927713983579
UKESM1-1,pr_fs_target,NZ,New-Zealand,3.7104495719812287
UKESM1-1,pr_fs_target,EAN,E.Antarctica,
UKESM1-1,pr_fs_target,WAN,W.Antarctica,
UKESM1-1,vpd_days_p95_target,GIC,Greenland/Iceland,
UKESM1-1,vpd_days_p95_target,NWN,N.W.North-America,17.99999999999999
UKESM1-1,vpd_days_p95_target,NEN,N.E.North-America,18.000000000000014
UKESM1-1,vpd_days_p95_target,WNA,W.North-America,17.999999999999993
UKESM1-1,vpd_days_p95_target,CNA,C.North-America,17.999999999999993
UKESM1-1,vpd_days_p95_target,ENA,E.North-America,17.999999999999993
UKESM1-1,vpd_days_p95_target,NCA,N.Central-America,18.000000000000014
UKESM1-1,vpd_days_p95_target,SCA,S.Central-America,18.0
UKESM1-1,vpd_days_p95_target,CAR,Caribbean,18.000000000000004
UKESM1-1,vpd_days_p95_target,NWS,N.W.South-America,17.999999999999996
UKESM1-1,vpd_days_p95_target,NSA,N.South-America,17.999999999999982
UKESM1-1,vpd_days_p95_target,NES,N.E.South-America,17.99999999999999
UKESM1-1,vpd_days_p95_target,SAM,South-American-Monsoon,17.99999999999998
UKESM1-1,vpd_days_p95_target,SWS,S.W.South-America,18.0
UKESM1-1,vpd_days_p95_target,SES,S.E.South-America,17.999999999999993
UKESM1-1,vpd_days_p95_target,SSA,S.South-America,18.0
UKESM1-1,vpd_days_p95_target,NEU,N.Europe,18.000000000000018
UKESM1-1,vpd_days_p95_target,WCE,West&Central-Europe,17.999999999999975
UKESM1-1,vpd_days_p95_target,EEU,E.Europe,17.99999999999999
UKESM1-1,vpd_days_p95_target,MED,Mediterranean,18.00000000000003
UKESM1-1,vpd_days_p95_target,SAH,Sahara,17.99999999999999
UKESM1-1,vpd_days_p95_target,WAF,Western-Africa,17.999999999999982
UKESM1-1,vpd_days_p95_target,CAF,Central-Africa,17.999999999999975
UKESM1-1,vpd_days_p95_target,NEAF,N.Eastern-Africa,17.999999999999982
UKESM1-1,vpd_days_p95_target,SEAF,S.Eastern-Africa,17.999999999999993
UKESM1-1,vpd_days_p95_target,WSAF,W.Southern-Africa,17.99999999999999
UKESM1-1,vpd_days_p95_target,ESAF,E.Southern-Africa,17.99999999999999
UKESM1-1,vpd_days_p95_target,MDG,Madagascar,17.999999999999996
UKESM1-1,vpd_days_p95_target,RAR,Russian-Arctic,18.000000000000046
UKESM1-1,vpd_days_p95_target,WSB,W.Siberia,17.99999999999995
UKESM1-1,vpd_days_p95_target,ESB,E.Siberia,17.999999999999986
UKESM1-1,vpd_days_p95_target,RFE,Russian-Far-East,18.000000000000007
UKESM1-1,vpd_days_p95_target,WCA,W.C.Asia,18.000000000000014
UKESM1-1,vpd_days_p95_target,ECA,E.C.Asia,17.999999999999986
UKESM1-1,vpd_days_p95_target,TIB,Tibetan-Plateau,18.000000000000007
UKESM1-1,vpd_days_p95_target,EAS,E.Asia,18.000000000000014
UKESM1-1,vpd_days_p95_target,ARP,Arabian-Peninsula,17.999999999999996
UKESM1-1,vpd_days_p95_target,SAS,S.Asia,18.000000000000007
UKESM1-1,vpd_days_p95_target,SEA,S.E.Asia,17.999999999999996
UKESM1-1,vpd_days_p95_target,NAU,N.Australia,18.0
UKESM1-1,vpd_days_p95_target,CAU,C.Australia,17.999999999999986
UKESM1-1,vpd_days_p95_target,EAU,E.Australia,17.999999999999996
UKESM1-1,vpd_days_p95_target,SAU,S.Australia,18.00000000000001
UKESM1-1,vpd_days_p95_target,NZ,New-Zealand,18.0
UKESM1-1,vpd_days_p95_target,EAN,E.Antarctica,
UKESM1-1,vpd_days_p95_target,WAN,W.Antarctica,
UKESM1-1,vpd_fs_ssp245,GIC,Greenland/Iceland,
UKESM1-1,vpd_fs_ssp245,NWN,N.W.North-America,0.6730305011214532
UKESM1-1,vpd_fs_ssp245,NEN,N.E.North-America,0.6979295702474054
UKESM1-1,vpd_fs_ssp245,WNA,W.North-America,1.7129637368670676
UKESM1-1,vpd_fs_ssp245,CNA,C.North-America,2.4572375070901584
UKESM1-1,vpd_fs_ssp245,ENA,E.North-America,1.3513198910306472
UKESM1-1,vpd_fs_ssp245,NCA,N.Central-America,1.9892743551540162
UKESM1-1,vpd_fs_ssp245,SCA,S.Central-America,1.640409468202859
UKESM1-1,vpd_fs_ssp245,CAR,Caribbean,1.1662317503378705
UKESM1-1,vpd_fs_ssp245,NWS,N.W.South-America,1.111462534849262
UKESM1-1,vpd_fs_ssp245,NSA,N.South-America,2.6439049404556125
UKESM1-1,vpd_fs_ssp245,NES,N.E.South-America,2.3968419253634137
UKESM1-1,vpd_fs_ssp245,SAM,South-American-Monsoon,2.0690715782362648
UKESM1-1,vpd_fs_ssp245,SWS,S.W.South-America,1.0639287609504091
UKESM1-1,vpd_fs_ssp245,SES,S.E.South-America,1.4703136371601802
UKESM1-1,vpd_fs_ssp245,SSA,S.South-America,0.7860297964514614
UKESM1-1,vpd_fs_ssp245,NEU,N.Europe,0.6032241629543504
UKESM1-1,vpd_fs_ssp245,WCE,West&Central-Europe,1.5453600931184797
UKESM1-1,vpd_fs_ssp245,EEU,E.Europe,1.8073836932410268
UKESM1-1,vpd_fs_ssp245,MED,Mediterranean,2.5397294345089323
UKESM1-1,vpd_fs_ssp245,SAH,Sahara,4.630422748558418
UKESM1-1,vpd_fs_ssp245,WAF,Western-Africa,3.2424271801743463
UKESM1-1,vpd_fs_ssp245,CAF,Central-Africa,2.477317387701759
UKESM1-1,vpd_fs_ssp245,NEAF,N.Eastern-Africa,3.0781809101052757
UKESM1-1,vpd_fs_ssp245,SEAF,S.Eastern-Africa,1.7451199366773065
UKESM1-1,vpd_fs_ssp245,WSAF,W.Southern-Africa,2.2167484487881657
UKESM1-1,vpd_fs_ssp245,ESAF,E.Southern-Africa,1.8522811797096939
UKESM1-1,vpd_fs_ssp245,MDG,Madagascar,1.1718405843494872
UKESM1-1,vpd_fs_ssp245,RAR,Russian-Arctic,0.5205841311324962
UKESM1-1,vpd_fs_ssp245,WSB,W.Siberia,1.8325256555618132
UKESM1-1,vpd_fs_ssp245,ESB,E.Siberia,0.9853720799324136
UKESM1-1,vpd_fs_ssp245,RFE,Russian-Far-East,0.551535738845175
UKESM1-1,vpd_fs_ssp245,WCA,W.C.Asia,3.6098306311214112
UKESM1-1,vpd_fs_ssp245,ECA,E.C.Asia,2.2809349601756574
UKESM1-1,vpd_fs_ssp245,TIB,Tibetan-Plateau,0.5627478559248406
UKESM1-1,vpd_fs_ssp245,EAS,E.Asia,1.1470695300419722
UKESM1-1,vpd_fs_ssp245,ARP,Arabian-Peninsula,5.095395088999497
UKESM1-1,vpd_fs_ssp245,SAS,S.Asia,3.571545357593216
UKESM1-1,vpd_fs_ssp245,SEA,S.E.Asia,1.4781752982453908
UKESM1-1,vpd_fs_ssp245,NAU,N.Australia,2.3442597334938484
UKESM1-1,vpd_fs_ssp245,CAU,C.Australia,3.4093585388886285
UKESM1-1,vpd_fs_ssp245,EAU,E.Australia,1.653387526798668
UKESM1-1,vpd_fs_ssp245,SAU,S.Australia,1.9257149776694422
UKESM1-1,vpd_fs_ssp245,NZ,New-Zealand,0.4875001520812576
UKESM1-1,vpd_fs_ssp245,EAN,E.Antarctica,
UKESM1-1,vpd_fs_ssp245,WAN,W.Antarctica,
UKESM1-1,pr_fs_ssp245,GIC,Greenland/Iceland,
UKESM1-1,pr_fs_ssp245,NWN,N.W.North-America,2.61596325693087
UKESM1-1,pr_fs_ssp245,NEN,N.E.North-America,2.721850991513995
UKESM1-1,pr_fs_ssp245,WNA,W.North-America,1.1441000941909798
UKESM1-1,pr_fs_ssp245,CNA,C.North-America,2.0563174995722515
UKESM1-1,pr_fs_ssp245,ENA,E.North-America,3.556578841620178
UKESM1-1,pr_fs_ssp245,NCA,N.Central-America,1.0012535751892842
UKESM1-1,pr_fs_ssp245,SCA,S.Central-America,0.9166889992862317
UKESM1-1,pr_fs_ssp245,CAR,Caribbean,1.3790233980027362
UKESM1-1,pr_fs_ssp245,NWS,N.W.South-America,3.9020274014880534
UKESM1-1,pr_fs_ssp245,NSA,N.South-America,1.6441766331171803
UKESM1-1,pr_fs_ssp245,NES,N.E.South-America,0.7358712510760653
UKESM1-1,pr_fs_ssp245,SAM,South-American-Monsoon,1.806839436558266
UKESM1-1,pr_fs_ssp245,SWS,S.W.South-America,0.8927055183024553
UKESM1-1,pr_fs_ssp245,SES,S.E.South-America,4.002955811845203
UKESM1-1,pr_fs_ssp245,SSA,S.South-America,2.6969475829316223
UKESM1-1,pr_fs_ssp245,NEU,N.Europe,2.6563247387246935
UKESM1-1,pr_fs_ssp245,WCE,West&Central-Europe,1.4041062521498167
UKESM1-1,pr_fs_ssp245,EEU,E.Europe,1.6625060837244348
UKESM1-1,pr_fs_ssp245,MED,Mediterranean,0.29153230552060483
UKESM1-1,pr_fs_ssp245,SAH,Sahara,0.09600801711856155
UKESM1-1,pr_fs_ssp245,WAF,Western-Africa,0.37536393079210234
UKESM1-1,pr_fs_ssp245,CAF,Central-Africa,1.2319690180012772
UKESM1-1,pr_fs_ssp245,NEAF,N.Eastern-Africa,0.4222124807225058
UKESM1-1,pr_fs_ssp245,SEAF,S.Eastern-Africa,0.6561296051518107
UKESM1-1,pr_fs_ssp245,WSAF,W.Southern-Africa,0.4201414530068047
UKESM1-1,pr_fs_ssp245,ESAF,E.Southern-Africa,0.8383880865347998
UKESM1-1,pr_fs_ssp245,MDG,Madagascar,0.918757824293697
UKESM1-1,pr_fs_ssp245,RAR,Russian-Arctic,2.3462781529534604
UKESM1-1,pr_fs_ssp245,WSB,W.Siberia,1.615416912747211
UKESM1-1,pr_fs_ssp245,ESB,E.Siberia,3.0240383564825115
UKESM1-1,pr_fs_ssp245,RFE,Russian-Far-East,3.8140189307384738
UKESM1-1,pr_fs_ssp245,WCA,W.C.Asia,0.2522275599565598
UKESM1-1,pr_fs_ssp245,ECA,E.C.Asia,0.8470523302641046
UKESM1-1,pr_fs_ssp245,TIB,Tibetan-Plateau,1.053173908333743
UKESM1-1,pr_fs_ssp245,EAS,E.Asia,3.811328054621038
UKESM1-1,pr_fs_ssp245,ARP,Arabian-Peninsula,0.06948842352770858
UKESM1-1,pr_fs_ssp245,SAS,S.Asia,0.6740949216611901
UKESM1-1,pr_fs_ssp245,SEA,S.E.Asia,2.7372043364816725
UKESM1-1,pr_fs_ssp245,NAU,N.Australia,0.25300254962489727
UKESM1-1,pr_fs_ssp245,CAU,C.Australia,0.77379627153053
UKESM1-1,pr_fs_ssp245,EAU,E.Australia,1.3141481416451928
UKESM1-1,pr_fs_ssp245,SAU,S.Australia,1.077634503702413
UKESM1-1,pr_fs_ssp245,NZ,New-Zealand,3.547177332613944
UKESM1-1,pr_fs_ssp245,EAN,E.Antarctica,
UKESM1-1,pr_fs_ssp245,WAN,W.Antarctica,
UKESM1-1,vpd_days_p95_ssp245,GIC,Greenland/Iceland,
UKESM1-1,vpd_days_p95_ssp245,NWN,N.W.North-America,42.08999692915898
UKESM1-1,vpd_days_p95_ssp245,NEN,N.E.North-America,41.03887029262197
UKESM1-1,vpd_days_p95_ssp245,WNA,W.North-America,32.51443372262759
UKESM1-1,vpd_days_p95_ssp245,CNA,C.North-America,30.011922636366094
UKESM1-1,vpd_days_p95_ssp245,ENA,E.North-America,34.122571980282686
UKESM1-1,vpd_days_p95_ssp245,NCA,N.Central-America,33.11922473861043
UKESM1-1,vpd_days_p95_ssp245,SCA,S.Central-America,52.138120518720704
UKESM1-1,vpd_days_p95_ssp245,CAR,Caribbean,43.582441391809276
UKESM1-1,vpd_days_p95_ssp245,NWS,N.W.South-America,50.097225819995444
UKESM1-1,vpd_days_p95_ssp245,NSA,N.South-America,56.43701984773495
UKESM1-1,vpd_days_p95_ssp245,NES,N.E.South-America,40.28726635519087
UKESM1-1,vpd_days_p95_ssp245,SAM,South-American-Monsoon,48.88758755214635
UKESM1-1,vpd_days_p95_ssp245,SWS,S.W.South-America,39.205474231679645
UKESM1-1,vpd_days_p95_ssp245,SES,S.E.South-America,30.44200148966701
UKESM1-1,vpd_days_p95_ssp245,SSA,S.South-America,27.98279049176958
UKESM1-1,vpd_days_p95_ssp245,NEU,N.Europe,38.16069182737993
UKESM1-1,vpd_days_p95_ssp245,WCE,West&Central-Europe,34.96758355972568
UKESM1-1,vpd_days_p95_ssp245,EEU,E.Europe,35.1692273434164
UKESM1-1,vpd_days_p95_ssp245,MED,Mediterranean,38.446755363039
UKESM1-1,vpd_days_p95_ssp245,SAH,Sahara,47.862154937833836
UKESM1-1,vpd_days_p95_ssp245,WAF,Western-Africa,47.39877914297873
UKESM1-1,vpd_days_p95_ssp245,CAF,Central-Africa,54.20604791014795
UKESM1-1,vpd_days_p95_ssp245,NEAF,N.Eastern-Africa,49.224850131510806
UKESM1-1,vpd_days_p95_ssp245,SEAF,S.Eastern-Africa,48.7886742123256
UKESM1-1,vpd_days_p95_ssp245,WSAF,W.Southern-Africa,43.07794566699661
UKESM1-1,vpd_days_p95_ssp245,ESAF,E.Southern-Africa,35.870135290908266
UKESM1-1,vpd_days_p95_ssp245,MDG,Madagascar,35.41526594134342
UKESM1-1,vpd_days_p95_ssp245,RAR,Russian-Arctic,43.26880594338922
UKESM1-1,vpd_days_p95_ssp245,WSB,W.Siberia,37.23056099879279
UKESM1-1,vpd_days_p95_ssp245,ESB,E.Siberia,33.77646393338928
UKESM1-1,vpd_days_p95_ssp245,RFE,Russian-Far-East,35.87347284744072
UKESM1-1,vpd_days_p95_ssp245,WCA,W.C.Asia,37.96207967856938
UKESM1-1,vpd_days_p95_ssp245,ECA,E.C.Asia,32.7340824869715
UKESM1-1,vpd_days_p95_ssp245,TIB,Tibetan-Plateau,34.653407444724124
UKESM1-1,vpd_days_p95_ssp245,EAS,E.Asia,41.28520939951933
UKESM1-1,vpd_days_p95_ssp245,ARP,Arabian-Peninsula,49.54747405481393
UKESM1-1,vpd_days_p95_ssp245,SAS,S.Asia,39.6743084607979
UKESM1-1,vpd_days_p95_ssp245,SEA,S.E.Asia,47.5659014344925
UKESM1-1,vpd_days_p95_ssp245,NAU,N.Australia,37.47325565517212
UKESM1-1,vpd_days_p95_ssp245,CAU,C.Australia,37.744138042634624
UKESM1-1,vpd_days_p95_ssp245,EAU,E.Australia,39.42173025768021
UKESM1-1,vpd_days_p95_ssp245,SAU,S.Australia,28.538089185610744
UKESM1-1,vpd_days_p95_ssp245,NZ,New-Zealand,39.71874865550101
UKESM1-1,vpd_days_p95_ssp245,EAN,E.Antarctica,
UKESM1-1,vpd_days_p95_ssp245,WAN,W.Antarctica,
UKESM1-1,vpd_fs_G6-1.5K-SAI,GIC,Greenland/Iceland,
UKESM1-1,vpd_fs_G6-1.5K-SAI,NWN,N.W.North-America,0.47362133351267455
UKESM1-1,vpd_fs_G6-1.5K-SAI,NEN,N.E.North-America,0.4845429083663955
UKESM1-1,vpd_fs_G6-1.5K-SAI,WNA,W.North-America,1.3493727274739549
UKESM1-1,vpd_fs_G6-1.5K-SAI,CNA,C.North-America,1.8581218725932311
UKESM1-1,vpd_fs_G6-1.5K-SAI,ENA,E.North-America,1.0622950782190337
UKESM1-1,vpd_fs_G6-1.5K-SAI,NCA,N.Central-America,1.6824762376172206
UKESM1-1,vpd_fs_G6-1.5K-SAI,SCA,S.Central-America,1.3386160770797049
UKESM1-1,vpd_fs_G6-1.5K-SAI,CAR,Caribbean,1.0647558494696083
UKESM1-1,vpd_fs_G6-1.5K-SAI,NWS,N.W.South-America,0.8889745658211025
UKESM1-1,vpd_fs_G6-1.5K-SAI,NSA,N.South-America,2.0536522600189633
UKESM1-1,vpd_fs_G6-1.5K-SAI,NES,N.E.South-America,1.938459105348656
UKESM1-1,vpd_fs_G6-1.5K-SAI,SAM,South-American-Monsoon,1.574354037443965
UKESM1-1,vpd_fs_G6-1.5K-SAI,SWS,S.W.South-America,0.8799959434816087
UKESM1-1,vpd_fs_G6-1.5K-SAI,SES,S.E.South-America,1.2558939856657485
UKESM1-1,vpd_fs_G6-1.5K-SAI,SSA,S.South-America,0.6831927161086535
UKESM1-1,vpd_fs_G6-1.5K-SAI,NEU,N.Europe,0.49546980832643006
UKESM1-1,vpd_fs_G6-1.5K-SAI,WCE,West&Central-Europe,1.1235521807027484
UKESM1-1,vpd_fs_G6-1.5K-SAI,EEU,E.Europe,1.373896867428337
UKESM1-1,vpd_fs_G6-1.5K-SAI,MED,Mediterranean,2.007492638456402
UKESM1-1,vpd_fs_G6-1.5K-SAI,SAH,Sahara,3.991012032854026
UKESM1-1,vpd_fs_G6-1.5K-SAI,WAF,Western-Africa,2.833302693537611
UKESM1-1,vpd_fs_G6-1.5K-SAI,CAF,Central-Africa,2.147046716649954
UKESM1-1,vpd_fs_G6-1.5K-SAI,NEAF,N.Eastern-Africa,2.7296822957367057
UKESM1-1,vpd_fs_G6-1.5K-SAI,SEAF,S.Eastern-Africa,1.527614880618445
UKESM1-1,vpd_fs_G6-1.5K-SAI,WSAF,W.Southern-Africa,1.839214839654341
UKESM1-1,vpd_fs_G6-1.5K-SAI,ESAF,E.Southern-Africa,1.5320687764593197
UKESM1-1,vpd_fs_G6-1.5K-SAI,MDG,Madagascar,1.0038960209817012
UKESM1-1,vpd_fs_G6-1.5K-SAI,RAR,Russian-Arctic,0.34180337271955774
UKESM1-1,vpd_fs_G6-1.5K-SAI,WSB,W.Siberia,1.343900527733292
UKESM1-1,vpd_fs_G6-1.5K-SAI,ESB,E.Siberia,0.7500319910680336
UKESM1-1,vpd_fs_G6-1.5K-SAI,RFE,Russian-Far-East,0.42116710731808965
UKESM1-1,vpd_fs_G6-1.5K-SAI,WCA,W.C.Asia,3.0015375477802833
UKESM1-1,vpd_fs_G6-1.5K-SAI,ECA,E.C.Asia,1.8607431871451021
UKESM1-1,vpd_fs_G6-1.5K-SAI,TIB,Tibetan-Plateau,0.46416992139456914
UKESM1-1,vpd_fs_G6-1.5K-SAI,EAS,E.Asia,0.9302657310921388
UKESM1-1,vpd_fs_G6-1.5K-SAI,ARP,Arabian-Peninsula,4.4137236962135304
UKESM1-1,vpd_fs_G6-1.5K-SAI,SAS,S.Asia,3.105490026810664
UKESM1-1,vpd_fs_G6-1.5K-SAI,SEA,S.E.Asia,1.2072782354291454
UKESM1-1,vpd_fs_G6-1.5K-SAI,NAU,N.Australia,2.0170889734248094
UKESM1-1,vpd_fs_G6-1.5K-SAI,CAU,C.Australia,2.856894180803878
UKESM1-1,vpd_fs_G6-1.5K-SAI,EAU,E.Australia,1.2733527253012467
UKESM1-1,vpd_fs_G6-1.5K-SAI,SAU,S.Australia,1.6318285356834346
UKESM1-1,vpd_fs_G6-1.5K-SAI,NZ,New-Zealand,0.4258180910330133
UKESM1-1,vpd_fs_G6-1.5K-SAI,EAN,E.Antarctica,
UKESM1-1,vpd_fs_G6-1.5K-SAI,WAN,W.Antarctica,
UKESM1-1,pr_fs_G6-1.5K-SAI,GIC,Greenland/Iceland,
UKESM1-1,pr_fs_G6-1.5K-SAI,NWN,N.W.North-America,2.5062621888210197
UKESM1-1,pr_fs_G6-1.5K-SAI,NEN,N.E.North-America,2.6043825723177343
UKESM1-1,pr_fs_G6-1.5K-SAI,WNA,W.North-America,1.0997294091192693
UKESM1-1,pr_fs_G6-1.5K-SAI,CNA,C.North-America,2.2040493489028474
UKESM1-1,pr_fs_G6-1.5K-SAI,ENA,E.North-America,3.3871384951783097
UKESM1-1,pr_fs_G6-1.5K-SAI,NCA,N.Central-America,1.041573337932378
UKESM1-1,pr_fs_G6-1.5K-SAI,SCA,S.Central-America,1.1951463720900273
UKESM1-1,pr_fs_G6-1.5K-SAI,CAR,Caribbean,1.3398281903004379
UKESM1-1,pr_fs_G6-1.5K-SAI,NWS,N.W.South-America,3.9846084846366003
UKESM1-1,pr_fs_G6-1.5K-SAI,NSA,N.South-America,2.0153190397479217
UKESM1-1,pr_fs_G6-1.5K-SAI,NES,N.E.South-America,0.9573071559440882
UKESM1-1,pr_fs_G6-1.5K-SAI,SAM,South-American-Monsoon,2.1756798890187166
UKESM1-1,pr_fs_G6-1.5K-SAI,SWS,S.W.South-America,1.0971983244609649
UKESM1-1,pr_fs_G6-1.5K-SAI,SES,S.E.South-America,3.7583117361751657
UKESM1-1,pr_fs_G6-1.5K-SAI,SSA,S.South-America,2.6941051746071816
UKESM1-1,pr_fs_G6-1.5K-SAI,NEU,N.Europe,2.4313139398501
UKESM1-1,pr_fs_G6-1.5K-SAI,WCE,West&Central-Europe,1.709494617550892
UKESM1-1,pr_fs_G6-1.5K-SAI,EEU,E.Europe,1.6299643963062331
UKESM1-1,pr_fs_G6-1.5K-SAI,MED,Mediterranean,0.4112246035218057
UKESM1-1,pr_fs_G6-1.5K-SAI,SAH,Sahara,0.09875219083990965
UKESM1-1,pr_fs_G6-1.5K-SAI,WAF,Western-Africa,0.39378295617831066
UKESM1-1,pr_fs_G6-1.5K-SAI,CAF,Central-Africa,1.249071137073585
UKESM1-1,pr_fs_G6-1.5K-SAI,NEAF,N.Eastern-Africa,0.3816934197034372
UKESM1-1,pr_fs_G6-1.5K-SAI,SEAF,S.Eastern-Africa,0.6273204937328005
UKESM1-1,pr_fs_G6-1.5K-SAI,WSAF,W.Southern-Africa,0.4314838130492881
UKESM1-1,pr_fs_G6-1.5K-SAI,ESAF,E.Southern-Africa,0.9236500979859354
UKESM1-1,pr_fs_G6-1.5K-SAI,MDG,Madagascar,1.0342868147577646
UKESM1-1,pr_fs_G6-1.5K-SAI,RAR,Russian-Arctic,2.2250863949517914
UKESM1-1,pr_fs_G6-1.5K-SAI,WSB,W.Siberia,1.6563617609804273
UKESM1-1,pr_fs_G6-1.5K-SAI,ESB,E.Siberia,2.8117621417694565
UKESM1-1,pr_fs_G6-1.5K-SAI,RFE,Russian-Far-East,3.4173178659462202
UKESM1-1,pr_fs_G6-1.5K-SAI,WCA,W.C.Asia,0.2757701186041073
UKESM1-1,pr_fs_G6-1.5K-SAI,ECA,E.C.Asia,0.775411114715899
UKESM1-1,pr_fs_G6-1.5K-SAI,TIB,Tibetan-Plateau,0.975118016701021
UKESM1-1,pr_fs_G6-1.5K-SAI,EAS,E.Asia,3.582632182751994
UKESM1-1,pr_fs_G6-1.5K-SAI,ARP,Arabian-Peninsula,0.07639623448132858
UKESM1-1,pr_fs_G6-1.5K-SAI,SAS,S.Asia,0.6346261188561778
UKESM1-1,pr_fs_G6-1.5K-SAI,SEA,S.E.Asia,2.9589974822161147
UKESM1-1,pr_fs_G6-1.5K-SAI,NAU,N.Australia,0.36250047589598516
UKESM1-1,pr_fs_G6-1.5K-SAI,CAU,C.Australia,0.9193635956010396
UKESM1-1,pr_fs_G6-1.5K-SAI,EAU,E.Australia,1.7098578960556057
UKESM1-1,pr_fs_G6-1.5K-SAI,SAU,S.Australia,1.1525548787918574
UKESM1-1,pr_fs_G6-1.5K-SAI,NZ,New-Zealand,3.3690075209188763
UKESM1-1,pr_fs_G6-1.5K-SAI,EAN,E.Antarctica,
UKESM1-1,pr_fs_G6-1.5K-SAI,WAN,W.Antarctica,
UKESM1-1,vpd_days_p95_G6-1.5K-SAI,GIC,Greenland/Iceland,
UKESM1-1,vpd_days_p95_G6-1.5K-SAI,NWN,N.W.North-America,19.5721624179029
UKESM1-1,vpd_days_p95_G6-1.5K-SAI,NEN,N.E.North-America,18.477753330305973
UKESM1-1,vpd_days_p95_G6-1.5K-SAI,WNA,W.North-America,9.884340955679807
UKESM1-1,vpd_days_p95_G6-1.5K-SAI,CNA,C.North-America,7.158468922163145
UKESM1-1,vpd_days_p95_G6-1.5K-SAI,ENA,E.North-America,15.220969793649054
UKESM1-1,vpd_days_p95_G6-1.5K-SAI,NCA,N.Central-America,11.155000658960018
UKESM1-1,vpd_days_p95_G6-1.5K-SAI,SCA,S.Central-America,11.494733594183211
UKESM1-1,vpd_days_p95_G6-1.5K-SAI,CAR,Caribbean,10.299468850931207
UKESM1-1,vpd_days_p95_G6-1.5K-SAI,NWS,N.W.South-America,22.43540062177786
UKESM1-1,vpd_days_p95_G6-1.5K-SAI,NSA,N.South-America,11.004016804349396
UKESM1-1,vpd_days_p95_G6-1.5K-SAI,NES,N.E.South-America,6.519182348663367
UKESM1-1,vpd_days_p95_G6-1.5K-SAI,SAM,South-American-Monsoon,12.542544271078436
UKESM1-1,vpd_days_p95_G6-1.5K-SAI,SWS,S.W.South-America,11.564481768729271
UKESM1-1,vpd_days_p95_G6-1.5K-SAI,SES,S.E.South-America,14.886383857444017
UKESM1-1,vpd_days_p95_G6-1.5K-SAI,SSA,S.South-America,14.984123974516258
UKESM1-1,vpd_days_p95_G6-1.5K-SAI,NEU,N.Europe,21.766723813833288
UKESM1-1,vpd_days_p95_G6-1.5K-SAI,WCE,West&Central-Europe,10.404270492637389
UKESM1-1,vpd_days_p95_G6-1.5K-SAI,EEU,E.Europe,12.106586557281489
UKESM1-1,vpd_days_p95_G6-1.5K-SAI,MED,Mediterranean,8.18564925262432
UKESM1-1,vpd_days_p95_G6-1.5K-SAI,SAH,Sahara,9.15836937777407
UKESM1-1,vpd_days_p95_G6-1.5K-SAI,WAF,Western-Africa,17.049776278319246
UKESM1-1,vpd_days_p95_G6-1.5K-SAI,CAF,Central-Africa,21.508523426071992
UKESM1-1,vpd_days_p95_G6-1.5K-SAI,NEAF,N.Eastern-Africa,14.672570962434317
UKESM1-1,vpd_days_p95_G6-1.5K-SAI,SEAF,S.Eastern-Africa,18.804071262634256
UKESM1-1,vpd_days_p95_G6-1.5K-SAI,WSAF,W.Southern-Africa,11.396793295264192
UKESM1-1,vpd_days_p95_G6-1.5K-SAI,ESAF,E.Southern-Africa,10.939057772060778
UKESM1-1,vpd_days_p95_G6-1.5K-SAI,MDG,Madagascar,12.357957415053
UKESM1-1,vpd_days_p95_G6-1.5K-SAI,RAR,Russian-Arctic,20.96138663274024
UKESM1-1,vpd_days_p95_G6-1.5K-SAI,WSB,W.Siberia,10.695535929594428
UKESM1-1,vpd_days_p95_G6-1.5K-SAI,ESB,E.Siberia,15.370390088360386
UKESM1-1,vpd_days_p95_G6-1.5K-SAI,RFE,Russian-Far-East,19.88982626231061
UKESM1-1,vpd_days_p95_G6-1.5K-SAI,WCA,W.C.Asia,8.330553811898957
UKESM1-1,vpd_days_p95_G6-1.5K-SAI,ECA,E.C.Asia,7.973307972622209
UKESM1-1,vpd_days_p95_G6-1.5K-SAI,TIB,Tibetan-Plateau,16.140609451737937
UKESM1-1,vpd_days_p95_G6-1.5K-SAI,EAS,E.Asia,20.197277272125753
UKESM1-1,vpd_days_p95_G6-1.5K-SAI,ARP,Arabian-Peninsula,8.975029454925764
UKESM1-1,vpd_days_p95_G6-1.5K-SAI,SAS,S.Asia,15.218398580095519
UKESM1-1,vpd_days_p95_G6-1.5K-SAI,SEA,S.E.Asia,16.764370773960174
UKESM1-1,vpd_days_p95_G6-1.5K-SAI,NAU,N.Australia,11.857730096384282
UKESM1-1,vpd_days_p95_G6-1.5K-SAI,CAU,C.Australia,9.612384141644805
UKESM1-1,vpd_days_p95_G6-1.5K-SAI,EAU,E.Australia,10.514111857454768
UKESM1-1,vpd_days_p95_G6-1.5K-SAI,SAU,S.Australia,10.16827466915261
UKESM1-1,vpd_days_p95_G6-1.5K-SAI,NZ,New-Zealand,29.094500410464388
UKESM1-1,vpd_days_p95_G6-1.5K-SAI,EAN,E.Antarctica,
UKESM1-1,vpd_days_p95_G6-1.5K-SAI,WAN,W.Antarctica,
UKESM1-1,vpd_fs_G6-1.5K-HiLLA,GIC,Greenland/Iceland,
UKESM1-1,vpd_fs_G6-1.5K-HiLLA,NWN,N.W.North-America,0.4362555171030633
UKESM1-1,vpd_fs_G6-1.5K-HiLLA,NEN,N.E.North-America,0.46390876670746994
UKESM1-1,vpd_fs_G6-1.5K-HiLLA,WNA,W.North-America,1.413283101454125
UKESM1-1,vpd_fs_G6-1.5K-HiLLA,CNA,C.North-America,1.9883066604397615
UKESM1-1,vpd_fs_G6-1.5K-HiLLA,ENA,E.North-America,1.1127069139665393
UKESM1-1,vpd_fs_G6-1.5K-HiLLA,NCA,N.Central-America,1.8079832992501899
UKESM1-1,vpd_fs_G6-1.5K-HiLLA,SCA,S.Central-America,1.388181576918652
UKESM1-1,vpd_fs_G6-1.5K-HiLLA,CAR,Caribbean,1.0870870794008853
UKESM1-1,vpd_fs_G6-1.5K-HiLLA,NWS,N.W.South-America,0.9148224767637334
UKESM1-1,vpd_fs_G6-1.5K-HiLLA,NSA,N.South-America,2.1266503449160323
UKESM1-1,vpd_fs_G6-1.5K-HiLLA,NES,N.E.South-America,2.0435163796450655
UKESM1-1,vpd_fs_G6-1.5K-HiLLA,SAM,South-American-Monsoon,1.632003177548972
UKESM1-1,vpd_fs_G6-1.5K-HiLLA,SWS,S.W.South-America,0.9107751380605866
UKESM1-1,vpd_fs_G6-1.5K-HiLLA,SES,S.E.South-America,1.287058372110315
UKESM1-1,vpd_fs_G6-1.5K-HiLLA,SSA,S.South-America,0.694050038659879
UKESM1-1,vpd_fs_G6-1.5K-HiLLA,NEU,N.Europe,0.464167349120028
UKESM1-1,vpd_fs_G6-1.5K-HiLLA,WCE,West&Central-Europe,1.0742979839392723
UKESM1-1,vpd_fs_G6-1.5K-HiLLA,EEU,E.Europe,1.3554123997267624
UKESM1-1,vpd_fs_G6-1.5K-HiLLA,MED,Mediterranean,2.0675728109054448
UKESM1-1,vpd_fs_G6-1.5K-HiLLA,SAH,Sahara,4.142568239774407
UKESM1-1,vpd_fs_G6-1.5K-HiLLA,WAF,Western-Africa,2.943890843304323
UKESM1-1,vpd_fs_G6-1.5K-HiLLA,CAF,Central-Africa,2.2392430984586347
UKESM1-1,vpd_fs_G6-1.5K-HiLLA,NEAF,N.Eastern-Africa,2.8354743716186546
UKESM1-1,vpd_fs_G6-1.5K-HiLLA,SEAF,S.Eastern-Africa,1.574317974688736
UKESM1-1,vpd_fs_G6-1.5K-HiLLA,WSAF,W.Southern-Africa,1.9527057769920004
UKESM1-1,vpd_fs_G6-1.5K-HiLLA,ESAF,E.Southern-Africa,1.6583152648065118
UKESM1-1,vpd_fs_G6-1.5K-HiLLA,MDG,Madagascar,1.0480901525184179
UKESM1-1,vpd_fs_G6-1.5K-HiLLA,RAR,Russian-Arctic,0.3190443143302034
UKESM1-1,vpd_fs_G6-1.5K-HiLLA,WSB,W.Siberia,1.3561910532476587
UKESM1-1,vpd_fs_G6-1.5K-HiLLA,ESB,E.Siberia,0.737434575853185
UKESM1-1,vpd_fs_G6-1.5K-HiLLA,RFE,Russian-Far-East,0.4164073496024929
UKESM1-1,vpd_fs_G6-1.5K-HiLLA,WCA,W.C.Asia,3.1272464116940943
UKESM1-1,vpd_fs_G6-1.5K-HiLLA,ECA,E.C.Asia,1.9388316778109318
UKESM1-1,vpd_fs_G6-1.5K-HiLLA,TIB,Tibetan-Plateau,0.51080665297882
UKESM1-1,vpd_fs_G6-1.5K-HiLLA,EAS,E.Asia,0.9753465466365822
UKESM1-1,vpd_fs_G6-1.5K-HiLLA,ARP,Arabian-Peninsula,4.578939314983801
UKESM1-1,vpd_fs_G6-1.5K-HiLLA,SAS,S.Asia,3.2579708136466126
UKESM1-1,vpd_fs_G6-1.5K-HiLLA,SEA,S.E.Asia,1.218376421644481
UKESM1-1,vpd_fs_G6-1.5K-HiLLA,NAU,N.Australia,2.079757939348638
UKESM1-1,vpd_fs_G6-1.5K-HiLLA,CAU,C.Australia,2.93382541293273
UKESM1-1,vpd_fs_G6-1.5K-HiLLA,EAU,E.Australia,1.3172058267002547
UKESM1-1,vpd_fs_G6-1.5K-HiLLA,SAU,S.Australia,1.7051826534543282
UKESM1-1,vpd_fs_G6-1.5K-HiLLA,NZ,New-Zealand,0.4231335466506481
UKESM1-1,vpd_fs_G6-1.5K-HiLLA,EAN,E.Antarctica,
UKESM1-1,vpd_fs_G6-1.5K-HiLLA,WAN,W.Antarctica,
UKESM1-1,pr_fs_G6-1.5K-HiLLA,GIC,Greenland/Iceland,
UKESM1-1,pr_fs_G6-1.5K-HiLLA,NWN,N.W.North-America,2.520631675271636
UKESM1-1,pr_fs_G6-1.5K-HiLLA,NEN,N.E.North-America,2.6460235693145946
UKESM1-1,pr_fs_G6-1.5K-HiLLA,WNA,W.North-America,1.0256579253641387
UKESM1-1,pr_fs_G6-1.5K-HiLLA,CNA,C.North-America,2.1378764924378175
UKESM1-1,pr_fs_G6-1.5K-HiLLA,ENA,E.North-America,3.258824743575353
UKESM1-1,pr_fs_G6-1.5K-HiLLA,NCA,N.Central-America,1.0089078381986454
UKESM1-1,pr_fs_G6-1.5K-HiLLA,SCA,S.Central-America,1.2548053530958994
UKESM1-1,pr_fs_G6-1.5K-HiLLA,CAR,Caribbean,1.315339516028363
UKESM1-1,pr_fs_G6-1.5K-HiLLA,NWS,N.W.South-America,3.992354494056537
UKESM1-1,pr_fs_G6-1.5K-HiLLA,NSA,N.South-America,2.0158294617532873
UKESM1-1,pr_fs_G6-1.5K-HiLLA,NES,N.E.South-America,1.010940043577794
UKESM1-1,pr_fs_G6-1.5K-HiLLA,SAM,South-American-Monsoon,2.173946680568817
UKESM1-1,pr_fs_G6-1.5K-HiLLA,SWS,S.W.South-America,0.9957945682801711
UKESM1-1,pr_fs_G6-1.5K-HiLLA,SES,S.E.South-America,3.8528183558536906
UKESM1-1,pr_fs_G6-1.5K-HiLLA,SSA,S.South-America,2.6410557709184475
UKESM1-1,pr_fs_G6-1.5K-HiLLA,NEU,N.Europe,2.5414361354689534
UKESM1-1,pr_fs_G6-1.5K-HiLLA,WCE,West&Central-Europe,1.6621421506783518
UKESM1-1,pr_fs_G6-1.5K-HiLLA,EEU,E.Europe,1.600427326270946
UKESM1-1,pr_fs_G6-1.5K-HiLLA,MED,Mediterranean,0.37186356283362043
UKESM1-1,pr_fs_G6-1.5K-HiLLA,SAH,Sahara,0.08874391342673191
UKESM1-1,pr_fs_G6-1.5K-HiLLA,WAF,Western-Africa,0.40921480340988203
UKESM1-1,pr_fs_G6-1.5K-HiLLA,CAF,Central-Africa,1.2271009757033464
UKESM1-1,pr_fs_G6-1.5K-HiLLA,NEAF,N.Eastern-Africa,0.36706695917714505
UKESM1-1,pr_fs_G6-1.5K-HiLLA,SEAF,S.Eastern-Africa,0.6036201546061054
UKESM1-1,pr_fs_G6-1.5K-HiLLA,WSAF,W.Southern-Africa,0.44470195519581285
UKESM1-1,pr_fs_G6-1.5K-HiLLA,ESAF,E.Southern-Africa,0.8544155637132449
UKESM1-1,pr_fs_G6-1.5K-HiLLA,MDG,Madagascar,0.9926306089459326
UKESM1-1,pr_fs_G6-1.5K-HiLLA,RAR,Russian-Arctic,2.2196766289306464
UKESM1-1,pr_fs_G6-1.5K-HiLLA,WSB,W.Siberia,1.5892407582188237
UKESM1-1,pr_fs_G6-1.5K-HiLLA,ESB,E.Siberia,2.6884440412913038
UKESM1-1,pr_fs_G6-1.5K-HiLLA,RFE,Russian-Far-East,3.2506430566308158
UKESM1-1,pr_fs_G6-1.5K-HiLLA,WCA,W.C.Asia,0.22977179437087775
UKESM1-1,pr_fs_G6-1.5K-HiLLA,ECA,E.C.Asia,0.7530598972758571
UKESM1-1,pr_fs_G6-1.5K-HiLLA,TIB,Tibetan-Plateau,0.9955682935708242
UKESM1-1,pr_fs_G6-1.5K-HiLLA,EAS,E.Asia,3.6137320638733703
UKESM1-1,pr_fs_G6-1.5K-HiLLA,ARP,Arabian-Peninsula,0.055125960277134775
UKESM1-1,pr_fs_G6-1.5K-HiLLA,SAS,S.Asia,0.6573141632624508
UKESM1-1,pr_fs_G6-1.5K-HiLLA,SEA,S.E.Asia,3.3672947490042575
UKESM1-1,pr_fs_G6-1.5K-HiLLA,NAU,N.Australia,0.4157640589747029
UKESM1-1,pr_fs_G6-1.5K-HiLLA,CAU,C.Australia,0.8942805215668572
UKESM1-1,pr_fs_G6-1.5K-HiLLA,EAU,E.Australia,1.9347888181533952
UKESM1-1,pr_fs_G6-1.5K-HiLLA,SAU,S.Australia,1.0706378576053044
UKESM1-1,pr_fs_G6-1.5K-HiLLA,NZ,New-Zealand,3.3225553068059854
UKESM1-1,pr_fs_G6-1.5K-HiLLA,EAN,E.Antarctica,
UKESM1-1,pr_fs_G6-1.5K-HiLLA,WAN,W.Antarctica,
UKESM1-1,vpd_days_p95_G6-1.5K-HiLLA,GIC,Greenland/Iceland,
UKESM1-1,vpd_days_p95_G6-1.5K-HiLLA,NWN,N.W.North-America,15.74063087978292
UKESM1-1,vpd_days_p95_G6-1.5K-HiLLA,NEN,N.E.North-America,15.524132735231442
UKESM1-1,vpd_days_p95_G6-1.5K-HiLLA,WNA,W.North-America,15.091272792879417
UKESM1-1,vpd_days_p95_G6-1.5K-HiLLA,CNA,C.North-America,14.55183453101871
UKESM1-1,vpd_days_p95_G6-1.5K-HiLLA,ENA,E.North-America,17.59972209792201
UKESM1-1,vpd_days_p95_G6-1.5K-HiLLA,NCA,N.Central-America,19.86508488536953
UKESM1-1,vpd_days_p95_G6-1.5K-HiLLA,SCA,S.Central-America,18.130624840976424
UKESM1-1,vpd_days_p95_G6-1.5K-HiLLA,CAR,Caribbean,13.943149693333996
UKESM1-1,vpd_days_p95_G6-1.5K-HiLLA,NWS,N.W.South-America,26.365749527214405
UKESM1-1,vpd_days_p95_G6-1.5K-HiLLA,NSA,N.South-America,18.480349918524556
UKESM1-1,vpd_days_p95_G6-1.5K-HiLLA,NES,N.E.South-America,15.922929776604944
UKESM1-1,vpd_days_p95_G6-1.5K-HiLLA,SAM,South-American-Monsoon,18.398264722392046
UKESM1-1,vpd_days_p95_G6-1.5K-HiLLA,SWS,S.W.South-America,16.831234703909292
UKESM1-1,vpd_days_p95_G6-1.5K-HiLLA,SES,S.E.South-America,18.00836196661718
UKESM1-1,vpd_days_p95_G6-1.5K-HiLLA,SSA,S.South-America,15.265377633292578
UKESM1-1,vpd_days_p95_G6-1.5K-HiLLA,NEU,N.Europe,16.59451904610019
UKESM1-1,vpd_days_p95_G6-1.5K-HiLLA,WCE,West&Central-Europe,11.347012757341306
UKESM1-1,vpd_days_p95_G6-1.5K-HiLLA,EEU,E.Europe,14.487206539250353
UKESM1-1,vpd_days_p95_G6-1.5K-HiLLA,MED,Mediterranean,14.299099160922301
UKESM1-1,vpd_days_p95_G6-1.5K-HiLLA,SAH,Sahara,17.91830104705065
UKESM1-1,vpd_days_p95_G6-1.5K-HiLLA,WAF,Western-Africa,22.845500962052288
UKESM1-1,vpd_days_p95_G6-1.5K-HiLLA,CAF,Central-Africa,29.946446117395478
UKESM1-1,vpd_days_p95_G6-1.5K-HiLLA,NEAF,N.Eastern-Africa,22.788410843091587
UKESM1-1,vpd_days_p95_G6-1.5K-HiLLA,SEAF,S.Eastern-Africa,25.696448715001722
UKESM1-1,vpd_days_p95_G6-1.5K-HiLLA,WSAF,W.Southern-Africa,20.77877837010406
UKESM1-1,vpd_days_p95_G6-1.5K-HiLLA,ESAF,E.Southern-Africa,21.46744246247039
UKESM1-1,vpd_days_p95_G6-1.5K-HiLLA,MDG,Madagascar,19.866154416471076
UKESM1-1,vpd_days_p95_G6-1.5K-HiLLA,RAR,Russian-Arctic,16.880550679951934
UKESM1-1,vpd_days_p95_G6-1.5K-HiLLA,WSB,W.Siberia,13.809120713836347
UKESM1-1,vpd_days_p95_G6-1.5K-HiLLA,ESB,E.Siberia,15.529071128796126
UKESM1-1,vpd_days_p95_G6-1.5K-HiLLA,RFE,Russian-Far-East,19.12192242180639
UKESM1-1,vpd_days_p95_G6-1.5K-HiLLA,WCA,W.C.Asia,15.904609634791727
UKESM1-1,vpd_days_p95_G6-1.5K-HiLLA,ECA,E.C.Asia,14.230912233604892
UKESM1-1,vpd_days_p95_G6-1.5K-HiLLA,TIB,Tibetan-Plateau,25.133400337317315
UKESM1-1,vpd_days_p95_G6-1.5K-HiLLA,EAS,E.Asia,24.943570643524346
UKESM1-1,vpd_days_p95_G6-1.5K-HiLLA,ARP,Arabian-Peninsula,18.148611651806537
UKESM1-1,vpd_days_p95_G6-1.5K-HiLLA,SAS,S.Asia,23.841750969295763
UKESM1-1,vpd_days_p95_G6-1.5K-HiLLA,SEA,S.E.Asia,21.284075677635055
UKESM1-1,vpd_days_p95_G6-1.5K-HiLLA,NAU,N.Australia,17.30283585391646
UKESM1-1,vpd_days_p95_G6-1.5K-HiLLA,CAU,C.Australia,16.986079670780725
UKESM1-1,vpd_days_p95_G6-1.5K-HiLLA,EAU,E.Australia,16.164130494018593
UKESM1-1,vpd_days_p95_G6-1.5K-HiLLA,SAU,S.Australia,18.675853537017595
UKESM1-1,vpd_days_p95_G6-1.5K-HiLLA,NZ,New-Zealand,22.366862498276554
UKESM1-1,vpd_days_p95_G6-1.5K-HiLLA,EAN,E.Antarctica,
UKESM1-1,vpd_days_p95_G6-1.5K-HiLLA,WAN,W.Antarctica,
UKESM1-1,d_vpd_fs_ssp245_minus_target,GIC,Greenland/Iceland,
UKESM1-1,d_vpd_fs_ssp245_minus_target,NWN,N.W.North-America,0.19404370905135018
UKESM1-1,d_vpd_fs_ssp245_minus_target,NEN,N.E.North-America,0.19949145903480014
UKESM1-1,d_vpd_fs_ssp245_minus_target,WNA,W.North-America,0.2283472037223921
UKESM1-1,d_vpd_fs_ssp245_minus_target,CNA,C.North-America,0.3475699656976818
UKESM1-1,d_vpd_fs_ssp245_minus_target,ENA,E.North-America,0.2306323062130599
UKESM1-1,d_vpd_fs_ssp245_minus_target,NCA,N.Central-America,0.20086006274401827
UKESM1-1,d_vpd_fs_ssp245_minus_target,SCA,S.Central-America,0.2637230981408444
UKESM1-1,d_vpd_fs_ssp245_minus_target,CAR,Caribbean,0.08071027820152085
UKESM1-1,d_vpd_fs_ssp245_minus_target,NWS,N.W.South-America,0.2715369537963827
UKESM1-1,d_vpd_fs_ssp245_minus_target,NSA,N.South-America,0.5443081523742097
UKESM1-1,d_vpd_fs_ssp245_minus_target,NES,N.E.South-America,0.3494197811071623
UKESM1-1,d_vpd_fs_ssp245_minus_target,SAM,South-American-Monsoon,0.4609955857573877
UKESM1-1,d_vpd_fs_ssp245_minus_target,SWS,S.W.South-America,0.13260084118329307
UKESM1-1,d_vpd_fs_ssp245_minus_target,SES,S.E.South-America,0.1683853633076617
UKESM1-1,d_vpd_fs_ssp245_minus_target,SSA,S.South-America,0.06948535307550312
UKESM1-1,d_vpd_fs_ssp245_minus_target,NEU,N.Europe,0.12244165707997104
UKESM1-1,d_vpd_fs_ssp245_minus_target,WCE,West&Central-Europe,0.31476531528261525
UKESM1-1,d_vpd_fs_ssp245_minus_target,EEU,E.Europe,0.33560782928089283
UKESM1-1,d_vpd_fs_ssp245_minus_target,MED,Mediterranean,0.366958283644259
UKESM1-1,d_vpd_fs_ssp245_minus_target,SAH,Sahara,0.4643251810756365
UKESM1-1,d_vpd_fs_ssp245_minus_target,WAF,Western-Africa,0.3639580542664264
UKESM1-1,d_vpd_fs_ssp245_minus_target,CAF,Central-Africa,0.40552774331273583
UKESM1-1,d_vpd_fs_ssp245_minus_target,NEAF,N.Eastern-Africa,0.31767401176351695
UKESM1-1,d_vpd_fs_ssp245_minus_target,SEAF,S.Eastern-Africa,0.2500972158102041
UKESM1-1,d_vpd_fs_ssp245_minus_target,WSAF,W.Southern-Africa,0.3179561622779318
UKESM1-1,d_vpd_fs_ssp245_minus_target,ESAF,E.Southern-Africa,0.23646935982940254
UKESM1-1,d_vpd_fs_ssp245_minus_target,MDG,Madagascar,0.11989450273861114
UKESM1-1,d_vpd_fs_ssp245_minus_target,RAR,Russian-Arctic,0.19480563483816862
UKESM1-1,d_vpd_fs_ssp245_minus_target,WSB,W.Siberia,0.36394116766427115
UKESM1-1,d_vpd_fs_ssp245_minus_target,ESB,E.Siberia,0.20780696354566108
UKESM1-1,d_vpd_fs_ssp245_minus_target,RFE,Russian-Far-East,0.14142891626144893
UKESM1-1,d_vpd_fs_ssp245_minus_target,WCA,W.C.Asia,0.40186426788773766
UKESM1-1,d_vpd_fs_ssp245_minus_target,ECA,E.C.Asia,0.2630839582903053
UKESM1-1,d_vpd_fs_ssp245_minus_target,TIB,Tibetan-Plateau,0.08877403015096397
UKESM1-1,d_vpd_fs_ssp245_minus_target,EAS,E.Asia,0.2339568582119606
UKESM1-1,d_vpd_fs_ssp245_minus_target,ARP,Arabian-Peninsula,0.515095917232235
UKESM1-1,d_vpd_fs_ssp245_minus_target,SAS,S.Asia,0.4198314977127948
UKESM1-1,d_vpd_fs_ssp245_minus_target,SEA,S.E.Asia,0.28535966730369616
UKESM1-1,d_vpd_fs_ssp245_minus_target,NAU,N.Australia,0.23639365163103784
UKESM1-1,d_vpd_fs_ssp245_minus_target,CAU,C.Australia,0.42453421322682056
UKESM1-1,d_vpd_fs_ssp245_minus_target,EAU,E.Australia,0.2520592959513565
UKESM1-1,d_vpd_fs_ssp245_minus_target,SAU,S.Australia,0.250908782628347
UKESM1-1,d_vpd_fs_ssp245_minus_target,NZ,New-Zealand,0.0830911201522999
UKESM1-1,d_vpd_fs_ssp245_minus_target,EAN,E.Antarctica,
UKESM1-1,d_vpd_fs_ssp245_minus_target,WAN,W.Antarctica,
UKESM1-1,d_pr_fs_ssp245_minus_target,GIC,Greenland/Iceland,
UKESM1-1,d_pr_fs_ssp245_minus_target,NWN,N.W.North-America,0.0846270688357912
UKESM1-1,d_pr_fs_ssp245_minus_target,NEN,N.E.North-America,0.00510763556633261
UKESM1-1,d_pr_fs_ssp245_minus_target,WNA,W.North-America,0.08840759528219148
UKESM1-1,d_pr_fs_ssp245_minus_target,CNA,C.North-America,-0.09689674957139723
UKESM1-1,d_pr_fs_ssp245_minus_target,ENA,E.North-America,0.226704215362301
UKESM1-1,d_pr_fs_ssp245_minus_target,NCA,N.Central-America,-0.15123722580405038
UKESM1-1,d_pr_fs_ssp245_minus_target,SCA,S.Central-America,-0.346408514621269
UKESM1-1,d_pr_fs_ssp245_minus_target,CAR,Caribbean,0.016823581869792287
UKESM1-1,d_pr_fs_ssp245_minus_target,NWS,N.W.South-America,0.033665108707290975
UKESM1-1,d_pr_fs_ssp245_minus_target,NSA,N.South-America,-0.28119424567282175
UKESM1-1,d_pr_fs_ssp245_minus_target,NES,N.E.South-America,-0.004119318530239582
UKESM1-1,d_pr_fs_ssp245_minus_target,SAM,South-American-Monsoon,-0.04456946874995578
UKESM1-1,d_pr_fs_ssp245_minus_target,SWS,S.W.South-America,-0.02472883234612291
UKESM1-1,d_pr_fs_ssp245_minus_target,SES,S.E.South-America,0.42659606757564944
UKESM1-1,d_pr_fs_ssp245_minus_target,SSA,S.South-America,0.08554293109670996
UKESM1-1,d_pr_fs_ssp245_minus_target,NEU,N.Europe,-0.02880001903958817
UKESM1-1,d_pr_fs_ssp245_minus_target,WCE,West&Central-Europe,-0.2137879365341866
UKESM1-1,d_pr_fs_ssp245_minus_target,EEU,E.Europe,-0.006973722596238128
UKESM1-1,d_pr_fs_ssp245_minus_target,MED,Mediterranean,-0.05671491174875515
UKESM1-1,d_pr_fs_ssp245_minus_target,SAH,Sahara,0.0051572774683125685
UKESM1-1,d_pr_fs_ssp245_minus_target,WAF,Western-Africa,-0.045829282405007415
UKESM1-1,d_pr_fs_ssp245_minus_target,CAF,Central-Africa,-0.029764987329116543
UKESM1-1,d_pr_fs_ssp245_minus_target,NEAF,N.Eastern-Africa,0.026556914091610154
UKESM1-1,d_pr_fs_ssp245_minus_target,SEAF,S.Eastern-Africa,-0.04731050484629864
UKESM1-1,d_pr_fs_ssp245_minus_target,WSAF,W.Southern-Africa,-0.03207155017278055
UKESM1-1,d_pr_fs_ssp245_minus_target,ESAF,E.Southern-Africa,-0.10902337077419565
UKESM1-1,d_pr_fs_ssp245_minus_target,MDG,Madagascar,-0.08848173089786344
UKESM1-1,d_pr_fs_ssp245_minus_target,RAR,Russian-Arctic,0.0037994586319849526
UKESM1-1,d_pr_fs_ssp245_minus_target,WSB,W.Siberia,-0.09710189473624672
UKESM1-1,d_pr_fs_ssp245_minus_target,ESB,E.Siberia,0.12990216757809547
UKESM1-1,d_pr_fs_ssp245_minus_target,RFE,Russian-Far-East,0.22592558091097936
UKESM1-1,d_pr_fs_ssp245_minus_target,WCA,W.C.Asia,0.023963015141108376
UKESM1-1,d_pr_fs_ssp245_minus_target,ECA,E.C.Asia,0.08785885277452067
UKESM1-1,d_pr_fs_ssp245_minus_target,TIB,Tibetan-Plateau,0.018622086681576333
UKESM1-1,d_pr_fs_ssp245_minus_target,EAS,E.Asia,0.049172337814768166
UKESM1-1,d_pr_fs_ssp245_minus_target,ARP,Arabian-Peninsula,0.00314075194559361
UKESM1-1,d_pr_fs_ssp245_minus_target,SAS,S.Asia,0.020545581094233493
UKESM1-1,d_pr_fs_ssp245_minus_target,SEA,S.E.Asia,-0.4730034535967902
UKESM1-1,d_pr_fs_ssp245_minus_target,NAU,N.Australia,-0.03572500582774892
UKESM1-1,d_pr_fs_ssp245_minus_target,CAU,C.Australia,-0.0036246891183449557
UKESM1-1,d_pr_fs_ssp245_minus_target,EAU,E.Australia,-0.24250918863681623
UKESM1-1,d_pr_fs_ssp245_minus_target,SAU,S.Australia,-0.03895826769594448
UKESM1-1,d_pr_fs_ssp245_minus_target,NZ,New-Zealand,-0.1632722393672842
UKESM1-1,d_pr_fs_ssp245_minus_target,EAN,E.Antarctica,
UKESM1-1,d_pr_fs_ssp245_minus_target,WAN,W.Antarctica,
UKESM1-1,dpct_pr_fs_ssp245_minus_target,GIC,Greenland/Iceland,
UKESM1-1,dpct_pr_fs_ssp245_minus_target,NWN,N.W.North-America,3.3139219027105655
UKESM1-1,dpct_pr_fs_ssp245_minus_target,NEN,N.E.North-America,0.4403468109427462
UKESM1-1,dpct_pr_fs_ssp245_minus_target,WNA,W.North-America,20.865318329223314
UKESM1-1,dpct_pr_fs_ssp245_minus_target,CNA,C.North-America,-4.830998909984803
UKESM1-1,dpct_pr_fs_ssp245_minus_target,ENA,E.North-America,6.080287999241979
UKESM1-1,dpct_pr_fs_ssp245_minus_target,NCA,N.Central-America,-7.480358714589503
UKESM1-1,dpct_pr_fs_ssp245_minus_target,SCA,S.Central-America,-30.032084190627735
UKESM1-1,dpct_pr_fs_ssp245_minus_target,CAR,Caribbean,3.829829835165121
UKESM1-1,dpct_pr_fs_ssp245_minus_target,NWS,N.W.South-America,1.3989516501155461
UKESM1-1,dpct_pr_fs_ssp245_minus_target,NSA,N.South-America,-13.405908013919321
UKESM1-1,dpct_pr_fs_ssp245_minus_target,NES,N.E.South-America,-0.9189983433854663
UKESM1-1,dpct_pr_fs_ssp245_minus_target,SAM,South-American-Monsoon,-6.006412081721823
UKESM1-1,dpct_pr_fs_ssp245_minus_target,SWS,S.W.South-America,-3.911659115448825
UKESM1-1,dpct_pr_fs_ssp245_minus_target,SES,S.E.South-America,12.11899922621451
UKESM1-1,dpct_pr_fs_ssp245_minus_target,SSA,S.South-America,7.284502475363968
UKESM1-1,dpct_pr_fs_ssp245_minus_target,NEU,N.Europe,-2.605839440528476
UKESM1-1,dpct_pr_fs_ssp245_minus_target,WCE,West&Central-Europe,-12.66517411501922
UKESM1-1,dpct_pr_fs_ssp245_minus_target,EEU,E.Europe,4.612071366312052
UKESM1-1,dpct_pr_fs_ssp245_minus_target,MED,Mediterranean,-13.440459147631188
UKESM1-1,dpct_pr_fs_ssp245_minus_target,SAH,Sahara,5.379385677426505
UKESM1-1,dpct_pr_fs_ssp245_minus_target,WAF,Western-Africa,-9.251783482303951
UKESM1-1,dpct_pr_fs_ssp245_minus_target,CAF,Central-Africa,-5.862729923795907
UKESM1-1,dpct_pr_fs_ssp245_minus_target,NEAF,N.Eastern-Africa,15.013442791064715
UKESM1-1,dpct_pr_fs_ssp245_minus_target,SEAF,S.Eastern-Africa,-13.25562069240801
UKESM1-1,dpct_pr_fs_ssp245_minus_target,WSAF,W.Southern-Africa,-11.829578412367928
UKESM1-1,dpct_pr_fs_ssp245_minus_target,ESAF,E.Southern-Africa,-18.38860536784004
UKESM1-1,dpct_pr_fs_ssp245_minus_target,MDG,Madagascar,-12.974467531658853
UKESM1-1,dpct_pr_fs_ssp245_minus_target,RAR,Russian-Arctic,-0.3784467585801206
UKESM1-1,dpct_pr_fs_ssp245_minus_target,WSB,W.Siberia,-0.6308109102702997
UKESM1-1,dpct_pr_fs_ssp245_minus_target,ESB,E.Siberia,4.405582993761431
UKESM1-1,dpct_pr_fs_ssp245_minus_target,RFE,Russian-Far-East,6.256393055804622
UKESM1-1,dpct_pr_fs_ssp245_minus_target,WCA,W.C.Asia,24.744445166902402
UKESM1-1,dpct_pr_fs_ssp245_minus_target,ECA,E.C.Asia,11.906660822788899
UKESM1-1,dpct_pr_fs_ssp245_minus_target,TIB,Tibetan-Plateau,8.343588418413773
UKESM1-1,dpct_pr_fs_ssp245_minus_target,EAS,E.Asia,-0.15155329954423402
UKESM1-1,dpct_pr_fs_ssp245_minus_target,ARP,Arabian-Peninsula,6.127514726706798
UKESM1-1,dpct_pr_fs_ssp245_minus_target,SAS,S.Asia,11.679958181926835
UKESM1-1,dpct_pr_fs_ssp245_minus_target,SEA,S.E.Asia,-25.89119900336559
UKESM1-1,dpct_pr_fs_ssp245_minus_target,NAU,N.Australia,-3.682423443171308
UKESM1-1,dpct_pr_fs_ssp245_minus_target,CAU,C.Australia,-1.532768433608852
UKESM1-1,dpct_pr_fs_ssp245_minus_target,EAU,E.Australia,-17.183650957315365
UKESM1-1,dpct_pr_fs_ssp245_minus_target,SAU,S.Australia,-4.062764945649805
UKESM1-1,dpct_pr_fs_ssp245_minus_target,NZ,New-Zealand,-4.9640217587435655
UKESM1-1,dpct_pr_fs_ssp245_minus_target,EAN,E.Antarctica,
UKESM1-1,dpct_pr_fs_ssp245_minus_target,WAN,W.Antarctica,
UKESM1-1,d_vpd_days_p95_ssp245_minus_target,GIC,Greenland/Iceland,
UKESM1-1,d_vpd_days_p95_ssp245_minus_target,NWN,N.W.North-America,24.089996929158985
UKESM1-1,d_vpd_days_p95_ssp245_minus_target,NEN,N.E.North-America,23.038870292621976
UKESM1-1,d_vpd_days_p95_ssp245_minus_target,WNA,W.North-America,14.514433722627588
UKESM1-1,d_vpd_days_p95_ssp245_minus_target,CNA,C.North-America,12.011922636366096
UKESM1-1,d_vpd_days_p95_ssp245_minus_target,ENA,E.North-America,16.1225719802827
UKESM1-1,d_vpd_days_p95_ssp245_minus_target,NCA,N.Central-America,15.119224738610418
UKESM1-1,d_vpd_days_p95_ssp245_minus_target,SCA,S.Central-America,34.13812051872072
UKESM1-1,d_vpd_days_p95_ssp245_minus_target,CAR,Caribbean,25.582441391809283
UKESM1-1,d_vpd_days_p95_ssp245_minus_target,NWS,N.W.South-America,32.09722581999545
UKESM1-1,d_vpd_days_p95_ssp245_minus_target,NSA,N.South-America,38.437019847734966
UKESM1-1,d_vpd_days_p95_ssp245_minus_target,NES,N.E.South-America,22.28726635519088
UKESM1-1,d_vpd_days_p95_ssp245_minus_target,SAM,South-American-Monsoon,30.887587552146364
UKESM1-1,d_vpd_days_p95_ssp245_minus_target,SWS,S.W.South-America,21.205474231679645
UKESM1-1,d_vpd_days_p95_ssp245_minus_target,SES,S.E.South-America,12.442001489667005
UKESM1-1,d_vpd_days_p95_ssp245_minus_target,SSA,S.South-America,9.982790491769585
UKESM1-1,d_vpd_days_p95_ssp245_minus_target,NEU,N.Europe,20.160691827379935
UKESM1-1,d_vpd_days_p95_ssp245_minus_target,WCE,West&Central-Europe,16.9675835597257
UKESM1-1,d_vpd_days_p95_ssp245_minus_target,EEU,E.Europe,17.169227343416402
UKESM1-1,d_vpd_days_p95_ssp245_minus_target,MED,Mediterranean,20.44675536303899
UKESM1-1,d_vpd_days_p95_ssp245_minus_target,SAH,Sahara,29.862154937833882
UKESM1-1,d_vpd_days_p95_ssp245_minus_target,WAF,Western-Africa,29.39877914297873
UKESM1-1,d_vpd_days_p95_ssp245_minus_target,CAF,Central-Africa,36.20604791014795
UKESM1-1,d_vpd_days_p95_ssp245_minus_target,NEAF,N.Eastern-Africa,31.224850131510806
UKESM1-1,d_vpd_days_p95_ssp245_minus_target,SEAF,S.Eastern-Africa,30.788674212325603
UKESM1-1,d_vpd_days_p95_ssp245_minus_target,WSAF,W.Southern-Africa,25.077945666996605
UKESM1-1,d_vpd_days_p95_ssp245_minus_target,ESAF,E.Southern-Africa,17.870135290908262
UKESM1-1,d_vpd_days_p95_ssp245_minus_target,MDG,Madagascar,17.415265941343417
UKESM1-1,d_vpd_days_p95_ssp245_minus_target,RAR,Russian-Arctic,25.26880594338918
UKESM1-1,d_vpd_days_p95_ssp245_minus_target,WSB,W.Siberia,19.230560998792836
UKESM1-1,d_vpd_days_p95_ssp245_minus_target,ESB,E.Siberia,15.776463933389277
UKESM1-1,d_vpd_days_p95_ssp245_minus_target,RFE,Russian-Far-East,17.873472847440713
UKESM1-1,d_vpd_days_p95_ssp245_minus_target,WCA,W.C.Asia,19.96207967856937
UKESM1-1,d_vpd_days_p95_ssp245_minus_target,ECA,E.C.Asia,14.734082486971507
UKESM1-1,d_vpd_days_p95_ssp245_minus_target,TIB,Tibetan-Plateau,16.653407444724106
UKESM1-1,d_vpd_days_p95_ssp245_minus_target,EAS,E.Asia,23.285209399519324
UKESM1-1,d_vpd_days_p95_ssp245_minus_target,ARP,Arabian-Peninsula,31.547474054813932
UKESM1-1,d_vpd_days_p95_ssp245_minus_target,SAS,S.Asia,21.674308460797896
UKESM1-1,d_vpd_days_p95_ssp245_minus_target,SEA,S.E.Asia,29.56590143449252
UKESM1-1,d_vpd_days_p95_ssp245_minus_target,NAU,N.Australia,19.47325565517212
UKESM1-1,d_vpd_days_p95_ssp245_minus_target,CAU,C.Australia,19.744138042634646
UKESM1-1,d_vpd_days_p95_ssp245_minus_target,EAU,E.Australia,21.421730257680203
UKESM1-1,d_vpd_days_p95_ssp245_minus_target,SAU,S.Australia,10.538089185610744
UKESM1-1,d_vpd_days_p95_ssp245_minus_target,NZ,New-Zealand,21.71874865550101
UKESM1-1,d_vpd_days_p95_ssp245_minus_target,EAN,E.Antarctica,
UKESM1-1,d_vpd_days_p95_ssp245_minus_target,WAN,W.Antarctica,
UKESM1-1,d_vpd_fs_SAI_minus_ssp245,GIC,Greenland/Iceland,
UKESM1-1,d_vpd_fs_SAI_minus_ssp245,NWN,N.W.North-America,-0.19940916760877878
UKESM1-1,d_vpd_fs_SAI_minus_ssp245,NEN,N.E.North-America,-0.2133866618810104
UKESM1-1,d_vpd_fs_SAI_minus_ssp245,WNA,W.North-America,-0.3635910093931129
UKESM1-1,d_vpd_fs_SAI_minus_ssp245,CNA,C.North-America,-0.5991156344969278
UKESM1-1,d_vpd_fs_SAI_minus_ssp245,ENA,E.North-America,-0.2890248128116134
UKESM1-1,d_vpd_fs_SAI_minus_ssp245,NCA,N.Central-America,-0.3067981175367957
UKESM1-1,d_vpd_fs_SAI_minus_ssp245,SCA,S.Central-America,-0.30179339112315423
UKESM1-1,d_vpd_fs_SAI_minus_ssp245,CAR,Caribbean,-0.10147590086826215
UKESM1-1,d_vpd_fs_SAI_minus_ssp245,NWS,N.W.South-America,-0.2224879690281594
UKESM1-1,d_vpd_fs_SAI_minus_ssp245,NSA,N.South-America,-0.59025268043665
UKESM1-1,d_vpd_fs_SAI_minus_ssp245,NES,N.E.South-America,-0.45838282001475733
UKESM1-1,d_vpd_fs_SAI_minus_ssp245,SAM,South-American-Monsoon,-0.4947175407923001
UKESM1-1,d_vpd_fs_SAI_minus_ssp245,SWS,S.W.South-America,-0.18393281746880047
UKESM1-1,d_vpd_fs_SAI_minus_ssp245,SES,S.E.South-America,-0.21441965149443154
UKESM1-1,d_vpd_fs_SAI_minus_ssp245,SSA,S.South-America,-0.10283708034280792
UKESM1-1,d_vpd_fs_SAI_minus_ssp245,NEU,N.Europe,-0.10775435462792045
UKESM1-1,d_vpd_fs_SAI_minus_ssp245,WCE,West&Central-Europe,-0.4218079124157311
UKESM1-1,d_vpd_fs_SAI_minus_ssp245,EEU,E.Europe,-0.4334868258126898
UKESM1-1,d_vpd_fs_SAI_minus_ssp245,MED,Mediterranean,-0.5322367960525305
UKESM1-1,d_vpd_fs_SAI_minus_ssp245,SAH,Sahara,-0.6394107157043925
UKESM1-1,d_vpd_fs_SAI_minus_ssp245,WAF,Western-Africa,-0.40912448663673445
UKESM1-1,d_vpd_fs_SAI_minus_ssp245,CAF,Central-Africa,-0.33027067105180546
UKESM1-1,d_vpd_fs_SAI_minus_ssp245,NEAF,N.Eastern-Africa,-0.348498614368569
UKESM1-1,d_vpd_fs_SAI_minus_ssp245,SEAF,S.Eastern-Africa,-0.21750505605886128
UKESM1-1,d_vpd_fs_SAI_minus_ssp245,WSAF,W.Southern-Africa,-0.3775336091338248
UKESM1-1,d_vpd_fs_SAI_minus_ssp245,ESAF,E.Southern-Africa,-0.32021240325037403
UKESM1-1,d_vpd_fs_SAI_minus_ssp245,MDG,Madagascar,-0.1679445633677859
UKESM1-1,d_vpd_fs_SAI_minus_ssp245,RAR,Russian-Arctic,-0.1787807584129384
UKESM1-1,d_vpd_fs_SAI_minus_ssp245,WSB,W.Siberia,-0.488625127828522
UKESM1-1,d_vpd_fs_SAI_minus_ssp245,ESB,E.Siberia,-0.2353400888643796
UKESM1-1,d_vpd_fs_SAI_minus_ssp245,RFE,Russian-Far-East,-0.13036863152708542
UKESM1-1,d_vpd_fs_SAI_minus_ssp245,WCA,W.C.Asia,-0.6082930833411277
UKESM1-1,d_vpd_fs_SAI_minus_ssp245,ECA,E.C.Asia,-0.4201917730305559
UKESM1-1,d_vpd_fs_SAI_minus_ssp245,TIB,Tibetan-Plateau,-0.0985779345302714
UKESM1-1,d_vpd_fs_SAI_minus_ssp245,EAS,E.Asia,-0.21680379894983381
UKESM1-1,d_vpd_fs_SAI_minus_ssp245,ARP,Arabian-Peninsula,-0.6816713927859667
UKESM1-1,d_vpd_fs_SAI_minus_ssp245,SAS,S.Asia,-0.4660553307825517
UKESM1-1,d_vpd_fs_SAI_minus_ssp245,SEA,S.E.Asia,-0.2708970628162455
UKESM1-1,d_vpd_fs_SAI_minus_ssp245,NAU,N.Australia,-0.32717076006903884
UKESM1-1,d_vpd_fs_SAI_minus_ssp245,CAU,C.Australia,-0.5524643580847504
UKESM1-1,d_vpd_fs_SAI_minus_ssp245,EAU,E.Australia,-0.38003480149742136
UKESM1-1,d_vpd_fs_SAI_minus_ssp245,SAU,S.Australia,-0.2938864419860076
UKESM1-1,d_vpd_fs_SAI_minus_ssp245,NZ,New-Zealand,-0.06168206104824431
UKESM1-1,d_vpd_fs_SAI_minus_ssp245,EAN,E.Antarctica,
UKESM1-1,d_vpd_fs_SAI_minus_ssp245,WAN,W.Antarctica,
UKESM1-1,d_pr_fs_SAI_minus_ssp245,GIC,Greenland/Iceland,
UKESM1-1,d_pr_fs_SAI_minus_ssp245,NWN,N.W.North-America,-0.10970106810985283
UKESM1-1,d_pr_fs_SAI_minus_ssp245,NEN,N.E.North-America,-0.11746841919626257
UKESM1-1,d_pr_fs_SAI_minus_ssp245,WNA,W.North-America,-0.044370685071710644
UKESM1-1,d_pr_fs_SAI_minus_ssp245,CNA,C.North-America,0.14773184933059524
UKESM1-1,d_pr_fs_SAI_minus_ssp245,ENA,E.North-America,-0.1694403464418678
UKESM1-1,d_pr_fs_SAI_minus_ssp245,NCA,N.Central-America,0.04031976274309393
UKESM1-1,d_pr_fs_SAI_minus_ssp245,SCA,S.Central-America,0.2784573728037957
UKESM1-1,d_pr_fs_SAI_minus_ssp245,CAR,Caribbean,-0.039195207702298555
UKESM1-1,d_pr_fs_SAI_minus_ssp245,NWS,N.W.South-America,0.08258108314854667
UKESM1-1,d_pr_fs_SAI_minus_ssp245,NSA,N.South-America,0.371142406630742
UKESM1-1,d_pr_fs_SAI_minus_ssp245,NES,N.E.South-America,0.22143590486802292
UKESM1-1,d_pr_fs_SAI_minus_ssp245,SAM,South-American-Monsoon,0.36884045246045166
UKESM1-1,d_pr_fs_SAI_minus_ssp245,SWS,S.W.South-America,0.20449280615850973
UKESM1-1,d_pr_fs_SAI_minus_ssp245,SES,S.E.South-America,-0.2446440756700371
UKESM1-1,d_pr_fs_SAI_minus_ssp245,SSA,S.South-America,-0.0028424083244412944
UKESM1-1,d_pr_fs_SAI_minus_ssp245,NEU,N.Europe,-0.22501079887459427
UKESM1-1,d_pr_fs_SAI_minus_ssp245,WCE,West&Central-Europe,0.30538836540107545
UKESM1-1,d_pr_fs_SAI_minus_ssp245,EEU,E.Europe,-0.032541687418202195
UKESM1-1,d_pr_fs_SAI_minus_ssp245,MED,Mediterranean,0.11969229800120086
UKESM1-1,d_pr_fs_SAI_minus_ssp245,SAH,Sahara,0.0027441737213481296
UKESM1-1,d_pr_fs_SAI_minus_ssp245,WAF,Western-Africa,0.01841902538620832
UKESM1-1,d_pr_fs_SAI_minus_ssp245,CAF,Central-Africa,0.017102119072308335
UKESM1-1,d_pr_fs_SAI_minus_ssp245,NEAF,N.Eastern-Africa,-0.04051906101906867
UKESM1-1,d_pr_fs_SAI_minus_ssp245,SEAF,S.Eastern-Africa,-0.028809111419010273
UKESM1-1,d_pr_fs_SAI_minus_ssp245,WSAF,W.Southern-Africa,0.01134236004248346
UKESM1-1,d_pr_fs_SAI_minus_ssp245,ESAF,E.Southern-Africa,0.08526201145113586
UKESM1-1,d_pr_fs_SAI_minus_ssp245,MDG,Madagascar,0.11552899046406762
UKESM1-1,d_pr_fs_SAI_minus_ssp245,RAR,Russian-Arctic,-0.12119175800167038
UKESM1-1,d_pr_fs_SAI_minus_ssp245,WSB,W.Siberia,0.04094484823321593
UKESM1-1,d_pr_fs_SAI_minus_ssp245,ESB,E.Siberia,-0.2122762147130563
UKESM1-1,d_pr_fs_SAI_minus_ssp245,RFE,Russian-Far-East,-0.3967010647922518
UKESM1-1,d_pr_fs_SAI_minus_ssp245,WCA,W.C.Asia,0.023542558647547503
UKESM1-1,d_pr_fs_SAI_minus_ssp245,ECA,E.C.Asia,-0.07164121554820606
UKESM1-1,d_pr_fs_SAI_minus_ssp245,TIB,Tibetan-Plateau,-0.07805589163272185
UKESM1-1,d_pr_fs_SAI_minus_ssp245,EAS,E.Asia,-0.22869587186904322
UKESM1-1,d_pr_fs_SAI_minus_ssp245,ARP,Arabian-Peninsula,0.006907810953620018
UKESM1-1,d_pr_fs_SAI_minus_ssp245,SAS,S.Asia,-0.03946880280501227
UKESM1-1,d_pr_fs_SAI_minus_ssp245,SEA,S.E.Asia,0.2217931457344442
UKESM1-1,d_pr_fs_SAI_minus_ssp245,NAU,N.Australia,0.10949792627108784
UKESM1-1,d_pr_fs_SAI_minus_ssp245,CAU,C.Australia,0.14556732407050962
UKESM1-1,d_pr_fs_SAI_minus_ssp245,EAU,E.Australia,0.3957097544104127
UKESM1-1,d_pr_fs_SAI_minus_ssp245,SAU,S.Australia,0.07492037508944392
UKESM1-1,d_pr_fs_SAI_minus_ssp245,NZ,New-Zealand,-0.17816981169506751
UKESM1-1,d_pr_fs_SAI_minus_ssp245,EAN,E.Antarctica,
UKESM1-1,d_pr_fs_SAI_minus_ssp245,WAN,W.Antarctica,
UKESM1-1,dpct_pr_fs_SAI_minus_ssp245,GIC,Greenland/Iceland,
UKESM1-1,dpct_pr_fs_SAI_minus_ssp245,NWN,N.W.North-America,-2.0814486910197294
UKESM1-1,dpct_pr_fs_SAI_minus_ssp245,NEN,N.E.North-America,-2.9665538513219873
UKESM1-1,dpct_pr_fs_SAI_minus_ssp245,WNA,W.North-America,-11.241641397625669
UKESM1-1,dpct_pr_fs_SAI_minus_ssp245,CNA,C.North-America,8.887644356138729
UKESM1-1,dpct_pr_fs_SAI_minus_ssp245,ENA,E.North-America,-2.450645888497578
UKESM1-1,dpct_pr_fs_SAI_minus_ssp245,NCA,N.Central-America,2.309021832592401
UKESM1-1,dpct_pr_fs_SAI_minus_ssp245,SCA,S.Central-America,30.442235187174653
UKESM1-1,dpct_pr_fs_SAI_minus_ssp245,CAR,Caribbean,-4.709228115416364
UKESM1-1,dpct_pr_fs_SAI_minus_ssp245,NWS,N.W.South-America,2.2719524337843344
UKESM1-1,dpct_pr_fs_SAI_minus_ssp245,NSA,N.South-America,33.79784381057773
UKESM1-1,dpct_pr_fs_SAI_minus_ssp245,NES,N.E.South-America,39.626707507780274
UKESM1-1,dpct_pr_fs_SAI_minus_ssp245,SAM,South-American-Monsoon,31.053673696805998
UKESM1-1,dpct_pr_fs_SAI_minus_ssp245,SWS,S.W.South-America,13.10740770867366
UKESM1-1,dpct_pr_fs_SAI_minus_ssp245,SES,S.E.South-America,-4.4265448225283155
UKESM1-1,dpct_pr_fs_SAI_minus_ssp245,SSA,S.South-America,-4.801137090699463
UKESM1-1,dpct_pr_fs_SAI_minus_ssp245,NEU,N.Europe,-4.8815516488889985
UKESM1-1,dpct_pr_fs_SAI_minus_ssp245,WCE,West&Central-Europe,25.882896370234363
UKESM1-1,dpct_pr_fs_SAI_minus_ssp245,EEU,E.Europe,-0.9706785275386922
UKESM1-1,dpct_pr_fs_SAI_minus_ssp245,MED,Mediterranean,40.86616324569353
UKESM1-1,dpct_pr_fs_SAI_minus_ssp245,SAH,Sahara,6.454483652122664
UKESM1-1,dpct_pr_fs_SAI_minus_ssp245,WAF,Western-Africa,5.58439572696114
UKESM1-1,dpct_pr_fs_SAI_minus_ssp245,CAF,Central-Africa,8.663074229768876
UKESM1-1,dpct_pr_fs_SAI_minus_ssp245,NEAF,N.Eastern-Africa,-5.011753860829552
UKESM1-1,dpct_pr_fs_SAI_minus_ssp245,SEAF,S.Eastern-Africa,13.115869122176019
UKESM1-1,dpct_pr_fs_SAI_minus_ssp245,WSAF,W.Southern-Africa,7.2336026065224335
UKESM1-1,dpct_pr_fs_SAI_minus_ssp245,ESAF,E.Southern-Africa,22.10933734471472
UKESM1-1,dpct_pr_fs_SAI_minus_ssp245,MDG,Madagascar,29.270588072978544
UKESM1-1,dpct_pr_fs_SAI_minus_ssp245,RAR,Russian-Arctic,-3.603195475627276
UKESM1-1,dpct_pr_fs_SAI_minus_ssp245,WSB,W.Siberia,0.4515694067761504
UKESM1-1,dpct_pr_fs_SAI_minus_ssp245,ESB,E.Siberia,-5.749581614440637
UKESM1-1,dpct_pr_fs_SAI_minus_ssp245,RFE,Russian-Far-East,-9.921224218211343
UKESM1-1,dpct_pr_fs_SAI_minus_ssp245,WCA,W.C.Asia,5.835365064744989
UKESM1-1,dpct_pr_fs_SAI_minus_ssp245,ECA,E.C.Asia,-9.290243980922838
UKESM1-1,dpct_pr_fs_SAI_minus_ssp245,TIB,Tibetan-Plateau,-5.423411945503888
UKESM1-1,dpct_pr_fs_SAI_minus_ssp245,EAS,E.Asia,-4.887341851526596
UKESM1-1,dpct_pr_fs_SAI_minus_ssp245,ARP,Arabian-Peninsula,10.020294224761983
UKESM1-1,dpct_pr_fs_SAI_minus_ssp245,SAS,S.Asia,-3.538263745256647
UKESM1-1,dpct_pr_fs_SAI_minus_ssp245,SEA,S.E.Asia,23.373820112271396
UKESM1-1,dpct_pr_fs_SAI_minus_ssp245,NAU,N.Australia,45.67578502765979
UKESM1-1,dpct_pr_fs_SAI_minus_ssp245,CAU,C.Australia,23.077964869115164
UKESM1-1,dpct_pr_fs_SAI_minus_ssp245,EAU,E.Australia,36.495703500074086
UKESM1-1,dpct_pr_fs_SAI_minus_ssp245,SAU,S.Australia,9.535624599480373
UKESM1-1,dpct_pr_fs_SAI_minus_ssp245,NZ,New-Zealand,-5.493660794693534
UKESM1-1,dpct_pr_fs_SAI_minus_ssp245,EAN,E.Antarctica,
UKESM1-1,dpct_pr_fs_SAI_minus_ssp245,WAN,W.Antarctica,
UKESM1-1,d_vpd_days_p95_SAI_minus_ssp245,GIC,Greenland/Iceland,
UKESM1-1,d_vpd_days_p95_SAI_minus_ssp245,NWN,N.W.North-America,-22.51783451125609
UKESM1-1,d_vpd_days_p95_SAI_minus_ssp245,NEN,N.E.North-America,-22.561116962316007
UKESM1-1,d_vpd_days_p95_SAI_minus_ssp245,WNA,W.North-America,-22.630092766947772
UKESM1-1,d_vpd_days_p95_SAI_minus_ssp245,CNA,C.North-America,-22.853453714202942
UKESM1-1,d_vpd_days_p95_SAI_minus_ssp245,ENA,E.North-America,-18.901602186633642
UKESM1-1,d_vpd_days_p95_SAI_minus_ssp245,NCA,N.Central-America,-21.964224079650396
UKESM1-1,d_vpd_days_p95_SAI_minus_ssp245,SCA,S.Central-America,-40.6433869245375
UKESM1-1,d_vpd_days_p95_SAI_minus_ssp245,CAR,Caribbean,-33.28297254087808
UKESM1-1,d_vpd_days_p95_SAI_minus_ssp245,NWS,N.W.South-America,-27.661825198217585
UKESM1-1,d_vpd_days_p95_SAI_minus_ssp245,NSA,N.South-America,-45.43300304338556
UKESM1-1,d_vpd_days_p95_SAI_minus_ssp245,NES,N.E.South-America,-33.76808400652751
UKESM1-1,d_vpd_days_p95_SAI_minus_ssp245,SAM,South-American-Monsoon,-36.34504328106792
UKESM1-1,d_vpd_days_p95_SAI_minus_ssp245,SWS,S.W.South-America,-27.640992462950372
UKESM1-1,d_vpd_days_p95_SAI_minus_ssp245,SES,S.E.South-America,-15.555617632222985
UKESM1-1,d_vpd_days_p95_SAI_minus_ssp245,SSA,S.South-America,-12.998666517253325
UKESM1-1,d_vpd_days_p95_SAI_minus_ssp245,NEU,N.Europe,-16.39396801354666
UKESM1-1,d_vpd_days_p95_SAI_minus_ssp245,WCE,West&Central-Europe,-24.56331306708829
UKESM1-1,d_vpd_days_p95_SAI_minus_ssp245,EEU,E.Europe,-23.062640786134914
UKESM1-1,d_vpd_days_p95_SAI_minus_ssp245,MED,Mediterranean,-30.261106110414676
UKESM1-1,d_vpd_days_p95_SAI_minus_ssp245,SAH,Sahara,-38.70378556005976
UKESM1-1,d_vpd_days_p95_SAI_minus_ssp245,WAF,Western-Africa,-30.34900286465948
UKESM1-1,d_vpd_days_p95_SAI_minus_ssp245,CAF,Central-Africa,-32.697524484075956
UKESM1-1,d_vpd_days_p95_SAI_minus_ssp245,NEAF,N.Eastern-Africa,-34.552279169076485
UKESM1-1,d_vpd_days_p95_SAI_minus_ssp245,SEAF,S.Eastern-Africa,-29.984602949691332
UKESM1-1,d_vpd_days_p95_SAI_minus_ssp245,WSAF,W.Southern-Africa,-31.681152371732402
UKESM1-1,d_vpd_days_p95_SAI_minus_ssp245,ESAF,E.Southern-Africa,-24.931077518847488
UKESM1-1,d_vpd_days_p95_SAI_minus_ssp245,MDG,Madagascar,-23.057308526290416
UKESM1-1,d_vpd_days_p95_SAI_minus_ssp245,RAR,Russian-Arctic,-22.307419310648953
UKESM1-1,d_vpd_days_p95_SAI_minus_ssp245,WSB,W.Siberia,-26.535025069198376
UKESM1-1,d_vpd_days_p95_SAI_minus_ssp245,ESB,E.Siberia,-18.406073845028896
UKESM1-1,d_vpd_days_p95_SAI_minus_ssp245,RFE,Russian-Far-East,-15.98364658513012
UKESM1-1,d_vpd_days_p95_SAI_minus_ssp245,WCA,W.C.Asia,-29.631525866670426
UKESM1-1,d_vpd_days_p95_SAI_minus_ssp245,ECA,E.C.Asia,-24.760774514349297
UKESM1-1,d_vpd_days_p95_SAI_minus_ssp245,TIB,Tibetan-Plateau,-18.512797992986183
UKESM1-1,d_vpd_days_p95_SAI_minus_ssp245,EAS,E.Asia,-21.08793212739356
UKESM1-1,d_vpd_days_p95_SAI_minus_ssp245,ARP,Arabian-Peninsula,-40.57244459988817
UKESM1-1,d_vpd_days_p95_SAI_minus_ssp245,SAS,S.Asia,-24.45590988070238
UKESM1-1,d_vpd_days_p95_SAI_minus_ssp245,SEA,S.E.Asia,-30.801530660532332
UKESM1-1,d_vpd_days_p95_SAI_minus_ssp245,NAU,N.Australia,-25.61552555878783
UKESM1-1,d_vpd_days_p95_SAI_minus_ssp245,CAU,C.Australia,-28.13175390098983
UKESM1-1,d_vpd_days_p95_SAI_minus_ssp245,EAU,E.Australia,-28.907618400225434
UKESM1-1,d_vpd_days_p95_SAI_minus_ssp245,SAU,S.Australia,-18.369814516458142
UKESM1-1,d_vpd_days_p95_SAI_minus_ssp245,NZ,New-Zealand,-10.62424824503662
UKESM1-1,d_vpd_days_p95_SAI_minus_ssp245,EAN,E.Antarctica,
UKESM1-1,d_vpd_days_p95_SAI_minus_ssp245,WAN,W.Antarctica,
UKESM1-1,d_vpd_fs_HiLLA_minus_ssp245,GIC,Greenland/Iceland,
UKESM1-1,d_vpd_fs_HiLLA_minus_ssp245,NWN,N.W.North-America,-0.23677498401839023
UKESM1-1,d_vpd_fs_HiLLA_minus_ssp245,NEN,N.E.North-America,-0.23402080353993604
UKESM1-1,d_vpd_fs_HiLLA_minus_ssp245,WNA,W.North-America,-0.29968063541294226
UKESM1-1,d_vpd_fs_HiLLA_minus_ssp245,CNA,C.North-America,-0.468930846650397
UKESM1-1,d_vpd_fs_HiLLA_minus_ssp245,ENA,E.North-America,-0.23861297706410733
UKESM1-1,d_vpd_fs_HiLLA_minus_ssp245,NCA,N.Central-America,-0.1812910559038266
UKESM1-1,d_vpd_fs_HiLLA_minus_ssp245,SCA,S.Central-America,-0.25222789128420664
UKESM1-1,d_vpd_fs_HiLLA_minus_ssp245,CAR,Caribbean,-0.07914467093698505
UKESM1-1,d_vpd_fs_HiLLA_minus_ssp245,NWS,N.W.South-America,-0.19664005808552842
UKESM1-1,d_vpd_fs_HiLLA_minus_ssp245,NSA,N.South-America,-0.5172545955395804
UKESM1-1,d_vpd_fs_HiLLA_minus_ssp245,NES,N.E.South-America,-0.3533255457183479
UKESM1-1,d_vpd_fs_HiLLA_minus_ssp245,SAM,South-American-Monsoon,-0.4370684006872928
UKESM1-1,d_vpd_fs_HiLLA_minus_ssp245,SWS,S.W.South-America,-0.15315362288982257
UKESM1-1,d_vpd_fs_HiLLA_minus_ssp245,SES,S.E.South-America,-0.18325526504986578
UKESM1-1,d_vpd_fs_HiLLA_minus_ssp245,SSA,S.South-America,-0.09197975779158234
UKESM1-1,d_vpd_fs_HiLLA_minus_ssp245,NEU,N.Europe,-0.13905681383432247
UKESM1-1,d_vpd_fs_HiLLA_minus_ssp245,WCE,West&Central-Europe,-0.4710621091792072
UKESM1-1,d_vpd_fs_HiLLA_minus_ssp245,EEU,E.Europe,-0.4519712935142642
UKESM1-1,d_vpd_fs_HiLLA_minus_ssp245,MED,Mediterranean,-0.47215662360348803
UKESM1-1,d_vpd_fs_HiLLA_minus_ssp245,SAH,Sahara,-0.4878545087840104
UKESM1-1,d_vpd_fs_HiLLA_minus_ssp245,WAF,Western-Africa,-0.2985363368700231
UKESM1-1,d_vpd_fs_HiLLA_minus_ssp245,CAF,Central-Africa,-0.23807428924312415
UKESM1-1,d_vpd_fs_HiLLA_minus_ssp245,NEAF,N.Eastern-Africa,-0.24270653848662047
UKESM1-1,d_vpd_fs_HiLLA_minus_ssp245,SEAF,S.Eastern-Africa,-0.1708019619885706
UKESM1-1,d_vpd_fs_HiLLA_minus_ssp245,WSAF,W.Southern-Africa,-0.26404267179616453
UKESM1-1,d_vpd_fs_HiLLA_minus_ssp245,ESAF,E.Southern-Africa,-0.1939659149031816
UKESM1-1,d_vpd_fs_HiLLA_minus_ssp245,MDG,Madagascar,-0.1237504318310695
UKESM1-1,d_vpd_fs_HiLLA_minus_ssp245,RAR,Russian-Arctic,-0.20153981680229255
UKESM1-1,d_vpd_fs_HiLLA_minus_ssp245,WSB,W.Siberia,-0.476334602314155
UKESM1-1,d_vpd_fs_HiLLA_minus_ssp245,ESB,E.Siberia,-0.24793750407922882
UKESM1-1,d_vpd_fs_HiLLA_minus_ssp245,RFE,Russian-Far-East,-0.13512838924268197
UKESM1-1,d_vpd_fs_HiLLA_minus_ssp245,WCA,W.C.Asia,-0.48258421942731633
UKESM1-1,d_vpd_fs_HiLLA_minus_ssp245,ECA,E.C.Asia,-0.3421032823647256
UKESM1-1,d_vpd_fs_HiLLA_minus_ssp245,TIB,Tibetan-Plateau,-0.05194120294602057
UKESM1-1,d_vpd_fs_HiLLA_minus_ssp245,EAS,E.Asia,-0.1717229834053902
UKESM1-1,d_vpd_fs_HiLLA_minus_ssp245,ARP,Arabian-Peninsula,-0.5164557740156946
UKESM1-1,d_vpd_fs_HiLLA_minus_ssp245,SAS,S.Asia,-0.31357454394660506
UKESM1-1,d_vpd_fs_HiLLA_minus_ssp245,SEA,S.E.Asia,-0.2597988766009097
UKESM1-1,d_vpd_fs_HiLLA_minus_ssp245,NAU,N.Australia,-0.2645017941452111
UKESM1-1,d_vpd_fs_HiLLA_minus_ssp245,CAU,C.Australia,-0.47553312595589914
UKESM1-1,d_vpd_fs_HiLLA_minus_ssp245,EAU,E.Australia,-0.33618170009841375
UKESM1-1,d_vpd_fs_HiLLA_minus_ssp245,SAU,S.Australia,-0.22053232421511437
UKESM1-1,d_vpd_fs_HiLLA_minus_ssp245,NZ,New-Zealand,-0.06436660543060944
UKESM1-1,d_vpd_fs_HiLLA_minus_ssp245,EAN,E.Antarctica,
UKESM1-1,d_vpd_fs_HiLLA_minus_ssp245,WAN,W.Antarctica,
UKESM1-1,d_pr_fs_HiLLA_minus_ssp245,GIC,Greenland/Iceland,
UKESM1-1,d_pr_fs_HiLLA_minus_ssp245,NWN,N.W.North-America,-0.09533158165923364
UKESM1-1,d_pr_fs_HiLLA_minus_ssp245,NEN,N.E.North-America,-0.07582742219940178
UKESM1-1,d_pr_fs_HiLLA_minus_ssp245,WNA,W.North-America,-0.11844216882684155
UKESM1-1,d_pr_fs_HiLLA_minus_ssp245,CNA,C.North-America,0.08155899286556577
UKESM1-1,d_pr_fs_HiLLA_minus_ssp245,ENA,E.North-America,-0.297754098044824
UKESM1-1,d_pr_fs_HiLLA_minus_ssp245,NCA,N.Central-America,0.007654263009361448
UKESM1-1,d_pr_fs_HiLLA_minus_ssp245,SCA,S.Central-America,0.33811635380966754
UKESM1-1,d_pr_fs_HiLLA_minus_ssp245,CAR,Caribbean,-0.06368388197437344
UKESM1-1,d_pr_fs_HiLLA_minus_ssp245,NWS,N.W.South-America,0.09032709256848447
UKESM1-1,d_pr_fs_HiLLA_minus_ssp245,NSA,N.South-America,0.3716528286361073
UKESM1-1,d_pr_fs_HiLLA_minus_ssp245,NES,N.E.South-America,0.27506879250172883
UKESM1-1,d_pr_fs_HiLLA_minus_ssp245,SAM,South-American-Monsoon,0.3671072440105513
UKESM1-1,d_pr_fs_HiLLA_minus_ssp245,SWS,S.W.South-America,0.1030890499777157
UKESM1-1,d_pr_fs_HiLLA_minus_ssp245,SES,S.E.South-America,-0.1501374559915113
UKESM1-1,d_pr_fs_HiLLA_minus_ssp245,SSA,S.South-America,-0.055891812013174814
UKESM1-1,d_pr_fs_HiLLA_minus_ssp245,NEU,N.Europe,-0.11488860325574043
UKESM1-1,d_pr_fs_HiLLA_minus_ssp245,WCE,West&Central-Europe,0.2580358985285353
UKESM1-1,d_pr_fs_HiLLA_minus_ssp245,EEU,E.Europe,-0.06207875745348902
UKESM1-1,d_pr_fs_HiLLA_minus_ssp245,MED,Mediterranean,0.08033125731301564
UKESM1-1,d_pr_fs_HiLLA_minus_ssp245,SAH,Sahara,-0.007264103691829615
UKESM1-1,d_pr_fs_HiLLA_minus_ssp245,WAF,Western-Africa,0.033850872617779866
UKESM1-1,d_pr_fs_HiLLA_minus_ssp245,CAF,Central-Africa,-0.004868042297930483
UKESM1-1,d_pr_fs_HiLLA_minus_ssp245,NEAF,N.Eastern-Africa,-0.055145521545360884
UKESM1-1,d_pr_fs_HiLLA_minus_ssp245,SEAF,S.Eastern-Africa,-0.05250945054570516
UKESM1-1,d_pr_fs_HiLLA_minus_ssp245,WSAF,W.Southern-Africa,0.02456050218900811
UKESM1-1,d_pr_fs_HiLLA_minus_ssp245,ESAF,E.Southern-Africa,0.016027477178445385
UKESM1-1,d_pr_fs_HiLLA_minus_ssp245,MDG,Madagascar,0.07387278465223548
UKESM1-1,d_pr_fs_HiLLA_minus_ssp245,RAR,Russian-Arctic,-0.12660152402281438
UKESM1-1,d_pr_fs_HiLLA_minus_ssp245,WSB,W.Siberia,-0.026176154528387646
UKESM1-1,d_pr_fs_HiLLA_minus_ssp245,ESB,E.Siberia,-0.33559431519120875
UKESM1-1,d_pr_fs_HiLLA_minus_ssp245,RFE,Russian-Far-East,-0.5633758741076557
UKESM1-1,d_pr_fs_HiLLA_minus_ssp245,WCA,W.C.Asia,-0.022455765585682127
UKESM1-1,d_pr_fs_HiLLA_minus_ssp245,ECA,E.C.Asia,-0.09399243298824791
UKESM1-1,d_pr_fs_HiLLA_minus_ssp245,TIB,Tibetan-Plateau,-0.05760561476291864
UKESM1-1,d_pr_fs_HiLLA_minus_ssp245,EAS,E.Asia,-0.19759599074766604
UKESM1-1,d_pr_fs_HiLLA_minus_ssp245,ARP,Arabian-Peninsula,-0.014362463250573776
UKESM1-1,d_pr_fs_HiLLA_minus_ssp245,SAS,S.Asia,-0.016780758398739312
UKESM1-1,d_pr_fs_HiLLA_minus_ssp245,SEA,S.E.Asia,0.6300904125225861
UKESM1-1,d_pr_fs_HiLLA_minus_ssp245,NAU,N.Australia,0.1627615093498057
UKESM1-1,d_pr_fs_HiLLA_minus_ssp245,CAU,C.Australia,0.12048425003632734
UKESM1-1,d_pr_fs_HiLLA_minus_ssp245,EAU,E.Australia,0.6206406765082024
UKESM1-1,d_pr_fs_HiLLA_minus_ssp245,SAU,S.Australia,-0.006996646097109
UKESM1-1,d_pr_fs_HiLLA_minus_ssp245,NZ,New-Zealand,-0.22462202580795865
UKESM1-1,d_pr_fs_HiLLA_minus_ssp245,EAN,E.Antarctica,
UKESM1-1,d_pr_fs_HiLLA_minus_ssp245,WAN,W.Antarctica,
UKESM1-1,dpct_pr_fs_HiLLA_minus_ssp245,GIC,Greenland/Iceland,
UKESM1-1,dpct_pr_fs_HiLLA_minus_ssp245,NWN,N.W.North-America,-1.2433142755772724
UKESM1-1,dpct_pr_fs_HiLLA_minus_ssp245,NEN,N.E.North-America,-0.9064125729019243
UKESM1-1,dpct_pr_fs_HiLLA_minus_ssp245,WNA,W.North-America,-18.919284781185258
UKESM1-1,dpct_pr_fs_HiLLA_minus_ssp245,CNA,C.North-America,5.913906424586298
UKESM1-1,dpct_pr_fs_HiLLA_minus_ssp245,ENA,E.North-America,-6.424965669443064
UKESM1-1,dpct_pr_fs_HiLLA_minus_ssp245,NCA,N.Central-America,-2.3129695352113187
UKESM1-1,dpct_pr_fs_HiLLA_minus_ssp245,SCA,S.Central-America,42.599446702325544
UKESM1-1,dpct_pr_fs_HiLLA_minus_ssp245,CAR,Caribbean,-6.219438965210852
UKESM1-1,dpct_pr_fs_HiLLA_minus_ssp245,NWS,N.W.South-America,4.948587619374427
UKESM1-1,dpct_pr_fs_HiLLA_minus_ssp245,NSA,N.South-America,36.72486344628661
UKESM1-1,dpct_pr_fs_HiLLA_minus_ssp245,NES,N.E.South-America,44.847628538738526
UKESM1-1,dpct_pr_fs_HiLLA_minus_ssp245,SAM,South-American-Monsoon,34.076674094922815
UKESM1-1,dpct_pr_fs_HiLLA_minus_ssp245,SWS,S.W.South-America,6.791997083803799
UKESM1-1,dpct_pr_fs_HiLLA_minus_ssp245,SES,S.E.South-America,-3.6977520875425576
UKESM1-1,dpct_pr_fs_HiLLA_minus_ssp245,SSA,S.South-America,-6.81483838324364
UKESM1-1,dpct_pr_fs_HiLLA_minus_ssp245,NEU,N.Europe,-1.2897138267097874
UKESM1-1,dpct_pr_fs_HiLLA_minus_ssp245,WCE,West&Central-Europe,19.82296885158764
UKESM1-1,dpct_pr_fs_HiLLA_minus_ssp245,EEU,E.Europe,-6.330904819730928
UKESM1-1,dpct_pr_fs_HiLLA_minus_ssp245,MED,Mediterranean,27.64922850061336
UKESM1-1,dpct_pr_fs_HiLLA_minus_ssp245,SAH,Sahara,-5.209875036012984
UKESM1-1,dpct_pr_fs_HiLLA_minus_ssp245,WAF,Western-Africa,9.317365138330379
UKESM1-1,dpct_pr_fs_HiLLA_minus_ssp245,CAF,Central-Africa,2.9540076866788394
UKESM1-1,dpct_pr_fs_HiLLA_minus_ssp245,NEAF,N.Eastern-Africa,-13.507409851471948
UKESM1-1,dpct_pr_fs_HiLLA_minus_ssp245,SEAF,S.Eastern-Africa,0.2863002681770927
UKESM1-1,dpct_pr_fs_HiLLA_minus_ssp245,WSAF,W.Southern-Africa,9.469881620313839
UKESM1-1,dpct_pr_fs_HiLLA_minus_ssp245,ESAF,E.Southern-Africa,10.667174419086004
UKESM1-1,dpct_pr_fs_HiLLA_minus_ssp245,MDG,Madagascar,20.608135016278553
UKESM1-1,dpct_pr_fs_HiLLA_minus_ssp245,RAR,Russian-Arctic,-4.002480592571122
UKESM1-1,dpct_pr_fs_HiLLA_minus_ssp245,WSB,W.Siberia,-5.943680126518579
UKESM1-1,dpct_pr_fs_HiLLA_minus_ssp245,ESB,E.Siberia,-10.478559066662088
UKESM1-1,dpct_pr_fs_HiLLA_minus_ssp245,RFE,Russian-Far-East,-13.940765848714468
UKESM1-1,dpct_pr_fs_HiLLA_minus_ssp245,WCA,W.C.Asia,-23.565139380263695
UKESM1-1,dpct_pr_fs_HiLLA_minus_ssp245,ECA,E.C.Asia,-13.709884858856963
UKESM1-1,dpct_pr_fs_HiLLA_minus_ssp245,TIB,Tibetan-Plateau,-5.894588648277218
UKESM1-1,dpct_pr_fs_HiLLA_minus_ssp245,EAS,E.Asia,-3.769784280533198
UKESM1-1,dpct_pr_fs_HiLLA_minus_ssp245,ARP,Arabian-Peninsula,-25.002370143240107
UKESM1-1,dpct_pr_fs_HiLLA_minus_ssp245,SAS,S.Asia,1.2119533812547767
UKESM1-1,dpct_pr_fs_HiLLA_minus_ssp245,SEA,S.E.Asia,55.58338503308318
UKESM1-1,dpct_pr_fs_HiLLA_minus_ssp245,NAU,N.Australia,69.13140365468199
UKESM1-1,dpct_pr_fs_HiLLA_minus_ssp245,CAU,C.Australia,22.129622132651555
UKESM1-1,dpct_pr_fs_HiLLA_minus_ssp245,EAU,E.Australia,56.0005915521232
UKESM1-1,dpct_pr_fs_HiLLA_minus_ssp245,SAU,S.Australia,1.8369246355364321
UKESM1-1,dpct_pr_fs_HiLLA_minus_ssp245,NZ,New-Zealand,-6.653981806713589
UKESM1-1,dpct_pr_fs_HiLLA_minus_ssp245,EAN,E.Antarctica,
UKESM1-1,dpct_pr_fs_HiLLA_minus_ssp245,WAN,W.Antarctica,
UKESM1-1,d_vpd_days_p95_HiLLA_minus_ssp245,GIC,Greenland/Iceland,
UKESM1-1,d_vpd_days_p95_HiLLA_minus_ssp245,NWN,N.W.North-America,-26.349366049376062
UKESM1-1,d_vpd_days_p95_HiLLA_minus_ssp245,NEN,N.E.North-America,-25.514737557390532
UKESM1-1,d_vpd_days_p95_HiLLA_minus_ssp245,WNA,W.North-America,-17.423160929748168
UKESM1-1,d_vpd_days_p95_HiLLA_minus_ssp245,CNA,C.North-America,-15.460088105347381
UKESM1-1,d_vpd_days_p95_HiLLA_minus_ssp245,ENA,E.North-America,-16.52284988236068
UKESM1-1,d_vpd_days_p95_HiLLA_minus_ssp245,NCA,N.Central-America,-13.254139853240885
UKESM1-1,d_vpd_days_p95_HiLLA_minus_ssp245,SCA,S.Central-America,-34.00749567774429
UKESM1-1,d_vpd_days_p95_HiLLA_minus_ssp245,CAR,Caribbean,-29.639291698475287
UKESM1-1,d_vpd_days_p95_HiLLA_minus_ssp245,NWS,N.W.South-America,-23.731476292781046
UKESM1-1,d_vpd_days_p95_HiLLA_minus_ssp245,NSA,N.South-America,-37.956669929210406
UKESM1-1,d_vpd_days_p95_HiLLA_minus_ssp245,NES,N.E.South-America,-24.364336578585934
UKESM1-1,d_vpd_days_p95_HiLLA_minus_ssp245,SAM,South-American-Monsoon,-30.489322829754308
UKESM1-1,d_vpd_days_p95_HiLLA_minus_ssp245,SWS,S.W.South-America,-22.374239527770353
UKESM1-1,d_vpd_days_p95_HiLLA_minus_ssp245,SES,S.E.South-America,-12.433639523049818
UKESM1-1,d_vpd_days_p95_HiLLA_minus_ssp245,SSA,S.South-America,-12.717412858477003
UKESM1-1,d_vpd_days_p95_HiLLA_minus_ssp245,NEU,N.Europe,-21.566172781279754
UKESM1-1,d_vpd_days_p95_HiLLA_minus_ssp245,WCE,West&Central-Europe,-23.620570802384368
UKESM1-1,d_vpd_days_p95_HiLLA_minus_ssp245,EEU,E.Europe,-20.682020804166047
UKESM1-1,d_vpd_days_p95_HiLLA_minus_ssp245,MED,Mediterranean,-24.147656202116703
UKESM1-1,d_vpd_days_p95_HiLLA_minus_ssp245,SAH,Sahara,-29.94385389078321
UKESM1-1,d_vpd_days_p95_HiLLA_minus_ssp245,WAF,Western-Africa,-24.553278180926448
UKESM1-1,d_vpd_days_p95_HiLLA_minus_ssp245,CAF,Central-Africa,-24.25960179275246
UKESM1-1,d_vpd_days_p95_HiLLA_minus_ssp245,NEAF,N.Eastern-Africa,-26.4364392884192
UKESM1-1,d_vpd_days_p95_HiLLA_minus_ssp245,SEAF,S.Eastern-Africa,-23.092225497323877
UKESM1-1,d_vpd_days_p95_HiLLA_minus_ssp245,WSAF,W.Southern-Africa,-22.299167296892538
UKESM1-1,d_vpd_days_p95_HiLLA_minus_ssp245,ESAF,E.Southern-Africa,-14.402692828437873
UKESM1-1,d_vpd_days_p95_HiLLA_minus_ssp245,MDG,Madagascar,-15.549111524872343
UKESM1-1,d_vpd_days_p95_HiLLA_minus_ssp245,RAR,Russian-Arctic,-26.388255263437276
UKESM1-1,d_vpd_days_p95_HiLLA_minus_ssp245,WSB,W.Siberia,-23.42144028495645
UKESM1-1,d_vpd_days_p95_HiLLA_minus_ssp245,ESB,E.Siberia,-18.247392804593147
UKESM1-1,d_vpd_days_p95_HiLLA_minus_ssp245,RFE,Russian-Far-East,-16.751550425634345
UKESM1-1,d_vpd_days_p95_HiLLA_minus_ssp245,WCA,W.C.Asia,-22.057470043777645
UKESM1-1,d_vpd_days_p95_HiLLA_minus_ssp245,ECA,E.C.Asia,-18.50317025336662
UKESM1-1,d_vpd_days_p95_HiLLA_minus_ssp245,TIB,Tibetan-Plateau,-9.520007107406801
UKESM1-1,d_vpd_days_p95_HiLLA_minus_ssp245,EAS,E.Asia,-16.341638755994975
UKESM1-1,d_vpd_days_p95_HiLLA_minus_ssp245,ARP,Arabian-Peninsula,-31.398862403007403
UKESM1-1,d_vpd_days_p95_HiLLA_minus_ssp245,SAS,S.Asia,-15.832557491502143
UKESM1-1,d_vpd_days_p95_HiLLA_minus_ssp245,SEA,S.E.Asia,-26.281825756857454
UKESM1-1,d_vpd_days_p95_HiLLA_minus_ssp245,NAU,N.Australia,-20.170419801255655
UKESM1-1,d_vpd_days_p95_HiLLA_minus_ssp245,CAU,C.Australia,-20.758058371853906
UKESM1-1,d_vpd_days_p95_HiLLA_minus_ssp245,EAU,E.Australia,-23.257599763661617
UKESM1-1,d_vpd_days_p95_HiLLA_minus_ssp245,SAU,S.Australia,-9.862235648593156
UKESM1-1,d_vpd_days_p95_HiLLA_minus_ssp245,NZ,New-Zealand,-17.351886157224452
UKESM1-1,d_vpd_days_p95_HiLLA_minus_ssp245,EAN,E.Antarctica,
UKESM1-1,d_vpd_days_p95_HiLLA_minus_ssp245,WAN,W.Antarctica,
UKESM1-1,d_vpd_fs_HiLLA_minus_SAI,GIC,Greenland/Iceland,
UKESM1-1,d_vpd_fs_HiLLA_minus_SAI,NWN,N.W.North-America,-0.037365816409611285
UKESM1-1,d_vpd_fs_HiLLA_minus_SAI,NEN,N.E.North-America,-0.020634141658925746
UKESM1-1,d_vpd_fs_HiLLA_minus_SAI,WNA,W.North-America,0.06391037398017076
UKESM1-1,d_vpd_fs_HiLLA_minus_SAI,CNA,C.North-America,0.13018478784653081
UKESM1-1,d_vpd_fs_HiLLA_minus_SAI,ENA,E.North-America,0.05041183574750614
UKESM1-1,d_vpd_fs_HiLLA_minus_SAI,NCA,N.Central-America,0.12550706163296907
UKESM1-1,d_vpd_fs_HiLLA_minus_SAI,SCA,S.Central-America,0.04956549983894755
UKESM1-1,d_vpd_fs_HiLLA_minus_SAI,CAR,Caribbean,0.022331229931277105
UKESM1-1,d_vpd_fs_HiLLA_minus_SAI,NWS,N.W.South-America,0.02584791094263102
UKESM1-1,d_vpd_fs_HiLLA_minus_SAI,NSA,N.South-America,0.07299808489706948
UKESM1-1,d_vpd_fs_HiLLA_minus_SAI,NES,N.E.South-America,0.10505727429640936
UKESM1-1,d_vpd_fs_HiLLA_minus_SAI,SAM,South-American-Monsoon,0.05764914010500736
UKESM1-1,d_vpd_fs_HiLLA_minus_SAI,SWS,S.W.South-America,0.030779194578977834
UKESM1-1,d_vpd_fs_HiLLA_minus_SAI,SES,S.E.South-America,0.03116438644456572
UKESM1-1,d_vpd_fs_HiLLA_minus_SAI,SSA,S.South-America,0.01085732255122556
UKESM1-1,d_vpd_fs_HiLLA_minus_SAI,NEU,N.Europe,-0.03130245920640206
UKESM1-1,d_vpd_fs_HiLLA_minus_SAI,WCE,West&Central-Europe,-0.04925419676347574
UKESM1-1,d_vpd_fs_HiLLA_minus_SAI,EEU,E.Europe,-0.01848446770157434
UKESM1-1,d_vpd_fs_HiLLA_minus_SAI,MED,Mediterranean,0.060080172449042464
UKESM1-1,d_vpd_fs_HiLLA_minus_SAI,SAH,Sahara,0.15155620692038188
UKESM1-1,d_vpd_fs_HiLLA_minus_SAI,WAF,Western-Africa,0.11058814976671139
UKESM1-1,d_vpd_fs_HiLLA_minus_SAI,CAF,Central-Africa,0.09219638180868131
UKESM1-1,d_vpd_fs_HiLLA_minus_SAI,NEAF,N.Eastern-Africa,0.10579207588194847
UKESM1-1,d_vpd_fs_HiLLA_minus_SAI,SEAF,S.Eastern-Africa,0.04670309407029065
UKESM1-1,d_vpd_fs_HiLLA_minus_SAI,WSAF,W.Southern-Africa,0.11349093733766027
UKESM1-1,d_vpd_fs_HiLLA_minus_SAI,ESAF,E.Southern-Africa,0.1262464883471924
UKESM1-1,d_vpd_fs_HiLLA_minus_SAI,MDG,Madagascar,0.04419413153671642
UKESM1-1,d_vpd_fs_HiLLA_minus_SAI,RAR,Russian-Arctic,-0.02275905838935418
UKESM1-1,d_vpd_fs_HiLLA_minus_SAI,WSB,W.Siberia,0.012290525514366707
UKESM1-1,d_vpd_fs_HiLLA_minus_SAI,ESB,E.Siberia,-0.012597415214849233
UKESM1-1,d_vpd_fs_HiLLA_minus_SAI,RFE,Russian-Far-East,-0.004759757715596567
UKESM1-1,d_vpd_fs_HiLLA_minus_SAI,WCA,W.C.Asia,0.12570886391381153
UKESM1-1,d_vpd_fs_HiLLA_minus_SAI,ECA,E.C.Asia,0.0780884906658303
UKESM1-1,d_vpd_fs_HiLLA_minus_SAI,TIB,Tibetan-Plateau,0.04663673158425085
UKESM1-1,d_vpd_fs_HiLLA_minus_SAI,EAS,E.Asia,0.04508081554444367
UKESM1-1,d_vpd_fs_HiLLA_minus_SAI,ARP,Arabian-Peninsula,0.16521561877027205
UKESM1-1,d_vpd_fs_HiLLA_minus_SAI,SAS,S.Asia,0.15248078683594668
UKESM1-1,d_vpd_fs_HiLLA_minus_SAI,SEA,S.E.Asia,0.0110981862153358
UKESM1-1,d_vpd_fs_HiLLA_minus_SAI,NAU,N.Australia,0.06266896592382781
UKESM1-1,d_vpd_fs_HiLLA_minus_SAI,CAU,C.Australia,0.07693123212885113
UKESM1-1,d_vpd_fs_HiLLA_minus_SAI,EAU,E.Australia,0.04385310139900768
UKESM1-1,d_vpd_fs_HiLLA_minus_SAI,SAU,S.Australia,0.07335411777089328
UKESM1-1,d_vpd_fs_HiLLA_minus_SAI,NZ,New-Zealand,-0.00268454438236514
UKESM1-1,d_vpd_fs_HiLLA_minus_SAI,EAN,E.Antarctica,
UKESM1-1,d_vpd_fs_HiLLA_minus_SAI,WAN,W.Antarctica,
UKESM1-1,d_pr_fs_HiLLA_minus_SAI,GIC,Greenland/Iceland,
UKESM1-1,d_pr_fs_HiLLA_minus_SAI,NWN,N.W.North-America,0.01436948645061906
UKESM1-1,d_pr_fs_HiLLA_minus_SAI,NEN,N.E.North-America,0.041640996996860746
UKESM1-1,d_pr_fs_HiLLA_minus_SAI,WNA,W.North-America,-0.07407148375513085
UKESM1-1,d_pr_fs_HiLLA_minus_SAI,CNA,C.North-America,-0.06617285646502943
UKESM1-1,d_pr_fs_HiLLA_minus_SAI,ENA,E.North-America,-0.1283137516029562
UKESM1-1,d_pr_fs_HiLLA_minus_SAI,NCA,N.Central-America,-0.03266549973373251
UKESM1-1,d_pr_fs_HiLLA_minus_SAI,SCA,S.Central-America,0.05965898100587181
UKESM1-1,d_pr_fs_HiLLA_minus_SAI,CAR,Caribbean,-0.0244886742720749
UKESM1-1,d_pr_fs_HiLLA_minus_SAI,NWS,N.W.South-America,0.007746009419937821
UKESM1-1,d_pr_fs_HiLLA_minus_SAI,NSA,N.South-America,0.000510422005365434
UKESM1-1,d_pr_fs_HiLLA_minus_SAI,NES,N.E.South-America,0.053632887633705925
UKESM1-1,d_pr_fs_HiLLA_minus_SAI,SAM,South-American-Monsoon,-0.001733208449900435
UKESM1-1,d_pr_fs_HiLLA_minus_SAI,SWS,S.W.South-America,-0.10140375618079403
UKESM1-1,d_pr_fs_HiLLA_minus_SAI,SES,S.E.South-America,0.09450661967852579
UKESM1-1,d_pr_fs_HiLLA_minus_SAI,SSA,S.South-America,-0.05304940368873353
UKESM1-1,d_pr_fs_HiLLA_minus_SAI,NEU,N.Europe,0.11012219561885384
UKESM1-1,d_pr_fs_HiLLA_minus_SAI,WCE,West&Central-Europe,-0.047352466872540196
UKESM1-1,d_pr_fs_HiLLA_minus_SAI,EEU,E.Europe,-0.029537070035286807
UKESM1-1,d_pr_fs_HiLLA_minus_SAI,MED,Mediterranean,-0.039361040688185224
UKESM1-1,d_pr_fs_HiLLA_minus_SAI,SAH,Sahara,-0.01000827741317775
UKESM1-1,d_pr_fs_HiLLA_minus_SAI,WAF,Western-Africa,0.015431847231571556
UKESM1-1,d_pr_fs_HiLLA_minus_SAI,CAF,Central-Africa,-0.021970161370238817
UKESM1-1,d_pr_fs_HiLLA_minus_SAI,NEAF,N.Eastern-Africa,-0.014626460526292195
UKESM1-1,d_pr_fs_HiLLA_minus_SAI,SEAF,S.Eastern-Africa,-0.02370033912669489
UKESM1-1,d_pr_fs_HiLLA_minus_SAI,WSAF,W.Southern-Africa,0.013218142146524645
UKESM1-1,d_pr_fs_HiLLA_minus_SAI,ESAF,E.Southern-Africa,-0.06923453427269045
UKESM1-1,d_pr_fs_HiLLA_minus_SAI,MDG,Madagascar,-0.04165620581183211
UKESM1-1,d_pr_fs_HiLLA_minus_SAI,RAR,Russian-Arctic,-0.00540976602114383
UKESM1-1,d_pr_fs_HiLLA_minus_SAI,WSB,W.Siberia,-0.06712100276160356
UKESM1-1,d_pr_fs_HiLLA_minus_SAI,ESB,E.Siberia,-0.1233181004781525
UKESM1-1,d_pr_fs_HiLLA_minus_SAI,RFE,Russian-Far-East,-0.1666748093154036
UKESM1-1,d_pr_fs_HiLLA_minus_SAI,WCA,W.C.Asia,-0.04599832423322964
UKESM1-1,d_pr_fs_HiLLA_minus_SAI,ECA,E.C.Asia,-0.02235121744004185
UKESM1-1,d_pr_fs_HiLLA_minus_SAI,TIB,Tibetan-Plateau,0.020450276869803188
UKESM1-1,d_pr_fs_HiLLA_minus_SAI,EAS,E.Asia,0.031099881121377154
UKESM1-1,d_pr_fs_HiLLA_minus_SAI,ARP,Arabian-Peninsula,-0.021270274204193793
UKESM1-1,d_pr_fs_HiLLA_minus_SAI,SAS,S.Asia,0.022688044406272954
UKESM1-1,d_pr_fs_HiLLA_minus_SAI,SEA,S.E.Asia,0.40829726678814177
UKESM1-1,d_pr_fs_HiLLA_minus_SAI,NAU,N.Australia,0.05326358307871788
UKESM1-1,d_pr_fs_HiLLA_minus_SAI,CAU,C.Australia,-0.02508307403418228
UKESM1-1,d_pr_fs_HiLLA_minus_SAI,EAU,E.Australia,0.2249309220977897
UKESM1-1,d_pr_fs_HiLLA_minus_SAI,SAU,S.Australia,-0.08191702118655295
UKESM1-1,d_pr_fs_HiLLA_minus_SAI,NZ,New-Zealand,-0.0464522141128911
UKESM1-1,d_pr_fs_HiLLA_minus_SAI,EAN,E.Antarctica,
UKESM1-1,d_pr_fs_HiLLA_minus_SAI,WAN,W.Antarctica,
UKESM1-1,dpct_pr_fs_HiLLA_minus_SAI,GIC,Greenland/Iceland,
UKESM1-1,dpct_pr_fs_HiLLA_minus_SAI,NWN,N.W.North-America,0.8264982178878896
UKESM1-1,dpct_pr_fs_HiLLA_minus_SAI,NEN,N.E.North-America,1.8408995608139553
UKESM1-1,dpct_pr_fs_HiLLA_minus_SAI,WNA,W.North-America,-10.176634444274844
UKESM1-1,dpct_pr_fs_HiLLA_minus_SAI,CNA,C.North-America,-2.7950446668569975
UKESM1-1,dpct_pr_fs_HiLLA_minus_SAI,ENA,E.North-America,-3.7471166873291035
UKESM1-1,dpct_pr_fs_HiLLA_minus_SAI,NCA,N.Central-America,-4.919995605673891
UKESM1-1,dpct_pr_fs_HiLLA_minus_SAI,SCA,S.Central-America,10.473806669069097
UKESM1-1,dpct_pr_fs_HiLLA_minus_SAI,CAR,Caribbean,-0.9457603648162342
UKESM1-1,dpct_pr_fs_HiLLA_minus_SAI,NWS,N.W.South-America,3.370812106890278
UKESM1-1,dpct_pr_fs_HiLLA_minus_SAI,NSA,N.South-America,3.2423212639137002
UKESM1-1,dpct_pr_fs_HiLLA_minus_SAI,NES,N.E.South-America,3.958386837218199
UKESM1-1,dpct_pr_fs_HiLLA_minus_SAI,SAM,South-American-Monsoon,1.721042732659947
UKESM1-1,dpct_pr_fs_HiLLA_minus_SAI,SWS,S.W.South-America,-2.935391779060084
UKESM1-1,dpct_pr_fs_HiLLA_minus_SAI,SES,S.E.South-America,1.2340186248979996
UKESM1-1,dpct_pr_fs_HiLLA_minus_SAI,SSA,S.South-America,-2.013440149767811
UKESM1-1,dpct_pr_fs_HiLLA_minus_SAI,NEU,N.Europe,4.359795737892445
UKESM1-1,dpct_pr_fs_HiLLA_minus_SAI,WCE,West&Central-Europe,-4.037692670564709
UKESM1-1,dpct_pr_fs_HiLLA_minus_SAI,EEU,E.Europe,-5.202339312589652
UKESM1-1,dpct_pr_fs_HiLLA_minus_SAI,MED,Mediterranean,-9.197822294754737
UKESM1-1,dpct_pr_fs_HiLLA_minus_SAI,SAH,Sahara,-11.775835264091862
UKESM1-1,dpct_pr_fs_HiLLA_minus_SAI,WAF,Western-Africa,3.91811486990794
UKESM1-1,dpct_pr_fs_HiLLA_minus_SAI,CAF,Central-Africa,-5.354729687373682
UKESM1-1,dpct_pr_fs_HiLLA_minus_SAI,NEAF,N.Eastern-Africa,-7.707141736495618
UKESM1-1,dpct_pr_fs_HiLLA_minus_SAI,SEAF,S.Eastern-Africa,-6.631763825991415
UKESM1-1,dpct_pr_fs_HiLLA_minus_SAI,WSAF,W.Southern-Africa,2.8542017757661013
UKESM1-1,dpct_pr_fs_HiLLA_minus_SAI,ESAF,E.Southern-Africa,-8.211714385870357
UKESM1-1,dpct_pr_fs_HiLLA_minus_SAI,MDG,Madagascar,-5.614639032853459
UKESM1-1,dpct_pr_fs_HiLLA_minus_SAI,RAR,Russian-Arctic,-0.28523751714627643
UKESM1-1,dpct_pr_fs_HiLLA_minus_SAI,WSB,W.Siberia,-6.574975030626714
UKESM1-1,dpct_pr_fs_HiLLA_minus_SAI,ESB,E.Siberia,-4.858616184948321
UKESM1-1,dpct_pr_fs_HiLLA_minus_SAI,RFE,Russian-Far-East,-4.386603772845753
UKESM1-1,dpct_pr_fs_HiLLA_minus_SAI,WCA,W.C.Asia,-27.005787869218928
UKESM1-1,dpct_pr_fs_HiLLA_minus_SAI,ECA,E.C.Asia,-4.284669222168467
UKESM1-1,dpct_pr_fs_HiLLA_minus_SAI,TIB,Tibetan-Plateau,1.6257963864712657
UKESM1-1,dpct_pr_fs_HiLLA_minus_SAI,EAS,E.Asia,1.2383026812770097
UKESM1-1,dpct_pr_fs_HiLLA_minus_SAI,ARP,Arabian-Peninsula,-28.16459184669175
UKESM1-1,dpct_pr_fs_HiLLA_minus_SAI,SAS,S.Asia,6.7624436834298285
UKESM1-1,dpct_pr_fs_HiLLA_minus_SAI,SEA,S.E.Asia,24.596018947259743
UKESM1-1,dpct_pr_fs_HiLLA_minus_SAI,NAU,N.Australia,16.34713289387309
UKESM1-1,dpct_pr_fs_HiLLA_minus_SAI,CAU,C.Australia,-1.7368287413176533
UKESM1-1,dpct_pr_fs_HiLLA_minus_SAI,EAU,E.Australia,13.979334715114481
UKESM1-1,dpct_pr_fs_HiLLA_minus_SAI,SAU,S.Australia,-6.879688116287015
UKESM1-1,dpct_pr_fs_HiLLA_minus_SAI,NZ,New-Zealand,-0.9293627599701383
UKESM1-1,dpct_pr_fs_HiLLA_minus_SAI,EAN,E.Antarctica,
UKESM1-1,dpct_pr_fs_HiLLA_minus_SAI,WAN,W.Antarctica,
UKESM1-1,d_vpd_days_p95_HiLLA_minus_SAI,GIC,Greenland/Iceland,
UKESM1-1,d_vpd_days_p95_HiLLA_minus_SAI,NWN,N.W.North-America,-3.8315315381199797
UKESM1-1,d_vpd_days_p95_HiLLA_minus_SAI,NEN,N.E.North-America,-2.9536205950745344
UKESM1-1,d_vpd_days_p95_HiLLA_minus_SAI,WNA,W.North-America,5.2069318371996065
UKESM1-1,d_vpd_days_p95_HiLLA_minus_SAI,CNA,C.North-America,7.39336560885556
UKESM1-1,d_vpd_days_p95_HiLLA_minus_SAI,ENA,E.North-America,2.378752304272962
UKESM1-1,d_vpd_days_p95_HiLLA_minus_SAI,NCA,N.Central-America,8.710084226409514
UKESM1-1,d_vpd_days_p95_HiLLA_minus_SAI,SCA,S.Central-America,6.635891246793215
UKESM1-1,d_vpd_days_p95_HiLLA_minus_SAI,CAR,Caribbean,3.6436808424027873
UKESM1-1,d_vpd_days_p95_HiLLA_minus_SAI,NWS,N.W.South-America,3.930348905436547
UKESM1-1,d_vpd_days_p95_HiLLA_minus_SAI,NSA,N.South-America,7.476333114175162
UKESM1-1,d_vpd_days_p95_HiLLA_minus_SAI,NES,N.E.South-America,9.403747427941573
UKESM1-1,d_vpd_days_p95_HiLLA_minus_SAI,SAM,South-American-Monsoon,5.855720451313613
UKESM1-1,d_vpd_days_p95_HiLLA_minus_SAI,SWS,S.W.South-America,5.266752935180018
UKESM1-1,d_vpd_days_p95_HiLLA_minus_SAI,SES,S.E.South-America,3.1219781091731638
UKESM1-1,d_vpd_days_p95_HiLLA_minus_SAI,SSA,S.South-America,0.2812536587763212
UKESM1-1,d_vpd_days_p95_HiLLA_minus_SAI,NEU,N.Europe,-5.172204767733089
UKESM1-1,d_vpd_days_p95_HiLLA_minus_SAI,WCE,West&Central-Europe,0.9427422647039195
UKESM1-1,d_vpd_days_p95_HiLLA_minus_SAI,EEU,E.Europe,2.3806199819688656
UKESM1-1,d_vpd_days_p95_HiLLA_minus_SAI,MED,Mediterranean,6.113449908297979
UKESM1-1,d_vpd_days_p95_HiLLA_minus_SAI,SAH,Sahara,8.759931669276574
UKESM1-1,d_vpd_days_p95_HiLLA_minus_SAI,WAF,Western-Africa,5.79572468373303
UKESM1-1,d_vpd_days_p95_HiLLA_minus_SAI,CAF,Central-Africa,8.437922691323498
UKESM1-1,d_vpd_days_p95_HiLLA_minus_SAI,NEAF,N.Eastern-Africa,8.115839880657278
UKESM1-1,d_vpd_days_p95_HiLLA_minus_SAI,SEAF,S.Eastern-Africa,6.892377452367465
UKESM1-1,d_vpd_days_p95_HiLLA_minus_SAI,WSAF,W.Southern-Africa,9.381985074839868
UKESM1-1,d_vpd_days_p95_HiLLA_minus_SAI,ESAF,E.Southern-Africa,10.528384690409615
UKESM1-1,d_vpd_days_p95_HiLLA_minus_SAI,MDG,Madagascar,7.508197001418075
UKESM1-1,d_vpd_days_p95_HiLLA_minus_SAI,RAR,Russian-Arctic,-4.080835952788313
UKESM1-1,d_vpd_days_p95_HiLLA_minus_SAI,WSB,W.Siberia,3.113584784241923
UKESM1-1,d_vpd_days_p95_HiLLA_minus_SAI,ESB,E.Siberia,0.15868104043574108
UKESM1-1,d_vpd_days_p95_HiLLA_minus_SAI,RFE,Russian-Far-East,-0.7679038405042178
UKESM1-1,d_vpd_days_p95_HiLLA_minus_SAI,WCA,W.C.Asia,7.574055822892777
UKESM1-1,d_vpd_days_p95_HiLLA_minus_SAI,ECA,E.C.Asia,6.257604260982684
UKESM1-1,d_vpd_days_p95_HiLLA_minus_SAI,TIB,Tibetan-Plateau,8.992790885579382
UKESM1-1,d_vpd_days_p95_HiLLA_minus_SAI,EAS,E.Asia,4.746293371398585
UKESM1-1,d_vpd_days_p95_HiLLA_minus_SAI,ARP,Arabian-Peninsula,9.173582196880774
UKESM1-1,d_vpd_days_p95_HiLLA_minus_SAI,SAS,S.Asia,8.623352389200239
UKESM1-1,d_vpd_days_p95_HiLLA_minus_SAI,SEA,S.E.Asia,4.519704903674884
UKESM1-1,d_vpd_days_p95_HiLLA_minus_SAI,NAU,N.Australia,5.4451057575321755
UKESM1-1,d_vpd_days_p95_HiLLA_minus_SAI,CAU,C.Australia,7.3736955291359205
UKESM1-1,d_vpd_days_p95_HiLLA_minus_SAI,EAU,E.Australia,5.650018636563828
UKESM1-1,d_vpd_days_p95_HiLLA_minus_SAI,SAU,S.Australia,8.507578867864984
UKESM1-1,d_vpd_days_p95_HiLLA_minus_SAI,NZ,New-Zealand,-6.727637912187832
UKESM1-1,d_vpd_days_p95_HiLLA_minus_SAI,EAN,E.Antarctica,
UKESM1-1,d_vpd_days_p95_HiLLA_minus_SAI,WAN,W.Antarctica,
UKESM1-1,d_vpd_fs_SAI_minus_target,GIC,Greenland/Iceland,
UKESM1-1,d_vpd_fs_SAI_minus_target,NWN,N.W.North-America,-0.00536545855742856
UKESM1-1,d_vpd_fs_SAI_minus_target,NEN,N.E.North-America,-0.013895202846210068
UKESM1-1,d_vpd_fs_SAI_minus_target,WNA,W.North-America,-0.13524380567072095
UKESM1-1,d_vpd_fs_SAI_minus_target,CNA,C.North-America,-0.251545668799246
UKESM1-1,d_vpd_fs_SAI_minus_target,ENA,E.North-America,-0.05839250659855358
UKESM1-1,d_vpd_fs_SAI_minus_target,NCA,N.Central-America,-0.1059380547927774
UKESM1-1,d_vpd_fs_SAI_minus_target,SCA,S.Central-America,-0.03807029298230979
UKESM1-1,d_vpd_fs_SAI_minus_target,CAR,Caribbean,-0.0207656226667413
UKESM1-1,d_vpd_fs_SAI_minus_target,NWS,N.W.South-America,0.04904898476822323
UKESM1-1,d_vpd_fs_SAI_minus_target,NSA,N.South-America,-0.045944528062440045
UKESM1-1,d_vpd_fs_SAI_minus_target,NES,N.E.South-America,-0.10896303890759484
UKESM1-1,d_vpd_fs_SAI_minus_target,SAM,South-American-Monsoon,-0.033721955034912404
UKESM1-1,d_vpd_fs_SAI_minus_target,SWS,S.W.South-America,-0.05133197628550736
UKESM1-1,d_vpd_fs_SAI_minus_target,SES,S.E.South-America,-0.046034288186769766
UKESM1-1,d_vpd_fs_SAI_minus_target,SSA,S.South-America,-0.03335172726730479
UKESM1-1,d_vpd_fs_SAI_minus_target,NEU,N.Europe,0.01468730245205064
UKESM1-1,d_vpd_fs_SAI_minus_target,WCE,West&Central-Europe,-0.1070425971331161
UKESM1-1,d_vpd_fs_SAI_minus_target,EEU,E.Europe,-0.09787899653179713
UKESM1-1,d_vpd_fs_SAI_minus_target,MED,Mediterranean,-0.1652785124082715
UKESM1-1,d_vpd_fs_SAI_minus_target,SAH,Sahara,-0.17508553462875565
UKESM1-1,d_vpd_fs_SAI_minus_target,WAF,Western-Africa,-0.04516643237030818
UKESM1-1,d_vpd_fs_SAI_minus_target,CAF,Central-Africa,0.07525707226093034
UKESM1-1,d_vpd_fs_SAI_minus_target,NEAF,N.Eastern-Africa,-0.03082460260505202
UKESM1-1,d_vpd_fs_SAI_minus_target,SEAF,S.Eastern-Africa,0.032592159751342914
UKESM1-1,d_vpd_fs_SAI_minus_target,WSAF,W.Southern-Africa,-0.05957744685589303
UKESM1-1,d_vpd_fs_SAI_minus_target,ESAF,E.Southern-Africa,-0.08374304342097152
UKESM1-1,d_vpd_fs_SAI_minus_target,MDG,Madagascar,-0.04805006062917477
UKESM1-1,d_vpd_fs_SAI_minus_target,RAR,Russian-Arctic,0.016024876425230226
UKESM1-1,d_vpd_fs_SAI_minus_target,WSB,W.Siberia,-0.12468396016425082
UKESM1-1,d_vpd_fs_SAI_minus_target,ESB,E.Siberia,-0.027533125318718547
UKESM1-1,d_vpd_fs_SAI_minus_target,RFE,Russian-Far-East,0.011060284734363513
UKESM1-1,d_vpd_fs_SAI_minus_target,WCA,W.C.Asia,-0.20642881545339026
UKESM1-1,d_vpd_fs_SAI_minus_target,ECA,E.C.Asia,-0.15710781474025062
UKESM1-1,d_vpd_fs_SAI_minus_target,TIB,Tibetan-Plateau,-0.00980390437930743
UKESM1-1,d_vpd_fs_SAI_minus_target,EAS,E.Asia,0.017153059262126815
UKESM1-1,d_vpd_fs_SAI_minus_target,ARP,Arabian-Peninsula,-0.16657547555373156
UKESM1-1,d_vpd_fs_SAI_minus_target,SAS,S.Asia,-0.04622383306975681
UKESM1-1,d_vpd_fs_SAI_minus_target,SEA,S.E.Asia,0.014462604487450634
UKESM1-1,d_vpd_fs_SAI_minus_target,NAU,N.Australia,-0.09077710843800108
UKESM1-1,d_vpd_fs_SAI_minus_target,CAU,C.Australia,-0.12793014485792978
UKESM1-1,d_vpd_fs_SAI_minus_target,EAU,E.Australia,-0.1279755055460649
UKESM1-1,d_vpd_fs_SAI_minus_target,SAU,S.Australia,-0.04297765935766067
UKESM1-1,d_vpd_fs_SAI_minus_target,NZ,New-Zealand,0.0214090591040556
UKESM1-1,d_vpd_fs_SAI_minus_target,EAN,E.Antarctica,
UKESM1-1,d_vpd_fs_SAI_minus_target,WAN,W.Antarctica,
UKESM1-1,d_pr_fs_SAI_minus_target,GIC,Greenland/Iceland,
UKESM1-1,d_pr_fs_SAI_minus_target,NWN,N.W.North-America,-0.025073999274061544
UKESM1-1,d_pr_fs_SAI_minus_target,NEN,N.E.North-America,-0.11236078362992992
UKESM1-1,d_pr_fs_SAI_minus_target,WNA,W.North-America,0.044036910210480805
UKESM1-1,d_pr_fs_SAI_minus_target,CNA,C.North-America,0.05083509975919804
UKESM1-1,d_pr_fs_SAI_minus_target,ENA,E.North-America,0.057263868920433225
UKESM1-1,d_pr_fs_SAI_minus_target,NCA,N.Central-America,-0.11091746306095647
UKESM1-1,d_pr_fs_SAI_minus_target,SCA,S.Central-America,-0.06795114181747329
UKESM1-1,d_pr_fs_SAI_minus_target,CAR,Caribbean,-0.022371625832506247
UKESM1-1,d_pr_fs_SAI_minus_target,NWS,N.W.South-America,0.1162461918558376
UKESM1-1,d_pr_fs_SAI_minus_target,NSA,N.South-America,0.08994816095792017
UKESM1-1,d_pr_fs_SAI_minus_target,NES,N.E.South-America,0.21731658633778336
UKESM1-1,d_pr_fs_SAI_minus_target,SAM,South-American-Monsoon,0.32427098371049595
UKESM1-1,d_pr_fs_SAI_minus_target,SWS,S.W.South-America,0.17976397381238676
UKESM1-1,d_pr_fs_SAI_minus_target,SES,S.E.South-America,0.1819519919056124
UKESM1-1,d_pr_fs_SAI_minus_target,SSA,S.South-America,0.08270052277226868
UKESM1-1,d_pr_fs_SAI_minus_target,NEU,N.Europe,-0.2538108179141825
UKESM1-1,d_pr_fs_SAI_minus_target,WCE,West&Central-Europe,0.09160042886688892
UKESM1-1,d_pr_fs_SAI_minus_target,EEU,E.Europe,-0.03951541001444031
UKESM1-1,d_pr_fs_SAI_minus_target,MED,Mediterranean,0.06297738625244573
UKESM1-1,d_pr_fs_SAI_minus_target,SAH,Sahara,0.007901451189660699
UKESM1-1,d_pr_fs_SAI_minus_target,WAF,Western-Africa,-0.027410257018799084
UKESM1-1,d_pr_fs_SAI_minus_target,CAF,Central-Africa,-0.012662868256808207
UKESM1-1,d_pr_fs_SAI_minus_target,NEAF,N.Eastern-Africa,-0.013962146927458521
UKESM1-1,d_pr_fs_SAI_minus_target,SEAF,S.Eastern-Africa,-0.0761196162653089
UKESM1-1,d_pr_fs_SAI_minus_target,WSAF,W.Southern-Africa,-0.020729190130297094
UKESM1-1,d_pr_fs_SAI_minus_target,ESAF,E.Southern-Africa,-0.023761359323059825
UKESM1-1,d_pr_fs_SAI_minus_target,MDG,Madagascar,0.027047259566204154
UKESM1-1,d_pr_fs_SAI_minus_target,RAR,Russian-Arctic,-0.11739229936968543
UKESM1-1,d_pr_fs_SAI_minus_target,WSB,W.Siberia,-0.056157046503030786
UKESM1-1,d_pr_fs_SAI_minus_target,ESB,E.Siberia,-0.08237404713496083
UKESM1-1,d_pr_fs_SAI_minus_target,RFE,Russian-Far-East,-0.17077548388127264
UKESM1-1,d_pr_fs_SAI_minus_target,WCA,W.C.Asia,0.04750557378865588
UKESM1-1,d_pr_fs_SAI_minus_target,ECA,E.C.Asia,0.0162176372263146
UKESM1-1,d_pr_fs_SAI_minus_target,TIB,Tibetan-Plateau,-0.059433804951145475
UKESM1-1,d_pr_fs_SAI_minus_target,EAS,E.Asia,-0.17952353405427499
UKESM1-1,d_pr_fs_SAI_minus_target,ARP,Arabian-Peninsula,0.010048562899213624
UKESM1-1,d_pr_fs_SAI_minus_target,SAS,S.Asia,-0.01892322171077877
UKESM1-1,d_pr_fs_SAI_minus_target,SEA,S.E.Asia,-0.2512103078623459
UKESM1-1,d_pr_fs_SAI_minus_target,NAU,N.Australia,0.07377292044333891
UKESM1-1,d_pr_fs_SAI_minus_target,CAU,C.Australia,0.1419426349521647
UKESM1-1,d_pr_fs_SAI_minus_target,EAU,E.Australia,0.1532005657735964
UKESM1-1,d_pr_fs_SAI_minus_target,SAU,S.Australia,0.03596210739349947
UKESM1-1,d_pr_fs_SAI_minus_target,NZ,New-Zealand,-0.3414420510623517
UKESM1-1,d_pr_fs_SAI_minus_target,EAN,E.Antarctica,
UKESM1-1,d_pr_fs_SAI_minus_target,WAN,W.Antarctica,
UKESM1-1,dpct_pr_fs_SAI_minus_target,GIC,Greenland/Iceland,
UKESM1-1,dpct_pr_fs_SAI_minus_target,NWN,N.W.North-America,-0.1956108943197652
UKESM1-1,dpct_pr_fs_SAI_minus_target,NEN,N.E.North-America,-3.3491360671780503
UKESM1-1,dpct_pr_fs_SAI_minus_target,WNA,W.North-America,1.6722619150173725
UKESM1-1,dpct_pr_fs_SAI_minus_target,CNA,C.North-America,2.633893953963787
UKESM1-1,dpct_pr_fs_SAI_minus_target,ENA,E.North-America,2.660412874763918
UKESM1-1,dpct_pr_fs_SAI_minus_target,NCA,N.Central-America,-9.189713058381974
UKESM1-1,dpct_pr_fs_SAI_minus_target,SCA,S.Central-America,-9.146003180461328
UKESM1-1,dpct_pr_fs_SAI_minus_target,CAR,Caribbean,-1.7391302957998922
UKESM1-1,dpct_pr_fs_SAI_minus_target,NWS,N.W.South-America,2.865975183522018
UKESM1-1,dpct_pr_fs_SAI_minus_target,NSA,N.South-America,11.612505812256552
UKESM1-1,dpct_pr_fs_SAI_minus_target,NES,N.E.South-America,35.08725169657762
UKESM1-1,dpct_pr_fs_SAI_minus_target,SAM,South-American-Monsoon,20.08513168881705
UKESM1-1,dpct_pr_fs_SAI_minus_target,SWS,S.W.South-America,7.191773620063196
UKESM1-1,dpct_pr_fs_SAI_minus_target,SES,S.E.South-America,6.173585355412403
UKESM1-1,dpct_pr_fs_SAI_minus_target,SSA,S.South-America,1.2414780620709234
UKESM1-1,dpct_pr_fs_SAI_minus_target,NEU,N.Europe,-8.19295299578578
UKESM1-1,dpct_pr_fs_SAI_minus_target,WCE,West&Central-Europe,8.550552696323324
UKESM1-1,dpct_pr_fs_SAI_minus_target,EEU,E.Europe,3.314748858033918
UKESM1-1,dpct_pr_fs_SAI_minus_target,MED,Mediterranean,19.470335291997372
UKESM1-1,dpct_pr_fs_SAI_minus_target,SAH,Sahara,8.449358356846304
UKESM1-1,dpct_pr_fs_SAI_minus_target,WAF,Western-Africa,-5.602378400691783
UKESM1-1,dpct_pr_fs_SAI_minus_target,CAF,Central-Africa,0.8397573291757126
UKESM1-1,dpct_pr_fs_SAI_minus_target,NEAF,N.Eastern-Africa,6.938973090486168
UKESM1-1,dpct_pr_fs_SAI_minus_target,SEAF,S.Eastern-Africa,-8.461181945979044
UKESM1-1,dpct_pr_fs_SAI_minus_target,WSAF,W.Southern-Africa,-6.621308231345456
UKESM1-1,dpct_pr_fs_SAI_minus_target,ESAF,E.Southern-Africa,-2.7278410834631313
UKESM1-1,dpct_pr_fs_SAI_minus_target,MDG,Madagascar,9.989224462409778
UKESM1-1,dpct_pr_fs_SAI_minus_target,RAR,Russian-Arctic,-4.937050963878938
UKESM1-1,dpct_pr_fs_SAI_minus_target,WSB,W.Siberia,-1.023895106940608
UKESM1-1,dpct_pr_fs_SAI_minus_target,ESB,E.Siberia,-2.2656592672321962
UKESM1-1,dpct_pr_fs_SAI_minus_target,RFE,Russian-Far-East,-4.574611662065371
UKESM1-1,dpct_pr_fs_SAI_minus_target,WCA,W.C.Asia,29.23568309853547
UKESM1-1,dpct_pr_fs_SAI_minus_target,ECA,E.C.Asia,1.365949458453509
UKESM1-1,dpct_pr_fs_SAI_minus_target,TIB,Tibetan-Plateau,-0.2969304851455417
UKESM1-1,dpct_pr_fs_SAI_minus_target,EAS,E.Asia,-5.75187287479189
UKESM1-1,dpct_pr_fs_SAI_minus_target,ARP,Arabian-Peninsula,23.036451630965434
UKESM1-1,dpct_pr_fs_SAI_minus_target,SAS,S.Asia,5.370434416898421
UKESM1-1,dpct_pr_fs_SAI_minus_target,SEA,S.E.Asia,-12.048984121377337
UKESM1-1,dpct_pr_fs_SAI_minus_target,NAU,N.Australia,40.13673321362916
UKESM1-1,dpct_pr_fs_SAI_minus_target,CAU,C.Australia,19.64207448417137
UKESM1-1,dpct_pr_fs_SAI_minus_target,EAU,E.Australia,11.627369175016163
UKESM1-1,dpct_pr_fs_SAI_minus_target,SAU,S.Australia,4.3384374870219755
UKESM1-1,dpct_pr_fs_SAI_minus_target,NZ,New-Zealand,-10.455089435458083
UKESM1-1,dpct_pr_fs_SAI_minus_target,EAN,E.Antarctica,
UKESM1-1,dpct_pr_fs_SAI_minus_target,WAN,W.Antarctica,
UKESM1-1,d_vpd_days_p95_SAI_minus_target,GIC,Greenland/Iceland,
UKESM1-1,d_vpd_days_p95_SAI_minus_target,NWN,N.W.North-America,1.57216241790291
UKESM1-1,d_vpd_days_p95_SAI_minus_target,NEN,N.E.North-America,0.47775333030597084
UKESM1-1,d_vpd_days_p95_SAI_minus_target,WNA,W.North-America,-8.115659044320182
UKESM1-1,d_vpd_days_p95_SAI_minus_target,CNA,C.North-America,-10.84153107783685
UKESM1-1,d_vpd_days_p95_SAI_minus_target,ENA,E.North-America,-2.7790302063509382
UKESM1-1,d_vpd_days_p95_SAI_minus_target,NCA,N.Central-America,-6.844999341039981
UKESM1-1,d_vpd_days_p95_SAI_minus_target,SCA,S.Central-America,-6.505266405816788
UKESM1-1,d_vpd_days_p95_SAI_minus_target,CAR,Caribbean,-7.700531149068794
UKESM1-1,d_vpd_days_p95_SAI_minus_target,NWS,N.W.South-America,4.435400621777858
UKESM1-1,d_vpd_days_p95_SAI_minus_target,NSA,N.South-America,-6.995983195650594
UKESM1-1,d_vpd_days_p95_SAI_minus_target,NES,N.E.South-America,-11.480817651336626
UKESM1-1,d_vpd_days_p95_SAI_minus_target,SAM,South-American-Monsoon,-5.457455728921553
UKESM1-1,d_vpd_days_p95_SAI_minus_target,SWS,S.W.South-America,-6.435518231270727
UKESM1-1,d_vpd_days_p95_SAI_minus_target,SES,S.E.South-America,-3.1136161425559763
UKESM1-1,d_vpd_days_p95_SAI_minus_target,SSA,S.South-America,-3.01587602548374
UKESM1-1,d_vpd_days_p95_SAI_minus_target,NEU,N.Europe,3.766723813833277
UKESM1-1,d_vpd_days_p95_SAI_minus_target,WCE,West&Central-Europe,-7.595729507362601
UKESM1-1,d_vpd_days_p95_SAI_minus_target,EEU,E.Europe,-5.8934134427185105
UKESM1-1,d_vpd_days_p95_SAI_minus_target,MED,Mediterranean,-9.814350747375693
UKESM1-1,d_vpd_days_p95_SAI_minus_target,SAH,Sahara,-8.841630622225898
UKESM1-1,d_vpd_days_p95_SAI_minus_target,WAF,Western-Africa,-0.9502237216807473
UKESM1-1,d_vpd_days_p95_SAI_minus_target,CAF,Central-Africa,3.5085234260719957
UKESM1-1,d_vpd_days_p95_SAI_minus_target,NEAF,N.Eastern-Africa,-3.3274290375656856
UKESM1-1,d_vpd_days_p95_SAI_minus_target,SEAF,S.Eastern-Africa,0.8040712626342615
UKESM1-1,d_vpd_days_p95_SAI_minus_target,WSAF,W.Southern-Africa,-6.603206704735809
UKESM1-1,d_vpd_days_p95_SAI_minus_target,ESAF,E.Southern-Africa,-7.0609422279392255
UKESM1-1,d_vpd_days_p95_SAI_minus_target,MDG,Madagascar,-5.642042584946999
UKESM1-1,d_vpd_days_p95_SAI_minus_target,RAR,Russian-Arctic,2.961386632740221
UKESM1-1,d_vpd_days_p95_SAI_minus_target,WSB,W.Siberia,-7.304464070405546
UKESM1-1,d_vpd_days_p95_SAI_minus_target,ESB,E.Siberia,-2.6296099116396117
UKESM1-1,d_vpd_days_p95_SAI_minus_target,RFE,Russian-Far-East,1.8898262623105884
UKESM1-1,d_vpd_days_p95_SAI_minus_target,WCA,W.C.Asia,-9.669446188101048
UKESM1-1,d_vpd_days_p95_SAI_minus_target,ECA,E.C.Asia,-10.026692027377797
UKESM1-1,d_vpd_days_p95_SAI_minus_target,TIB,Tibetan-Plateau,-1.8593905482620745
UKESM1-1,d_vpd_days_p95_SAI_minus_target,EAS,E.Asia,2.1972772721257687
UKESM1-1,d_vpd_days_p95_SAI_minus_target,ARP,Arabian-Peninsula,-9.02497054507424
UKESM1-1,d_vpd_days_p95_SAI_minus_target,SAS,S.Asia,-2.781601419904486
UKESM1-1,d_vpd_days_p95_SAI_minus_target,SEA,S.E.Asia,-1.235629226039825
UKESM1-1,d_vpd_days_p95_SAI_minus_target,NAU,N.Australia,-6.142269903615711
UKESM1-1,d_vpd_days_p95_SAI_minus_target,CAU,C.Australia,-8.387615858355188
UKESM1-1,d_vpd_days_p95_SAI_minus_target,EAU,E.Australia,-7.485888142545232
UKESM1-1,d_vpd_days_p95_SAI_minus_target,SAU,S.Australia,-7.831725330847397
UKESM1-1,d_vpd_days_p95_SAI_minus_target,NZ,New-Zealand,11.094500410464391
UKESM1-1,d_vpd_days_p95_SAI_minus_target,EAN,E.Antarctica,
UKESM1-1,d_vpd_days_p95_SAI_minus_target,WAN,W.Antarctica,
UKESM1-1,d_vpd_fs_HiLLA_minus_target,GIC,Greenland/Iceland,
UKESM1-1,d_vpd_fs_HiLLA_minus_target,NWN,N.W.North-America,-0.042731274967039864
UKESM1-1,d_vpd_fs_HiLLA_minus_target,NEN,N.E.North-America,-0.03452934450513582
UKESM1-1,d_vpd_fs_HiLLA_minus_target,WNA,W.North-America,-0.0713334316905502
UKESM1-1,d_vpd_fs_HiLLA_minus_target,CNA,C.North-America,-0.12136088095271523
UKESM1-1,d_vpd_fs_HiLLA_minus_target,ENA,E.North-America,-0.007980670851047447
UKESM1-1,d_vpd_fs_HiLLA_minus_target,NCA,N.Central-America,0.01956900684019166
UKESM1-1,d_vpd_fs_HiLLA_minus_target,SCA,S.Central-America,0.011495206856637758
UKESM1-1,d_vpd_fs_HiLLA_minus_target,CAR,Caribbean,0.0015656072645358107
UKESM1-1,d_vpd_fs_HiLLA_minus_target,NWS,N.W.South-America,0.07489689571085424
UKESM1-1,d_vpd_fs_HiLLA_minus_target,NSA,N.South-America,0.027053556834629462
UKESM1-1,d_vpd_fs_HiLLA_minus_target,NES,N.E.South-America,-0.0039057646111854655
UKESM1-1,d_vpd_fs_HiLLA_minus_target,SAM,South-American-Monsoon,0.023927185070094968
UKESM1-1,d_vpd_fs_HiLLA_minus_target,SWS,S.W.South-America,-0.020552781706529532
UKESM1-1,d_vpd_fs_HiLLA_minus_target,SES,S.E.South-America,-0.014869901742204053
UKESM1-1,d_vpd_fs_HiLLA_minus_target,SSA,S.South-America,-0.02249440471607923
UKESM1-1,d_vpd_fs_HiLLA_minus_target,NEU,N.Europe,-0.016615156754351407
UKESM1-1,d_vpd_fs_HiLLA_minus_target,WCE,West&Central-Europe,-0.15629679389659187
UKESM1-1,d_vpd_fs_HiLLA_minus_target,EEU,E.Europe,-0.11636346423337145
UKESM1-1,d_vpd_fs_HiLLA_minus_target,MED,Mediterranean,-0.10519833995922893
UKESM1-1,d_vpd_fs_HiLLA_minus_target,SAH,Sahara,-0.02352932770837367
UKESM1-1,d_vpd_fs_HiLLA_minus_target,WAF,Western-Africa,0.0654217173964032
UKESM1-1,d_vpd_fs_HiLLA_minus_target,CAF,Central-Africa,0.16745345406961165
UKESM1-1,d_vpd_fs_HiLLA_minus_target,NEAF,N.Eastern-Africa,0.07496747327689646
UKESM1-1,d_vpd_fs_HiLLA_minus_target,SEAF,S.Eastern-Africa,0.07929525382163355
UKESM1-1,d_vpd_fs_HiLLA_minus_target,WSAF,W.Southern-Africa,0.05391349048176729
UKESM1-1,d_vpd_fs_HiLLA_minus_target,ESAF,E.Southern-Africa,0.042503444926220914
UKESM1-1,d_vpd_fs_HiLLA_minus_target,MDG,Madagascar,-0.003855929092458355
UKESM1-1,d_vpd_fs_HiLLA_minus_target,RAR,Russian-Arctic,-0.006734181964123946
UKESM1-1,d_vpd_fs_HiLLA_minus_target,WSB,W.Siberia,-0.11239343464988409
UKESM1-1,d_vpd_fs_HiLLA_minus_target,ESB,E.Siberia,-0.04013054053356776
UKESM1-1,d_vpd_fs_HiLLA_minus_target,RFE,Russian-Far-East,0.0063005270187669465
UKESM1-1,d_vpd_fs_HiLLA_minus_target,WCA,W.C.Asia,-0.08071995153957874
UKESM1-1,d_vpd_fs_HiLLA_minus_target,ECA,E.C.Asia,-0.07901932407442035
UKESM1-1,d_vpd_fs_HiLLA_minus_target,TIB,Tibetan-Plateau,0.03683282720494342
UKESM1-1,d_vpd_fs_HiLLA_minus_target,EAS,E.Asia,0.06223387480657045
UKESM1-1,d_vpd_fs_HiLLA_minus_target,ARP,Arabian-Peninsula,-0.0013598567834595123
UKESM1-1,d_vpd_fs_HiLLA_minus_target,SAS,S.Asia,0.10625695376618988
UKESM1-1,d_vpd_fs_HiLLA_minus_target,SEA,S.E.Asia,0.025560790702786423
UKESM1-1,d_vpd_fs_HiLLA_minus_target,NAU,N.Australia,-0.02810814251417326
UKESM1-1,d_vpd_fs_HiLLA_minus_target,CAU,C.Australia,-0.05099891272907868
UKESM1-1,d_vpd_fs_HiLLA_minus_target,EAU,E.Australia,-0.08412240414705723
UKESM1-1,d_vpd_fs_HiLLA_minus_target,SAU,S.Australia,0.03037645841323259
UKESM1-1,d_vpd_fs_HiLLA_minus_target,NZ,New-Zealand,0.01872451472169046
UKESM1-1,d_vpd_fs_HiLLA_minus_target,EAN,E.Antarctica,
UKESM1-1,d_vpd_fs_HiLLA_minus_target,WAN,W.Antarctica,
UKESM1-1,d_pr_fs_HiLLA_minus_target,GIC,Greenland/Iceland,
UKESM1-1,d_pr_fs_HiLLA_minus_target,NWN,N.W.North-America,-0.010704512823442482
UKESM1-1,d_pr_fs_HiLLA_minus_target,NEN,N.E.North-America,-0.0707197866330692
UKESM1-1,d_pr_fs_HiLLA_minus_target,WNA,W.North-America,-0.03003457354465006
UKESM1-1,d_pr_fs_HiLLA_minus_target,CNA,C.North-America,-0.015337756705831415
UKESM1-1,d_pr_fs_HiLLA_minus_target,ENA,E.North-America,-0.07104988268252295
UKESM1-1,d_pr_fs_HiLLA_minus_target,NCA,N.Central-America,-0.143582962794689
UKESM1-1,d_pr_fs_HiLLA_minus_target,SCA,S.Central-America,-0.00829216081160147
UKESM1-1,d_pr_fs_HiLLA_minus_target,CAR,Caribbean,-0.04686030010458116
UKESM1-1,d_pr_fs_HiLLA_minus_target,NWS,N.W.South-America,0.12399220127577541
UKESM1-1,d_pr_fs_HiLLA_minus_target,NSA,N.South-America,0.09045858296328559
UKESM1-1,d_pr_fs_HiLLA_minus_target,NES,N.E.South-America,0.2709494739714893
UKESM1-1,d_pr_fs_HiLLA_minus_target,SAM,South-American-Monsoon,0.32253777526059546
UKESM1-1,d_pr_fs_HiLLA_minus_target,SWS,S.W.South-America,0.07836021763159277
UKESM1-1,d_pr_fs_HiLLA_minus_target,SES,S.E.South-America,0.27645861158413826
UKESM1-1,d_pr_fs_HiLLA_minus_target,SSA,S.South-America,0.029651119083535148
UKESM1-1,d_pr_fs_HiLLA_minus_target,NEU,N.Europe,-0.14368862229532858
UKESM1-1,d_pr_fs_HiLLA_minus_target,WCE,West&Central-Europe,0.04424796199434872
UKESM1-1,d_pr_fs_HiLLA_minus_target,EEU,E.Europe,-0.06905248004972711
UKESM1-1,d_pr_fs_HiLLA_minus_target,MED,Mediterranean,0.0236163455642605
UKESM1-1,d_pr_fs_HiLLA_minus_target,SAH,Sahara,-0.0021068262235170504
UKESM1-1,d_pr_fs_HiLLA_minus_target,WAF,Western-Africa,-0.011978409787227527
UKESM1-1,d_pr_fs_HiLLA_minus_target,CAF,Central-Africa,-0.03463302962704701
UKESM1-1,d_pr_fs_HiLLA_minus_target,NEAF,N.Eastern-Africa,-0.028588607453750716
UKESM1-1,d_pr_fs_HiLLA_minus_target,SEAF,S.Eastern-Africa,-0.09981995539200379
UKESM1-1,d_pr_fs_HiLLA_minus_target,WSAF,W.Southern-Africa,-0.007511047983772445
UKESM1-1,d_pr_fs_HiLLA_minus_target,ESAF,E.Southern-Africa,-0.09299589359575025
UKESM1-1,d_pr_fs_HiLLA_minus_target,MDG,Madagascar,-0.014608946245627967
UKESM1-1,d_pr_fs_HiLLA_minus_target,RAR,Russian-Arctic,-0.12280206539082925
UKESM1-1,d_pr_fs_HiLLA_minus_target,WSB,W.Siberia,-0.12327804926463436
UKESM1-1,d_pr_fs_HiLLA_minus_target,ESB,E.Siberia,-0.20569214761311336
UKESM1-1,d_pr_fs_HiLLA_minus_target,RFE,Russian-Far-East,-0.33745029319667624
UKESM1-1,d_pr_fs_HiLLA_minus_target,WCA,W.C.Asia,0.0015072495554262456
UKESM1-1,d_pr_fs_HiLLA_minus_target,ECA,E.C.Asia,-0.006133580213727259
UKESM1-1,d_pr_fs_HiLLA_minus_target,TIB,Tibetan-Plateau,-0.03898352808134231
UKESM1-1,d_pr_fs_HiLLA_minus_target,EAS,E.Asia,-0.14842365293289783
UKESM1-1,d_pr_fs_HiLLA_minus_target,ARP,Arabian-Peninsula,-0.011221711304980168
UKESM1-1,d_pr_fs_HiLLA_minus_target,SAS,S.Asia,0.003764822695494198
UKESM1-1,d_pr_fs_HiLLA_minus_target,SEA,S.E.Asia,0.15708695892579594
UKESM1-1,d_pr_fs_HiLLA_minus_target,NAU,N.Australia,0.12703650352205678
UKESM1-1,d_pr_fs_HiLLA_minus_target,CAU,C.Australia,0.11685956091798241
UKESM1-1,d_pr_fs_HiLLA_minus_target,EAU,E.Australia,0.37813148787138606
UKESM1-1,d_pr_fs_HiLLA_minus_target,SAU,S.Australia,-0.04595491379305346
UKESM1-1,d_pr_fs_HiLLA_minus_target,NZ,New-Zealand,-0.38789426517524284
UKESM1-1,d_pr_fs_HiLLA_minus_target,EAN,E.Antarctica,
UKESM1-1,d_pr_fs_HiLLA_minus_target,WAN,W.Antarctica,
UKESM1-1,dpct_pr_fs_HiLLA_minus_target,GIC,Greenland/Iceland,
UKESM1-1,dpct_pr_fs_HiLLA_minus_target,NWN,N.W.North-America,0.4999109506910928
UKESM1-1,dpct_pr_fs_HiLLA_minus_target,NEN,N.E.North-America,-1.6314457320230726
UKESM1-1,dpct_pr_fs_HiLLA_minus_target,WNA,W.North-America,-8.30862401003061
UKESM1-1,dpct_pr_fs_HiLLA_minus_target,CNA,C.North-America,-0.3902476904236838
UKESM1-1,dpct_pr_fs_HiLLA_minus_target,ENA,E.North-America,-1.4604492696735647
UKESM1-1,dpct_pr_fs_HiLLA_minus_target,NCA,N.Central-America,-14.907738181742506
UKESM1-1,dpct_pr_fs_HiLLA_minus_target,SCA,S.Central-America,-1.2110752879349076
UKESM1-1,dpct_pr_fs_HiLLA_minus_target,CAR,Caribbean,-3.3678203731167016
UKESM1-1,dpct_pr_fs_HiLLA_minus_target,NWS,N.W.South-America,5.48014739158379
UKESM1-1,dpct_pr_fs_HiLLA_minus_target,NSA,N.South-America,15.170036300073157
UKESM1-1,dpct_pr_fs_HiLLA_minus_target,NES,N.E.South-America,40.092840136537546
UKESM1-1,dpct_pr_fs_HiLLA_minus_target,SAM,South-American-Monsoon,22.321800880655015
UKESM1-1,dpct_pr_fs_HiLLA_minus_target,SWS,S.W.South-America,2.5386580667190426
UKESM1-1,dpct_pr_fs_HiLLA_minus_target,SES,S.E.South-America,7.181234310352326
UKESM1-1,dpct_pr_fs_HiLLA_minus_target,SSA,S.South-America,-0.8144298589006076
UKESM1-1,dpct_pr_fs_HiLLA_minus_target,NEU,N.Europe,-4.6981274336537115
UKESM1-1,dpct_pr_fs_HiLLA_minus_target,WCE,West&Central-Europe,3.285963702605008
UKESM1-1,dpct_pr_fs_HiLLA_minus_target,EEU,E.Europe,-2.8145613045384286
UKESM1-1,dpct_pr_fs_HiLLA_minus_target,MED,Mediterranean,7.959879442178177
UKESM1-1,dpct_pr_fs_HiLLA_minus_target,SAH,Sahara,-5.064943772121468
UKESM1-1,dpct_pr_fs_HiLLA_minus_target,WAF,Western-Africa,-2.806618465444555
UKESM1-1,dpct_pr_fs_HiLLA_minus_target,CAF,Central-Africa,-4.8379249587573305
UKESM1-1,dpct_pr_fs_HiLLA_minus_target,NEAF,N.Eastern-Africa,-3.7199120731190725
UKESM1-1,dpct_pr_fs_HiLLA_minus_target,SEAF,S.Eastern-Africa,-16.951225336859842
UKESM1-1,dpct_pr_fs_HiLLA_minus_target,WSAF,W.Southern-Africa,-4.909821064967642
UKESM1-1,dpct_pr_fs_HiLLA_minus_target,ESAF,E.Southern-Africa,-11.465535121765955
UKESM1-1,dpct_pr_fs_HiLLA_minus_target,MDG,Madagascar,2.592728102724649
UKESM1-1,dpct_pr_fs_HiLLA_minus_target,RAR,Russian-Arctic,-5.259929373708
UKESM1-1,dpct_pr_fs_HiLLA_minus_target,WSB,W.Siberia,-7.794476578441928
UKESM1-1,dpct_pr_fs_HiLLA_minus_target,ESB,E.Siberia,-7.2264503731226695
UKESM1-1,dpct_pr_fs_HiLLA_minus_target,RFE,Russian-Far-East,-8.857448845049662
UKESM1-1,dpct_pr_fs_HiLLA_minus_target,WCA,W.C.Asia,-2.9340508333204447
UKESM1-1,dpct_pr_fs_HiLLA_minus_target,ECA,E.C.Asia,-3.6576613163403895
UKESM1-1,dpct_pr_fs_HiLLA_minus_target,TIB,Tibetan-Plateau,-0.08343270343028433
UKESM1-1,dpct_pr_fs_HiLLA_minus_target,EAS,E.Asia,-4.801717238967077
UKESM1-1,dpct_pr_fs_HiLLA_minus_target,ARP,Arabian-Peninsula,-12.51564159431664
UKESM1-1,dpct_pr_fs_HiLLA_minus_target,SAS,S.Asia,9.928450697193384
UKESM1-1,dpct_pr_fs_HiLLA_minus_target,SEA,S.E.Asia,8.106780642090543
UKESM1-1,dpct_pr_fs_HiLLA_minus_target,NAU,N.Australia,53.40061295797239
UKESM1-1,dpct_pr_fs_HiLLA_minus_target,CAU,C.Australia,17.71258894968976
UKESM1-1,dpct_pr_fs_HiLLA_minus_target,EAU,E.Australia,27.41146437708905
UKESM1-1,dpct_pr_fs_HiLLA_minus_target,SAU,S.Australia,-3.1976442964691274
UKESM1-1,dpct_pr_fs_HiLLA_minus_target,NZ,New-Zealand,-11.47610341893647
UKESM1-1,dpct_pr_fs_HiLLA_minus_target,EAN,E.Antarctica,
UKESM1-1,dpct_pr_fs_HiLLA_minus_target,WAN,W.Antarctica,
UKESM1-1,d_vpd_days_p95_HiLLA_minus_target,GIC,Greenland/Iceland,
UKESM1-1,d_vpd_days_p95_HiLLA_minus_target,NWN,N.W.North-America,-2.259369120217071
UKESM1-1,d_vpd_days_p95_HiLLA_minus_target,NEN,N.E.North-America,-2.475867264768564
UKESM1-1,d_vpd_days_p95_HiLLA_minus_target,WNA,W.North-America,-2.9087272071205788
UKESM1-1,d_vpd_days_p95_HiLLA_minus_target,CNA,C.North-America,-3.4481654689812884
UKESM1-1,d_vpd_days_p95_HiLLA_minus_target,ENA,E.North-America,-0.4002779020779758
UKESM1-1,d_vpd_days_p95_HiLLA_minus_target,NCA,N.Central-America,1.865084885369534
UKESM1-1,d_vpd_days_p95_HiLLA_minus_target,SCA,S.Central-America,0.13062484097642763
UKESM1-1,d_vpd_days_p95_HiLLA_minus_target,CAR,Caribbean,-4.056850306666007
UKESM1-1,d_vpd_days_p95_HiLLA_minus_target,NWS,N.W.South-America,8.365749527214403
UKESM1-1,d_vpd_days_p95_HiLLA_minus_target,NSA,N.South-America,0.4803499185245681
UKESM1-1,d_vpd_days_p95_HiLLA_minus_target,NES,N.E.South-America,-2.0770702233950504
UKESM1-1,d_vpd_days_p95_HiLLA_minus_target,SAM,South-American-Monsoon,0.3982647223920583
UKESM1-1,d_vpd_days_p95_HiLLA_minus_target,SWS,S.W.South-America,-1.1687652960907082
UKESM1-1,d_vpd_days_p95_HiLLA_minus_target,SES,S.E.South-America,0.008361966617187704
UKESM1-1,d_vpd_days_p95_HiLLA_minus_target,SSA,S.South-America,-2.734622366707418
UKESM1-1,d_vpd_days_p95_HiLLA_minus_target,NEU,N.Europe,-1.4054809538998132
UKESM1-1,d_vpd_days_p95_HiLLA_minus_target,WCE,West&Central-Europe,-6.652987242658682
UKESM1-1,d_vpd_days_p95_HiLLA_minus_target,EEU,E.Europe,-3.5127934607496485
UKESM1-1,d_vpd_days_p95_HiLLA_minus_target,MED,Mediterranean,-3.7009008390777134
UKESM1-1,d_vpd_days_p95_HiLLA_minus_target,SAH,Sahara,-0.08169895294932353
UKESM1-1,d_vpd_days_p95_HiLLA_minus_target,WAF,Western-Africa,4.8455009620522835
UKESM1-1,d_vpd_days_p95_HiLLA_minus_target,CAF,Central-Africa,11.946446117395498
UKESM1-1,d_vpd_days_p95_HiLLA_minus_target,NEAF,N.Eastern-Africa,4.78841084309159
UKESM1-1,d_vpd_days_p95_HiLLA_minus_target,SEAF,S.Eastern-Africa,7.696448715001725
UKESM1-1,d_vpd_days_p95_HiLLA_minus_target,WSAF,W.Southern-Africa,2.778778370104056
UKESM1-1,d_vpd_days_p95_HiLLA_minus_target,ESAF,E.Southern-Africa,3.467442462470386
UKESM1-1,d_vpd_days_p95_HiLLA_minus_target,MDG,Madagascar,1.866154416471075
UKESM1-1,d_vpd_days_p95_HiLLA_minus_target,RAR,Russian-Arctic,-1.1194493200480924
UKESM1-1,d_vpd_days_p95_HiLLA_minus_target,WSB,W.Siberia,-4.19087928616362
UKESM1-1,d_vpd_days_p95_HiLLA_minus_target,ESB,E.Siberia,-2.47092887120387
UKESM1-1,d_vpd_days_p95_HiLLA_minus_target,RFE,Russian-Far-East,1.1219224218063701
UKESM1-1,d_vpd_days_p95_HiLLA_minus_target,WCA,W.C.Asia,-2.0953903652082713
UKESM1-1,d_vpd_days_p95_HiLLA_minus_target,ECA,E.C.Asia,-3.7690877663951117
UKESM1-1,d_vpd_days_p95_HiLLA_minus_target,TIB,Tibetan-Plateau,7.133400337317308
UKESM1-1,d_vpd_days_p95_HiLLA_minus_target,EAS,E.Asia,6.9435706435243585
UKESM1-1,d_vpd_days_p95_HiLLA_minus_target,ARP,Arabian-Peninsula,0.14861165180653613
UKESM1-1,d_vpd_days_p95_HiLLA_minus_target,SAS,S.Asia,5.8417509692957506
UKESM1-1,d_vpd_days_p95_HiLLA_minus_target,SEA,S.E.Asia,3.2840756776350606
UKESM1-1,d_vpd_days_p95_HiLLA_minus_target,NAU,N.Australia,-0.697164146083536
UKESM1-1,d_vpd_days_p95_HiLLA_minus_target,CAU,C.Australia,-1.0139203292192673
UKESM1-1,d_vpd_days_p95_HiLLA_minus_target,EAU,E.Australia,-1.8358695059814045
UKESM1-1,d_vpd_days_p95_HiLLA_minus_target,SAU,S.Australia,0.6758535370175881
UKESM1-1,d_vpd_days_p95_HiLLA_minus_target,NZ,New-Zealand,4.36686249827656
UKESM1-1,d_vpd_days_p95_HiLLA_minus_target,EAN,E.Antarctica,
UKESM1-1,d_vpd_days_p95_HiLLA_minus_target,WAN,W.Antarctica,
UKESM1-1,dvpd_fs_T_G6-1.5K-SAI,GIC,Greenland/Iceland,
UKESM1-1,dvpd_fs_T_G6-1.5K-SAI,NWN,N.W.North-America,-0.13047043829947058
UKESM1-1,dvpd_fs_T_G6-1.5K-SAI,NEN,N.E.North-America,-0.13594255986846465
UKESM1-1,dvpd_fs_T_G6-1.5K-SAI,WNA,W.North-America,-0.29913121400962916
UKESM1-1,dvpd_fs_T_G6-1.5K-SAI,CNA,C.North-America,-0.38445965089563955
UKESM1-1,dvpd_fs_T_G6-1.5K-SAI,ENA,E.North-America,-0.22822990900360474
UKESM1-1,dvpd_fs_T_G6-1.5K-SAI,NCA,N.Central-America,-0.23384858106536685
UKESM1-1,dvpd_fs_T_G6-1.5K-SAI,SCA,S.Central-America,-0.18148839666053163
UKESM1-1,dvpd_fs_T_G6-1.5K-SAI,CAR,Caribbean,-0.10408257119253907
UKESM1-1,dvpd_fs_T_G6-1.5K-SAI,NWS,N.W.South-America,-0.14227335505796768
UKESM1-1,dvpd_fs_T_G6-1.5K-SAI,NSA,N.South-America,-0.3626440547897097
UKESM1-1,dvpd_fs_T_G6-1.5K-SAI,NES,N.E.South-America,-0.3061513202230318
UKESM1-1,dvpd_fs_T_G6-1.5K-SAI,SAM,South-American-Monsoon,-0.31595942535488386
UKESM1-1,dvpd_fs_T_G6-1.5K-SAI,SWS,S.W.South-America,-0.14191396341481716
UKESM1-1,dvpd_fs_T_G6-1.5K-SAI,SES,S.E.South-America,-0.16506570119515324
UKESM1-1,dvpd_fs_T_G6-1.5K-SAI,SSA,S.South-America,-0.08674443747112719
UKESM1-1,dvpd_fs_T_G6-1.5K-SAI,NEU,N.Europe,-0.07984687657190276
UKESM1-1,dvpd_fs_T_G6-1.5K-SAI,WCE,West&Central-Europe,-0.25668597397748294
UKESM1-1,dvpd_fs_T_G6-1.5K-SAI,EEU,E.Europe,-0.3001589521170973
UKESM1-1,dvpd_fs_T_G6-1.5K-SAI,MED,Mediterranean,-0.39310126456776834
UKESM1-1,dvpd_fs_T_G6-1.5K-SAI,SAH,Sahara,-0.5874618804911861
UKESM1-1,dvpd_fs_T_G6-1.5K-SAI,WAF,Western-Africa,-0.3576842242273463
UKESM1-1,dvpd_fs_T_G6-1.5K-SAI,CAF,Central-Africa,-0.27074727203319293
UKESM1-1,dvpd_fs_T_G6-1.5K-SAI,NEAF,N.Eastern-Africa,-0.3437752645208655
UKESM1-1,dvpd_fs_T_G6-1.5K-SAI,SEAF,S.Eastern-Africa,-0.1956527242696734
UKESM1-1,dvpd_fs_T_G6-1.5K-SAI,WSAF,W.Southern-Africa,-0.298018664178936
UKESM1-1,dvpd_fs_T_G6-1.5K-SAI,ESAF,E.Southern-Africa,-0.22185862487439678
UKESM1-1,dvpd_fs_T_G6-1.5K-SAI,MDG,Madagascar,-0.10745709480853381
UKESM1-1,dvpd_fs_T_G6-1.5K-SAI,RAR,Russian-Arctic,-0.10300654792582731
UKESM1-1,dvpd_fs_T_G6-1.5K-SAI,WSB,W.Siberia,-0.34675575690120947
UKESM1-1,dvpd_fs_T_G6-1.5K-SAI,ESB,E.Siberia,-0.17154605072910248
UKESM1-1,dvpd_fs_T_G6-1.5K-SAI,RFE,Russian-Far-East,-0.09157401752384448
UKESM1-1,dvpd_fs_T_G6-1.5K-SAI,WCA,W.C.Asia,-0.5455425469077718
UKESM1-1,dvpd_fs_T_G6-1.5K-SAI,ECA,E.C.Asia,-0.37525830146169753
UKESM1-1,dvpd_fs_T_G6-1.5K-SAI,TIB,Tibetan-Plateau,-0.08185265619713714
UKESM1-1,dvpd_fs_T_G6-1.5K-SAI,EAS,E.Asia,-0.1617302683289702
UKESM1-1,dvpd_fs_T_G6-1.5K-SAI,ARP,Arabian-Peninsula,-0.6718998592898643
UKESM1-1,dvpd_fs_T_G6-1.5K-SAI,SAS,S.Asia,-0.42826930196273744
UKESM1-1,dvpd_fs_T_G6-1.5K-SAI,SEA,S.E.Asia,-0.16078290903333758
UKESM1-1,dvpd_fs_T_G6-1.5K-SAI,NAU,N.Australia,-0.2665714975100527
UKESM1-1,dvpd_fs_T_G6-1.5K-SAI,CAU,C.Australia,-0.4342868318574751
UKESM1-1,dvpd_fs_T_G6-1.5K-SAI,EAU,E.Australia,-0.2256419227381904
UKESM1-1,dvpd_fs_T_G6-1.5K-SAI,SAU,S.Australia,-0.18353691352271662
UKESM1-1,dvpd_fs_T_G6-1.5K-SAI,NZ,New-Zealand,-0.05767965228990719
UKESM1-1,dvpd_fs_T_G6-1.5K-SAI,EAN,E.Antarctica,
UKESM1-1,dvpd_fs_T_G6-1.5K-SAI,WAN,W.Antarctica,
UKESM1-1,dvpd_fs_RH_G6-1.5K-SAI,GIC,Greenland/Iceland,
UKESM1-1,dvpd_fs_RH_G6-1.5K-SAI,NWN,N.W.North-America,-0.055105527525534576
UKESM1-1,dvpd_fs_RH_G6-1.5K-SAI,NEN,N.E.North-America,-0.06779635946687046
UKESM1-1,dvpd_fs_RH_G6-1.5K-SAI,WNA,W.North-America,-0.041976446406018934
UKESM1-1,dvpd_fs_RH_G6-1.5K-SAI,CNA,C.North-America,-0.17136653146379222
UKESM1-1,dvpd_fs_RH_G6-1.5K-SAI,ENA,E.North-America,-0.05023818663898569
UKESM1-1,dvpd_fs_RH_G6-1.5K-SAI,NCA,N.Central-America,-0.05048406189435355
UKESM1-1,dvpd_fs_RH_G6-1.5K-SAI,SCA,S.Central-America,-0.1164639813595034
UKESM1-1,dvpd_fs_RH_G6-1.5K-SAI,CAR,Caribbean,-0.0023243975779071507
UKESM1-1,dvpd_fs_RH_G6-1.5K-SAI,NWS,N.W.South-America,-0.07184544969394349
UKESM1-1,dvpd_fs_RH_G6-1.5K-SAI,NSA,N.South-America,-0.22837472319276153
UKESM1-1,dvpd_fs_RH_G6-1.5K-SAI,NES,N.E.South-America,-0.15076407073604892
UKESM1-1,dvpd_fs_RH_G6-1.5K-SAI,SAM,South-American-Monsoon,-0.1806506367589465
UKESM1-1,dvpd_fs_RH_G6-1.5K-SAI,SWS,S.W.South-America,-0.03541480112491618
UKESM1-1,dvpd_fs_RH_G6-1.5K-SAI,SES,S.E.South-America,-0.01826559028889112
UKESM1-1,dvpd_fs_RH_G6-1.5K-SAI,SSA,S.South-America,-0.0020636992006810738
UKESM1-1,dvpd_fs_RH_G6-1.5K-SAI,NEU,N.Europe,-0.017169099662054522
UKESM1-1,dvpd_fs_RH_G6-1.5K-SAI,WCE,West&Central-Europe,-0.13291632069098638
UKESM1-1,dvpd_fs_RH_G6-1.5K-SAI,EEU,E.Europe,-0.08199241624995679
UKESM1-1,dvpd_fs_RH_G6-1.5K-SAI,MED,Mediterranean,-0.13039949719375393
UKESM1-1,dvpd_fs_RH_G6-1.5K-SAI,SAH,Sahara,-0.031002755510424678
UKESM1-1,dvpd_fs_RH_G6-1.5K-SAI,WAF,Western-Africa,-0.06410329145176531
UKESM1-1,dvpd_fs_RH_G6-1.5K-SAI,CAF,Central-Africa,-0.06318597924945367
UKESM1-1,dvpd_fs_RH_G6-1.5K-SAI,NEAF,N.Eastern-Africa,-0.00021063558037593484
UKESM1-1,dvpd_fs_RH_G6-1.5K-SAI,SEAF,S.Eastern-Africa,-0.020297270885650524
UKESM1-1,dvpd_fs_RH_G6-1.5K-SAI,WSAF,W.Southern-Africa,-0.07153264914821338
UKESM1-1,dvpd_fs_RH_G6-1.5K-SAI,ESAF,E.Southern-Africa,-0.08296079670538281
UKESM1-1,dvpd_fs_RH_G6-1.5K-SAI,MDG,Madagascar,-0.060053523097337295
UKESM1-1,dvpd_fs_RH_G6-1.5K-SAI,RAR,Russian-Arctic,-0.06471520942660242
UKESM1-1,dvpd_fs_RH_G6-1.5K-SAI,WSB,W.Siberia,-0.10997126060162529
UKESM1-1,dvpd_fs_RH_G6-1.5K-SAI,ESB,E.Siberia,-0.027044685526700963
UKESM1-1,dvpd_fs_RH_G6-1.5K-SAI,RFE,Russian-Far-East,-0.018442560042713135
UKESM1-1,dvpd_fs_RH_G6-1.5K-SAI,WCA,W.C.Asia,-0.045506346375723726
UKESM1-1,dvpd_fs_RH_G6-1.5K-SAI,ECA,E.C.Asia,-0.013039937743785932
UKESM1-1,dvpd_fs_RH_G6-1.5K-SAI,TIB,Tibetan-Plateau,-0.004524985771168608
UKESM1-1,dvpd_fs_RH_G6-1.5K-SAI,EAS,E.Asia,-0.031013614557790427
UKESM1-1,dvpd_fs_RH_G6-1.5K-SAI,ARP,Arabian-Peninsula,0.00539259416089466
UKESM1-1,dvpd_fs_RH_G6-1.5K-SAI,SAS,S.Asia,-0.013462500946488053
UKESM1-1,dvpd_fs_RH_G6-1.5K-SAI,SEA,S.E.Asia,-0.10698028837800604
UKESM1-1,dvpd_fs_RH_G6-1.5K-SAI,NAU,N.Australia,-0.07102348510277501
UKESM1-1,dvpd_fs_RH_G6-1.5K-SAI,CAU,C.Australia,-0.08501782504801625
UKESM1-1,dvpd_fs_RH_G6-1.5K-SAI,EAU,E.Australia,-0.14536935322889863
UKESM1-1,dvpd_fs_RH_G6-1.5K-SAI,SAU,S.Australia,-0.04144474726430425
UKESM1-1,dvpd_fs_RH_G6-1.5K-SAI,NZ,New-Zealand,-0.010049212307868273
UKESM1-1,dvpd_fs_RH_G6-1.5K-SAI,EAN,E.Antarctica,
UKESM1-1,dvpd_fs_RH_G6-1.5K-SAI,WAN,W.Antarctica,
UKESM1-1,dvpd_fs_resid_G6-1.5K-SAI,GIC,Greenland/Iceland,
UKESM1-1,dvpd_fs_resid_G6-1.5K-SAI,NWN,N.W.North-America,-0.013833201783773594
UKESM1-1,dvpd_fs_resid_G6-1.5K-SAI,NEN,N.E.North-America,-0.009647742545675308
UKESM1-1,dvpd_fs_resid_G6-1.5K-SAI,WNA,W.North-America,-0.022483348977464918
UKESM1-1,dvpd_fs_resid_G6-1.5K-SAI,CNA,C.North-America,-0.043289452137496034
UKESM1-1,dvpd_fs_resid_G6-1.5K-SAI,ENA,E.North-America,-0.010556717169023124
UKESM1-1,dvpd_fs_resid_G6-1.5K-SAI,NCA,N.Central-America,-0.022465474577075352
UKESM1-1,dvpd_fs_resid_G6-1.5K-SAI,SCA,S.Central-America,-0.0038410131031191845
UKESM1-1,dvpd_fs_resid_G6-1.5K-SAI,CAR,Caribbean,0.004931067902184079
UKESM1-1,dvpd_fs_resid_G6-1.5K-SAI,NWS,N.W.South-America,-0.008369164276248195
UKESM1-1,dvpd_fs_resid_G6-1.5K-SAI,NSA,N.South-America,0.0007660975458212383
UKESM1-1,dvpd_fs_resid_G6-1.5K-SAI,NES,N.E.South-America,-0.0014674290556765744
UKESM1-1,dvpd_fs_resid_G6-1.5K-SAI,SAM,South-American-Monsoon,0.001892521321530349
UKESM1-1,dvpd_fs_resid_G6-1.5K-SAI,SWS,S.W.South-America,-0.006604052929067091
UKESM1-1,dvpd_fs_resid_G6-1.5K-SAI,SES,S.E.South-America,-0.031088360010387176
UKESM1-1,dvpd_fs_resid_G6-1.5K-SAI,SSA,S.South-America,-0.014028943670999647
UKESM1-1,dvpd_fs_resid_G6-1.5K-SAI,NEU,N.Europe,-0.010738378393963119
UKESM1-1,dvpd_fs_resid_G6-1.5K-SAI,WCE,West&Central-Europe,-0.03220561774726209
UKESM1-1,dvpd_fs_resid_G6-1.5K-SAI,EEU,E.Europe,-0.05133545744563576
UKESM1-1,dvpd_fs_resid_G6-1.5K-SAI,MED,Mediterranean,-0.008736034291008275
UKESM1-1,dvpd_fs_resid_G6-1.5K-SAI,SAH,Sahara,-0.020946079702781725
UKESM1-1,dvpd_fs_resid_G6-1.5K-SAI,WAF,Western-Africa,0.012663029042377079
UKESM1-1,dvpd_fs_resid_G6-1.5K-SAI,CAF,Central-Africa,0.0036625802308411937
UKESM1-1,dvpd_fs_resid_G6-1.5K-SAI,NEAF,N.Eastern-Africa,-0.004512714267327645
UKESM1-1,dvpd_fs_resid_G6-1.5K-SAI,SEAF,S.Eastern-Africa,-0.0015550609035373342
UKESM1-1,dvpd_fs_resid_G6-1.5K-SAI,WSAF,W.Southern-Africa,-0.00798229580667539
UKESM1-1,dvpd_fs_resid_G6-1.5K-SAI,ESAF,E.Southern-Africa,-0.01539298167059443
UKESM1-1,dvpd_fs_resid_G6-1.5K-SAI,MDG,Madagascar,-0.00043394546191480234
UKESM1-1,dvpd_fs_resid_G6-1.5K-SAI,RAR,Russian-Arctic,-0.011059001060508628
UKESM1-1,dvpd_fs_resid_G6-1.5K-SAI,WSB,W.Siberia,-0.031898110325686985
UKESM1-1,dvpd_fs_resid_G6-1.5K-SAI,ESB,E.Siberia,-0.03674935260857616
UKESM1-1,dvpd_fs_resid_G6-1.5K-SAI,RFE,Russian-Far-East,-0.020352053960527788
UKESM1-1,dvpd_fs_resid_G6-1.5K-SAI,WCA,W.C.Asia,-0.017244190057632232
UKESM1-1,dvpd_fs_resid_G6-1.5K-SAI,ECA,E.C.Asia,-0.03189353382507234
UKESM1-1,dvpd_fs_resid_G6-1.5K-SAI,TIB,Tibetan-Plateau,-0.012200292561965663
UKESM1-1,dvpd_fs_resid_G6-1.5K-SAI,EAS,E.Asia,-0.02405991606307322
UKESM1-1,dvpd_fs_resid_G6-1.5K-SAI,ARP,Arabian-Peninsula,-0.015164127656997059
UKESM1-1,dvpd_fs_resid_G6-1.5K-SAI,SAS,S.Asia,-0.024323527873326253
UKESM1-1,dvpd_fs_resid_G6-1.5K-SAI,SEA,S.E.Asia,-0.003133865404901903
UKESM1-1,dvpd_fs_resid_G6-1.5K-SAI,NAU,N.Australia,0.010424222543788816
UKESM1-1,dvpd_fs_resid_G6-1.5K-SAI,CAU,C.Australia,-0.03315970117925898
UKESM1-1,dvpd_fs_resid_G6-1.5K-SAI,EAU,E.Australia,-0.009023525530332387
UKESM1-1,dvpd_fs_resid_G6-1.5K-SAI,SAU,S.Australia,-0.06890478119898676
UKESM1-1,dvpd_fs_resid_G6-1.5K-SAI,NZ,New-Zealand,0.0060468035495311575
UKESM1-1,dvpd_fs_resid_G6-1.5K-SAI,EAN,E.Antarctica,
UKESM1-1,dvpd_fs_resid_G6-1.5K-SAI,WAN,W.Antarctica,
UKESM1-1,dvpd_fs_T_G6-1.5K-HiLLA,GIC,Greenland/Iceland,
UKESM1-1,dvpd_fs_T_G6-1.5K-HiLLA,NWN,N.W.North-America,-0.1497331305100577
UKESM1-1,dvpd_fs_T_G6-1.5K-HiLLA,NEN,N.E.North-America,-0.14886698077012617
UKESM1-1,dvpd_fs_T_G6-1.5K-HiLLA,WNA,W.North-America,-0.2845605107111663
UKESM1-1,dvpd_fs_T_G6-1.5K-HiLLA,CNA,C.North-America,-0.3344031497110073
UKESM1-1,dvpd_fs_T_G6-1.5K-HiLLA,ENA,E.North-America,-0.20008048709727794
UKESM1-1,dvpd_fs_T_G6-1.5K-HiLLA,NCA,N.Central-America,-0.17017939347884115
UKESM1-1,dvpd_fs_T_G6-1.5K-HiLLA,SCA,S.Central-America,-0.15202080843860047
UKESM1-1,dvpd_fs_T_G6-1.5K-HiLLA,CAR,Caribbean,-0.08168598093140544
UKESM1-1,dvpd_fs_T_G6-1.5K-HiLLA,NWS,N.W.South-America,-0.1214551076635568
UKESM1-1,dvpd_fs_T_G6-1.5K-HiLLA,NSA,N.South-America,-0.30725705857999436
UKESM1-1,dvpd_fs_T_G6-1.5K-HiLLA,NES,N.E.South-America,-0.24193795088601205
UKESM1-1,dvpd_fs_T_G6-1.5K-HiLLA,SAM,South-American-Monsoon,-0.2606855150966313
UKESM1-1,dvpd_fs_T_G6-1.5K-HiLLA,SWS,S.W.South-America,-0.12697872917012654
UKESM1-1,dvpd_fs_T_G6-1.5K-HiLLA,SES,S.E.South-America,-0.15376117074823087
UKESM1-1,dvpd_fs_T_G6-1.5K-HiLLA,SSA,S.South-America,-0.08662432238554701
UKESM1-1,dvpd_fs_T_G6-1.5K-HiLLA,NEU,N.Europe,-0.09870573163672929
UKESM1-1,dvpd_fs_T_G6-1.5K-HiLLA,WCE,West&Central-Europe,-0.29462100352601533
UKESM1-1,dvpd_fs_T_G6-1.5K-HiLLA,EEU,E.Europe,-0.33345022002551755
UKESM1-1,dvpd_fs_T_G6-1.5K-HiLLA,MED,Mediterranean,-0.3677017143829937
UKESM1-1,dvpd_fs_T_G6-1.5K-HiLLA,SAH,Sahara,-0.477272366888945
UKESM1-1,dvpd_fs_T_G6-1.5K-HiLLA,WAF,Western-Africa,-0.2773193558888307
UKESM1-1,dvpd_fs_T_G6-1.5K-HiLLA,CAF,Central-Africa,-0.21680216807638897
UKESM1-1,dvpd_fs_T_G6-1.5K-HiLLA,NEAF,N.Eastern-Africa,-0.2711577183839212
UKESM1-1,dvpd_fs_T_G6-1.5K-HiLLA,SEAF,S.Eastern-Africa,-0.16471647184453497
UKESM1-1,dvpd_fs_T_G6-1.5K-HiLLA,WSAF,W.Southern-Africa,-0.22880121132682868
UKESM1-1,dvpd_fs_T_G6-1.5K-HiLLA,ESAF,E.Southern-Africa,-0.16353654678411553
UKESM1-1,dvpd_fs_T_G6-1.5K-HiLLA,MDG,Madagascar,-0.08930937975488125
UKESM1-1,dvpd_fs_T_G6-1.5K-HiLLA,RAR,Russian-Arctic,-0.11727279767063863
UKESM1-1,dvpd_fs_T_G6-1.5K-HiLLA,WSB,W.Siberia,-0.3720302264854499
UKESM1-1,dvpd_fs_T_G6-1.5K-HiLLA,ESB,E.Siberia,-0.1864799572748935
UKESM1-1,dvpd_fs_T_G6-1.5K-HiLLA,RFE,Russian-Far-East,-0.10024289552877842
UKESM1-1,dvpd_fs_T_G6-1.5K-HiLLA,WCA,W.C.Asia,-0.48003471599224634
UKESM1-1,dvpd_fs_T_G6-1.5K-HiLLA,ECA,E.C.Asia,-0.34278048808498573
UKESM1-1,dvpd_fs_T_G6-1.5K-HiLLA,TIB,Tibetan-Plateau,-0.0572264282308148
UKESM1-1,dvpd_fs_T_G6-1.5K-HiLLA,EAS,E.Asia,-0.144114698768604
UKESM1-1,dvpd_fs_T_G6-1.5K-HiLLA,ARP,Arabian-Peninsula,-0.5398786151725065
UKESM1-1,dvpd_fs_T_G6-1.5K-HiLLA,SAS,S.Asia,-0.3097450016290885
UKESM1-1,dvpd_fs_T_G6-1.5K-HiLLA,SEA,S.E.Asia,-0.13578845061556327
UKESM1-1,dvpd_fs_T_G6-1.5K-HiLLA,NAU,N.Australia,-0.20245263910188507
UKESM1-1,dvpd_fs_T_G6-1.5K-HiLLA,CAU,C.Australia,-0.379858483259245
UKESM1-1,dvpd_fs_T_G6-1.5K-HiLLA,EAU,E.Australia,-0.19449256681962862
UKESM1-1,dvpd_fs_T_G6-1.5K-HiLLA,SAU,S.Australia,-0.17528488547372054
UKESM1-1,dvpd_fs_T_G6-1.5K-HiLLA,NZ,New-Zealand,-0.05163633034102925
UKESM1-1,dvpd_fs_T_G6-1.5K-HiLLA,EAN,E.Antarctica,
UKESM1-1,dvpd_fs_T_G6-1.5K-HiLLA,WAN,W.Antarctica,
UKESM1-1,dvpd_fs_RH_G6-1.5K-HiLLA,GIC,Greenland/Iceland,
UKESM1-1,dvpd_fs_RH_G6-1.5K-HiLLA,NWN,N.W.North-America,-0.09065400840700724
UKESM1-1,dvpd_fs_RH_G6-1.5K-HiLLA,NEN,N.E.North-America,-0.0871965472665825
UKESM1-1,dvpd_fs_RH_G6-1.5K-HiLLA,WNA,W.North-America,-0.01577859525900855
UKESM1-1,dvpd_fs_RH_G6-1.5K-HiLLA,CNA,C.North-America,-0.1466546797666586
UKESM1-1,dvpd_fs_RH_G6-1.5K-HiLLA,ENA,E.North-America,-0.032880499111744045
UKESM1-1,dvpd_fs_RH_G6-1.5K-HiLLA,NCA,N.Central-America,-0.008592207110512312
UKESM1-1,dvpd_fs_RH_G6-1.5K-HiLLA,SCA,S.Central-America,-0.1070146871038836
UKESM1-1,dvpd_fs_RH_G6-1.5K-HiLLA,CAR,Caribbean,0.0028359626806883564
UKESM1-1,dvpd_fs_RH_G6-1.5K-HiLLA,NWS,N.W.South-America,-0.07651447197632469
UKESM1-1,dvpd_fs_RH_G6-1.5K-HiLLA,NSA,N.South-America,-0.23026617021210263
UKESM1-1,dvpd_fs_RH_G6-1.5K-HiLLA,NES,N.E.South-America,-0.12435248177651506
UKESM1-1,dvpd_fs_RH_G6-1.5K-HiLLA,SAM,South-American-Monsoon,-0.19576408547993893
UKESM1-1,dvpd_fs_RH_G6-1.5K-HiLLA,SWS,S.W.South-America,-0.027334402146519804
UKESM1-1,dvpd_fs_RH_G6-1.5K-HiLLA,SES,S.E.South-America,-0.019301030247480044
UKESM1-1,dvpd_fs_RH_G6-1.5K-HiLLA,SSA,S.South-America,-0.0007677634029380243
UKESM1-1,dvpd_fs_RH_G6-1.5K-HiLLA,NEU,N.Europe,-0.03844473369243284
UKESM1-1,dvpd_fs_RH_G6-1.5K-HiLLA,WCE,West&Central-Europe,-0.19082698198071485
UKESM1-1,dvpd_fs_RH_G6-1.5K-HiLLA,EEU,E.Europe,-0.11534504452618063
UKESM1-1,dvpd_fs_RH_G6-1.5K-HiLLA,MED,Mediterranean,-0.12345357164147831
UKESM1-1,dvpd_fs_RH_G6-1.5K-HiLLA,SAH,Sahara,-0.010966976465932622
UKESM1-1,dvpd_fs_RH_G6-1.5K-HiLLA,WAF,Western-Africa,-0.022690173457655206
UKESM1-1,dvpd_fs_RH_G6-1.5K-HiLLA,CAF,Central-Africa,-0.02203278927906919
UKESM1-1,dvpd_fs_RH_G6-1.5K-HiLLA,NEAF,N.Eastern-Africa,0.03365650571544381
UKESM1-1,dvpd_fs_RH_G6-1.5K-HiLLA,SEAF,S.Eastern-Africa,-0.005481737061330197
UKESM1-1,dvpd_fs_RH_G6-1.5K-HiLLA,WSAF,W.Southern-Africa,-0.036629045410591865
UKESM1-1,dvpd_fs_RH_G6-1.5K-HiLLA,ESAF,E.Southern-Africa,-0.02921877571225192
UKESM1-1,dvpd_fs_RH_G6-1.5K-HiLLA,MDG,Madagascar,-0.036068628222070555
UKESM1-1,dvpd_fs_RH_G6-1.5K-HiLLA,RAR,Russian-Arctic,-0.08150397014506751
UKESM1-1,dvpd_fs_RH_G6-1.5K-HiLLA,WSB,W.Siberia,-0.110886765452585
UKESM1-1,dvpd_fs_RH_G6-1.5K-HiLLA,ESB,E.Siberia,-0.054854435204196965
UKESM1-1,dvpd_fs_RH_G6-1.5K-HiLLA,RFE,Russian-Far-East,-0.02870971223695373
UKESM1-1,dvpd_fs_RH_G6-1.5K-HiLLA,WCA,W.C.Asia,-0.003192367174002002
UKESM1-1,dvpd_fs_RH_G6-1.5K-HiLLA,ECA,E.C.Asia,0.0035512657782352966
UKESM1-1,dvpd_fs_RH_G6-1.5K-HiLLA,TIB,Tibetan-Plateau,0.0061711461325657194
UKESM1-1,dvpd_fs_RH_G6-1.5K-HiLLA,EAS,E.Asia,-0.02587075714385481
UKESM1-1,dvpd_fs_RH_G6-1.5K-HiLLA,ARP,Arabian-Peninsula,0.029403135118226304
UKESM1-1,dvpd_fs_RH_G6-1.5K-HiLLA,SAS,S.Asia,0.00033361972157923604
UKESM1-1,dvpd_fs_RH_G6-1.5K-HiLLA,SEA,S.E.Asia,-0.13718629472680802
UKESM1-1,dvpd_fs_RH_G6-1.5K-HiLLA,NAU,N.Australia,-0.06755670697763332
UKESM1-1,dvpd_fs_RH_G6-1.5K-HiLLA,CAU,C.Australia,-0.10212382203780347
UKESM1-1,dvpd_fs_RH_G6-1.5K-HiLLA,EAU,E.Australia,-0.15371992512049845
UKESM1-1,dvpd_fs_RH_G6-1.5K-HiLLA,SAU,S.Australia,-0.0369838350732862
UKESM1-1,dvpd_fs_RH_G6-1.5K-HiLLA,NZ,New-Zealand,-0.012606256123452564
UKESM1-1,dvpd_fs_RH_G6-1.5K-HiLLA,EAN,E.Antarctica,
UKESM1-1,dvpd_fs_RH_G6-1.5K-HiLLA,WAN,W.Antarctica,
UKESM1-1,dvpd_fs_resid_G6-1.5K-HiLLA,GIC,Greenland/Iceland,
UKESM1-1,dvpd_fs_resid_G6-1.5K-HiLLA,NWN,N.W.North-America,0.0036121548986748405
UKESM1-1,dvpd_fs_resid_G6-1.5K-HiLLA,NEN,N.E.North-America,0.002042724496772562
UKESM1-1,dvpd_fs_resid_G6-1.5K-HiLLA,WNA,W.North-America,0.0006584705572325837
UKESM1-1,dvpd_fs_resid_G6-1.5K-HiLLA,CNA,C.North-America,0.01212698282726888
UKESM1-1,dvpd_fs_resid_G6-1.5K-HiLLA,ENA,E.North-America,-0.005651990855085359
UKESM1-1,dvpd_fs_resid_G6-1.5K-HiLLA,NCA,N.Central-America,-0.0025194553144731536
UKESM1-1,dvpd_fs_resid_G6-1.5K-HiLLA,SCA,S.Central-America,0.006807604258277408
UKESM1-1,dvpd_fs_resid_G6-1.5K-HiLLA,CAR,Caribbean,-0.0002946526862679442
UKESM1-1,dvpd_fs_resid_G6-1.5K-HiLLA,NWS,N.W.South-America,0.001329521554353125
UKESM1-1,dvpd_fs_resid_G6-1.5K-HiLLA,NSA,N.South-America,0.020268633252516512
UKESM1-1,dvpd_fs_resid_G6-1.5K-HiLLA,NES,N.E.South-America,0.012964886944179216
UKESM1-1,dvpd_fs_resid_G6-1.5K-HiLLA,SAM,South-American-Monsoon,0.019381199889277508
UKESM1-1,dvpd_fs_resid_G6-1.5K-HiLLA,SWS,S.W.South-America,0.001159508426823767
UKESM1-1,dvpd_fs_resid_G6-1.5K-HiLLA,SES,S.E.South-America,-0.010193064054154849
UKESM1-1,dvpd_fs_resid_G6-1.5K-HiLLA,SSA,S.South-America,-0.004587672003097303
UKESM1-1,dvpd_fs_resid_G6-1.5K-HiLLA,NEU,N.Europe,-0.0019063485051603645
UKESM1-1,dvpd_fs_resid_G6-1.5K-HiLLA,WCE,West&Central-Europe,0.014385876327523027
UKESM1-1,dvpd_fs_resid_G6-1.5K-HiLLA,EEU,E.Europe,-0.003176028962566163
UKESM1-1,dvpd_fs_resid_G6-1.5K-HiLLA,MED,Mediterranean,0.018998662420984073
UKESM1-1,dvpd_fs_resid_G6-1.5K-HiLLA,SAH,Sahara,0.0003848345708671951
UKESM1-1,dvpd_fs_resid_G6-1.5K-HiLLA,WAF,Western-Africa,0.0014731924764627789
UKESM1-1,dvpd_fs_resid_G6-1.5K-HiLLA,CAF,Central-Africa,0.0007606681123340051
UKESM1-1,dvpd_fs_resid_G6-1.5K-HiLLA,NEAF,N.Eastern-Africa,-0.005205325818143026
UKESM1-1,dvpd_fs_resid_G6-1.5K-HiLLA,SEAF,S.Eastern-Africa,-0.0006037530827054429
UKESM1-1,dvpd_fs_resid_G6-1.5K-HiLLA,WSAF,W.Southern-Africa,0.0013875849412560812
UKESM1-1,dvpd_fs_resid_G6-1.5K-HiLLA,ESAF,E.Southern-Africa,-0.0012105924068141598
UKESM1-1,dvpd_fs_resid_G6-1.5K-HiLLA,MDG,Madagascar,0.0016275761458823133
UKESM1-1,dvpd_fs_resid_G6-1.5K-HiLLA,RAR,Russian-Arctic,-0.0027630489865864568
UKESM1-1,dvpd_fs_resid_G6-1.5K-HiLLA,WSB,W.Siberia,0.006582389623879639
UKESM1-1,dvpd_fs_resid_G6-1.5K-HiLLA,ESB,E.Siberia,-0.006603111600138292
UKESM1-1,dvpd_fs_resid_G6-1.5K-HiLLA,RFE,Russian-Far-East,-0.006175781476949846
UKESM1-1,dvpd_fs_resid_G6-1.5K-HiLLA,WCA,W.C.Asia,0.0006428637389321189
UKESM1-1,dvpd_fs_resid_G6-1.5K-HiLLA,ECA,E.C.Asia,-0.0028740600579750977
UKESM1-1,dvpd_fs_resid_G6-1.5K-HiLLA,TIB,Tibetan-Plateau,-0.0008859208477714983
UKESM1-1,dvpd_fs_resid_G6-1.5K-HiLLA,EAS,E.Asia,-0.001737527492931379
UKESM1-1,dvpd_fs_resid_G6-1.5K-HiLLA,ARP,Arabian-Peninsula,-0.005980293961414551
UKESM1-1,dvpd_fs_resid_G6-1.5K-HiLLA,SAS,S.Asia,-0.004163162039095731
UKESM1-1,dvpd_fs_resid_G6-1.5K-HiLLA,SEA,S.E.Asia,0.01317586874146157
UKESM1-1,dvpd_fs_resid_G6-1.5K-HiLLA,NAU,N.Australia,0.005507551934307326
UKESM1-1,dvpd_fs_resid_G6-1.5K-HiLLA,CAU,C.Australia,0.0064491793411492375
UKESM1-1,dvpd_fs_resid_G6-1.5K-HiLLA,EAU,E.Australia,0.012030791841713389
UKESM1-1,dvpd_fs_resid_G6-1.5K-HiLLA,SAU,S.Australia,-0.008263603668107642
UKESM1-1,dvpd_fs_resid_G6-1.5K-HiLLA,NZ,New-Zealand,-0.00012401896612763077
UKESM1-1,dvpd_fs_resid_G6-1.5K-HiLLA,EAN,E.Antarctica,
UKESM1-1,dvpd_fs_resid_G6-1.5K-HiLLA,WAN,W.Antarctica,
